-- Generated Data Backup
use guesthouse;
-- Themes
INSERT INTO theme (theme_id, theme_category, theme_name) VALUES (1, 'AROUND_THEME', '바닷가');
INSERT INTO theme (theme_id, theme_category, theme_name) VALUES (2, 'AROUND_THEME', '계곡');
INSERT INTO theme (theme_id, theme_category, theme_name) VALUES (3, 'AROUND_THEME', '해수욕장');
INSERT INTO theme (theme_id, theme_category, theme_name) VALUES (4, 'AROUND_THEME', '수상레저');
INSERT INTO theme (theme_id, theme_category, theme_name) VALUES (5, 'AROUND_THEME', '갯벌');
INSERT INTO theme (theme_id, theme_category, theme_name) VALUES (6, 'AROUND_THEME', '워터파크');
INSERT INTO theme (theme_id, theme_category, theme_name) VALUES (7, 'AROUND_THEME', '문화유적');

-- Amenities
INSERT INTO amenity (amenity_id, amenity_code, amenity_name, is_active, display_order, amenity_icon) VALUES (1, '와이파이', '와이파이', 1, 0, '<svg xmlns="http://www.w3.org/2000/svg" viewBox="0 0 30 30" class="gZ_UY" aria-hidden="true"><path fill-rule="evenodd" d="M15 6.824c-5.096 0-9.605 2.7-12.325 6.84a.631.631 0 0 1-.892.178.675.675 0 0 1-.173-.92C4.553 8.442 9.45 5.5 15 5.5s10.448 2.942 13.39 7.422a.675.675 0 0 1-.173.92.631.631 0 0 1-.892-.177c-2.72-4.142-7.23-6.84-12.325-6.84ZM5.63 16.74A11.449 11.449 0 0 1 15 11.918c3.887 0 7.312 1.912 9.37 4.822a.63.63 0 0 0 .899.145.675.675 0 0 0 .14-.925A12.722 12.722 0 0 0 15 10.594 12.723 12.723 0 0 0 4.59 15.96a.675.675 0 0 0 .141.925.63.63 0 0 0 .898-.145Zm4.008 3.987c1.13-2.27 3.136-3.715 5.362-3.715s4.232 1.446 5.362 3.715c.162.325.55.454.866.287a.672.672 0 0 0 .278-.892c-1.303-2.616-3.702-4.434-6.506-4.434-2.803 0-5.203 1.818-6.506 4.434a.672.672 0 0 0 .279.892.634.634 0 0 0 .865-.287ZM15 24.5c1.092 0 1.978-.912 1.978-2.038 0-1.125-.886-2.037-1.978-2.037-1.093 0-1.978.912-1.978 2.037 0 1.126.885 2.038 1.978 2.038Zm0-1.325c.382 0 .692-.319.692-.713A.703.703 0 0 0 15 21.75a.703.703 0 0 0-.693.713c0 .394.31.713.693.713Z"></path></svg>');
INSERT INTO amenity (amenity_id, amenity_code, amenity_name, is_active, display_order, amenity_icon) VALUES (2, '모던', '모던', 1, 0, '<svg xmlns="http://www.w3.org/2000/svg" viewBox="0 0 30 30" class="gZ_UY" aria-hidden="true"><path d="M25,2.7H5c-1.3,0-2.3,1-2.3,2.3v20c0,1.3,1,2.3,2.3,2.3h20c1.3,0,2.3-1,2.3-2.3V5C27.3,3.7,26.3,2.7,25,2.7z M9.9,26H5c-0.6,0-1-0.4-1-1v-4.3h5.9V26z M9.9,19.3H4v-3.7h5.9V19.3z M9.9,14.3H4V5c0-0.6,0.4-1,1-1h4.9V14.3z M26,25 c0,0.6-0.4,1-1,1H11.2v-5.3H26V25z M26,19.3H11.2V4H25c0.6,0,1,0.4,1,1V19.3z"></path></svg>');
INSERT INTO amenity (amenity_id, amenity_code, amenity_name, is_active, display_order, amenity_icon) VALUES (3, '조식제공', '조식제공', 1, 0, '<svg xmlns="http://www.w3.org/2000/svg" viewBox="0 0 30 30" class="gZ_UY" aria-hidden="true"><path d="M14.6,8v4c0,1.5-1.1,2.8-2.5,3v8c0,0.3-0.3,0.6-0.6,0.6c-0.3,0-0.6-0.3-0.6-0.6v-8c-1.4-0.3-2.5-1.5-2.5-3V8 c0-0.3,0.3-0.6,0.6-0.6S9.6,7.7,9.6,8v4c0,0.8,0.5,1.6,1.3,1.8V8c0-0.3,0.3-0.6,0.6-0.6c0.3,0,0.6,0.3,0.6,0.6v5.8 c0.8-0.3,1.3-1,1.3-1.8V8c0-0.3,0.3-0.6,0.6-0.6C14.3,7.4,14.6,7.7,14.6,8z M21.6,8.9c0.3,0.5,0.5,1.2,0.5,2.1v6.1h-4V23 c0,0.3-0.3,0.6-0.6,0.6s-0.6-0.3-0.6-0.6V8c0-0.3,0.3-0.6,0.6-0.6l0,0c0.7,0,1.8,0,2.7,0.4C20.7,8.1,21.2,8.4,21.6,8.9z M20.9,11 c0-0.7-0.1-1.1-0.3-1.4c-0.2-0.3-0.5-0.5-0.8-0.7c-0.5-0.2-1.1-0.3-1.7-0.3v7.3h2.8V11z M28,15c0,7.2-5.8,13-13,13S2,22.2,2,15 S7.8,2,15,2S28,7.8,28,15z M26.7,15c0-6.5-5.2-11.7-11.7-11.7S3.3,8.5,3.3,15c0,6.5,5.2,11.7,11.7,11.7S26.7,21.5,26.7,15z"></path></svg>');
INSERT INTO amenity (amenity_id, amenity_code, amenity_name, is_active, display_order, amenity_icon) VALUES (4, '2인실', '2인실', 1, 0, '<svg xmlns="http://www.w3.org/2000/svg" viewBox="0 0 30 30" class="gZ_UY" aria-hidden="true"><path d="M11 20.7v4.7c0 .4-.3.6-.6.6s-.7-.3-.7-.6v-4.7c0-.4.3-.7.7-.7s.6.3.6.7zM7.7 20c-.4 0-.7.3-.7.7v4.7c0 .3.3.6.7.6.4 0 .6-.3.6-.6v-4.7c0-.4-.3-.7-.6-.7zM6.5 6.5C6.5 5.1 7.6 4 9 4s2.5 1.1 2.5 2.5S10.4 9 9 9 6.5 7.9 6.5 6.5zm1.3 0c0 .7.5 1.2 1.2 1.2s1.2-.5 1.2-1.2S9.7 5.3 9 5.3s-1.2.5-1.2 1.2zM9 9.6c-2.6 0-4.7 2.1-4.7 4.7v5c0 .4.3.7.7.7.4 0 .6-.3.6-.7v-5C5.6 12.4 7.1 11 9 11s3.3 1.5 3.3 3.3v5c0 .4.3.7.7.7s.6-.3.6-.7v-5c.1-2.7-2-4.7-4.6-4.7zM19.7 20c-.4 0-.7.3-.7.7v4.7c0 .4.3.6.7.6s.6-.3.6-.6v-4.7c0-.4-.3-.7-.6-.7zM18.5 6.5C18.5 5.1 19.6 4 21 4s2.5 1.1 2.5 2.5S22.4 9 21 9s-2.5-1.1-2.5-2.5zm1.3 0c0 .7.5 1.2 1.2 1.2s1.2-.5 1.2-1.2-.5-1.2-1.2-1.2-1.2.5-1.2 1.2zM22.3 20c-.4 0-.7.3-.7.7v4.7c0 .4.3.6.7.6s.6-.3.6-.6v-4.7c.1-.4-.2-.7-.6-.7zM21 9.6c-2.6 0-4.7 2.1-4.7 4.7v5c0 .4.3.7.7.7s.6-.3.6-.7v-5c0-1.9 1.5-3.3 3.4-3.3s3.3 1.5 3.3 3.3v5c0 .4.3.7.7.7s.6-.3.6-.7v-5c.1-2.7-2-4.7-4.6-4.7z"></path></svg>');
INSERT INTO amenity (amenity_id, amenity_code, amenity_name, is_active, display_order, amenity_icon) VALUES (5, '도미토리', '도미토리', 1, 0, '<svg xmlns="http://www.w3.org/2000/svg" viewBox="0 0 30 30" class="gZ_UY" aria-hidden="true"><path d="M26.5,3.3c-0.4,0-0.6,0.3-0.6,0.7v3.3H11.2c0.2-0.3,0.3-0.7,0.3-1v-1c0-1.3-1-2.3-2.3-2.3H2.9v1c0,0,0,0,0,0v22 c0,0.4,0.3,0.7,0.6,0.7s0.6-0.3,0.6-0.7v-2.3h14.7V26c0,0.4,0.3,0.7,0.6,0.7s0.6-0.3,0.6-0.7v-2.3h5.7V26c0,0.4,0.3,0.7,0.6,0.7 s0.6-0.3,0.6-0.7V4C27.1,3.6,26.9,3.3,26.5,3.3z M4.1,8.6h14.7v1.7H4.1V8.6z M4.2,19.3v-3h5c0.6,0,1,0.4,1,1v1c0,0.6-0.4,1-1,1H4.2z M9.2,15h-5v-3.4h14.7v7.7h-7.6c0.1-0.3,0.2-0.6,0.2-1v-1C11.5,16.1,10.4,15,9.2,15z M20.1,14.6h5.7v1.7h-5.7V14.6z M25.9,13.3h-5.7 v-1.7h5.7V13.3z M20.1,17.6h5.7v1.7h-5.7V17.6z M25.9,10.3h-5.7V8.6h5.7V10.3z M4.2,4.3h5c0.6,0,1,0.4,1,1v1c0,0.6-0.4,1-1,1h-5V4.3 z M4.1,22.3v-1.7h14.7v1.7H4.1z M20.1,22.3v-1.7h5.7v1.7H20.1z"></path></svg>');
INSERT INTO amenity (amenity_id, amenity_code, amenity_name, is_active, display_order, amenity_icon) VALUES (6, '침대방', '침대방', 1, 0, '<svg xmlns="http://www.w3.org/2000/svg" viewBox="0 0 30 30" class="gZ_UY" aria-hidden="true"><path d="M25.6,13.4V8c0-1.5-1.2-2.7-2.6-2.7H7C5.5,5.3,4.4,6.5,4.4,8v5.4c-1.1,0.3-2,1.3-2,2.6v10     c0,0.4,0.3,0.7,0.6,0.7s0.6-0.3,0.6-0.7v-2.3h22.7V26c0,0.4,0.3,0.7,0.6,0.7s0.6-0.3,0.6-0.7V16C27.6,14.8,26.8,13.7,25.6,13.4z     M7,6.6h16c0.7,0,1.4,0.6,1.4,1.3v5.3h-1.7c0.2-0.3,0.3-0.7,0.3-1v-1c0-1.3-1-2.3-2.3-2.3h-4C16,9,15.4,9.3,15,9.7     C14.6,9.3,14,9,13.3,9h-4C8.1,9,7,10,7,11.3v1c0,0.4,0.1,0.7,0.3,1H5.6V8C5.6,7.3,6.3,6.6,7,6.6z M8.3,12.3v-1c0-0.6,0.4-1,1-1h4     c0.6,0,1,0.4,1,1v1c0,0.6-0.4,1-1,1h-4C8.8,13.3,8.3,12.9,8.3,12.3z M15.7,12.3v-1c0-0.6,0.4-1,1-1h4c0.6,0,1,0.4,1,1v1     c0,0.6-0.4,1-1,1h-4C16.1,13.3,15.7,12.9,15.7,12.3z M3.6,22.3V16c0-0.7,0.6-1.3,1.4-1.3h20c0.7,0,1.4,0.6,1.4,1.3v6.3H3.6z"></path></svg>');
INSERT INTO amenity (amenity_id, amenity_code, amenity_name, is_active, display_order, amenity_icon) VALUES (7, '공용시설', '공용시설', 1, 0, '<svg viewBox="0 0 30 30" xmlns="http://www.w3.org/2000/svg" class="gZ_UY" aria-hidden="true"><path fill-rule="evenodd" d="M4 26V10.7085L15 4L26 10.7085V26H4ZM15 5.52268L24.7 11.4384V24.7H18.65V20C18.65 17.9842 17.0158 16.35 15 16.35C12.9842 16.35 11.35 17.9842 11.35 20V24.7H5.3V11.4384L15 5.52268ZM17.35 24.7H12.65V20C12.65 18.7021 13.7021 17.65 15 17.65C16.2979 17.65 17.35 18.7021 17.35 20V24.7Z"></path></svg>');
INSERT INTO amenity (amenity_id, amenity_code, amenity_name, is_active, display_order, amenity_icon) VALUES (8, '파티', '파티', 1, 0, '<svg xmlns="http://www.w3.org/2000/svg" viewBox="0 0 30 30" class="gZ_UY" aria-hidden="true"><path fill-rule="evenodd" d="m19.805 1.62-3.252 3.252 3.252 3.253 3.253-3.253-3.253-3.253Zm0 4.666-1.414-1.414 1.414-1.414 1.415 1.414-1.415 1.414ZM7.57 5.372a2.15 2.15 0 1 1 4.3 0 2.15 2.15 0 0 1-4.3 0Zm2.15-.85a.85.85 0 1 0 0 1.7.85.85 0 0 0 0-1.7Zm2.581 3.56a.65.65 0 0 0-1.162.58c.298.596.798 2.163.45 3.552a.65.65 0 1 0 1.262.316c.452-1.811-.18-3.711-.55-4.449Zm-8.9 17.147 4.306-10.883a2.3 2.3 0 0 1 3.765-.78l6.577 6.577a2.3 2.3 0 0 1-.78 3.765L6.386 28.214c-1.873.74-3.726-1.112-2.985-2.985Zm1.209.478c-.322.814.483 1.62 1.298 1.298l4.275-1.692-3.995-3.595-1.578 3.99Zm8.993-1.747-2.07.82-4.835-4.352.812-2.05c.036.006.073.01.111.01l2.359.04.16 2.354a.65.65 0 0 0 .579.603l2.729.292.155 2.283Zm1.269-.502-.164-2.414a.65.65 0 0 0-.58-.602L11.4 20.15l-.163-2.405a.65.65 0 0 0-.638-.606l-2.582-.044.899-2.271a1 1 0 0 1 1.637-.34l6.577 6.578a1 1 0 0 1-.34 1.637l-1.918.76Zm4.041-5.424c-.357.265-.55.505-.612.629a.65.65 0 0 1-1.162-.582c.188-.377.557-.762.997-1.09a5.797 5.797 0 0 1 1.7-.864c1.346-.425 3.056-.422 4.745.704a.65.65 0 0 1-.722 1.082c-1.311-.875-2.601-.872-3.63-.546-.522.164-.973.41-1.316.667Zm.807-7.159a2.15 2.15 0 1 0 0 4.3 2.15 2.15 0 0 0 0-4.3Zm-.85 2.15a.85.85 0 1 1 1.7 0 .85.85 0 0 1-1.7 0Zm5.35-6.303a2.15 2.15 0 1 0 0 4.3 2.15 2.15 0 0 0 0-4.3Zm-.85 2.15a.85.85 0 1 1 1.7 0 .85.85 0 0 1-1.7 0Zm-1.696 13.543 2.546-2.546 2.546 2.546-2.546 2.545-2.546-2.545Zm2.546.707.707-.707-.707-.707-.707.707.707.707ZM18.01 7.79a.65.65 0 0 1 .291.873l-1 2a.65.65 0 0 1-1.162-.582l1-2a.65.65 0 0 1 .872-.29Z"></path></svg>');
INSERT INTO amenity (amenity_id, amenity_code, amenity_name, is_active, display_order, amenity_icon) VALUES (9, '투어', '투어', 1, 0, '<svg xmlns="http://www.w3.org/2000/svg" viewBox="0 0 30 30" class="gZ_UY" aria-hidden="true"><path d="M26.5,11.5h-4.7V7.7l4.9-2.4c0.2-0.1,0.4-0.3,0.4-0.6c0-0.3-0.2-0.5-0.4-0.6l-5.3-2.4c-0.2-0.1-0.4-0.1-0.6,0 c-0.2,0.1-0.3,0.3-0.3,0.5v9.3h-9.2c-2.4,0-4.3,1.9-4.3,4.3s1.9,4.3,4.3,4.3h4.5h0h6c1.7,0,3.1,1.4,3.1,3.1c0,1.7-1.4,3.1-3.1,3.1 H3.5c-0.4,0-0.7,0.3-0.7,0.7s0.3,0.6,0.7,0.6h18.2c2.4,0,4.4-2,4.4-4.4c0-2.4-2-4.4-4.4-4.4h-5h0h-5.4c-1.7,0-3-1.4-3-3 c0-1.7,1.4-3,3-3h15.2c0.4,0,0.6-0.3,0.6-0.7S26.8,11.5,26.5,11.5z M21.8,3.3L25,4.7l-3.1,1.5V3.3z"></path></svg>');
INSERT INTO amenity (amenity_id, amenity_code, amenity_name, is_active, display_order, amenity_icon) VALUES (10, '단체', '단체', 1, 0, '<svg xmlns="http://www.w3.org/2000/svg" viewBox="0 0 30 30" class="gZ_UY" aria-hidden="true"><path fill-rule="evenodd" d="M17.5 7.16A2.51 2.51 0 0 1 15 9.68a2.51 2.51 0 0 1-2.5-2.52A2.51 2.51 0 0 1 15 4.64a2.51 2.51 0 0 1 2.5 2.52Zm-1.3 0A1.21 1.21 0 0 1 15 8.38a1.21 1.21 0 0 1-1.2-1.22c0-.684.547-1.22 1.2-1.22.653 0 1.2.536 1.2 1.22ZM7 17.147a2.51 2.51 0 0 0 2.5-2.52 2.51 2.51 0 0 0-2.5-2.52 2.51 2.51 0 0 0-2.5 2.52 2.51 2.51 0 0 0 2.5 2.52Zm0-1.3c.653 0 1.2-.537 1.2-1.22a1.21 1.21 0 0 0-1.2-1.22c-.653 0-1.2.536-1.2 1.22 0 .684.547 1.22 1.2 1.22Zm0 1.863a4.65 4.65 0 0 0-4.65 4.65v3a.65.65 0 1 0 1.3 0v-3a3.35 3.35 0 0 1 6.7 0v3a.65.65 0 1 0 1.3 0v-3A4.65 4.65 0 0 0 7 17.71Zm18.5-3.083a2.51 2.51 0 0 1-2.5 2.52 2.51 2.51 0 0 1-2.5-2.52 2.51 2.51 0 0 1 2.5-2.52 2.51 2.51 0 0 1 2.5 2.52Zm-1.3 0a1.21 1.21 0 0 1-1.2 1.22 1.21 1.21 0 0 1-1.2-1.22c0-.684.547-1.22 1.2-1.22.653 0 1.2.536 1.2 1.22ZM23 17.71a4.65 4.65 0 0 0-4.65 4.65v3a.65.65 0 1 0 1.3 0v-3a3.35 3.35 0 0 1 6.7 0v3a.65.65 0 1 0 1.3 0v-3A4.65 4.65 0 0 0 23 17.71Zm-12.65-2.819a4.65 4.65 0 0 1 9.3 0 .65.65 0 1 1-1.3 0 3.35 3.35 0 1 0-6.7 0 .65.65 0 1 1-1.3 0Z"></path></svg>');
INSERT INTO amenity (amenity_id, amenity_code, amenity_name, is_active, display_order, amenity_icon) VALUES (11, '바비큐장', '바비큐장', 1, 0, '<svg xmlns="http://www.w3.org/2000/svg" viewBox="0 0 30 30" class="gZ_UY" aria-hidden="true"><path d="M26,6.8H4c-0.4,0-0.6,0.3-0.6,0.7S3.6,8.1,4,8.1h1V9c0,4.1,2.5,7.7,6.1,9.2l-4.7,9.5c-0.2,0.3,0,0.7,0.3,0.9 c0.1,0,0.2,0.1,0.3,0.1c0.2,0,0.5-0.1,0.6-0.4l1.8-3.7c0,0,0.1,0,0.1,0h4.9V28c0,0.4,0.3,0.7,0.6,0.7s0.6-0.3,0.6-0.7v-3.3h4.9 c0,0,0.1,0,0.1,0l1.8,3.7c0.1,0.2,0.3,0.4,0.6,0.4c0.1,0,0.2,0,0.3-0.1c0.3-0.2,0.5-0.5,0.3-0.9l-4.7-9.5C22.5,16.7,25,13.1,25,9 V8.1h1c0.4,0,0.6-0.3,0.6-0.7S26.4,6.8,26,6.8z M10,23.3l2.3-4.7c0.6,0.2,1.3,0.3,2,0.3c0,0,0,0,0,0v4.3H10z M20,23.3h-4.3V19 c0,0,0,0,0,0c0.7,0,1.3-0.2,2-0.3L20,23.3z M23.7,9c0,4.8-3.9,8.7-8.7,8.7S6.3,13.8,6.3,9V8.3h17.4V9z M18.1,5.2l1.4-2.8 C19.6,2.1,19.8,2,20,2c0.4,0,0.7,0.5,0.5,0.8l-1.4,2.8C19,5.9,18.8,6,18.6,6C18.2,6,17.9,5.5,18.1,5.2z M13.8,5.2l1.4-2.8 C15.3,2.1,15.5,2,15.7,2c0.4,0,0.7,0.5,0.5,0.8l-1.4,2.8C14.7,5.9,14.5,6,14.3,6C13.9,6,13.6,5.5,13.8,5.2z M9.5,5.2l1.4-2.8 C11,2.1,11.2,2,11.4,2c0.4,0,0.7,0.5,0.5,0.8l-1.4,2.8C10.4,5.9,10.2,6,10,6C9.6,6,9.3,5.5,9.5,5.2z"></path></svg>');
INSERT INTO amenity (amenity_id, amenity_code, amenity_name, is_active, display_order, amenity_icon) VALUES (12, '반려동물_동반', '반려동물 동반', 1, 0, '<svg xmlns="http://www.w3.org/2000/svg" viewBox="0 0 30 30" class="gZ_UY" aria-hidden="true"><path d="M3.804 3.642c0-.355.288-.642.642-.642h8.063c1.13 0 2.105.478 2.847 1.099.739.618 1.286 1.408 1.567 2.12.759 1.92 1.155 4.4.94 6.431-.109 1.014-.375 1.978-.883 2.705-.528.757-1.31 1.243-2.341 1.243-.693 0-1.264-.136-1.725-.393a2.475 2.475 0 0 1-.99-1.006c-.399-.742-.4-1.585-.4-1.996l.002-.036.104-1.867h-1.264c.033.52.05 1.035.05 1.48-.001.493-.024.976-.1 1.272-.196.752-.53 1.833-.913 3.07l-.227.735c-.478 1.55-1.007 3.298-1.447 4.991a.642.642 0 0 1-.315.403 7.406 7.406 0 0 0-1.697 1.297c-.37.385-.648.782-.8 1.168h3.18a.642.642 0 0 1 0 1.284H4.142a.642.642 0 0 1-.642-.642c0-1.075.634-2.013 1.291-2.699a8.75 8.75 0 0 1 1.765-1.396c.433-1.64.94-3.31 1.394-4.785l.23-.743v-.002c.383-1.239.706-2.283.893-3.003.03-.117.058-.442.06-.952a22.802 22.802 0 0 0-.245-3.255 6.77 6.77 0 0 0-.098-.497H7.108c-1.558 0-2.387-1.153-2.8-2.258-.414-1.112-.504-2.385-.504-3.126Zm6.48 6.67h1.401l.183-3.264a.642.642 0 1 1 1.281.072l-.34 6.1c0 .427.02.952.246 1.37.106.197.256.367.482.493.23.128.577.231 1.102.231.566 0 .974-.242 1.289-.694.335-.48.562-1.202.658-2.106.192-1.801-.165-4.073-.856-5.824-.2-.506-.618-1.122-1.197-1.606-.574-.48-1.268-.8-2.024-.8H6.412c-.303.482-.787.807-1.179.993.064.353.154.71.278 1.042.34.912.843 1.423 1.597 1.423h2.13c.221 0 .426.114.544.301.107.17.177.386.228.575.055.204.103.443.144.697.05.304.094.643.13.997Zm7.868 4.748a.642.642 0 0 1 .842.338l2.084 4.878c.5 1.01 1.042 2.578.936 3.952-.04.51-.172 1.026-.455 1.476.64-.04 1.472-.193 2.175-.598.803-.463 1.482-1.275 1.482-2.82a.642.642 0 1 1 1.284 0c0 2.03-.947 3.253-2.126 3.933-1.13.651-2.429.781-3.194.781H10.151a.642.642 0 0 1-.64-.698c.03-.334.183-.756.376-1.16.203-.424.482-.893.82-1.335.336-.44.743-.87 1.207-1.194.463-.325 1.016-.568 1.628-.568h1.971a.642.642 0 0 1 0 1.284h-1.97c-.267 0-.566.107-.893.335-.325.228-.641.553-.924.923a6.489 6.489 0 0 0-.682 1.11l-.01.019H18.762c.809-.003 1.26-.213 1.518-.459.262-.25.416-.623.455-1.128.081-1.041-.351-2.37-.813-3.298l-.008-.018-.007-.015-2.092-4.895a.642.642 0 0 1 .338-.843Zm-7.209-9.532a.494.494 0 1 1-.987 0 .494.494 0 0 1 .987 0Z"></path>\\</svg>');
INSERT INTO amenity (amenity_id, amenity_code, amenity_name, is_active, display_order, amenity_icon) VALUES (13, '무선_인터넷', '무선 인터넷', 1, 0, '<svg xmlns="http://www.w3.org/2000/svg" viewBox="0 0 30 30" class="gZ_UY" aria-hidden="true"><path fill-rule="evenodd" d="M15 6.824c-5.096 0-9.605 2.7-12.325 6.84a.631.631 0 0 1-.892.178.675.675 0 0 1-.173-.92C4.553 8.442 9.45 5.5 15 5.5s10.448 2.942 13.39 7.422a.675.675 0 0 1-.173.92.631.631 0 0 1-.892-.177c-2.72-4.142-7.23-6.84-12.325-6.84ZM5.63 16.74A11.449 11.449 0 0 1 15 11.918c3.887 0 7.312 1.912 9.37 4.822a.63.63 0 0 0 .899.145.675.675 0 0 0 .14-.925A12.722 12.722 0 0 0 15 10.594 12.723 12.723 0 0 0 4.59 15.96a.675.675 0 0 0 .141.925.63.63 0 0 0 .898-.145Zm4.008 3.987c1.13-2.27 3.136-3.715 5.362-3.715s4.232 1.446 5.362 3.715c.162.325.55.454.866.287a.672.672 0 0 0 .278-.892c-1.303-2.616-3.702-4.434-6.506-4.434-2.803 0-5.203 1.818-6.506 4.434a.672.672 0 0 0 .279.892.634.634 0 0 0 .865-.287ZM15 24.5c1.092 0 1.978-.912 1.978-2.038 0-1.125-.886-2.037-1.978-2.037-1.093 0-1.978.912-1.978 2.037 0 1.126.885 2.038 1.978 2.038Zm0-1.325c.382 0 .692-.319.692-.713A.703.703 0 0 0 15 21.75a.703.703 0 0 0-.693.713c0 .394.31.713.693.713Z"></path></svg>');
INSERT INTO amenity (amenity_id, amenity_code, amenity_name, is_active, display_order, amenity_icon) VALUES (14, '체험활동', '체험활동', 1, 0, '<svg xmlns="http://www.w3.org/2000/svg" viewBox="0 0 30 30" class="gZ_UY" aria-hidden="true"><path d="M26.5,11.5h-4.7V7.7l4.9-2.4c0.2-0.1,0.4-0.3,0.4-0.6c0-0.3-0.2-0.5-0.4-0.6l-5.3-2.4c-0.2-0.1-0.4-0.1-0.6,0 c-0.2,0.1-0.3,0.3-0.3,0.5v9.3h-9.2c-2.4,0-4.3,1.9-4.3,4.3s1.9,4.3,4.3,4.3h4.5h0h6c1.7,0,3.1,1.4,3.1,3.1c0,1.7-1.4,3.1-3.1,3.1 H3.5c-0.4,0-0.7,0.3-0.7,0.7s0.3,0.6,0.7,0.6h18.2c2.4,0,4.4-2,4.4-4.4c0-2.4-2-4.4-4.4-4.4h-5h0h-5.4c-1.7,0-3-1.4-3-3 c0-1.7,1.4-3,3-3h15.2c0.4,0,0.6-0.3,0.6-0.7S26.8,11.5,26.5,11.5z M21.8,3.3L25,4.7l-3.1,1.5V3.3z"></path></svg>');
INSERT INTO amenity (amenity_id, amenity_code, amenity_name, is_active, display_order, amenity_icon) VALUES (15, '가족실', '가족실', 1, 0, '<svg xmlns="http://www.w3.org/2000/svg" viewBox="0 0 30 30" class="gZ_UY" aria-hidden="true"><path fill-rule="evenodd" d="M17.5 7.16A2.51 2.51 0 0 1 15 9.68a2.51 2.51 0 0 1-2.5-2.52A2.51 2.51 0 0 1 15 4.64a2.51 2.51 0 0 1 2.5 2.52Zm-1.3 0A1.21 1.21 0 0 1 15 8.38a1.21 1.21 0 0 1-1.2-1.22c0-.684.547-1.22 1.2-1.22.653 0 1.2.536 1.2 1.22ZM7 17.147a2.51 2.51 0 0 0 2.5-2.52 2.51 2.51 0 0 0-2.5-2.52 2.51 2.51 0 0 0-2.5 2.52 2.51 2.51 0 0 0 2.5 2.52Zm0-1.3c.653 0 1.2-.537 1.2-1.22a1.21 1.21 0 0 0-1.2-1.22c-.653 0-1.2.536-1.2 1.22 0 .684.547 1.22 1.2 1.22Zm0 1.863a4.65 4.65 0 0 0-4.65 4.65v3a.65.65 0 1 0 1.3 0v-3a3.35 3.35 0 0 1 6.7 0v3a.65.65 0 1 0 1.3 0v-3A4.65 4.65 0 0 0 7 17.71Zm18.5-3.083a2.51 2.51 0 0 1-2.5 2.52 2.51 2.51 0 0 1-2.5-2.52 2.51 2.51 0 0 1 2.5-2.52 2.51 2.51 0 0 1 2.5 2.52Zm-1.3 0a1.21 1.21 0 0 1-1.2 1.22 1.21 1.21 0 0 1-1.2-1.22c0-.684.547-1.22 1.2-1.22.653 0 1.2.536 1.2 1.22ZM23 17.71a4.65 4.65 0 0 0-4.65 4.65v3a.65.65 0 1 0 1.3 0v-3a3.35 3.35 0 0 1 6.7 0v3a.65.65 0 1 0 1.3 0v-3A4.65 4.65 0 0 0 23 17.71Zm-12.65-2.819a4.65 4.65 0 0 1 9.3 0 .65.65 0 1 1-1.3 0 3.35 3.35 0 1 0-6.7 0 .65.65 0 1 1-1.3 0Z"></path></svg>');
INSERT INTO amenity (amenity_id, amenity_code, amenity_name, is_active, display_order, amenity_icon) VALUES (16, '복층', '복층', 1, 0, '<svg xmlns="http://www.w3.org/2000/svg" viewBox="0 0 30 30" class="gZ_UY" aria-hidden="true"><path d="M27.1,3.8v1.3h-5.9V11h0v0h-5.9v5.9h-1.3v0H9.5v4.6v1.3v0H3.6v5.9H2.4v-7.2h5.9v-5.9h5.9V9.7H20V3.8H27.1z"></path></svg>');
INSERT INTO amenity (amenity_id, amenity_code, amenity_name, is_active, display_order, amenity_icon) VALUES (17, '신축', '신축', 1, 0, '<svg xmlns="http://www.w3.org/2000/svg" viewBox="0 0 30 30" class="gZ_UY" aria-hidden="true"><path d="M15,2C7.8,2,2,7.8,2,15s5.8,13,13,13s13-5.8,13-13S22.2,2,15,2z M15,26.7C8.5,26.7,3.3,21.5,3.3,15 C3.3,8.5,8.5,3.3,15,3.3S26.7,8.5,26.7,15C26.7,21.5,21.5,26.7,15,26.7z M19.6,10v10c0,0.3-0.2,0.5-0.4,0.6c-0.1,0-0.1,0-0.2,0 c-0.2,0-0.4-0.1-0.5-0.2l-6.8-8.6V20c0,0.4-0.3,0.7-0.6,0.7s-0.6-0.3-0.6-0.7V10c0-0.3,0.2-0.5,0.4-0.6c0.3-0.1,0.6,0,0.7,0.2 l6.8,8.6V10c0-0.4,0.3-0.7,0.6-0.7S19.6,9.6,19.6,10z"></path></svg>');
INSERT INTO amenity (amenity_id, amenity_code, amenity_name, is_active, display_order, amenity_icon) VALUES (18, '픽업', '픽업', 1, 0, '<svg xmlns="http://www.w3.org/2000/svg" viewBox="0 0 30 30" class="gZ_UY" aria-hidden="true"><path fill-rule="evenodd" d="m5.717 11.153.163-.953h-.936a.645.645 0 0 1-.647-.644c0-.355.29-.643.647-.643h1.155l.514-3.017A2.285 2.285 0 0 1 8.869 4h12.25c1.116 0 2.07.801 2.256 1.896l.514 3.017h1.155c.357 0 .647.288.647.643 0 .356-.29.644-.647.644h-.936l.163.954a2.281 2.281 0 0 1 1.967 2.254v7.642h.012v2.723A2.233 2.233 0 0 1 24.011 26a2.233 2.233 0 0 1-2.239-2.227v-1.436H8.246v1.424a2.233 2.233 0 0 1-2.239 2.227 2.233 2.233 0 0 1-2.239-2.227v-1.424H3.75v-8.929c0-1.149.855-2.1 1.967-2.255ZM8.87 5.287c-.485 0-.9.348-.98.825l-.855 5.014h15.92L22.1 6.112a.994.994 0 0 0-.981-.825H8.869Zm-3.807 17.05h1.89v1.424c0 .52-.423.94-.945.94a.943.943 0 0 1-.945-.94v-1.424Zm3.184-1.287h16.698v-7.642a.993.993 0 0 0-.995-.99H6.04a.993.993 0 0 0-.995.99v7.63h3.202v.012Zm14.82 1.287v1.436c0 .519.423.94.945.94a.943.943 0 0 0 .945-.94v-1.436h-1.89ZM7.68 16.091a.645.645 0 0 0-.647.643c0 .356.29.644.647.644h.2a.645.645 0 0 0 .646-.644.645.645 0 0 0-.647-.643H7.68Zm2.028.643c0-.355.29-.643.646-.643h9.279c.357 0 .647.288.647.643 0 .356-.29.644-.647.644h-9.279a.645.645 0 0 1-.646-.644Zm12.4-.643a.645.645 0 0 0-.646.643c0 .356.29.644.647.644h.199a.645.645 0 0 0 .646-.644.645.645 0 0 0-.646-.643h-.2Z"></path></svg>');
INSERT INTO amenity (amenity_id, amenity_code, amenity_name, is_active, display_order, amenity_icon) VALUES (19, '여성전용', '여성전용', 1, 0, '<svg xmlns="http://www.w3.org/2000/svg" viewBox="0 0 30 30" class="gZ_UY" aria-hidden="true"><path d="M24,11c0-5-4-9-9-9s-9,4-9,9c0,4.7,3.7,8.6,8.4,9c0,0,0,0,0,0v3.3H11c-0.4,0-0.6,0.3-0.6,0.7s0.3,0.7,0.6,0.7 h3.4V28c0,0.4,0.3,0.7,0.6,0.7s0.6-0.3,0.6-0.7v-3.3H19c0.4,0,0.6-0.3,0.6-0.7s-0.3-0.7-0.6-0.7h-3.4V20c0,0,0,0,0,0 C20.3,19.6,24,15.7,24,11z M15,18.7c-4.2,0-7.7-3.5-7.7-7.7c0-4.2,3.5-7.7,7.7-7.7s7.7,3.5,7.7,7.7C22.7,15.2,19.2,18.7,15,18.7z"></path></svg>');
INSERT INTO amenity (amenity_id, amenity_code, amenity_name, is_active, display_order, amenity_icon) VALUES (20, '독채', '독채', 1, 0, '<svg xmlns="http://www.w3.org/2000/svg" viewBox="0 0 30 30" class="gZ_UY" aria-hidden="true"><path d="M29,27h-4.6V14.1l3.9,3.5c0.1,0.1,0.3,0.2,0.4,0.2c0.2,0,0.4-0.1,0.5-0.2c0.2-0.3,0.2-0.7,0-0.9l-4.8-4.3V8.9     l3.9,3.5c0.1,0.1,0.3,0.2,0.4,0.2c0.2,0,0.4-0.1,0.5-0.2c0.2-0.3,0.2-0.7,0-0.9l-4.8-4.3V4.4l3.2,3c0.1,0.1,0.3,0.2,0.4,0.2     c0.2,0,0.3-0.1,0.5-0.2c0.2-0.3,0.2-0.7,0-0.9l-4.3-4c-0.2-0.2-0.6-0.2-0.9,0l-4.3,4c-0.3,0.2-0.3,0.7,0,0.9c0.2,0.3,0.7,0.3,0.9,0     l3.2-3v2.8l-4.8,4.3c-0.3,0.2-0.3,0.7,0,0.9c0.2,0.3,0.7,0.3,0.9,0l3.9-3.5v3.4l-4.8,4.3c-0.3,0.2-0.3,0.7,0,0.9     c0.2,0.3,0.7,0.3,0.9,0l3.9-3.5V27H17v-9.2l-7.5-4.6L2,17.8V27H1c-0.4,0-0.6,0.3-0.6,0.7s0.3,0.7,0.6,0.7h28c0.4,0,0.6-0.3,0.6-0.7     S29.4,27,29,27z M10.6,26.9H8v-3.2c0-0.7,0.6-1.3,1.3-1.3s1.3,0.6,1.3,1.3V26.9z M3.3,18.5l6.2-3.8l6.2,3.8v8.4h-3.9v-3.2     c0-1.4-1.1-2.5-2.5-2.5s-2.5,1.1-2.5,2.5v3.2H3.3V18.5z"></path></svg>');
INSERT INTO amenity (amenity_id, amenity_code, amenity_name, is_active, display_order, amenity_icon) VALUES (21, '한옥', '한옥', 1, 0, '<svg xmlns="http://www.w3.org/2000/svg" viewBox="0 0 30 30" class="gZ_UY" aria-hidden="true"><path d="M28,10.2h-0.9l-3.8-5.7V3.1c0-0.4-0.3-0.7-0.7-0.7c-0.4,0-0.6,0.3-0.6,0.7v1.4H7.9V3.1c0-0.4-0.3-0.7-0.7-0.7     c-0.4,0-0.6,0.3-0.6,0.7v1.4h0l-3.8,5.7H2c-0.4,0-0.6,0.3-0.6,0.6c0,0.4,0.3,0.7,0.6,0.7h0l0,0h1v15.3c0,0.4,0.3,0.7,0.6,0.7     s0.6-0.3,0.6-0.7v-3.1h21.3v3.1c0,0.4,0.3,0.7,0.6,0.7s0.6-0.3,0.6-0.7v-3.1v-1.3v-6.7v-1.3v-2.9h1l0,0h0c0.4,0,0.7-0.3,0.7-0.7     C28.7,10.5,28.4,10.2,28,10.2z M7.3,5.9h15.3l2.9,4.4H4.4L7.3,5.9z M17.3,22.5h-4.6v-4.3h4.6V22.5z M25.7,22.5h-7.2V17h-7v5.5H4.3     v-6.7h21.3V22.5z M25.7,14.5H4.3v-2.9h21.3V14.5z"></path></svg>');
INSERT INTO amenity (amenity_id, amenity_code, amenity_name, is_active, display_order, amenity_icon) VALUES (22, '스파', '스파', 1, 0, '<svg xmlns="http://www.w3.org/2000/svg" viewBox="0 0 30 30" class="gZ_UY" aria-hidden="true"><path d="M28,13.3h-1.7V5.9c0-2.3-1.8-4.1-4.1-4.1h-0.4c-1.8,0-3.3,1.3-3.6,3.1h-2.4c-0.4,0-0.6,0.3-0.6,0.7     s0.3,0.7,0.6,0.7h6c0.4,0,0.6-0.3,0.6-0.7s-0.3-0.7-0.6-0.7h-2.3c0.3-1,1.2-1.8,2.3-1.8h0.4c1.5,0,2.8,1.2,2.8,2.8v7.4H2     c-0.4,0-0.6,0.3-0.6,0.7s0.3,0.7,0.6,0.7h1.7V23c0,1.3,1,2.3,2.3,2.3h1.4V27c0,0.4,0.3,0.6,0.6,0.6c0.4,0,0.7-0.3,0.7-0.6v-1.7h12.7     V27c0,0.4,0.3,0.6,0.7,0.6s0.7-0.3,0.7-0.6v-1.7H24c1.3,0,2.3-1,2.3-2.3v-8.3H28c0.4,0,0.6-0.3,0.6-0.7S28.4,13.3,28,13.3z M25,23     c0,0.6-0.4,1-1,1H6c-0.6,0-1-0.4-1-1v-8.3h20V23z M20,9c0.4,0,0.8,0.3,0.8,0.8s-0.3,0.8-0.8,0.8s-0.8-0.3-0.8-0.8S19.6,9,20,9z     M17.5,9c0.4,0,0.8,0.3,0.8,0.8s-0.3,0.8-0.8,0.8s-0.8-0.3-0.8-0.8S17.1,9,17.5,9z M17,7.7c0,0.4-0.3,0.8-0.8,0.8s-0.8-0.3-0.8-0.8     s0.3-0.8,0.8-0.8S17,7.2,17,7.7z M19.5,7.7c0,0.4-0.3,0.8-0.8,0.8S18,8.1,18,7.7s0.3-0.8,0.8-0.8S19.5,7.2,19.5,7.7z M20.5,7.7     c0-0.4,0.3-0.8,0.8-0.8S22,7.2,22,7.7s-0.3,0.8-0.8,0.8S20.5,8.1,20.5,7.7z"></path></svg>');
INSERT INTO amenity (amenity_id, amenity_code, amenity_name, is_active, display_order, amenity_icon) VALUES (23, '개별바비큐', '개별바비큐', 1, 0, '<svg xmlns="http://www.w3.org/2000/svg" viewBox="0 0 30 30" class="gZ_UY" aria-hidden="true"><path d="M26,6.8H4c-0.4,0-0.6,0.3-0.6,0.7S3.6,8.1,4,8.1h1V9c0,4.1,2.5,7.7,6.1,9.2l-4.7,9.5c-0.2,0.3,0,0.7,0.3,0.9 c0.1,0,0.2,0.1,0.3,0.1c0.2,0,0.5-0.1,0.6-0.4l1.8-3.7c0,0,0.1,0,0.1,0h4.9V28c0,0.4,0.3,0.7,0.6,0.7s0.6-0.3,0.6-0.7v-3.3h4.9 c0,0,0.1,0,0.1,0l1.8,3.7c0.1,0.2,0.3,0.4,0.6,0.4c0.1,0,0.2,0,0.3-0.1c0.3-0.2,0.5-0.5,0.3-0.9l-4.7-9.5C22.5,16.7,25,13.1,25,9 V8.1h1c0.4,0,0.6-0.3,0.6-0.7S26.4,6.8,26,6.8z M10,23.3l2.3-4.7c0.6,0.2,1.3,0.3,2,0.3c0,0,0,0,0,0v4.3H10z M20,23.3h-4.3V19 c0,0,0,0,0,0c0.7,0,1.3-0.2,2-0.3L20,23.3z M23.7,9c0,4.8-3.9,8.7-8.7,8.7S6.3,13.8,6.3,9V8.3h17.4V9z M18.1,5.2l1.4-2.8 C19.6,2.1,19.8,2,20,2c0.4,0,0.7,0.5,0.5,0.8l-1.4,2.8C19,5.9,18.8,6,18.6,6C18.2,6,17.9,5.5,18.1,5.2z M13.8,5.2l1.4-2.8 C15.3,2.1,15.5,2,15.7,2c0.4,0,0.7,0.5,0.5,0.8l-1.4,2.8C14.7,5.9,14.5,6,14.3,6C13.9,6,13.6,5.5,13.8,5.2z M9.5,5.2l1.4-2.8 C11,2.1,11.2,2,11.4,2c0.4,0,0.7,0.5,0.5,0.8l-1.4,2.8C10.4,5.9,10.2,6,10,6C9.6,6,9.3,5.5,9.5,5.2z"></path></svg>');
INSERT INTO amenity (amenity_id, amenity_code, amenity_name, is_active, display_order, amenity_icon) VALUES (24, '잔디', '잔디', 1, 0, '<svg xmlns="http://www.w3.org/2000/svg" viewBox="0 0 30 30" class="gZ_UY" aria-hidden="true"><path d="m7.7 4.4-2.5 5.9c-.1.3-.5.5-.9.3-.3-.1-.4-.5-.3-.9l2.5-5.9c.2-.3.5-.4.9-.3.3.2.5.5.3.9zm-.3 7.1c-.3-.1-.7 0-.9.3L4 17.7c-.1.3 0 .7.3.9s.7 0 .9-.3l2.5-5.9c.2-.4 0-.8-.3-.9zm0 7.9c-.3-.1-.7 0-.9.3L4 25.6c-.1.3 0 .7.3.9s.7 0 .9-.3l2.5-5.9c.2-.4 0-.8-.3-.9zm4.5 0c-.3-.1-.7 0-.9.3l-2.5 5.9c-.1.3 0 .7.3.9s.7 0 .9-.3l2.5-5.9c.2-.4.1-.8-.3-.9zm4.6 0c-.3-.1-.7 0-.9.3l-2.5 5.9c-.1.3 0 .7.3.9.3.1.7 0 .9-.3l2.5-5.9c.2-.4 0-.8-.3-.9zm4.6 0c-.3-.1-.7 0-.9.3l-2.5 5.9c-.1.3 0 .7.3.9.3.1.7 0 .9-.3l2.5-5.9c.2-.4 0-.8-.3-.9zm4.5 0c-.3-.1-.7 0-.9.3l-2.5 5.9c-.1.3 0 .7.3.9.3.1.7 0 .9-.3l2.5-5.9c.2-.4.1-.8-.3-.9zm-13.7-7.9c-.3-.1-.7 0-.9.3l-2.5 5.9c-.1.3 0 .7.3.9s.7 0 .9-.3l2.5-5.9c.2-.4.1-.8-.3-.9zm4.6 0c-.3-.1-.7 0-.9.3l-2.5 5.9c-.1.3 0 .7.3.9.3.1.7 0 .9-.3l2.5-5.9c.2-.4 0-.8-.3-.9zm4.6 0c-.3-.1-.7 0-.9.3l-2.5 5.9c-.1.3 0 .7.3.9.3.1.7 0 .9-.3l2.5-5.9c.2-.4 0-.8-.3-.9zm4.5 0c-.3-.1-.7 0-.9.3l-2.5 5.9c-.1.3 0 .7.3.9.3.1.7 0 .9-.3l2.5-5.9c.2-.4.1-.8-.3-.9zm-13.7-8c-.3-.1-.7 0-.9.3L8.6 9.7c-.1.3 0 .7.3.9.3.1.7 0 .9-.3l2.5-5.9c.1-.4 0-.7-.4-.9zm4.6 0c-.3-.1-.7 0-.9.3l-2.5 5.9c-.1.3 0 .7.3.9.3.1.7 0 .9-.3l2.5-5.9c.2-.4 0-.7-.3-.9zm4.6 0c-.3-.1-.7 0-.9.3l-2.5 5.9c-.1.3 0 .7.3.9.3.1.7 0 .9-.3l2.5-5.9c.2-.4 0-.7-.3-.9zm1.5 7.1c.3.1.7 0 .9-.3L26 4.4c.1-.3 0-.7-.3-.9-.3-.1-.7 0-.9.3l-2.5 5.9c-.2.4 0 .8.3.9z"></path></svg>');
INSERT INTO amenity (amenity_id, amenity_code, amenity_name, is_active, display_order, amenity_icon) VALUES (25, '세미나실', '세미나실', 1, 0, '<svg xmlns="http://www.w3.org/2000/svg" viewBox="0 0 30 30" class="gZ_UY" aria-hidden="true"><path d="M11,19c2.8,0,5-2.2,5-5c0-2.8-2.2-5-5-5s-5,2.2-5,5C6,16.8,8.2,19,11,19z M11,10.2c2.1,0,3.8,1.7,3.8,3.8 c0,0.1,0,0.2,0,0.3l-3.5-0.9l-2.3-2.7C9.6,10.4,10.3,10.2,11,10.2z M8.1,11.5l2.5,3l3.8,1c-0.6,1.4-1.9,2.3-3.5,2.3 c-2.1,0-3.8-1.7-3.8-3.8C7.2,13,7.6,12.2,8.1,11.5z M17.4,11c0-0.3,0.3-0.6,0.6-0.6h5c0.3,0,0.6,0.3,0.6,0.6s-0.3,0.6-0.6,0.6h-5 C17.7,11.6,17.4,11.3,17.4,11z M17.4,14c0-0.3,0.3-0.6,0.6-0.6h5c0.3,0,0.6,0.3,0.6,0.6s-0.3,0.6-0.6,0.6h-5 C17.7,14.6,17.4,14.3,17.4,14z M17.4,17c0-0.3,0.3-0.6,0.6-0.6h4c0.3,0,0.6,0.3,0.6,0.6c0,0.3-0.3,0.6-0.6,0.6h-4 C17.7,17.6,17.4,17.3,17.4,17z M28,4.3H15.7V2c0-0.4-0.3-0.6-0.6-0.6S14.4,1.6,14.4,2v2.3H2C1.6,4.3,1.4,4.6,1.4,5S1.6,5.7,2,5.7 h0.7v16.1c0,1.3,1,2.3,2.3,2.3h9l-3.5,4c-0.2,0.3-0.2,0.7,0.1,0.9s0.7,0.2,0.9-0.1l3.5-4l3.5,4c0.2,0.3,0.6,0.3,0.9,0.1 s0.3-0.6,0.1-0.9l-3.5-4h9c1.3,0,2.3-1,2.3-2.3V5.7H28c0.4,0,0.6-0.3,0.6-0.7S28.4,4.3,28,4.3z M26,21.8c0,0.6-0.4,1-1,1H5 c-0.6,0-1-0.4-1-1v-16h22V21.8z"></path></svg>');
INSERT INTO amenity (amenity_id, amenity_code, amenity_name, is_active, display_order, amenity_icon) VALUES (26, '수영장', '수영장', 1, 0, '<svg xmlns="http://www.w3.org/2000/svg" viewBox="0 0 30 30" class="gZ_UY" aria-hidden="true"><path d="M26,18.7c0.3,0,0.6-0.3,0.6-0.6s-0.3-0.6-0.6-0.6h-4.9v-3.8v-1.2V8.7V7.5V6.6c0-2.3-1.8-4.1-4.1-4.1 c-0.3,0-0.6,0.3-0.6,0.6s0.3,0.6,0.6,0.6c1.6,0,2.9,1.3,2.9,2.9v0.9h-9.3V6.6c0-2.3-1.8-4.1-4.1-4.1c-0.3,0-0.6,0.3-0.6,0.6 s0.3,0.6,0.6,0.6c1.6,0,2.9,1.3,2.9,2.9v10.9H4c-0.3,0-0.6,0.3-0.6,0.6s0.3,0.6,0.6,0.6H26z M19.9,8.7v3.8l-9.3,0V8.7H19.9z M10.6,13.7l9.3,0v3.8h-9.3V13.7z M26.6,21.7c0,0.3-0.3,0.6-0.6,0.6H8.8c-0.3,0-0.6-0.3-0.6-0.6s0.3-0.6,0.6-0.6H26 C26.3,21.1,26.6,21.4,26.6,21.7z M14.2,26.9c0,0.3-0.3,0.6-0.6,0.6H5.8c-0.3,0-0.6-0.3-0.6-0.6s0.3-0.6,0.6-0.6h7.8 C13.9,26.3,14.2,26.6,14.2,26.9z"></path></svg>');
INSERT INTO amenity (amenity_id, amenity_code, amenity_name, is_active, display_order, amenity_icon) VALUES (27, '풀빌라', '풀빌라', 1, 0, '<svg xmlns="http://www.w3.org/2000/svg" viewBox="0 0 30 30" class="gZ_UY" aria-hidden="true"><path d="M28.6,27.5c0,0.4-0.3,0.7-0.6,0.7H2c-0.4,0-0.6-0.3-0.6-0.7s0.3-0.7,0.6-0.7h26C28.4,26.8,28.6,27.1,28.6,27.5z     M16.3,17.3h-15V6.6l7.5-4.7l7.5,4.7v9.3h3.2v-1.1c0-1.7,1.4-3.1,3.1-3.1c0.3,0,0.6,0.3,0.6,0.6s-0.3,0.6-0.6,0.6     c-1,0-1.9,0.9-1.9,1.9v1.1h4.2v-1.1c0-1.7,1.4-3.1,3.1-3.1c0.3,0,0.6,0.3,0.6,0.6s-0.3,0.6-0.6,0.6c-1,0-1.9,0.9-1.9,1.9v1.1H28     c0.4,0,0.6,0.3,0.6,0.7s-0.3,0.7-0.6,0.7h-1.9v7.1c0,0.3-0.3,0.6-0.6,0.6s-0.6-0.3-0.6-0.6v-1.8h-4.2v1.8c0,0.3-0.3,0.6-0.6,0.6     s-0.6-0.3-0.6-0.6v-1.8v-1.2v-1.4v-1.2v-1.4L16.3,17.3L16.3,17.3z M24.9,21.3v-1.4h-4.2v1.4H24.9z M20.7,17.2v1.4h4.2v-1.4H20.7z     M10.1,13.7c0-0.7-0.6-1.3-1.3-1.3S7.5,13,7.5,13.7v2.2h2.6V13.7z M2.6,7.3v8.6h3.7v-2.2c0-1.4,1.1-2.5,2.5-2.5s2.5,1.1,2.5,2.5v2.2     H15V7.3L8.8,3.5L2.6,7.3z"></path></svg>');
INSERT INTO amenity (amenity_id, amenity_code, amenity_name, is_active, display_order, amenity_icon) VALUES (28, '노래방', '노래방', 1, 0, '<svg xmlns="http://www.w3.org/2000/svg" viewBox="0 0 30 30" class="gZ_UY" aria-hidden="true"><path fill-rule="evenodd" d="M15.595 7.666A6.201 6.201 0 0 1 7.6 15.661l7.995-7.995Zm-.567-1.13L6.47 15.094a6.223 6.223 0 0 1-1.226-1.024.605.605 0 0 0 .07-.06l8.696-8.697a6.223 6.223 0 0 1 1.019 1.221ZM13.046 4.58l-8.532 8.533a6.202 6.202 0 0 1 8.532-8.533Zm1.324-.663a7.501 7.501 0 0 0-9.88 11.247 7.501 7.501 0 0 0 7.786 1.776L23.555 27.09l1.266-1.266 2.553 2.552a.6.6 0 0 0 .848-.848l-2.552-2.553 1.42-1.42L16.908 12.24a7.5 7.5 0 0 0-2.442-8.249.6.6 0 0 0-.096-.075Zm1.96 9.626a7.502 7.502 0 0 1-1.233 1.62c-.47.47-.987.865-1.536 1.185l7.417 6.675 2.044-2.044-6.692-7.436Zm5.542 10.284 1.954-1.955 1.473 1.636-1.791 1.792-1.636-1.473Z"></path></svg>');
INSERT INTO amenity (amenity_id, amenity_code, amenity_name, is_active, display_order, amenity_icon) VALUES (29, '반려동물', '반려동물', 1, 0, '<svg viewBox="0 0 30 30" xmlns="http://www.w3.org/2000/svg" class="gZ_UY" aria-hidden="true"><path fill-rule="evenodd" d="M28 15c0 7.18-5.82 13-13 13S2 22.18 2 15 7.82 2 15 2s13 5.82 13 13zm-1.3 0c0 6.462-5.238 11.7-11.7 11.7-6.462 0-11.7-5.238-11.7-11.7C3.3 8.538 8.538 3.3 15 3.3c6.462 0 11.7 5.238 11.7 11.7zM16 9.75a1 1 0 11-2 0 1 1 0 012 0zm-1.65 3.15a.65.65 0 111.3 0v7.7a.65.65 0 11-1.3 0v-7.7z"></path></svg>');
INSERT INTO amenity (amenity_id, amenity_code, amenity_name, is_active, display_order, amenity_icon) VALUES (30, '장애인_주차구역', '장애인 주차구역', 1, 0, '<svg xmlns="http://www.w3.org/2000/svg" viewBox="0 0 30 30" class="gZ_UY" aria-hidden="true"><path fill-rule="evenodd" d="M15.788 3.585c0 .702-.557 1.252-1.223 1.252-.665 0-1.222-.55-1.222-1.252 0-.701.557-1.251 1.222-1.251.666 0 1.223.55 1.223 1.251Zm1.324 0c0 1.428-1.14 2.586-2.547 2.586-1.406 0-2.546-1.158-2.546-2.586S13.159 1 14.564 1c1.407 0 2.547 1.157 2.547 2.585Zm3.364 17.208c0 3.796-3.056 6.873-6.826 6.873-3.77 0-6.826-3.077-6.826-6.873 0-2.79 1.651-5.192 4.023-6.27v3.233c0 .368.297.667.662.667a.665.665 0 0 0 .663-.667v-3.675a6.802 6.802 0 0 1 5.107.89v.005h.009a6.88 6.88 0 0 1 3.188 5.817ZM19.4 14.976a8.21 8.21 0 0 1 2.4 5.817c0 4.533-3.649 8.207-8.15 8.207S5.5 25.326 5.5 20.793a8.208 8.208 0 0 1 5.347-7.71v-2.59c0-2.068 1.665-3.745 3.719-3.745 2.053 0 3.718 1.677 3.718 3.745v3.15h2.592c1.334 0 2.469.982 2.669 2.31l.947 6.3a.663.663 0 1 1-1.31.2l-.947-6.3a1.378 1.378 0 0 0-1.36-1.177H19.4Zm-5.75-2.39a8.14 8.14 0 0 0-1.478.134v-2.227a2.402 2.402 0 0 1 2.394-2.411 2.402 2.402 0 0 1 2.394 2.41v2.799a8.074 8.074 0 0 0-3.31-.705Z"></path></svg>');
INSERT INTO amenity (amenity_id, amenity_code, amenity_name, is_active, display_order, amenity_icon) VALUES (31, '온돌방', '온돌방', 1, 0, '<svg xmlns="http://www.w3.org/2000/svg" viewBox="0 0 30 30" class="gZ_UY" aria-hidden="true"><path d="M23,0.7H7C5.2,0.7,3.7,2.2,3.7,4v22c0,1.8,1.5,3.3,3.3,3.3h16c1.8,0,3.3-1.5,3.3-3.3V4 C26.3,2.2,24.8,0.7,23,0.7z M7,2h16c1.1,0,2,0.9,2,2v4.3h-2.3C22.9,8,23,7.7,23,7.3v-1C23,5,21.9,4,20.7,4h-4C16,4,15.4,4.3,15,4.7 C14.6,4.3,14,4,13.3,4h-4C8.1,4,7,5,7,6.3v1c0,0.4,0.1,0.7,0.3,1H5V4C5,2.9,5.9,2,7,2z M8.3,7.3v-1c0-0.6,0.4-1,1-1h4 c0.6,0,1,0.4,1,1v1c0,0.6-0.4,1-1,1h-4C8.8,8.3,8.3,7.9,8.3,7.3z M15.7,7.3v-1c0-0.6,0.4-1,1-1h4c0.6,0,1,0.4,1,1v1c0,0.6-0.4,1-1,1 h-4C16.1,8.3,15.7,7.9,15.7,7.3z M23,28H7c-1.1,0-2-0.9-2-2V9.6h20V26C25,27.1,24.1,28,23,28z"></path></svg>');
INSERT INTO amenity (amenity_id, amenity_code, amenity_name, is_active, display_order, amenity_icon) VALUES (32, '자쿠지', '자쿠지', 1, 0, '<svg xmlns="http://www.w3.org/2000/svg" viewBox="0 0 30 30" class="gZ_UY" aria-hidden="true"><path d="M26.5,18.4V6.5C26.5,4.6,25,3,23.1,3s-3.5,1.6-3.5,3.5V7h-16H2.3l0.1,1.3L3,12.7H2v5.6h1.6L4.4,25h14.7 c0.9,1.2,2.3,2,4,2c2.7,0,4.9-2.2,4.9-5C28,20.6,27.4,19.3,26.5,18.4z M17.7,8.3h1.9v4.4h-2.2L17.7,8.3z M16.5,8.3l-0.3,4.4h-5.2 l-0.3-4.4H16.5z M9.6,8.3l0.3,4.4H4.3L3.8,8.3H9.6z M5.5,23.7l-0.6-5.4h5.3l0.3,5.4H5.5z M15.6,23.7h-3.8l-0.3-5.4h4.5L15.6,23.7z M11.3,17h-1.2H4.8H3.4H3.3v-3h16.3v3h-2.4H16H11.3z M18.4,23.7h-1.6l0.3-5.4h2.5v0.1c-0.9,0.9-1.5,2.2-1.5,3.6 C18.1,22.6,18.2,23.2,18.4,23.7z M23.1,25.7c-2,0-3.7-1.7-3.7-3.7c0-1,0.4-2,1.1-2.6l0.4-0.4V6.5c0-1.2,1-2.2,2.2-2.2 c1.2,0,2.2,1,2.2,2.2V19l0.4,0.4c0.7,0.7,1.1,1.6,1.1,2.6C26.7,24,25.1,25.7,23.1,25.7z M25,22c0,1.1-0.9,2-2,2s-2-0.9-2-2 c0-0.9,0.6-1.6,1.4-1.9V6.5c0-0.3,0.3-0.6,0.6-0.6c0.3,0,0.6,0.3,0.6,0.6v13.6C24.5,20.4,25,21.1,25,22z"></path></svg>');
INSERT INTO amenity (amenity_id, amenity_code, amenity_name, is_active, display_order, amenity_icon) VALUES (33, '데크', '데크', 1, 0, '<svg xmlns="http://www.w3.org/2000/svg" viewBox="0 0 30 30" class="gZ_UY" aria-hidden="true"><path d="M27 12.3H9.6v5.4H27c.4 0 .6.3.6.7s-.2.6-.6.6h-5.4v5.4H27c.4 0 .6.3.6.7s-.3.7-.6.7H3c-.4 0-.6-.3-.6-.7s.3-.7.6-.7h17.4V19H3c-.4 0-.6-.3-.6-.7s.3-.7.6-.7h5.4v-5.4H3c-.4 0-.6-.3-.6-.7s.2-.5.6-.5h17.4V5.6H3c-.4 0-.6-.2-.6-.6s.2-.7.6-.7h24c.4 0 .6.3.6.7s-.2.6-.6.6h-5.4V11H27c.4 0 .6.3.6.7s-.2.6-.6.6zm-8.3-2.2c.4 0 .6-.3.6-.7 0-.4-.3-.7-.6-.7-.4 0-.7.3-.7.7 0 .4.3.7.7.7zm0-2.2c.4 0 .6-.3.6-.6 0-.4-.3-.7-.6-.7-.4 0-.7.3-.7.7 0 .3.3.6.7.6zm-12 9c.4 0 .6-.3.6-.6s-.3-.7-.6-.7-.7.3-.7.7.3.6.7.6zm0-2.3c.4 0 .6-.3.6-.7s-.3-.6-.6-.6-.7.3-.7.7.3.6.7.6zm12 6.6c.4 0 .6-.3.6-.7s-.3-.6-.6-.6c-.4 0-.7.3-.7.6s.3.7.7.7zm0 2.3c.4 0 .6-.3.6-.7 0-.4-.3-.6-.6-.6-.4 0-.7.3-.7.6 0 .4.3.7.7.7zm4.7-16.9c-.4 0-.7.3-.7.7 0 .4.3.6.7.6s.6-.3.6-.7c0-.4-.3-.6-.6-.6zm0 2.2c-.4 0-.7.3-.7.7 0 .4.3.7.7.7s.6-.4.6-.7c0-.4-.3-.7-.6-.7zm-12 4.5c-.4 0-.7.3-.7.7s.3.7.7.7.6-.4.6-.7-.3-.7-.6-.7zm0 2.3c-.4 0-.7.3-.7.7s.3.6.7.6.7-.3.7-.6-.4-.7-.7-.7zm12 6.6c-.4 0-.7.3-.7.6 0 .4.3.7.7.7s.6-.3.6-.7c0-.4-.3-.6-.6-.6zm0-2.3c-.4 0-.7.3-.7.6s.3.7.7.7.6-.3.6-.7-.3-.6-.6-.6z"></path></svg>');
INSERT INTO amenity (amenity_id, amenity_code, amenity_name, is_active, display_order, amenity_icon) VALUES (34, '장기숙박', '장기숙박', 1, 0, '<svg xmlns="http://www.w3.org/2000/svg" viewBox="0 0 30 30" class="gZ_UY" aria-hidden="true"><path d="M29,27h-4.6V14.1l3.9,3.5c0.1,0.1,0.3,0.2,0.4,0.2c0.2,0,0.4-0.1,0.5-0.2c0.2-0.3,0.2-0.7,0-0.9l-4.8-4.3V8.9     l3.9,3.5c0.1,0.1,0.3,0.2,0.4,0.2c0.2,0,0.4-0.1,0.5-0.2c0.2-0.3,0.2-0.7,0-0.9l-4.8-4.3V4.4l3.2,3c0.1,0.1,0.3,0.2,0.4,0.2     c0.2,0,0.3-0.1,0.5-0.2c0.2-0.3,0.2-0.7,0-0.9l-4.3-4c-0.2-0.2-0.6-0.2-0.9,0l-4.3,4c-0.3,0.2-0.3,0.7,0,0.9c0.2,0.3,0.7,0.3,0.9,0     l3.2-3v2.8l-4.8,4.3c-0.3,0.2-0.3,0.7,0,0.9c0.2,0.3,0.7,0.3,0.9,0l3.9-3.5v3.4l-4.8,4.3c-0.3,0.2-0.3,0.7,0,0.9     c0.2,0.3,0.7,0.3,0.9,0l3.9-3.5V27H17v-9.2l-7.5-4.6L2,17.8V27H1c-0.4,0-0.6,0.3-0.6,0.7s0.3,0.7,0.6,0.7h28c0.4,0,0.6-0.3,0.6-0.7     S29.4,27,29,27z M10.6,26.9H8v-3.2c0-0.7,0.6-1.3,1.3-1.3s1.3,0.6,1.3,1.3V26.9z M3.3,18.5l6.2-3.8l6.2,3.8v8.4h-3.9v-3.2     c0-1.4-1.1-2.5-2.5-2.5s-2.5,1.1-2.5,2.5v3.2H3.3V18.5z"></path></svg>');
INSERT INTO amenity (amenity_id, amenity_code, amenity_name, is_active, display_order, amenity_icon) VALUES (35, '무료영화', '무료영화', 1, 0, '<svg viewBox="0 0 30 30" xmlns="http://www.w3.org/2000/svg" class="gZ_UY" aria-hidden="true"><path fill-rule="evenodd" d="M28 15c0 7.18-5.82 13-13 13S2 22.18 2 15 7.82 2 15 2s13 5.82 13 13zm-1.3 0c0 6.462-5.238 11.7-11.7 11.7-6.462 0-11.7-5.238-11.7-11.7C3.3 8.538 8.538 3.3 15 3.3c6.462 0 11.7 5.238 11.7 11.7zM16 9.75a1 1 0 11-2 0 1 1 0 012 0zm-1.65 3.15a.65.65 0 111.3 0v7.7a.65.65 0 11-1.3 0v-7.7z"></path></svg>');
INSERT INTO amenity (amenity_id, amenity_code, amenity_name, is_active, display_order, amenity_icon) VALUES (36, '예약', '예약', 1, 0, '<svg xmlns="http://www.w3.org/2000/svg" viewBox="0 0 30 30" class="gZ_UY" aria-hidden="true"><path fill-rule="evenodd" d="M11.747 4.626a.628.628 0 0 0-.63-.626.628.628 0 0 0-.632.626v1.543H7.233A2.224 2.224 0 0 0 5 8.383v15.403C5 25.009 6 26 7.233 26h15.534A2.224 2.224 0 0 0 25 23.786V8.383c0-1.223-1-2.214-2.233-2.214h-3.253V4.626a.628.628 0 0 0-.63-.626.628.628 0 0 0-.632.626v1.543h-6.505V4.626Zm6.505 3.85V7.42h-6.505v1.056a.628.628 0 0 1-.63.626.628.628 0 0 1-.632-.626V7.42H7.233a.967.967 0 0 0-.97.963v2.262h17.475V8.383a.967.967 0 0 0-.971-.963h-3.253v1.056a.628.628 0 0 1-.63.626.628.628 0 0 1-.632-.626Zm-11.99 3.42h17.476v11.89a.967.967 0 0 1-.971.962H7.233a.967.967 0 0 1-.97-.962v-11.89Zm13.093 3.641a.622.622 0 0 0-.052-.883.635.635 0 0 0-.891.052l-4.707 5.25-2.117-2.362a.635.635 0 0 0-.89-.052.622.622 0 0 0-.053.884l2.589 2.888a.634.634 0 0 0 .943 0l5.178-5.777Z"></path></svg>');
INSERT INTO amenity (amenity_id, amenity_code, amenity_name, is_active, display_order, amenity_icon) VALUES (37, '배달', '배달', 1, 0, '<svg xmlns="http://www.w3.org/2000/svg" viewBox="0 0 30 30" class="gZ_UY" aria-hidden="true"><path fill-rule="evenodd" d="M13.498 4a.659.659 0 0 0-.635.485l-.885 3.208c-.624-1.144-1.99-1.78-3.253-1.78a1.32 1.32 0 0 0-1.317 1.321v3.68c0 .73.59 1.323 1.317 1.323.748 0 1.532-.223 2.177-.643l-1.045 3.788a5.506 5.506 0 0 0-2.315-.507c-3.06 0-5.542 2.49-5.542 5.563C2 23.51 4.481 26 7.542 26c3.06 0 5.542-2.49 5.542-5.562a5.56 5.56 0 0 0-2.1-4.36.66.66 0 0 0 .109-.221l2.906-10.535h1.802a.66.66 0 0 0 0-1.322h-2.303Zm-4.773 6.915c.491 0 .946-.125 1.318-.338.583-.334.963-.882.963-1.502s-.38-1.17-.963-1.503a2.659 2.659 0 0 0-1.318-.338v3.68Zm3.042 9.523a4.232 4.232 0 0 1-4.225 4.24 4.232 4.232 0 0 1-4.225-4.24 4.232 4.232 0 0 1 4.225-4.24 4.232 4.232 0 0 1 4.225 4.24Zm3.31 2.228a1.32 1.32 0 0 1-1.318-1.322c0-2.59 1.433-4.822 3.542-6.023a2.294 2.294 0 0 1-1.028-1.915 2.29 2.29 0 0 1 2.286-2.294H23.2a2.29 2.29 0 0 1 2.285 2.293c0 .8-.408 1.506-1.027 1.916C26.567 16.52 28 18.754 28 21.344c0 .73-.59 1.322-1.317 1.322H25.27A4.565 4.565 0 0 1 20.88 26c-2.09 0-3.85-1.41-4.39-3.334h-1.413Zm5.803-8.29h2.32a.97.97 0 0 0 .969-.97.97.97 0 0 0-.968-.972h-4.642a.97.97 0 0 0-.968.972.97.97 0 0 0 .968.97h2.321Zm-5.643 5.646c.609-2.47 2.886-4.307 5.607-4.323h.072c2.72.016 4.997 1.854 5.607 4.323.104.424.16.867.16 1.322H15.077c0-.455.055-.898.16-1.322Zm5.643 4.656a3.244 3.244 0 0 1-2.998-2.012h5.996a3.244 3.244 0 0 1-2.998 2.012Z"></path></svg>');
INSERT INTO amenity (amenity_id, amenity_code, amenity_name, is_active, display_order, amenity_icon) VALUES (38, '출입구_휠체어_이용가능', '출입구 휠체어 이용가능', 1, 0, '<svg xmlns="http://www.w3.org/2000/svg" viewBox="0 0 30 30" class="gZ_UY" aria-hidden="true"><path fill-rule="evenodd" d="M15.788 3.585c0 .702-.557 1.252-1.223 1.252-.665 0-1.222-.55-1.222-1.252 0-.701.557-1.251 1.222-1.251.666 0 1.223.55 1.223 1.251Zm1.324 0c0 1.428-1.14 2.586-2.547 2.586-1.406 0-2.546-1.158-2.546-2.586S13.159 1 14.564 1c1.407 0 2.547 1.157 2.547 2.585Zm3.364 17.208c0 3.796-3.056 6.873-6.826 6.873-3.77 0-6.826-3.077-6.826-6.873 0-2.79 1.651-5.192 4.023-6.27v3.233c0 .368.297.667.662.667a.665.665 0 0 0 .663-.667v-3.675a6.802 6.802 0 0 1 5.107.89v.005h.009a6.88 6.88 0 0 1 3.188 5.817ZM19.4 14.976a8.21 8.21 0 0 1 2.4 5.817c0 4.533-3.649 8.207-8.15 8.207S5.5 25.326 5.5 20.793a8.208 8.208 0 0 1 5.347-7.71v-2.59c0-2.068 1.665-3.745 3.719-3.745 2.053 0 3.718 1.677 3.718 3.745v3.15h2.592c1.334 0 2.469.982 2.669 2.31l.947 6.3a.663.663 0 1 1-1.31.2l-.947-6.3a1.378 1.378 0 0 0-1.36-1.177H19.4Zm-5.75-2.39a8.14 8.14 0 0 0-1.478.134v-2.227a2.402 2.402 0 0 1 2.394-2.411 2.402 2.402 0 0 1 2.394 2.41v2.799a8.074 8.074 0 0 0-3.31-.705Z"></path></svg>');
INSERT INTO amenity (amenity_id, amenity_code, amenity_name, is_active, display_order, amenity_icon) VALUES (39, '남/녀_화장실_구분', '남/녀 화장실 구분', 1, 0, '<svg xmlns="http://www.w3.org/2000/svg" viewBox="0 0 30 30" class="gZ_UY" aria-hidden="true"><path fill-rule="evenodd" d="M9 7.7c.653 0 1.2-.536 1.2-1.22A1.21 1.21 0 0 0 9 5.26c-.653 0-1.2.537-1.2 1.22 0 .684.547 1.22 1.2 1.22ZM9 9a2.51 2.51 0 0 0 2.5-2.52A2.51 2.51 0 0 0 9 3.96a2.51 2.51 0 0 0-2.5 2.52A2.51 2.51 0 0 0 9 9Zm-4.65 5.213a4.65 4.65 0 1 1 9.3 0v5a.65.65 0 0 1-1.3 0v-5a3.35 3.35 0 1 0-6.7 0v5a.65.65 0 0 1-1.3 0v-5Zm3.338 5.827a.65.65 0 0 0-.65.65v4.7a.65.65 0 1 0 1.3 0v-4.7a.65.65 0 0 0-.65-.65Zm1.975.65a.65.65 0 1 1 1.3 0v4.7a.65.65 0 1 1-1.3 0v-4.7ZM21 7.7c.653 0 1.2-.536 1.2-1.22A1.21 1.21 0 0 0 21 5.26c-.653 0-1.2.537-1.2 1.22 0 .684.547 1.22 1.2 1.22ZM21 9a2.51 2.51 0 0 0 2.5-2.52A2.51 2.51 0 0 0 21 3.96a2.51 2.51 0 0 0-2.5 2.52A2.51 2.51 0 0 0 21 9Zm-3.068 3.025a3.143 3.143 0 0 1 6.137 0l1.566 7.047a.65.65 0 0 1-1.27.282L22.8 12.307a1.843 1.843 0 0 0-3.6 0l-1.565 7.047a.65.65 0 0 1-1.27-.282l1.567-7.047Zm1.756 8.015a.65.65 0 0 0-.65.65v4.7a.65.65 0 1 0 1.3 0v-4.7a.65.65 0 0 0-.65-.65Zm1.975.65a.65.65 0 1 1 1.3 0v4.7a.65.65 0 1 1-1.3 0v-4.7Z"></path></svg>');
INSERT INTO amenity (amenity_id, amenity_code, amenity_name, is_active, display_order, amenity_icon) VALUES (40, '단체_이용_가능', '단체 이용 가능', 1, 0, '<svg xmlns="http://www.w3.org/2000/svg" viewBox="0 0 30 30" class="gZ_UY" aria-hidden="true"><path fill-rule="evenodd" d="M17.5 7.16A2.51 2.51 0 0 1 15 9.68a2.51 2.51 0 0 1-2.5-2.52A2.51 2.51 0 0 1 15 4.64a2.51 2.51 0 0 1 2.5 2.52Zm-1.3 0A1.21 1.21 0 0 1 15 8.38a1.21 1.21 0 0 1-1.2-1.22c0-.684.547-1.22 1.2-1.22.653 0 1.2.536 1.2 1.22ZM7 17.147a2.51 2.51 0 0 0 2.5-2.52 2.51 2.51 0 0 0-2.5-2.52 2.51 2.51 0 0 0-2.5 2.52 2.51 2.51 0 0 0 2.5 2.52Zm0-1.3c.653 0 1.2-.537 1.2-1.22a1.21 1.21 0 0 0-1.2-1.22c-.653 0-1.2.536-1.2 1.22 0 .684.547 1.22 1.2 1.22Zm0 1.863a4.65 4.65 0 0 0-4.65 4.65v3a.65.65 0 1 0 1.3 0v-3a3.35 3.35 0 0 1 6.7 0v3a.65.65 0 1 0 1.3 0v-3A4.65 4.65 0 0 0 7 17.71Zm18.5-3.083a2.51 2.51 0 0 1-2.5 2.52 2.51 2.51 0 0 1-2.5-2.52 2.51 2.51 0 0 1 2.5-2.52 2.51 2.51 0 0 1 2.5 2.52Zm-1.3 0a1.21 1.21 0 0 1-1.2 1.22 1.21 1.21 0 0 1-1.2-1.22c0-.684.547-1.22 1.2-1.22.653 0 1.2.536 1.2 1.22ZM23 17.71a4.65 4.65 0 0 0-4.65 4.65v3a.65.65 0 1 0 1.3 0v-3a3.35 3.35 0 0 1 6.7 0v3a.65.65 0 1 0 1.3 0v-3A4.65 4.65 0 0 0 23 17.71Zm-12.65-2.819a4.65 4.65 0 0 1 9.3 0 .65.65 0 1 1-1.3 0 3.35 3.35 0 1 0-6.7 0 .65.65 0 1 1-1.3 0Z"></path></svg>');
INSERT INTO amenity (amenity_id, amenity_code, amenity_name, is_active, display_order, amenity_icon) VALUES (41, '대기공간', '대기공간', 1, 0, '<svg xmlns="http://www.w3.org/2000/svg" viewBox="0 0 30 30" class="gZ_UY" aria-hidden="true"><path d="M8.336 3.9c-1.119 0-2.018.944-2.018 2.1v5.902C5.246 11.957 4.4 12.88 4.4 14v9.1h2.877v2.42a.58.58 0 0 0 1.159 0V23.1H21.66v2.42a.58.58 0 1 0 1.16 0V23.1h2.78V14c0-1.088-.796-1.988-1.822-2.09V6c0-1.156-.9-2.1-2.018-2.1H8.336ZM7.476 6c0-.501.39-.9.86-.9H21.76c.47 0 .86.399.86.9v5.9h-1.435c-1.118 0-2.018.944-2.018 2.1v.4h-7.855V14c0-1.156-.9-2.1-2.018-2.1H7.477V6ZM5.56 14c0-.501.388-.9.859-.9h2.876c.47 0 .86.399.86.9v4.5h10.172V14c0-.501.388-.9.859-.9h2.397c.029 0 .058.001.086.004.43.045.773.426.773.896v7.9H5.559V14Zm5.753 3.3v-1.7h7.855v1.7h-7.855Z"></path></svg>');
INSERT INTO amenity (amenity_id, amenity_code, amenity_name, is_active, display_order, amenity_icon) VALUES (42, '좌석_휠체어_이용가능', '좌석 휠체어 이용가능', 1, 0, '<svg xmlns="http://www.w3.org/2000/svg" viewBox="0 0 30 30" class="gZ_UY" aria-hidden="true"><path fill-rule="evenodd" d="M15.788 3.585c0 .702-.557 1.252-1.223 1.252-.665 0-1.222-.55-1.222-1.252 0-.701.557-1.251 1.222-1.251.666 0 1.223.55 1.223 1.251Zm1.324 0c0 1.428-1.14 2.586-2.547 2.586-1.406 0-2.546-1.158-2.546-2.586S13.159 1 14.564 1c1.407 0 2.547 1.157 2.547 2.585Zm3.364 17.208c0 3.796-3.056 6.873-6.826 6.873-3.77 0-6.826-3.077-6.826-6.873 0-2.79 1.651-5.192 4.023-6.27v3.233c0 .368.297.667.662.667a.665.665 0 0 0 .663-.667v-3.675a6.802 6.802 0 0 1 5.107.89v.005h.009a6.88 6.88 0 0 1 3.188 5.817ZM19.4 14.976a8.21 8.21 0 0 1 2.4 5.817c0 4.533-3.649 8.207-8.15 8.207S5.5 25.326 5.5 20.793a8.208 8.208 0 0 1 5.347-7.71v-2.59c0-2.068 1.665-3.745 3.719-3.745 2.053 0 3.718 1.677 3.718 3.745v3.15h2.592c1.334 0 2.469.982 2.669 2.31l.947 6.3a.663.663 0 1 1-1.31.2l-.947-6.3a1.378 1.378 0 0 0-1.36-1.177H19.4Zm-5.75-2.39a8.14 8.14 0 0 0-1.478.134v-2.227a2.402 2.402 0 0 1 2.394-2.411 2.402 2.402 0 0 1 2.394 2.41v2.799a8.074 8.074 0 0 0-3.31-.705Z"></path></svg>');
INSERT INTO amenity (amenity_id, amenity_code, amenity_name, is_active, display_order, amenity_icon) VALUES (43, '욕조', '욕조', 1, 0, '');
INSERT INTO amenity (amenity_id, amenity_code, amenity_name, is_active, display_order, amenity_icon) VALUES (44, '주차', '주차', 1, 0, '');
INSERT INTO amenity (amenity_id, amenity_code, amenity_name, is_active, display_order, amenity_icon) VALUES (45, '레스토랑', '레스토랑', 1, 0, '');
INSERT INTO amenity (amenity_id, amenity_code, amenity_name, is_active, display_order, amenity_icon) VALUES (46, '세탁_시설', '세탁 시설', 1, 0, '');
INSERT INTO amenity (amenity_id, amenity_code, amenity_name, is_active, display_order, amenity_icon) VALUES (47, '바/라운지', '바/라운지', 1, 0, '');
INSERT INTO amenity (amenity_id, amenity_code, amenity_name, is_active, display_order, amenity_icon) VALUES (48, '주방', '주방', 1, 0, '');
INSERT INTO amenity (amenity_id, amenity_code, amenity_name, is_active, display_order, amenity_icon) VALUES (49, '공항셔틀', '공항셔틀', 1, 0, '');
INSERT INTO amenity (amenity_id, amenity_code, amenity_name, is_active, display_order, amenity_icon) VALUES (50, '장애인_편의', '장애인 편의', 1, 0, '');
INSERT INTO amenity (amenity_id, amenity_code, amenity_name, is_active, display_order, amenity_icon) VALUES (51, '비즈니스', '비즈니스', 1, 0, '');
INSERT INTO amenity (amenity_id, amenity_code, amenity_name, is_active, display_order, amenity_icon) VALUES (52, '금연실', '금연실', 1, 0, '');
INSERT INTO amenity (amenity_id, amenity_code, amenity_name, is_active, display_order, amenity_icon) VALUES (53, '카라반', '카라반', 1, 0, '<svg xmlns="http://www.w3.org/2000/svg" viewBox="0 0 30 30" class="gZ_UY" aria-hidden="true"><path d="M27.3,22.1h-1.7v-0.4c0-0.4-0.3-0.6-0.7-0.6s-0.7,0.3-0.7,0.6v0.4h-1.6l2.7-4.5c0.3-0.6,0.4-1.3,0.2-1.9l-3-9.3 c-0.3-0.9-1.2-1.6-2.2-1.6H3.6c-1.3,0-2.3,1-2.3,2.3v14c0,1.3,1,2.3,2.3,2.3H4c0.3,1.7,1.7,2.9,3.5,2.9c1.7,0,3.2-1.3,3.5-2.9h0l0,0 h9.7c0.1,0,0.1,0,0.2,0h3.5v2.3c0,0.4,0.3,0.7,0.7,0.7s0.7-0.3,0.7-0.7v-2.3h1.7c0.4,0,0.7-0.3,0.7-0.7C28,22.4,27.7,22.1,27.3,22.1 z M20.4,6.1c0.4,0,0.8,0.3,1,0.7l1.9,5.9h-3.2l-2-6.6H20.4z M2.6,7.1c0-0.6,0.4-1,1-1h13.2l2.2,7.4c0.1,0.3,0.3,0.5,0.6,0.5h4.1 l0.6,1.7h-8.8v-5.2C15.5,9.7,14.8,9,14,9H9.4c-0.8,0-1.5,0.7-1.5,1.5v5.2H2.6V7.1z M14.2,17v0.1c0,0.1-0.1,0.2-0.2,0.2H9.4 c-0.1,0-0.2-0.1-0.2-0.2v-6.6c0-0.1,0.1-0.2,0.2-0.2H14c0.1,0,0.2,0.1,0.2,0.2v5.2h0L14.2,17L14.2,17z M7.5,25c-1.2,0-2.2-1-2.2-2.2 c0-1.2,1-2.2,2.2-2.2s2.2,1,2.2,2.2C9.7,24.1,8.7,25,7.5,25z M20.8,22.1h-9.8c-0.3-1.6-1.7-2.8-3.4-2.8c-1.7,0-3.1,1.2-3.4,2.8H3.6 c-0.6,0-1-0.4-1-1V17h5.3v0.1c0,0.8,0.7,1.5,1.5,1.5H14c0.8,0,1.5-0.7,1.5-1.5V17h8.8l-2.8,4.6C21.3,21.9,21,22,20.8,22.1z M11.3,14.7c0,0.4-0.3,0.6-0.6,0.6S10,15,10,14.7c0-0.4,0.3-0.7,0.7-0.7S11.3,14.3,11.3,14.7z"></path></svg>');
INSERT INTO amenity (amenity_id, amenity_code, amenity_name, is_active, display_order, amenity_icon) VALUES (54, '룸서비스', '룸서비스', 1, 0, '');
INSERT INTO amenity (amenity_id, amenity_code, amenity_name, is_active, display_order, amenity_icon) VALUES (55, '컨시어지', '컨시어지', 1, 0, '');
INSERT INTO amenity (amenity_id, amenity_code, amenity_name, is_active, display_order, amenity_icon) VALUES (56, '비건_메뉴', '비건 메뉴', 1, 0, '<svg xmlns="http://www.w3.org/2000/svg" viewBox="0 0 30 30" class="gZ_UY" aria-hidden="true"><path fill-rule="evenodd" d="M1.447 15.311C-.435 8.446 4.055 2.855 6.865 2.12c2.81-.736 9.558 1.912 11.44 8.777 1.882 6.866-2.42 13.143-5.23 13.88-2.809.735-9.746-2.599-11.628-9.465Zm1.332-.348c-.84-3.069-.259-5.84.843-7.929.553-1.048 1.229-1.908 1.9-2.534.687-.643 1.297-.974 1.7-1.08.402-.105 1.1-.116 2.024.104.901.215 1.926.63 2.941 1.267a10.984 10.984 0 0 1 4.786 6.454c.844 3.079.305 6.04-.775 8.324-.54 1.142-1.202 2.086-1.86 2.77-.43.447-.823.746-1.143.928l-.81-2.968 2.442-4.135a.512.512 0 0 0-.194-.708.537.537 0 0 0-.725.19l-1.91 3.235-.952-3.487 2.438-4.128a.512.512 0 0 0-.194-.709.537.537 0 0 0-.724.19l-1.907 3.229-1.4-5.126a.532.532 0 0 0-.649-.366.517.517 0 0 0-.375.635l1.386 5.062L6.4 12.362a.537.537 0 0 0-.725.19.512.512 0 0 0 .194.708l4.141 2.337.954 3.482-3.221-1.818a.537.537 0 0 0-.725.19.512.512 0 0 0 .194.708l4.14 2.336.83 3.033c-.368-.004-.853-.072-1.445-.246-.92-.27-1.976-.765-3.028-1.49-2.103-1.45-4.085-3.75-4.929-6.83Zm15.987 3.78c2.21-3.74 6.597-4.257 8.128-3.393 1.531.864 3.267 4.836 1.057 8.577-2.21 3.742-6.818 4.632-8.349 3.768-1.53-.864-3.046-5.21-.836-8.951Zm1.194.675a6.25 6.25 0 0 1 3.544-2.814 5.574 5.574 0 0 1 1.754-.267c.524.012.833.116.947.18.114.064.36.274.633.712.26.418.496.972.64 1.617a6.014 6.014 0 0 1-.72 4.408c-.918 1.553-2.342 2.527-3.712 3.02a6.133 6.133 0 0 1-1.847.376 3.618 3.618 0 0 1-.363-.006l1.47-2.49 2.773-.726a.517.517 0 0 0 .375-.634.532.532 0 0 0-.649-.367l-1.75.458 1.514-2.562a.512.512 0 0 0-.194-.708.537.537 0 0 0-.724.19l-1.496 2.532-.456-1.663a.532.532 0 0 0-.65-.366.517.517 0 0 0-.374.635l.73 2.663-1.488 2.52a3.45 3.45 0 0 1-.188-.305 5.786 5.786 0 0 1-.59-1.752c-.248-1.406-.096-3.098.82-4.651Z"></path></svg>');
INSERT INTO amenity (amenity_id, amenity_code, amenity_name, is_active, display_order, amenity_icon) VALUES (57, '포장', '포장', 1, 0, '<svg xmlns="http://www.w3.org/2000/svg" viewBox="0 0 30 30" class="gZ_UY" aria-hidden="true"><path fill-rule="evenodd" d="M15 3.35A4.65 4.65 0 0 0 10.35 8v.7H7A2.3 2.3 0 0 0 4.7 11v14A2.3 2.3 0 0 0 7 27.3h16a2.3 2.3 0 0 0 2.3-2.3V11A2.3 2.3 0 0 0 23 8.7h-3.35V8A4.65 4.65 0 0 0 15 3.35ZM18.35 10v2a.65.65 0 1 0 1.3 0v-2H23a1 1 0 0 1 1 1v14a1 1 0 0 1-1 1H7a1 1 0 0 1-1-1V11a1 1 0 0 1 1-1h3.35v2a.65.65 0 1 0 1.3 0v-2h6.7Zm0-1.3V8a3.35 3.35 0 1 0-6.7 0v.7h6.7Z"></path></svg>');
INSERT INTO amenity (amenity_id, amenity_code, amenity_name, is_active, display_order, amenity_icon) VALUES (58, '유아의자', '유아의자', 1, 0, '<svg xmlns="http://www.w3.org/2000/svg" viewBox="0 0 30 30" class="gZ_UY" aria-hidden="true"><path fill-rule="evenodd" d="M21.856 7.844v-4.54A2.302 2.302 0 0 0 19.556 1h-9.112c-1.27 0-2.3 1.031-2.3 2.304v4.54h-.931A2.215 2.215 0 0 0 5 10.06c0 1.224.99 2.217 2.213 2.217h.931v2.321c0 1.23.963 2.235 2.175 2.3L8.253 28.232a.651.651 0 1 0 1.279.234l1.014-5.563h8.908l1.014 5.563a.65.65 0 1 0 1.28-.234L19.68 16.898a2.302 2.302 0 0 0 2.174-2.3v-2.321h.932A2.215 2.215 0 0 0 25 10.06c0-1.224-.99-2.216-2.213-2.216h-.931ZM19.217 21.6l-.857-4.7h-1.504v.002h-3.712v-.001H11.64l-.857 4.7h8.434ZM14.445 15.6h1.11v-3.323h-1.11V15.6Zm5.11 0h-2.7v-3.323h3.7v2.321a1 1 0 0 1-1 1.002Zm-10.11-3.323h3.7V15.6h-2.7a1 1 0 0 1-1-1.002v-2.321Zm12.41-1.303h.932a.914.914 0 0 0 0-1.828H7.213a.914.914 0 0 0 0 1.828h.931v-.001h13.711v.001Zm-11.41-8.672a1 1 0 0 0-1 1.002v4.54h11.11v-4.54a1 1 0 0 0-1-1.002h-9.11Z"></path></svg>');
INSERT INTO amenity (amenity_id, amenity_code, amenity_name, is_active, display_order, amenity_icon) VALUES (59, '글램핑', '글램핑', 1, 0, '<svg xmlns="http://www.w3.org/2000/svg" viewBox="0 0 30 30" class="gZ_UY" aria-hidden="true"><path d="M28,26.1h-1.5L15.8,9.6l1.8-2.7c0.2-0.3,0.1-0.7-0.2-0.9c-0.3-0.2-0.7-0.1-0.9,0.2L15,8.4l-1.5-2.2 c-0.2-0.3-0.6-0.4-0.9-0.2c-0.3,0.2-0.4,0.6-0.2,0.9l1.8,2.7L3.5,26.1H2c-0.4,0-0.6,0.3-0.6,0.7s0.3,0.7,0.6,0.7h26 c0.4,0,0.6-0.3,0.6-0.7S28.4,26.1,28,26.1z M15,10.7l10,15.3h-6.8v-3.4c0-1.7-1.3-3-3-3s-3,1.3-3,3v3.4H5L15,10.7z M13.5,26v-3.3 c0-0.9,0.8-1.7,1.7-1.7s1.7,0.8,1.7,1.7V26H13.5z M6,9c1.7,0,3-1.3,3-3S7.7,3,6,3S3,4.3,3,6S4.3,9,6,9z M6,4.3 c0.9,0,1.7,0.8,1.7,1.7S6.9,7.7,6,7.7S4.3,6.9,4.3,6S5.1,4.3,6,4.3z"></path></svg>');
INSERT INTO amenity (amenity_id, amenity_code, amenity_name, is_active, display_order, amenity_icon) VALUES (60, '노천탕', '노천탕', 1, 0, '<svg xmlns="http://www.w3.org/2000/svg" viewBox="0 0 30 30" class="gZ_UY" aria-hidden="true"><path d="M26.5,18.4V6.5C26.5,4.6,25,3,23.1,3s-3.5,1.6-3.5,3.5V7h-16H2.3l0.1,1.3L3,12.7H2v5.6h1.6L4.4,25h14.7 c0.9,1.2,2.3,2,4,2c2.7,0,4.9-2.2,4.9-5C28,20.6,27.4,19.3,26.5,18.4z M17.7,8.3h1.9v4.4h-2.2L17.7,8.3z M16.5,8.3l-0.3,4.4h-5.2 l-0.3-4.4H16.5z M9.6,8.3l0.3,4.4H4.3L3.8,8.3H9.6z M5.5,23.7l-0.6-5.4h5.3l0.3,5.4H5.5z M15.6,23.7h-3.8l-0.3-5.4h4.5L15.6,23.7z M11.3,17h-1.2H4.8H3.4H3.3v-3h16.3v3h-2.4H16H11.3z M18.4,23.7h-1.6l0.3-5.4h2.5v0.1c-0.9,0.9-1.5,2.2-1.5,3.6 C18.1,22.6,18.2,23.2,18.4,23.7z M23.1,25.7c-2,0-3.7-1.7-3.7-3.7c0-1,0.4-2,1.1-2.6l0.4-0.4V6.5c0-1.2,1-2.2,2.2-2.2 c1.2,0,2.2,1,2.2,2.2V19l0.4,0.4c0.7,0.7,1.1,1.6,1.1,2.6C26.7,24,25.1,25.7,23.1,25.7z M25,22c0,1.1-0.9,2-2,2s-2-0.9-2-2 c0-0.9,0.6-1.6,1.4-1.9V6.5c0-0.3,0.3-0.6,0.6-0.6c0.3,0,0.6,0.3,0.6,0.6v13.6C24.5,20.4,25,21.1,25,22z"></path></svg>');
INSERT INTO amenity (amenity_id, amenity_code, amenity_name, is_active, display_order, amenity_icon) VALUES (61, '화장실_휠체어_이용가능', '화장실 휠체어 이용가능', 1, 0, '<svg xmlns="http://www.w3.org/2000/svg" viewBox="0 0 30 30" class="gZ_UY" aria-hidden="true"><path fill-rule="evenodd" d="M15.788 3.585c0 .702-.557 1.252-1.223 1.252-.665 0-1.222-.55-1.222-1.252 0-.701.557-1.251 1.222-1.251.666 0 1.223.55 1.223 1.251Zm1.324 0c0 1.428-1.14 2.586-2.547 2.586-1.406 0-2.546-1.158-2.546-2.586S13.159 1 14.564 1c1.407 0 2.547 1.157 2.547 2.585Zm3.364 17.208c0 3.796-3.056 6.873-6.826 6.873-3.77 0-6.826-3.077-6.826-6.873 0-2.79 1.651-5.192 4.023-6.27v3.233c0 .368.297.667.662.667a.665.665 0 0 0 .663-.667v-3.675a6.802 6.802 0 0 1 5.107.89v.005h.009a6.88 6.88 0 0 1 3.188 5.817ZM19.4 14.976a8.21 8.21 0 0 1 2.4 5.817c0 4.533-3.649 8.207-8.15 8.207S5.5 25.326 5.5 20.793a8.208 8.208 0 0 1 5.347-7.71v-2.59c0-2.068 1.665-3.745 3.719-3.745 2.053 0 3.718 1.677 3.718 3.745v3.15h2.592c1.334 0 2.469.982 2.669 2.31l.947 6.3a.663.663 0 1 1-1.31.2l-.947-6.3a1.378 1.378 0 0 0-1.36-1.177H19.4Zm-5.75-2.39a8.14 8.14 0 0 0-1.478.134v-2.227a2.402 2.402 0 0 1 2.394-2.411 2.402 2.402 0 0 1 2.394 2.41v2.799a8.074 8.074 0 0 0-3.31-.705Z"></path></svg>');
INSERT INTO amenity (amenity_id, amenity_code, amenity_name, is_active, display_order, amenity_icon) VALUES (62, '어린이_시설', '어린이 시설', 1, 0, '');
INSERT INTO amenity (amenity_id, amenity_code, amenity_name, is_active, display_order, amenity_icon) VALUES (63, '세탁_서비스', '세탁 서비스', 1, 0, '');
INSERT INTO amenity (amenity_id, amenity_code, amenity_name, is_active, display_order, amenity_icon) VALUES (64, '방문접수/출장', '방문접수/출장', 1, 0, '<svg xmlns="http://www.w3.org/2000/svg" viewBox="0 0 30 30" class="gZ_UY" aria-hidden="true"><path d="M9.506 6.5H3.153a.65.65 0 0 0-.653.648.65.65 0 0 0 .653.648h5.695l3.514 4.715h3.843a.35.35 0 0 1 .351.349v6.255a.35.35 0 0 1-.351.349h-3.8a3.31 3.31 0 0 0-3.228-2.546 3.31 3.31 0 0 0-3.228 2.546H3.153a.65.65 0 0 0-.653.648.65.65 0 0 0 .653.649H5.91A3.308 3.308 0 0 0 9.177 23.5a3.308 3.308 0 0 0 3.267-2.74h3.76c.916 0 1.657-.736 1.657-1.645V12.86c0-.91-.741-1.646-1.656-1.646H13.02L9.506 6.5Zm-.329 11.715c.844 0 1.566.517 1.863 1.249a1.978 1.978 0 0 1 .067 1.297 2.007 2.007 0 0 1-1.93 1.443 2.001 2.001 0 0 1-2.008-1.995c0-1.101.9-1.994 2.008-1.994Zm10.29-4.585a.5.5 0 0 1 .503-.498h4.016a.5.5 0 0 1 .502.498.5.5 0 0 1-.502.5H19.97a.5.5 0 0 1-.502-.5Zm0 3.99a.5.5 0 0 1 .503-.5h7.028a.5.5 0 0 1 .502.5.5.5 0 0 1-.502.498H19.97a.5.5 0 0 1-.502-.499Zm0 3.988a.5.5 0 0 1 .503-.499h2.821a.5.5 0 0 1 .502.499.5.5 0 0 1-.502.499H19.97a.5.5 0 0 1-.502-.499Z"></path></svg>');
INSERT INTO amenity (amenity_id, amenity_code, amenity_name, is_active, display_order, amenity_icon) VALUES (65, '개별화장실', '개별화장실', 1, 0, '<svg xmlns="http://www.w3.org/2000/svg" viewBox="0 0 30 30" class="gZ_UY" aria-hidden="true"><path fill-rule="evenodd" d="M9 7.7c.653 0 1.2-.536 1.2-1.22A1.21 1.21 0 0 0 9 5.26c-.653 0-1.2.537-1.2 1.22 0 .684.547 1.22 1.2 1.22ZM9 9a2.51 2.51 0 0 0 2.5-2.52A2.51 2.51 0 0 0 9 3.96a2.51 2.51 0 0 0-2.5 2.52A2.51 2.51 0 0 0 9 9Zm-4.65 5.213a4.65 4.65 0 1 1 9.3 0v5a.65.65 0 0 1-1.3 0v-5a3.35 3.35 0 1 0-6.7 0v5a.65.65 0 0 1-1.3 0v-5Zm3.338 5.827a.65.65 0 0 0-.65.65v4.7a.65.65 0 1 0 1.3 0v-4.7a.65.65 0 0 0-.65-.65Zm1.975.65a.65.65 0 1 1 1.3 0v4.7a.65.65 0 1 1-1.3 0v-4.7ZM21 7.7c.653 0 1.2-.536 1.2-1.22A1.21 1.21 0 0 0 21 5.26c-.653 0-1.2.537-1.2 1.22 0 .684.547 1.22 1.2 1.22ZM21 9a2.51 2.51 0 0 0 2.5-2.52A2.51 2.51 0 0 0 21 3.96a2.51 2.51 0 0 0-2.5 2.52A2.51 2.51 0 0 0 21 9Zm-3.068 3.025a3.143 3.143 0 0 1 6.137 0l1.566 7.047a.65.65 0 0 1-1.27.282L22.8 12.307a1.843 1.843 0 0 0-3.6 0l-1.565 7.047a.65.65 0 0 1-1.27-.282l1.567-7.047Zm1.756 8.015a.65.65 0 0 0-.65.65v4.7a.65.65 0 1 0 1.3 0v-4.7a.65.65 0 0 0-.65-.65Zm1.975.65a.65.65 0 1 1 1.3 0v4.7a.65.65 0 1 1-1.3 0v-4.7Z"></path></svg>');
INSERT INTO amenity (amenity_id, amenity_code, amenity_name, is_active, display_order, amenity_icon) VALUES (66, '개별샤워실', '개별샤워실', 1, 0, '<svg xmlns="http://www.w3.org/2000/svg" viewBox="0 0 30 30" class="gZ_UY" aria-hidden="true"><path d="M23.7 7.3V28c0 .4-.3.6-.7.6s-.7-.3-.7-.6V18h-1.4v1.3c0 .4-.3.7-.7.7-.4 0-.7-.3-.7-.7v-4c0-.4.3-.6.7-.6.4 0 .7.3.7.6v1.3h1.4V7.3c0-2-1.6-3.7-3.7-3.7h-6.5c-1.1 0-2 .7-2.3 1.7H12c.4 0 .6.3.6.7 0 .4-.3.6-.6.6H6.2c-.3.1-.6-.2-.6-.6 0-.4.3-.7.7-.7h2.4c.3-1.7 1.8-3 3.6-3h6.5c2.6 0 4.9 2.3 4.9 5zm-17 .1c-.4 0-.7.3-.7.7s.3.7.7.7.7-.3.7-.7-.3-.7-.7-.7zm2.5 0c-.4 0-.7.3-.7.7s.3.7.7.7.7-.3.7-.7-.3-.7-.7-.7zm2.5 0c-.4 0-.7.3-.7.7s.3.7.7.7.7-.3.7-.7-.3-.7-.7-.7zm-5 2.5c-.4 0-.7.3-.7.7 0 .4.3.7.7.7s.7-.3.7-.7c.1-.4-.3-.7-.7-.7zm2.5 0c-.4 0-.7.3-.7.7 0 .4.3.7.7.7s.7-.3.7-.7c0-.4-.3-.7-.7-.7zm2.5 0c-.4 0-.7.3-.7.7 0 .4.3.7.7.7s.7-.3.7-.7c0-.4-.3-.7-.7-.7zm-5 2.4c-.4 0-.7.3-.7.7 0 .4.3.7.7.7s.7-.3.7-.7c.1-.3-.3-.7-.7-.7zm2.5 0c-.4 0-.7.3-.7.7 0 .4.3.7.7.7s.7-.3.7-.7c0-.3-.3-.7-.7-.7zm2.5 0c-.4 0-.7.3-.7.7 0 .4.3.7.7.7s.7-.3.7-.7c0-.3-.3-.7-.7-.7zm-5 2.5c-.4 0-.7.3-.7.7 0 .4.3.7.7.7s.7-.3.7-.7c.1-.3-.3-.7-.7-.7zm2.5 0c-.4 0-.7.3-.7.7 0 .4.3.7.7.7s.7-.3.7-.7c0-.3-.3-.7-.7-.7zm2.5 0c-.4 0-.7.3-.7.7 0 .4.3.7.7.7s.7-.3.7-.7c0-.3-.3-.7-.7-.7zm-5 2.5c-.4 0-.7.3-.7.7 0 .4.3.7.7.7s.7-.3.7-.7c.1-.3-.3-.7-.7-.7zm2.5 0c-.4 0-.7.3-.7.7 0 .4.3.7.7.7s.7-.3.7-.7c0-.3-.3-.7-.7-.7zm2.5 0c-.4 0-.7.3-.7.7 0 .4.3.7.7.7s.7-.3.7-.7c0-.3-.3-.7-.7-.7z"></path></svg>');
INSERT INTO amenity (amenity_id, amenity_code, amenity_name, is_active, display_order, amenity_icon) VALUES (67, '원어민강사', '원어민강사', 1, 0, '<svg viewBox="0 0 30 30" xmlns="http://www.w3.org/2000/svg" class="gZ_UY" aria-hidden="true"><path fill-rule="evenodd" d="M28 15c0 7.18-5.82 13-13 13S2 22.18 2 15 7.82 2 15 2s13 5.82 13 13zm-1.3 0c0 6.462-5.238 11.7-11.7 11.7-6.462 0-11.7-5.238-11.7-11.7C3.3 8.538 8.538 3.3 15 3.3c6.462 0 11.7 5.238 11.7 11.7zM16 9.75a1 1 0 11-2 0 1 1 0 012 0zm-1.65 3.15a.65.65 0 111.3 0v7.7a.65.65 0 11-1.3 0v-7.7z"></path></svg>');
INSERT INTO amenity (amenity_id, amenity_code, amenity_name, is_active, display_order, amenity_icon) VALUES (68, '스파_및_웰니스_센터', '스파 및 웰니스 센터', 1, 0, '');
INSERT INTO amenity (amenity_id, amenity_code, amenity_name, is_active, display_order, amenity_icon) VALUES (69, '자연학습', '자연학습', 1, 0, '<svg xmlns="http://www.w3.org/2000/svg" viewBox="0 0 30 30" class="gZ_UY" aria-hidden="true"><path fill-rule="evenodd" d="M17.958 13.26a8.314 8.314 0 0 0-2.938-4.245 5.3 5.3 0 1 0-10.04 0A8.3 8.3 0 0 0 9.35 23.9v3.6a.65.65 0 1 0 1.3 0v-3.6a8.28 8.28 0 0 0 5.573-2.782 5.813 5.813 0 0 0 4.315 2.752v3.63a.65.65 0 1 0 1.3 0v-3.63a5.813 5.813 0 1 0-3.88-10.61Zm-3.742-3.223a7.01 7.01 0 0 0-.855-.554 3.983 3.983 0 0 0 .64-2.17 4 4 0 1 0-7.361 2.17A6.99 6.99 0 0 0 3 15.625a7 7 0 0 0 12.627 4.165 6.956 6.956 0 0 0 1.31-3.212h-.001a7.049 7.049 0 0 0-.078-2.363 7.001 7.001 0 0 0-2.642-4.178Zm4.03 4.635c.036.312.054.63.054.953 0 1.59-.447 3.075-1.222 4.337a4.513 4.513 0 1 0 1.168-5.29Z"></path></svg>');
INSERT INTO amenity (amenity_id, amenity_code, amenity_name, is_active, display_order, amenity_icon) VALUES (70, '파쇄석', '파쇄석', 1, 0, '<svg xmlns="http://www.w3.org/2000/svg" viewBox="0 0 30 30" class="gZ_UY" aria-hidden="true"><path d="m29.1 16.6-.6-4.7c0-.1 0-.2-.1-.2l-3-5.2-.3-.3-6-3.1c-.3-.1-.6-.1-.8.1l-6.1 6.1c-.1.1-.2.3-.2.4l-.2 5.2-3.7-.9h-.2l-4.1.6c-.2 0-.4.2-.5.4l-2 4.3c0 .1-.1.1-.1.2L1 22.9c0 .2 0 .4.2.5.1.1.3.2.5.2h24.7c.2 0 .3-.1.4-.2l2.1-1.8c.1-.1.2-.3.2-.5v-4.5zM2.5 19.7l1.8-3.9 3.7-.5 2.7.6-2 1.7c-.1.1-.2.3-.2.4L8 22v.3H2.3l.2-2.6zm25.3 1.2-1.7 1.4H9.3V22l.3-3.6 3.3-2.7c.1-.1.2-.3.2-.5l.2-5.2 5.6-5.6 5.4 2.8 2.9 4.9.6 4.5v4.3zm-1.5-4.5c0 .4-.3.6-.6.6-.4 0-.7-.3-.7-.6 0-.4.3-.7.7-.7.3.1.6.4.6.7zm-1.3 3c0 .4-.3.7-.6.7-.4 0-.7-.3-.7-.7 0-.4.3-.6.7-.6.3 0 .6.3.6.6zm-4.2 1.3c0 .4-.3.6-.6.6-.4 0-.7-.3-.7-.6 0-.4.3-.7.7-.7.3.1.6.4.6.7zm1.8-2.6c0 .4-.3.6-.6.6-.4 0-.7-.3-.7-.6 0-.4.3-.7.7-.7.3.1.6.4.6.7zm.7-9.1c0 .4-.3.6-.6.6-.4.1-.7-.2-.7-.6 0-.4.3-.7.7-.7.4.1.6.3.6.7zM21 7.7c0 .4-.3.6-.6.6-.4 0-.7-.3-.7-.6 0-.4.3-.7.7-.7.3.1.6.3.6.7z"></path></svg>');
INSERT INTO amenity (amenity_id, amenity_code, amenity_name, is_active, display_order, amenity_icon) VALUES (71, '족구장', '족구장', 1, 0, '<svg xmlns="http://www.w3.org/2000/svg" viewBox="0 0 30 30" class="gZ_UY" aria-hidden="true"><path d="M29,21.1V6H1v15.1V22V24c0,0.4,0.3,0.7,0.6,0.7s0.6-0.3,0.6-0.7V22h25.4V24c0,0.4,0.3,0.7,0.7,0.7 S29,24.3,29,24L29,21.1C29,21.2,29,21.1,29,21.1z M27.7,13.5h-2.2v-3h2.2V13.5z M24.5,13.5h-3v-3h3V13.5z M12.5,13.5h-3v-3h3V13.5z M13.5,10.5h3v3h-3V10.5z M12.5,14.5v3h-3v-3H12.5z M13.5,14.5h3v3h-3V14.5z M17.5,14.5h3v3h-3V14.5z M17.5,13.5v-3h3v3H17.5z M21.5,9.5V7.3h3v2.2H21.5z M20.5,9.5h-3V7.3h3V9.5z M16.5,9.5h-3V7.3h3V9.5z M12.5,9.5h-3V7.3h3V9.5z M8.5,9.5h-3V7.3h3V9.5z M8.5,10.5v3h-3v-3H8.5z M4.5,13.5H2.3v-3h2.2V13.5z M2.3,14.5h2.2v3H2.3V14.5z M5.5,14.5h3v3h-3V14.5z M8.5,18.5v2.2h-3v-2.2H8.5z M9.5,18.5h3v2.2h-3V18.5z M13.5,18.5h3v2.2h-3V18.5z M17.5,18.5h3v2.2h-3V18.5z M21.5,18.5h3v2.2h-3V18.5z M21.5,17.5v-3h3v3H21.5z M25.5,14.5h2.2v3h-2.2V14.5z M27.7,9.5h-2.2V7.3h2.2V9.5z M4.5,7.3v2.2H2.3V7.3H4.5z M2.3,18.5h2.2v2.2H2.3V18.5z M25.5,20.7v-2.2 h2.2v2.2H25.5z"></path></svg>');

-- Accommodations
INSERT INTO accommodation (accommodations_id, accommodations_name, accommodations_category, accommodations_description, city, district, address_detail, latitude, longitude, transport_info, parking_info, phone, rating, review_count, source_url, source_platform, sns, check_in_time, check_out_time, short_description) VALUES (1, '제주 비지터 게스트하우스', 'GUESTHOUSE', '기존의 게스트하우스는 잊어주세요. 새로운 숙박 문화를 만들어가는 깔끔하고 건전한 게스트하우스입니다.\n비지터는 <여행자들의 놀이터>라는 뜻입니다.\n여행자라면 남녀노소 누구나 환영합니다.\n특히, 뚜벅이가 쉼과 여유를 즐길 수 있는 베이스캠프가 되겠습니다.\n53년의 숙박 역사와 트렌드, 여행자 니즈를 반영한 제주 최고의 숙소입니다.\n\nㅁ 위치깡패 ㅁ\n\n - 제주 문화 중심지, 동문시장 단 3초 거리\n - 제주공항, 터미널, 항만까지 차량 10분\n - 도보 10분 이내 다양한 명소\n (탑동 바다, 칠성통, 산지천, 관덕정 등)\n - 맛집, 카페, 베이커리, 혼술바, 야시장 등\n - 올레길 17, 18코스의 중간 지점\n - 1시간 산책 코스\n (용연다리, 용두암, 신산공원, 산지천 등)\n\nㅁ 비지터 숙박 문화 ㅁ\n\n(1) 남녀노소 이용가능\n\n - 1인 전용, 2인 전용, 4인/6인 도미토리\n - 패밀리룸 & 4인 전용 프렌즈룸\n - 혼자, 연인, 가족, 남매, 친구 누구든 환영\n - 최대 40인 단체 예약 가능\n - 40세 이상 도미토리 불가 (전용객실만)\n\n(2) 필요한 건 다 드림\n\n - 무료 아침 조식 제공\n - 어메니티 풀세트\n (드라이어, 고데기, 빗, 수건, 샤워용품 등)\n - 편안한 사적 공간\n (개별 락커, 커튼, 조명, 콘센트)\n - 객실별 무료 와이파이 & 전용 화장실\n (작인1인실 제외)\n - 체크인~체크아웃 당일 짐 보관 가능\n (대형 캐리어 OK)\n - 자전거 보관 / 세탁(유료) / 매점(주류x)\n\n(3) 쾌적한 공간\n\n - 매일 새롭게 교체하는 호텔식 침구\n - 고급 어메니티 제공\n - 전문가가 추천한 고급 향수\n - 제주시가 인증한 The Best 숙박업소\n\n(4) 안전하고 편안한 공간\n\n - 매일 저녁 8시, 편안한 여행자 모임 진행\n - 카드키 없이는 출입 불가능한 2중 보안\n - 사각지대 없는 24시 CCTV 운영\n - 무인 키오스크로 불필요한 접촉 최소화\n\n(5) 여유롭고 넓은 다이닝룸\n\n - 무료 조식 & 포틀럭 파티 진행 (일부)\n - 보드게임, 여행 도서 완비\n - 취사 / 배달 / 포장 / 야식 가능\n - 혼술, 합석, 동행까지 어울릴 수 있는 공간\n\n(6) 연박으로 더 많은걸 가져가세요!\n\n - 일주일 이상 할인. 전화 문의 필수\n - 다이닝룸 항시 이용가능(10~11시 청소)\n - 집이되고 저희와 가족이 됨\n - 워케이션 최적의 장소\n\nㅁ 당부말씀 ㅁ\n\n - 불타는 밤을 보내는 곳이 아닙니다.\n - 밤 11시 이후 숙면 분위기를 조성합니다.\n - 새벽에 조용히 들어와 주세요.\n - 고성방가, 과한 음주는 금지합니다.\n - 불편한 점은 밤 11시전 말씀주세요.\n (어떻게든 조치해드리겠습니다!)\n - 카드키없이 입장불가, 자정이후 전화X\n (새벽에 못들어오셔도 책임지지 않아요)', '제주', '제주시', '85 2층 비지터 게스트하우스', 33.5124068, 126.5251680, '<공항에서 대중교통으로 오시는 방법>\n제주국제공항3(용담, 시청) 정거장에서\n-365, 370, 302 (중앙로/구 국민은행[서] 하차)\n-325, 316, 43-2 (동문로터리, 동문시장[남] 하차)\n-465 (관동정[남] 하차)\n-332, 315 (중앙로/동문시장 [동] 하차)\n\n<도보 안내>\n글라스스토리를 찾으시면 골목 안으로 20m만 들어오세요!\n오른쪽에서 비지터 게스트하우스를 찾으실 수 있습니다.', '주차가능\n무료\n① 동문수산시장주차장 (오현길 83) - 18:00 - 09:00 무 료 (그외 공영요금) (18시 이전에 오시면 혼잡할 수 있 어요) - [럭키분식]을 네비게이션에 검색 - 럭키분식 지나 서 바로 왼쪽편에 노상주차장 진입 - 입구에서 5칸...', '0507-1314-4417', null, 395, 'https://map.naver.com/p/search/%EC%A0%9C%EC%A3%BC+%EB%B9%84%EC%A7%80%ED%84%B0+%EA%B2%8C%EC%8A%A4%ED%8A%B8%ED%95%98%EC%9A%B0%EC%8A%A4/place/1017382020?isCorrectAnswer=true&c=15.00,0,0,0,dh&placePath=/room?fromPanelNum=1&additionalHeight=76&timestamp=202512181203&locale=ko&svcName=map_pcv5&searchText=%EC%A0%9C%EC%A3%BC%2B%EB%B9%84%EC%A7%80%ED%84%B0%2B%EA%B2%8C%EC%8A%A4%ED%8A%B8%ED%95%98%EC%9A%B0%EC%8A%A4&businessCategory=guesthouse&additionalHeight=76&timestamp=202512181203&locale=ko&svcName=map_pcv5&searchText=%EC%A0%9C%EC%A3%BC%2B%EB%B9%84%EC%A7%80%ED%84%B0%2B%EA%B2%8C%EC%8A%A4%ED%8A%B8%ED%95%98%EC%9A%B0%EC%8A%A4&businessCategory=guesthouse&fromPanelNum=1', 'NAVER', 'Blog: https://blog.naver.com/jejudovisitor\nInstagram: https://www.instagram.com/visitor_jeju', '16:00', '11:00', '좋은 시설과 깨끗한 방에서의 편안한 휴식');
INSERT INTO accommodation_theme (theme_id, accommodations_id) VALUES (1, 1);
INSERT INTO accommodation_amenity (amenity_id, accommodations_id) VALUES (1, 1);
INSERT INTO accommodation_amenity (amenity_id, accommodations_id) VALUES (2, 1);
INSERT INTO accommodation_amenity (amenity_id, accommodations_id) VALUES (3, 1);
INSERT INTO accommodation_image (accommodations_id, image_url, image_type, sort_order) VALUES (1, 'https://search.pstatic.net/common/?autoRotate=true&type=w560_sharpen&src=https%3A%2F%2Fldb-phinf.pstatic.net%2F20250104_293%2F1735956888221SNTsH_JPEG%2F2_%25B7%25CE%25B0%25ED2.jpg', 'banner', 0);
INSERT INTO accommodation_image (accommodations_id, image_url, image_type, sort_order) VALUES (1, 'https://search.pstatic.net/common/?autoRotate=true&type=w278_sharpen&src=https%3A%2F%2Fldb-phinf.pstatic.net%2F20250104_130%2F1735958052166nsw5w_JPEG%2FKakaoTalk_20241202_220659573_05.jpg', 'detail', 1);
INSERT INTO accommodation_image (accommodations_id, image_url, image_type, sort_order) VALUES (1, 'https://search.pstatic.net/common/?autoRotate=true&type=w278_sharpen&src=https%3A%2F%2Fldb-phinf.pstatic.net%2F20240810_17%2F17232974975561DLmG_JPEG%2F1.jpg', 'detail', 2);
INSERT INTO accommodation_image (accommodations_id, image_url, image_type, sort_order) VALUES (1, 'https://search.pstatic.net/common/?autoRotate=true&type=w278_sharpen&src=https%3A%2F%2Fldb-phinf.pstatic.net%2F20250116_67%2F1737031534152zpqvp_JPEG%2F%25C6%25F7%25C6%25AE%25B7%25B0.jpg', 'detail', 3);
INSERT INTO accommodation_image (accommodations_id, image_url, image_type, sort_order) VALUES (1, 'https://search.pstatic.net/common/?autoRotate=true&type=w278_sharpen&src=https%3A%2F%2Fldb-phinf.pstatic.net%2F20250116_14%2F1737029853480onsEo_PNG%2F%25BF%25EC%25BC%25F6%25BC%25B1%25C1%25A4%25B4%25EB%25C7%25A5.png', 'detail', 4);
INSERT INTO room (accommodations_id, room_name, price, min_guests, max_guests, room_description, main_image_url, bathroom_count, room_type, bed_count) VALUES (1, '여/6인/도미토리 (조식포함, 전용화장실)', 25000, 2, 6, '공용객실, 기준 1인 (최대 6인) | 침실 1, 침대 6, 욕실 1, 최소 1박', 'https://search.pstatic.net/common/?autoRotate=true&quality=95&type=w750&src=https%3A%2F%2Fnaverbooking-phinf.pstatic.net%2F20240624_236%2F1719159959941LYIMi_JPEG%2FDSC00624-HDR.jpg', 1, 'STANDARD', 6);
INSERT INTO room (accommodations_id, room_name, price, min_guests, max_guests, room_description, main_image_url, bathroom_count, room_type, bed_count) VALUES (1, '여/4인/도미토리 (조식포함, 전용화장실)', 28000, 2, 4, '공용객실, 기준 1인 (최대 4인) | 침실 1, 침대 4, 최소 1박', 'https://search.pstatic.net/common/?autoRotate=true&quality=95&type=w750&src=https%3A%2F%2Fnaverbooking-phinf.pstatic.net%2F20240624_135%2F1719159623372pWLcL_JPEG%2FDSC00614-HDR.jpg', 0, 'STANDARD', 4);
INSERT INTO room (accommodations_id, room_name, price, min_guests, max_guests, room_description, main_image_url, bathroom_count, room_type, bed_count) VALUES (1, '남/4인/도미토리 (조식포함, 전용화장실)', 28000, 2, 4, '공용객실, 기준 1인 (최대 4인) | 침실 1, 침대 4, 욕실 1, 최소 1박', 'https://search.pstatic.net/common/?autoRotate=true&quality=95&type=w750&src=https%3A%2F%2Fnaverbooking-phinf.pstatic.net%2F20240624_102%2F1719160364816tX1nx_JPEG%2F1.jpg', 1, 'STANDARD', 4);
INSERT INTO room (accommodations_id, room_name, price, min_guests, max_guests, room_description, main_image_url, bathroom_count, room_type, bed_count) VALUES (1, '아늑한 1인실 (조식포함)', 35000, 2, 1, '일반객실, 기준 1인 (최대 1인) | 침실 1, 침대 1, 최소 1박', 'https://search.pstatic.net/common/?autoRotate=true&quality=95&type=w750&src=https%3A%2F%2Fnaverbooking-phinf.pstatic.net%2F20250602_204%2F1748871609345hVOL5_JPEG%2FKakaoTalk_20250601_173050843.jpg', 0, 'STANDARD', 1);
INSERT INTO room (accommodations_id, room_name, price, min_guests, max_guests, room_description, main_image_url, bathroom_count, room_type, bed_count) VALUES (1, '더블형 1인실 (조식포함, 전용화장실)', 55000, 2, 2, '일반객실, 기준 1인 (최대 2인) | 침실 1, 침대 1, 욕실 1, 최소 1박', 'https://search.pstatic.net/common/?autoRotate=true&quality=95&type=w750&src=https%3A%2F%2Fnaverbooking-phinf.pstatic.net%2F20240618_205%2F1718718794169XRPbj_JPEG%2FDSC00608-HDR-%25C6%25ED%25C1%25FD.jpg', 1, 'STANDARD', 1);
INSERT INTO room (accommodations_id, room_name, price, min_guests, max_guests, room_description, main_image_url, bathroom_count, room_type, bed_count) VALUES (1, '친구끼리 트윈룸 (조식포함, 전용화장실)', 64000, 2, 3, '일반객실, 기준 2인 (최대 3인) | 침실 1, 침대 1, 욕실 1, 최소 1박', 'https://search.pstatic.net/common/?autoRotate=true&quality=95&type=w750&src=https%3A%2F%2Fnaverbooking-phinf.pstatic.net%2F20240618_164%2F1718718470458B5FXK_JPEG%2F1.0.jpg', 1, 'STANDARD', 1);
INSERT INTO room (accommodations_id, room_name, price, min_guests, max_guests, room_description, main_image_url, bathroom_count, room_type, bed_count) VALUES (1, '프렌즈룸 (조식포함, 전용화장실)', 120000, 2, 5, '일반객실, 기준 4인 (최대 5인) | 침실 1, 침대 2, 욕실 1, 최소 1박', 'https://search.pstatic.net/common/?autoRotate=true&quality=95&type=w750&src=https%3A%2F%2Fnaverbooking-phinf.pstatic.net%2F20240618_170%2F17187158135180eBGJ_JPEG%2F2.jpg', 1, 'STANDARD', 2);
INSERT INTO room (accommodations_id, room_name, price, min_guests, max_guests, room_description, main_image_url, bathroom_count, room_type, bed_count) VALUES (1, '패밀리룸 (조식포함, 전용화장실)', 120000, 2, 5, '일반객실, 기준 4인 (최대 5인) | 침실 1, 침대 1, 욕실 1, 최소 1박', 'https://search.pstatic.net/common/?autoRotate=true&quality=95&type=w750&src=https%3A%2F%2Fnaverbooking-phinf.pstatic.net%2F20240618_180%2F1718714159199mCFpg_JPEG%2FKakaoTalk_20240510_091345056_01.jpg', 1, 'STANDARD', 1);

INSERT INTO accommodation (accommodations_id, accommodations_name, accommodations_category, accommodations_description, city, district, address_detail, latitude, longitude, transport_info, parking_info, phone, rating, review_count, source_url, source_platform, sns, check_in_time, check_out_time, short_description) VALUES (2, '제주도 여행자게스트하우스', 'GUESTHOUSE', '제주 여행자들이 함께하는 공간. 제주공항에서 아주 가깝고 탑동광장, 칠성로, 동문시장, 이마트, 제주목관아, 관덕정, 용두암, 용연계곡, 우진해장국, 제주시새우리, 미친부엌, 유메, 바라나시책골목, 타인의취향, 자유의지 등이 근처에 위치함.', '제주', '제주시', '21 여행자게스트하우스', 33.5147371, 126.5203925, '제주시새우리 맞은편 파란기둥, 흰벽면, 노란색 문', '주차가능', '0507-1332-6957', null, 105, 'https://map.naver.com/p/search/%EC%A0%9C%EC%A3%BC%EB%8F%84+%EC%97%AC%ED%96%89%EC%9E%90%EA%B2%8C%EC%8A%A4%ED%8A%B8%ED%95%98%EC%9A%B0%EC%8A%A4/place/1132945735?c=15.00,0,0,0,dh&placePath=/room?entry=bmp&fromPanelNum=2&timestamp=202512181203&locale=ko&svcName=map_pcv5&searchText=%EC%A0%9C%EC%A3%BC%EB%8F%84%2B%EC%97%AC%ED%96%89%EC%9E%90%EA%B2%8C%EC%8A%A4%ED%8A%B8%ED%95%98%EC%9A%B0%EC%8A%A4&businessCategory=guesthouse&fromPanelNum=2&timestamp=202512181203&locale=ko&svcName=map_pcv5&searchText=%EC%A0%9C%EC%A3%BC%EB%8F%84%2B%EC%97%AC%ED%96%89%EC%9E%90%EA%B2%8C%EC%8A%A4%ED%8A%B8%ED%95%98%EC%9A%B0%EC%8A%A4&businessCategory=guesthouse&from=map', 'NAVER', 'Blog: https://m.blog.naver.com/alswnd2001\nBlog: https://blog.naver.com/travelerjeju\nInstagram: https://www.instagram.com/jeju_traveler_guesthouse', '16:00', '11:00', '편리한 위치와 친절한 서비스의 만남');
INSERT INTO accommodation_theme (theme_id, accommodations_id) VALUES (1, 2);
INSERT INTO accommodation_theme (theme_id, accommodations_id) VALUES (2, 2);
INSERT INTO accommodation_theme (theme_id, accommodations_id) VALUES (3, 2);
INSERT INTO accommodation_amenity (amenity_id, accommodations_id) VALUES (4, 2);
INSERT INTO accommodation_amenity (amenity_id, accommodations_id) VALUES (5, 2);
INSERT INTO accommodation_amenity (amenity_id, accommodations_id) VALUES (6, 2);
INSERT INTO accommodation_amenity (amenity_id, accommodations_id) VALUES (1, 2);
INSERT INTO accommodation_amenity (amenity_id, accommodations_id) VALUES (7, 2);
INSERT INTO accommodation_image (accommodations_id, image_url, image_type, sort_order) VALUES (2, 'https://search.pstatic.net/common/?autoRotate=true&type=w560_sharpen&src=https%3A%2F%2Fldb-phinf.pstatic.net%2F20230623_19%2F1687450214491MdlyW_JPEG%2F20230623_000837.jpg', 'banner', 0);
INSERT INTO accommodation_image (accommodations_id, image_url, image_type, sort_order) VALUES (2, 'https://search.pstatic.net/common/?autoRotate=true&type=w278_sharpen&src=https%3A%2F%2Fldb-phinf.pstatic.net%2F20230623_147%2F1687450214621Y5OX9_JPEG%2F20230623_000127.jpg', 'detail', 1);
INSERT INTO accommodation_image (accommodations_id, image_url, image_type, sort_order) VALUES (2, 'https://search.pstatic.net/common/?autoRotate=true&type=w278_sharpen&src=https%3A%2F%2Fldb-phinf.pstatic.net%2F20230623_5%2F1687450214969yjerT_JPEG%2F20230623_002118.jpg', 'detail', 2);
INSERT INTO accommodation_image (accommodations_id, image_url, image_type, sort_order) VALUES (2, 'https://search.pstatic.net/common/?autoRotate=true&type=w278_sharpen&src=https%3A%2F%2Fnaverbooking-phinf.pstatic.net%2F20230623_58%2F1687452725830UMRW6_JPEG%2Fimage.jpg', 'detail', 3);
INSERT INTO accommodation_image (accommodations_id, image_url, image_type, sort_order) VALUES (2, 'https://search.pstatic.net/common/?autoRotate=true&type=w278_sharpen&src=https%3A%2F%2Fldb-phinf.pstatic.net%2F20230623_40%2F1687450214806EEM2Q_JPEG%2F20230622_235806.jpg', 'detail', 4);
INSERT INTO room (accommodations_id, room_name, price, min_guests, max_guests, room_description, main_image_url, bathroom_count, room_type, bed_count) VALUES (2, '1인실싱글룸(개별욕실)', 34000, 2, 1, '일반객실, 기준 1인 (최대 1인) | 침실 1, 침대 1, 욕실 1, 최소 1박', 'https://search.pstatic.net/common/?autoRotate=true&quality=95&type=w750&src=https%3A%2F%2Fnaverbooking-phinf.pstatic.net%2F20230623_1%2F1687489886272J4F8W_JPEG%2F20230623_001504.jpg', 1, 'STANDARD', 1);
INSERT INTO room (accommodations_id, room_name, price, min_guests, max_guests, room_description, main_image_url, bathroom_count, room_type, bed_count) VALUES (2, '2인실트윈룸(개별욕실)', 46000, 2, 2, '일반객실, 기준 2인 (최대 2인) | 침실 1, 침대 2, 욕실 1, 최소 1박', 'https://search.pstatic.net/common/?autoRotate=true&quality=95&type=w750&src=https%3A%2F%2Fnaverbooking-phinf.pstatic.net%2F20230623_151%2F1687490980190b1oTb_JPEG%2F20230623_000119.jpg', 1, 'STANDARD', 2);
INSERT INTO room (accommodations_id, room_name, price, min_guests, max_guests, room_description, main_image_url, bathroom_count, room_type, bed_count) VALUES (2, '3인실트리플룸(개별욕실)', 69000, 2, 3, '일반객실, 기준 3인 (최대 3인) | 침실 1, 침대 3, 욕실 1, 최소 1박', 'https://search.pstatic.net/common/?autoRotate=true&quality=95&type=w750&src=https%3A%2F%2Fnaverbooking-phinf.pstatic.net%2F20230730_20%2F1690721436701wCnHA_JPEG%2F20230623_000834.jpg', 1, 'STANDARD', 3);

INSERT INTO accommodation (accommodations_id, accommodations_name, accommodations_category, accommodations_description, city, district, address_detail, latitude, longitude, transport_info, parking_info, phone, rating, review_count, source_url, source_platform, sns, check_in_time, check_out_time, short_description) VALUES (3, '제주 공감 게스트하우스', 'GUESTHOUSE', '2.무료야생돌고래 투어(날씨 또는 게하일정에 따라 변경 될 수\n 있습니다)\n3.가파도17% 마라도10%여객선 할인(운진항 출발),(공감게스\n 트하우스에서 차량10분이내거리)\n4.야외셀프바베큐 진행 (숯불,식기,기본적 세팅가능)\n5.친절한 사장님과 함께하는 체험다이빙 (운진항포인트,동일리\n 포인트)\n6.뚜벅이 여행자를 위한 무료 픽업 서비스(서귀포시 대정읍 모\n 슬포 읍내, 미리연락후 가능)\n7.와이파이 서비스\n8.게스트들과 함께 할 수 있는 넓은 실내.외 장소 제공\n 넓은 주차장 완비\n9. 휴게공간의 냉장고,정수기,전자렌지 이용가능\n10.객실내 취식금지, 금연 건물로 흡연시 강제퇴실(야외 흡연실이 따로 있어요)\n11.입실시간은 23시까지입니다( 23시 이후 입실불가입니다)', '제주', '서귀포시', '일과대수로27번길 35 제주 공감 게스트하우스', 33.2380956, 126.2292978, NULL, NULL, '0507-1471-3242', null, 1065, 'https://map.naver.com/p/search/%EC%A0%9C%EC%A3%BC+%EA%B3%B5%EA%B0%90+%EA%B2%8C%EC%8A%A4%ED%8A%B8%ED%95%98%EC%9A%B0%EC%8A%A4/place/405831639?c=15.00,0,0,0,dh&placePath=/room?entry=bmp&fromPanelNum=2&timestamp=202512181204&locale=ko&svcName=map_pcv5&searchText=%EC%A0%9C%EC%A3%BC%2B%EA%B3%B5%EA%B0%90%2B%EA%B2%8C%EC%8A%A4%ED%8A%B8%ED%95%98%EC%9A%B0%EC%8A%A4&businessCategory=guesthouse&fromPanelNum=2&timestamp=202512181204&locale=ko&svcName=map_pcv5&searchText=%EC%A0%9C%EC%A3%BC%2B%EA%B3%B5%EA%B0%90%2B%EA%B2%8C%EC%8A%A4%ED%8A%B8%ED%95%98%EC%9A%B0%EC%8A%A4&businessCategory=guesthouse&from=map', 'NAVER', 'Blog: https://blog.naver.com/eogksrudgh\nInstagram: https://www.instagram.com/jejugonggamg1244', '17:00', '10:00', '아름다운 바다 뷰와 즐거운 돌고래 투어');
INSERT INTO accommodation_theme (theme_id, accommodations_id) VALUES (1, 3);
INSERT INTO accommodation_amenity (amenity_id, accommodations_id) VALUES (8, 3);
INSERT INTO accommodation_amenity (amenity_id, accommodations_id) VALUES (9, 3);
INSERT INTO accommodation_amenity (amenity_id, accommodations_id) VALUES (10, 3);
INSERT INTO accommodation_amenity (amenity_id, accommodations_id) VALUES (5, 3);
INSERT INTO accommodation_amenity (amenity_id, accommodations_id) VALUES (11, 3);
INSERT INTO accommodation_amenity (amenity_id, accommodations_id) VALUES (1, 3);
INSERT INTO accommodation_image (accommodations_id, image_url, image_type, sort_order) VALUES (3, 'https://search.pstatic.net/common/?autoRotate=true&type=w560_sharpen&src=https%3A%2F%2Fldb-phinf.pstatic.net%2F20210716_235%2F1626379228268hu2rE_JPEG%2F20200701_114501.jpg', 'banner', 0);
INSERT INTO accommodation_image (accommodations_id, image_url, image_type, sort_order) VALUES (3, 'https://search.pstatic.net/common/?autoRotate=true&type=w278_sharpen&src=https%3A%2F%2Fldb-phinf.pstatic.net%2F20210716_183%2F1626379228303nGmUx_JPEG%2F20210715_180048.jpg', 'detail', 1);
INSERT INTO accommodation_image (accommodations_id, image_url, image_type, sort_order) VALUES (3, 'https://search.pstatic.net/common/?autoRotate=true&type=w278_sharpen&src=https%3A%2F%2Fldb-phinf.pstatic.net%2F20210716_19%2F16263792282232hbw7_JPEG%2F1626338544864-9.jpg', 'detail', 2);
INSERT INTO accommodation_image (accommodations_id, image_url, image_type, sort_order) VALUES (3, 'https://search.pstatic.net/common/?autoRotate=true&type=w278_sharpen&src=https%3A%2F%2Fldb-phinf.pstatic.net%2F20210716_101%2F1626379228391qX9Sq_JPEG%2F20210715_194522.jpg', 'detail', 3);
INSERT INTO accommodation_image (accommodations_id, image_url, image_type, sort_order) VALUES (3, 'https://search.pstatic.net/common/?autoRotate=true&type=w278_sharpen&src=https%3A%2F%2Fldb-phinf.pstatic.net%2F20210716_210%2F16263792282967gJVO_JPEG%2F20210715_194605.jpg', 'detail', 4);
INSERT INTO room (accommodations_id, room_name, price, min_guests, max_guests, room_description, main_image_url, bathroom_count, room_type, bed_count) VALUES (3, '여자3인실(랜덤배정)', 36000, 2, 3, '공용객실, 기준 1인 (최대 3인) | 침실 1, 침대 3, 욕실 1, 최소 1박', 'https://search.pstatic.net/common/?autoRotate=true&quality=95&type=w750&src=https%3A%2F%2Fnaverbooking-phinf.pstatic.net%2F20210705_181%2F1625494140378cQPWV_JPEG%2F1621871283847-0.jpg', 1, 'STANDARD', 3);
INSERT INTO room (accommodations_id, room_name, price, min_guests, max_guests, room_description, main_image_url, bathroom_count, room_type, bed_count) VALUES (3, '여자5인실[랜덤배정]', 30000, 2, 5, '기준 1인 (최대 5인)', 'https://search.pstatic.net/common/?autoRotate=true&quality=95&type=w750&src=https%3A%2F%2Fnaverbooking-phinf.pstatic.net%2F20210529_9%2F1622275029280eDp9O_JPEG%2F2021-05-25-01-38-47-844.jpg', 0, 'STANDARD', 0);
INSERT INTO room (accommodations_id, room_name, price, min_guests, max_guests, room_description, main_image_url, bathroom_count, room_type, bed_count) VALUES (3, '여자5인실[랜덤배정]', 30000, 2, 5, '기준 1인 (최대 5인)', 'https://search.pstatic.net/common/?autoRotate=true&quality=95&type=w750&src=https%3A%2F%2Fnaverbooking-phinf.pstatic.net%2F20210705_61%2F16254938397004LV9K_JPEG%2F20210705_140128_%25281%2529.jpg', 0, 'STANDARD', 0);
INSERT INTO room (accommodations_id, room_name, price, min_guests, max_guests, room_description, main_image_url, bathroom_count, room_type, bed_count) VALUES (3, '남자3인실[랜덤배정]', 36000, 2, 3, '공용객실, 기준 1인 (최대 3인) | 침실 1, 침대 3, 최소 1박', 'https://search.pstatic.net/common/?autoRotate=true&quality=95&type=w750&src=https%3A%2F%2Fnaverbooking-phinf.pstatic.net%2F20250813_112%2F1755076717388WFbHh_JPEG%2F1754213228907.jpg', 0, 'STANDARD', 3);
INSERT INTO room (accommodations_id, room_name, price, min_guests, max_guests, room_description, main_image_url, bathroom_count, room_type, bed_count) VALUES (3, '남자3인실[랜덤배정]', 36000, 2, 3, '공용객실, 기준 1인 (최대 3인) | 침실 1, 침대 3, 최소 1박', 'https://search.pstatic.net/common/?autoRotate=true&quality=95&type=w750&src=https%3A%2F%2Fnaverbooking-phinf.pstatic.net%2F20250727_45%2F1753553608146HOpHp_JPEG%2F20250726_163943.jpg', 0, 'STANDARD', 3);
INSERT INTO room (accommodations_id, room_name, price, min_guests, max_guests, room_description, main_image_url, bathroom_count, room_type, bed_count) VALUES (3, '남자5인실[랜덤배정]', 30000, 2, 5, '공용객실, 기준 1인 (최대 5인) | 침실 1, 침대 3, 최소 1박', 'https://search.pstatic.net/common/?autoRotate=true&quality=95&type=w750&src=https%3A%2F%2Fnaverbooking-phinf.pstatic.net%2F20250803_164%2F1754214069042OWbBK_JPEG%2F1754213228907.jpg', 0, 'STANDARD', 3);
INSERT INTO room (accommodations_id, room_name, price, min_guests, max_guests, room_description, main_image_url, bathroom_count, room_type, bed_count) VALUES (3, '남자5인실[랜덤배정]', 30000, 2, 5, '기준 1인 (최대 5인)', 'https://search.pstatic.net/common/?autoRotate=true&quality=95&type=w750&src=https%3A%2F%2Fnaverbooking-phinf.pstatic.net%2F20180803_98%2F1533284947645KVRog_JPEG%2Fsub02_4_1.jpg', 0, 'STANDARD', 0);
INSERT INTO room (accommodations_id, room_name, price, min_guests, max_guests, room_description, main_image_url, bathroom_count, room_type, bed_count) VALUES (3, '스톰(랜덤배정)', 90000, 2, 4, '일반객실, 기준 2인 (최대 4인) | 침실 1, 침대 3, 욕실 1, 최소 1박', 'https://search.pstatic.net/common/?autoRotate=true&quality=95&type=w750&src=https%3A%2F%2Fnaverbooking-phinf.pstatic.net%2F20250813_204%2F1755076083949gs3TD_JPEG%2F20250813_170505.jpg', 1, 'STANDARD', 3);
INSERT INTO room (accommodations_id, room_name, price, min_guests, max_guests, room_description, main_image_url, bathroom_count, room_type, bed_count) VALUES (3, '할리퀸(랜덤배정)', 87000, 2, 4, '일반객실, 기준 2인 (최대 4인) | 침실 1, 침대 2, 욕실 1, 최소 1박', 'https://search.pstatic.net/common/?autoRotate=true&quality=95&type=w750&src=https%3A%2F%2Fnaverbooking-phinf.pstatic.net%2F20180803_178%2F1533285031422IC3LL_JPEG%2Fsub02_1_1.jpg', 1, 'STANDARD', 2);

INSERT INTO accommodation (accommodations_id, accommodations_name, accommodations_category, accommodations_description, city, district, address_detail, latitude, longitude, transport_info, parking_info, phone, rating, review_count, source_url, source_platform, sns, check_in_time, check_out_time, short_description) VALUES (4, '제주 베프랑 게스트하우스', 'GUESTHOUSE', '-베프랑 게스트하우스\n1층 게스트하우스\n-여자 4인실, 남자 4인실, 2인실, 1인실(1인실은 반려동물 동반가능-4인실 및 2인실은 반려동물 동반 불가, 반려동물 동반 시 약 15kg내외 반려동물 동반가능-추가요금 있음( 1박당 한 마리마다 1만원 - 반려동물과 함께 장기 숙박(5박이상) 시는 반려동물에 대해 첫 숙박일을 제외한 일자에 대해 50% 할인 요금을 적용합니다.)\n-남/여 4인실의 경우 연박일 경우에도 오전 11시~오후 4시까지는 청소 및 환기 시간으로 룸 내에 머무를 수 없습니다.\n\n2층 단독룸(기준인원 초과 시 추가요금이 발생합니다. 1인 1박당 1만원 : 기준인원 (2~4인실은 2명, 다인실은 3명)\n-2~4인실, 다인실 1, 다인실 2는 반려동물 동반 가능(약 15kg내외 반려동물 동반가능-추가요금 있음. 1박당 한 마리마다 1만원)\n--반려동물과 함께 장기 숙박(5박이상) 시는 반려동물에 대해 첫 숙박일을 제외한 일자에 대해 50% 할인 요금을 적용합니다.\n\n-체크인 : 오후 4시부터 밤 10시까지\n밤 10시 이후에는 노쇼처리됩니다. 늦어질 시 반드시 전화주셔요.(입실 시간 연장은 항공편 지연의 경우만 인정-항공편 지연의 경우에도 밤 11이후는 체크인 불가 )\n\n- 체크아웃 : 오전 11시까지\n(남/여 4인실 연박일 경우 : 청소 및 환기 시간인 11:00AM ~ 16:00PM까지 룸 내 입실 불가)\n\n*밤 11시부터 오전 8시 30분까지 전체 소등 및 정숙(다른 게스트분들을 위해 소음 발생에 유의해 주세요. - 밤 10시 이후 공용 공간 음주 및 취식 금지)\n\n-2인실, 4인실은 거실(카페형 거실)을 공용으로 사용하므로, 소등 시간 전까진 거실에서 대화등의 소음이 룸에 유입될 수 있습니다.\n-2인실, 4인실은 2층 침대 사용 및 타 게스트분들과 공용 거실을 함께 사용하므로, 소음에 민감하거나, 2층 침대 사용에 어려움을 겪는 분들은 예약 시 유의하시기 바랍니다.\n\n-베프랑의 위치\n\n1. 성산항(우도행), 성산일출봉, 광치기해변 및 섭지코지(모두 2~4km이내)로 접근성이 뛰어나 어느곳이든지 이동하기 좋습니다.\n\n2. 성산읍 중심 마을에 위치해 있어, 인근에 식당과 편의점 및 마트(농협하나로 마트등)등의 편의시설 접근성이 좋습니다.\n\n3. 제 2올레길이 근처에 위치해 있어 올레길 투어도 용이합니다.\n\n4. 성읍민속마을, 섭지해변, 광치기해변, 하도해변, 비자림, 용눈이 오름, 백약이 오름, 다랑쉬오름, 아쿠아플라넷, 일출랜드, 김영갑 갤러리등의 유명한 관광지가 대부분 10km이내에 위치하여 차량으로 약 5~15분 이내에 이동할 수 있습니다.\n\n5. 베프랑에서 제공하는 특별 이벤트\n\n[꽃차타임]\n일시 : 화~토 밤 8시(꽃차는 8시 30분까지 제공함)\n내용 : 베프랑 카페형 거실에서 꽃차 또는 Tea 제공\n현재 무료 (자세한 내용 게스트하우스 문의 및 홈페이지 확인)\n\n -매주 일, 월 모든 이벤트 휴식일-', '제주', '서귀포시', '고성중앙로 28-7 베프랑', 33.4469248, 126.9072782, '제주공항 1번 출구 앞 1번 정류장에서 111번 또는 101번, 1번 출구 앞 2번 정류장 앞에서 101번 직행버스 이용 후 고성리에서 하차(도보 약 7분 소요)', '주차가능\n무료', NULL, null, 283, 'https://map.naver.com/p/search/%EC%A0%9C%EC%A3%BC+%EB%B2%A0%ED%94%84%EB%9E%91+%EA%B2%8C%EC%8A%A4%ED%8A%B8%ED%95%98%EC%9A%B0%EC%8A%A4/place/1431879310?c=8.00,0,0,0,dh&placePath=/room?entry=pll&fromPanelNum=2&timestamp=202512181204&locale=ko&svcName=map_pcv5&searchText=%EC%A0%9C%EC%A3%BC%2B%EB%B2%A0%ED%94%84%EB%9E%91%2B%EA%B2%8C%EC%8A%A4%ED%8A%B8%ED%95%98%EC%9A%B0%EC%8A%A4&fromPanelNum=2&timestamp=202512181204&locale=ko&svcName=map_pcv5&searchText=%EC%A0%9C%EC%A3%BC+%EB%B2%A0%ED%94%84%EB%9E%91+%EA%B2%8C%EC%8A%A4%ED%8A%B8%ED%95%98%EC%9A%B0%EC%8A%A4&from=map', 'NAVER', 'Blog: https://blog.naver.com/seongsan-house', NULL, NULL, '깨끗한 시설과 편안한 잠자리로 힐링');
INSERT INTO accommodation_amenity (amenity_id, accommodations_id) VALUES (12, 4);
INSERT INTO accommodation_amenity (amenity_id, accommodations_id) VALUES (13, 4);
INSERT INTO accommodation_image (accommodations_id, image_url, image_type, sort_order) VALUES (4, 'https://search.pstatic.net/common/?autoRotate=true&type=w560_sharpen&src=https%3A%2F%2Fldb-phinf.pstatic.net%2F20180911_3%2F1536632004823JLyQ5_JPEG%2FwUlwYdqKcfqkf0A7xRF3T2yg.jpg', 'banner', 0);
INSERT INTO accommodation_image (accommodations_id, image_url, image_type, sort_order) VALUES (4, 'https://search.pstatic.net/common/?autoRotate=true&type=w278_sharpen&src=https%3A%2F%2Fldb-phinf.pstatic.net%2F20180911_135%2F1536632047285ryA4K_JPEG%2FGOC6maygL8sCITCIxs6kmgo2.jpg', 'detail', 1);
INSERT INTO accommodation_image (accommodations_id, image_url, image_type, sort_order) VALUES (4, 'https://search.pstatic.net/common/?autoRotate=true&type=w278_sharpen&src=https%3A%2F%2Fldb-phinf.pstatic.net%2F20180911_65%2F15366320471531Jvw3_JPEG%2FDO-gwOuLi6LU14YPq_jgW0Nb.jpg', 'detail', 2);
INSERT INTO accommodation_image (accommodations_id, image_url, image_type, sort_order) VALUES (4, 'https://search.pstatic.net/common/?autoRotate=true&type=w278_sharpen&src=https%3A%2F%2Fldb-phinf.pstatic.net%2F20180911_207%2F1536632047280a63SV_JPEG%2FleI34jjTc9MW3nPSvZ6yyK92.jpg', 'detail', 3);
INSERT INTO accommodation_image (accommodations_id, image_url, image_type, sort_order) VALUES (4, 'https://search.pstatic.net/common/?autoRotate=true&type=w278_sharpen&src=https%3A%2F%2Fldb-phinf.pstatic.net%2F20180911_215%2F1536632047307d3TPv_JPEG%2FsPvJJiC2zWBmTdb-3_ml-qhC.jpg', 'detail', 4);
INSERT INTO room (accommodations_id, room_name, price, min_guests, max_guests, room_description, main_image_url, bathroom_count, room_type, bed_count) VALUES (4, '여성 4인실', 19000, 2, 4, '공용객실, 기준 1인 (최대 4인) | 침실 1, 침대 2, 욕실 1, 최소 1박', 'https://search.pstatic.net/common/?autoRotate=true&quality=95&type=w750&src=https%3A%2F%2Fnaverbooking-phinf.pstatic.net%2F20180911_212%2F1536635210087DCS0C_JPEG%2F%25C4%25A7%25B4%25EB.jpg', 1, 'STANDARD', 2);
INSERT INTO room (accommodations_id, room_name, price, min_guests, max_guests, room_description, main_image_url, bathroom_count, room_type, bed_count) VALUES (4, '남성 4인실', 19000, 2, 4, '공용객실, 기준 1인 (최대 4인) | 침실 1, 침대 2, 욕실 1, 최소 1박', 'https://search.pstatic.net/common/?autoRotate=true&quality=95&type=w750&src=https%3A%2F%2Fnaverbooking-phinf.pstatic.net%2F20180911_230%2F1536635895281F7Hl0_JPEG%2F%25C4%25A7%25B4%25EB.jpg', 1, 'STANDARD', 2);
INSERT INTO room (accommodations_id, room_name, price, min_guests, max_guests, room_description, main_image_url, bathroom_count, room_type, bed_count) VALUES (4, '2인실(벙커베드룸, 기준인원 2명)', 39500, 2, 2, '일반객실, 기준 2인 (최대 2인) | 침실 1, 침대 2, 욕실 1, 최소 1박', 'https://search.pstatic.net/common/?autoRotate=true&quality=95&type=w750&src=https%3A%2F%2Fnaverbooking-phinf.pstatic.net%2F20210428_245%2F1619589849490jiujV_JPEG%2F20210428_114735.jpg', 1, 'STANDARD', 2);
INSERT INTO room (accommodations_id, room_name, price, min_guests, max_guests, room_description, main_image_url, bathroom_count, room_type, bed_count) VALUES (4, '다인실 1(기준인원 3명, 최대 7명)', 68500, 2, 7, '일반객실, 기준 3인 (최대 7인) | 침실 1, 침대 2, 욕실 1, 최소 1박', 'https://search.pstatic.net/common/?autoRotate=true&quality=95&type=w750&src=https%3A%2F%2Fnaverbooking-phinf.pstatic.net%2F20240610_50%2F1718021879059obJGn_JPEG%2F%25B4%25D9%25C0%25CE%25BD%25C7_01.jpg', 1, 'STANDARD', 2);
INSERT INTO room (accommodations_id, room_name, price, min_guests, max_guests, room_description, main_image_url, bathroom_count, room_type, bed_count) VALUES (4, '단독룸 2~4인실(기준인원 2명, 최대인원 4명)', 48500, 2, 4, '일반객실, 기준 2인 (최대 4인) | 침실 1, 침대 2, 욕실 1, 최소 1박', 'https://search.pstatic.net/common/?autoRotate=true&quality=95&type=w750&src=https%3A%2F%2Fnaverbooking-phinf.pstatic.net%2F20240623_238%2F17191521175910OjxD_JPEG%2F24%25C0%25CE%25BD%25C7_1%25B9%25F8.jpg', 1, 'STANDARD', 2);
INSERT INTO room (accommodations_id, room_name, price, min_guests, max_guests, room_description, main_image_url, bathroom_count, room_type, bed_count) VALUES (4, '1인실(개인실)', 28500, 2, 1, '일반객실, 기준 1인 (최대 1인) | 침실 1, 침대 1, 욕실 1, 최소 1박', 'https://search.pstatic.net/common/?autoRotate=true&quality=95&type=w750&src=https%3A%2F%2Fnaverbooking-phinf.pstatic.net%2F20210714_34%2F1626259510606r6J36_JPEG%2F1.jpg', 1, 'STANDARD', 1);

INSERT INTO accommodation (accommodations_id, accommodations_name, accommodations_category, accommodations_description, city, district, address_detail, latitude, longitude, transport_info, parking_info, phone, rating, review_count, source_url, source_platform, sns, check_in_time, check_out_time, short_description) VALUES (5, '제주 끌림365 게스트하우스', 'GUESTHOUSE', '애월 바다와 함께하는 여기는 애월의 온도입니다 !\n연인, 친구, 혼자 여도 상관없습니다. ''애월의 온도''에서 여러분들과 함께 추억을 남길테니까요.\n\n체크인: 오후 5시 ~ 오후 11시\n (* 짐은 체크인 전 1층에 두시면 맡아드리고 있습니다.)\n\n체크아웃: 오전 11시\n(* 오전 11시 이후 퇴실 시 1시간에 인당 1만원씩 추가 지불 하셔야 합니다.)\n\n''끌림365 게스트하우스''는 1호점 이며 ''애월의 온도''는 2호점입니다.\n1호점과 2호점은 걸어서 5분 정도의 거리에 위치에 있고,\n파티는 1호점(끌림365) 1층에서 진행됩니다.\n\n※ 성비 문의, 예약 현황 파티참여 인원 문의에는 대답 해 드리지 않습니다. 1회성 만남을 목적으로 오시는 분들은 정중히 사양하겠습니다.\n\n 파티안내\n[ 본파티 ]\n\n- 장소 : 끌림365 게스트하우스 1층\n\n- 시간 : 20:00 ~ 22:30\n\n- 안주 : 흑돼지 두루치기, 수육, 주먹밥, 떡볶이,\n부추전, 피카츄 돈까스 등\n\n- 주류 : 1인 1병 제공 ( 1인 1병 외 추가 가능)\n게임 상품으로 주류 아낌없이 뿌립니다!!!\n\n[ 에프터 파티 ]\n- 장소 : 끌림365 게스트하우스 마당에 있는 건물\n(걸어서 약 5초거리!!)\n\n- 시간 : 22:30 ~ 01:30\n\n에프터 파티 넘어가기 전에 참석 여부 한 번 더 조사합니다!!\n\n에프터 파티는 본파티와 다르게 라운지 펍 분위기의 힙한 분위기!!\n\n// 애월의 온도 파티는 //\n- TV에서만 보던 다양한 게임으로 어색함 따윈 없애 드립니다!\n- 과음은 지양 합니다. 술은 주량만큼!\n 다른 게스트에게 불편을 주는 일이 없도록 해주세요.\n- 파티 시에는 에티켓을 지켜주세요!\n 불필요한 스킨쉽 등으로 인해 민원발생 시 퇴실조치 됩니다.\n\n(애월의온도 예약전 주의사항)\n\n(1). 애월의온도는 옛 별장을 리모델링하여 만든 베이스캠프형 게스트 하우스 입니다.\n다른 게스트 분들의 편안한 휴식을 위해 늦은 시간까지 음주, 고성방가 등 엄격히 제재하며 타인을 배려 하지않는 분, 공용공간을 불편해하시는분, 잠자리가 예민하신분들 께서는 예약을 고려 부탁드립니다.\n\n(2). 애월의온도는 옛 별장을 리모델링하여 개조한 공간으로 완벽한 방음이 되지 않을 수도 있습니다.\n이에 대해서 소음, 고성방가, 늦은 시간 음주 등을 강력히 제재하며 지속적인 소란 발생 시 퇴실조치 당하실 수도 있습니다. 이에 대해 편안한 휴식을 제공 드리기 위해 노력하지만 호텔만큼 편안한 환경을 제공 드리기 어렵습니다.\n\n(3). 이러한 점에도 저희 애월의 온도를 찾아 주시는 여러분께 최선을 다할 것을 약속하며 일상에 지치시거나, 반복되는 만남이 아닌 새로운 만남이 필요하신 분들은 애월의 온도에서 뜻깊은 시간이 될 수 있도록 노력하겠습니다.\n\n(4). 기상 악화로 인한 항공기 결항시 체크인 당일 항공기 결항으로 인한 취소만 전액환불 처리가 가능합니다.\n\n(이용안내)\n\n(1). 객실\n- 베개커버, 속이불 청결세탁\n-기물 파손 및 훼손시 배상 책임 있습니다.\n* 도미토리\n-객실 내 음주 및 취식 금지\n-다른 게스트 분들의 휴식을 위해 12시 이후에는 이동을 자제 부탁드립니다.\n* 개인실\n-객실 내 음주 및 간단한 취식 가능합니다\n-다른 게스트 분들의 휴식을 위해 12시 이후 과도한 음주, 고성방가, 소란, 합방 등을 금지합니다.\n\n(3). 구비물품\n-객실의 샴푸,바디워시,치약,드라이기 등이 구비돼 있으며\n칫솔, 폼클렌징 등 개인 물품은 애월의온도 우측 cu편의점을 이용해 주세요.\n\n(4). 주차\n- 애월의온도(남또리횟집 앞) 앞 혹은 안쪽 주차장에 주차가능, 주차공간이 없을경우 우측 CU편의점 옆 공용 주차장 이용 부탁드립니다.', '제주', '제주시', '애월해안로 384', null, null, '내비게이션''애월의온도'' 혹은 ''애월읍 애월해안로 384''로 찍고 와주세요 !\n\n 제주 공항에서는 25분 거리에 있습니다 !\n애월카페거리 10분(3km), 애월스타벅스 1분(100m) 걸리는 제주 해안도로변에 위치하고 있습니다 !\n\n 제주 해안도로를 따라오시면 애월 스타벅스 옆 건물입니다. 1층 남또리 횟집 건물이며, 숙소 입구는 건물 좌측에 있습니다 !\n\n 대중교통을 이용하시는 분들을 위한 정류장까지 픽업서비스\n- 제주국제공항4번(대정, 화순, 일주서로)에서 102번 버스 탑승 > 애월고등학교(북) 정류장 하차 후\n연락주시면 픽업 해드리고 있습니다!\n//가능 시간 16:30~18:30 / 전날 미리 연락 주세요, 당일 픽업은 업무로 어려울 수도 있습니다//', NULL, '0507-1306-0384', null, 259, 'https://map.naver.com/p/search/%EC%A0%9C%EC%A3%BC+%EB%81%8C%EB%A6%BC365+%EA%B2%8C%EC%8A%A4%ED%8A%B8%ED%95%98%EC%9A%B0%EC%8A%A4/place/1756081138?c=8.00,0,0,0,dh&placePath=/room?entry=pll&fromPanelNum=2&timestamp=202512181348&locale=ko&svcName=map_pcv5&searchText=%EC%A0%9C%EC%A3%BC%2B%EB%81%8C%EB%A6%BC365%2B%EA%B2%8C%EC%8A%A4%ED%8A%B8%ED%95%98%EC%9A%B0%EC%8A%A4&businessCategory=guesthouse&fromPanelNum=2&timestamp=202512181348&locale=ko&svcName=map_pcv5&searchText=%EC%A0%9C%EC%A3%BC%2B%EB%81%8C%EB%A6%BC365%2B%EA%B2%8C%EC%8A%A4%ED%8A%B8%ED%95%98%EC%9A%B0%EC%8A%A4&businessCategory=guesthouse&from=map', 'NAVER', 'Instagram: https://www.instagram.com/aewol_ondo_jeju\nBlog: https://blog.naver.com/kkdland', '17:00', '11:00', '깨끗한 객실에서 바다 뷰를 즐기며 휴식');
INSERT INTO accommodation_amenity (amenity_id, accommodations_id) VALUES (4, 5);
INSERT INTO accommodation_amenity (amenity_id, accommodations_id) VALUES (5, 5);
INSERT INTO accommodation_amenity (amenity_id, accommodations_id) VALUES (6, 5);
INSERT INTO accommodation_amenity (amenity_id, accommodations_id) VALUES (1, 5);
INSERT INTO accommodation_amenity (amenity_id, accommodations_id) VALUES (8, 5);
INSERT INTO accommodation_amenity (amenity_id, accommodations_id) VALUES (2, 5);
INSERT INTO accommodation_amenity (amenity_id, accommodations_id) VALUES (9, 5);
INSERT INTO accommodation_amenity (amenity_id, accommodations_id) VALUES (14, 5);
INSERT INTO accommodation_image (accommodations_id, image_url, image_type, sort_order) VALUES (5, 'https://search.pstatic.net/common/?autoRotate=true&type=w560_sharpen&src=https%3A%2F%2Fldb-phinf.pstatic.net%2F20210527_295%2F1622121358606Fbx6R_JPEG%2FJbMy-zabwnNvcyh5WbLwl1sw.jpg', 'banner', 0);
INSERT INTO accommodation_image (accommodations_id, image_url, image_type, sort_order) VALUES (5, 'https://search.pstatic.net/common/?autoRotate=true&type=w278_sharpen&src=https%3A%2F%2Fldb-phinf.pstatic.net%2F20230620_50%2F16872617490254uKLe_JPEG%2FKakaoTalk_20230618_235522555.jpg', 'detail', 1);
INSERT INTO accommodation_image (accommodations_id, image_url, image_type, sort_order) VALUES (5, 'https://search.pstatic.net/common/?autoRotate=true&type=w278_sharpen&src=https%3A%2F%2Fldb-phinf.pstatic.net%2F20230620_167%2F1687261747279i3N44_JPEG%2FKakaoTalk_20230619_001806118_07.jpg', 'detail', 2);
INSERT INTO accommodation_image (accommodations_id, image_url, image_type, sort_order) VALUES (5, 'https://search.pstatic.net/common/?autoRotate=true&type=w278_sharpen&src=https%3A%2F%2Fldb-phinf.pstatic.net%2F20230620_246%2F16872617460812dHFA_JPEG%2FKakaoTalk_20230618_235522555_01.jpg', 'detail', 3);
INSERT INTO accommodation_image (accommodations_id, image_url, image_type, sort_order) VALUES (5, 'https://search.pstatic.net/common/?autoRotate=true&type=w278_sharpen&src=https%3A%2F%2Fldb-phinf.pstatic.net%2F20230620_150%2F1687261745789KzLOV_JPEG%2FKakaoTalk_20230619_001806118.jpg', 'detail', 4);
INSERT INTO room (accommodations_id, room_name, price, min_guests, max_guests, room_description, main_image_url, bathroom_count, room_type, bed_count) VALUES (5, '파티필참 특가(오션뷰)여자도미토리 4인실', 9900, 2, 4, '공용객실, 기준 1인 (최대 4인) | 침실 1, 침대 2, 욕실 1, 최소 1박', 'https://search.pstatic.net/common/?autoRotate=true&quality=95&type=w750&src=https%3A%2F%2Fnaverbooking-phinf.pstatic.net%2F20210529_275%2F1622287042103hz392_JPEG%2F1.jpg', 1, 'STANDARD', 2);
INSERT INTO room (accommodations_id, room_name, price, min_guests, max_guests, room_description, main_image_url, bathroom_count, room_type, bed_count) VALUES (5, '파티필참 특가(오션뷰)남자도미토리4인실', 25000, 2, 4, '일반객실, 기준 1인 (최대 4인) | 침실 1, 침대 2, 욕실 1, 최소 1박', 'https://search.pstatic.net/common/?autoRotate=true&quality=95&type=w750&src=https%3A%2F%2Fnaverbooking-phinf.pstatic.net%2F20210529_158%2F1622286800713KiqXW_JPEG%2F1.jpg', 1, 'STANDARD', 2);
INSERT INTO room (accommodations_id, room_name, price, min_guests, max_guests, room_description, main_image_url, bathroom_count, room_type, bed_count) VALUES (5, '파티필참 특가 (오션뷰)개인실_싱글침대2', 60000, 2, 3, '일반객실, 기준 2인 (최대 3인) | 침실 1, 침대 2, 욕실 1, 최소 1박', 'https://search.pstatic.net/common/?autoRotate=true&quality=95&type=w750&src=https%3A%2F%2Fnaverbooking-phinf.pstatic.net%2F20230402_57%2F1680422953461VK2lE_JPEG%2F2.jpg', 1, 'STANDARD', 2);
INSERT INTO room (accommodations_id, room_name, price, min_guests, max_guests, room_description, main_image_url, bathroom_count, room_type, bed_count) VALUES (5, '파티필참 특가 (오션뷰)개인실_퀸침대1', 60000, 2, 3, '일반객실, 기준 2인 (최대 3인) | 침실 1, 침대 1, 욕실 1, 최소 1박', 'https://search.pstatic.net/common/?autoRotate=true&quality=95&type=w750&src=https%3A%2F%2Fnaverbooking-phinf.pstatic.net%2F20230402_295%2F1680423131440d65Tw_JPEG%2F8.jpg', 1, 'STANDARD', 1);
INSERT INTO room (accommodations_id, room_name, price, min_guests, max_guests, room_description, main_image_url, bathroom_count, room_type, bed_count) VALUES (5, '(오션뷰)개인실_싱글침대2', 70000, 2, 3, '기준 2인 (최대 3인)', 'https://search.pstatic.net/common/?autoRotate=true&quality=95&type=w750&src=https%3A%2F%2Fnaverbooking-phinf.pstatic.net%2F20210529_266%2F16222866468032sh9d_JPEG%2F2.jpg', 0, 'STANDARD', 0);
INSERT INTO room (accommodations_id, room_name, price, min_guests, max_guests, room_description, main_image_url, bathroom_count, room_type, bed_count) VALUES (5, '(오션뷰)개인실_퀸침대1', 70000, 2, 3, '기준 2인 (최대 3인)', 'https://search.pstatic.net/common/?autoRotate=true&quality=95&type=w750&src=https%3A%2F%2Fnaverbooking-phinf.pstatic.net%2F20210529_12%2F1622276552926A1y6A_JPEG%2F8.jpg', 0, 'STANDARD', 0);

INSERT INTO accommodation (accommodations_id, accommodations_name, accommodations_category, accommodations_description, city, district, address_detail, latitude, longitude, transport_info, parking_info, phone, rating, review_count, source_url, source_platform, sns, check_in_time, check_out_time, short_description) VALUES (6, '제주 달숲 게스트하우스', 'GUESTHOUSE', '제주도 협재해수욕장 근처에 위치해 포근히 쉴 수 있는 안식처 달숲하우스입니다~\n넓은 주차장과 개별욕실에 카페도 있습니다.\n달숲의 마스코트 풍산견 구름이가 반갑게 맞아주는 곳이예요~^^\n대중교통을 이용하시는 분들은 미리 연락주시면 가까운 버스정류장까지 픽업 도와 드립니다~\n언제나 변함없는 마음으로 제주여행하시면서 좋은 추억 남기고 가실수 있도록 도와드립니다~\n\n*저희 달숲은 파티는 하지 않습니다~*\n*성수기 요금은 별도 공지합니다~*', '제주', '제주시', '명재로 35', 33.3947462, 126.2510418, '* 제주공항 4번 게이트에서 102번 버스 타고 한림환승정류장에 하차하셔서 202번으로 환승하셔서 협재리에서 하차하셔서 도보로 10분정도 걸어오시면 되세요~^^\n\n* 제주공항 4번 게이트에서 102번 버스타시고 한림고등학교 정류장에 하차하셔서 도보로 15분정도 걸어오시면 되세요~^^\n\n** 차를 렌트하시지 않으시는 경우 짐 옮겨주는 딜리버리 신청하셔서 이용하시면 더 즐거운 여행이 되지 않을까 생각합니다~', NULL, NULL, null, 465, 'https://map.naver.com/p/search/%EC%A0%9C%EC%A3%BC+%EB%8B%AC%EC%88%B2+%EA%B2%8C%EC%8A%A4%ED%8A%B8%ED%95%98%EC%9A%B0%EC%8A%A4/place/31442474?isCorrectAnswer=true&c=15.00,0,0,0,dh&placePath=/room?fromPanelNum=1&additionalHeight=76&timestamp=202512181205&locale=ko&svcName=map_pcv5&searchText=%EC%A0%9C%EC%A3%BC%2B%EB%8B%AC%EC%88%B2%2B%EA%B2%8C%EC%8A%A4%ED%8A%B8%ED%95%98%EC%9A%B0%EC%8A%A4&businessCategory=guesthouse&additionalHeight=76&timestamp=202512181205&locale=ko&svcName=map_pcv5&searchText=%EC%A0%9C%EC%A3%BC%2B%EB%8B%AC%EC%88%B2%2B%EA%B2%8C%EC%8A%A4%ED%8A%B8%ED%95%98%EC%9A%B0%EC%8A%A4&businessCategory=guesthouse&fromPanelNum=1', 'NAVER', 'Blog: https://blog.naver.com/ntgr\nInstagram: https://www.instagram.com/jejumoonporest', '16:00', '10:00', '친절한 서비스와 쾌적한 방 상태의 조화');
INSERT INTO accommodation_theme (theme_id, accommodations_id) VALUES (3, 6);
INSERT INTO accommodation_amenity (amenity_id, accommodations_id) VALUES (6, 6);
INSERT INTO accommodation_amenity (amenity_id, accommodations_id) VALUES (4, 6);
INSERT INTO accommodation_amenity (amenity_id, accommodations_id) VALUES (15, 6);
INSERT INTO accommodation_amenity (amenity_id, accommodations_id) VALUES (3, 6);
INSERT INTO accommodation_amenity (amenity_id, accommodations_id) VALUES (1, 6);
INSERT INTO accommodation_amenity (amenity_id, accommodations_id) VALUES (16, 6);
INSERT INTO accommodation_image (accommodations_id, image_url, image_type, sort_order) VALUES (6, 'https://search.pstatic.net/common/?autoRotate=true&type=w560_sharpen&src=https%3A%2F%2Fldb-phinf.pstatic.net%2F20220921_43%2F1663692860619mqwdC_JPEG%2F20220413_095112_HDR.jpg', 'banner', 0);
INSERT INTO accommodation_image (accommodations_id, image_url, image_type, sort_order) VALUES (6, 'https://search.pstatic.net/common/?autoRotate=true&type=w278_sharpen&src=https%3A%2F%2Fldb-phinf.pstatic.net%2F20171127_69%2F1511762007487VCb8S_JPEG%2F1448337535527_6743_REPR.jpeg', 'detail', 1);
INSERT INTO accommodation_image (accommodations_id, image_url, image_type, sort_order) VALUES (6, 'https://search.pstatic.net/common/?autoRotate=true&type=w278_sharpen&src=https%3A%2F%2Fldb-phinf.pstatic.net%2F20200226_116%2F1582714421663aI8Yn_JPEG%2F20200224_164048.jpg', 'detail', 2);
INSERT INTO accommodation_image (accommodations_id, image_url, image_type, sort_order) VALUES (6, 'https://search.pstatic.net/common/?autoRotate=true&type=w278_sharpen&src=https%3A%2F%2Fldb-phinf.pstatic.net%2F20200108_13%2F15784870141692yvAF_JPEG%2F20200108_165158.jpg', 'detail', 3);
INSERT INTO accommodation_image (accommodations_id, image_url, image_type, sort_order) VALUES (6, 'https://search.pstatic.net/common/?autoRotate=true&type=w278_sharpen&src=https%3A%2F%2Fldb-phinf.pstatic.net%2F20211205_290%2F1638714478515IWX8s_JPEG%2F20210409_154959.jpg', 'detail', 4);
INSERT INTO room (accommodations_id, room_name, price, min_guests, max_guests, room_description, main_image_url, bathroom_count, room_type, bed_count) VALUES (6, '숲(트윈룸)', 80000, 2, 2, '일반객실, 기준 2인 (최대 2인) | 침실 1, 침대 2, 욕실 1, 최소 1박', 'https://search.pstatic.net/common/?autoRotate=true&quality=95&type=w750&src=https%3A%2F%2Fnaverbooking-phinf.pstatic.net%2F20200101_146%2F1577870813229PdGQB_JPEG%2F%25BD%25A3%25B9%25E64.jpg', 1, 'STANDARD', 2);
INSERT INTO room (accommodations_id, room_name, price, min_guests, max_guests, room_description, main_image_url, bathroom_count, room_type, bed_count) VALUES (6, '달01(트윈룸)', 80000, 2, 2, '일반객실, 기준 2인 (최대 2인) | 침실 1, 침대 2, 욕실 1, 최소 1박', 'https://search.pstatic.net/common/?autoRotate=true&quality=95&type=w750&src=https%3A%2F%2Fnaverbooking-phinf.pstatic.net%2F20200101_256%2F15778786917591V3Nh_JPEG%2F%25B4%25DE012.jpg', 1, 'STANDARD', 2);
INSERT INTO room (accommodations_id, room_name, price, min_guests, max_guests, room_description, main_image_url, bathroom_count, room_type, bed_count) VALUES (6, '바다 (1인 or 2인)', 80000, 2, 2, '일반객실, 기준 2인 (최대 2인) | 침실 1, 침대 1, 욕실 1, 최소 1박', 'https://search.pstatic.net/common/?autoRotate=true&quality=95&type=w750&src=https%3A%2F%2Fnaverbooking-phinf.pstatic.net%2F20160114_186%2F1452756196793nY7JA_PNG%2F1448354832732_11558.png', 1, 'STANDARD', 1);
INSERT INTO room (accommodations_id, room_name, price, min_guests, max_guests, room_description, main_image_url, bathroom_count, room_type, bed_count) VALUES (6, '하늘', 90000, 2, 4, '일반객실, 기준 2인 (최대 4인) | 침실 1, 침대 1, 욕실 1, 최소 1박', 'https://search.pstatic.net/common/?autoRotate=true&quality=95&type=w750&src=https%3A%2F%2Fnaverbooking-phinf.pstatic.net%2F20210618_234%2F1624008679550XwPL5_JPEG%2F%25C7%25CF%25B4%25C31.jpg', 1, 'STANDARD', 1);
INSERT INTO room (accommodations_id, room_name, price, min_guests, max_guests, room_description, main_image_url, bathroom_count, room_type, bed_count) VALUES (6, '달02', 90000, 2, 4, '독채, 기준 2인 (최대 4인) | 침실 1, 침대 1, 욕실 1, 최소 1박', 'https://search.pstatic.net/common/?autoRotate=true&quality=95&type=w750&src=https%3A%2F%2Fnaverbooking-phinf.pstatic.net%2F20210618_293%2F1624010437629tl8U7_JPEG%2F%25B4%25DE02_4.jpg', 1, 'STANDARD', 1);
INSERT INTO room (accommodations_id, room_name, price, min_guests, max_guests, room_description, main_image_url, bathroom_count, room_type, bed_count) VALUES (6, '나무', 90000, 2, 4, '일반객실, 기준 2인 (최대 4인) | 침실 1, 침대 1, 욕실 1, 최소 1박', 'https://search.pstatic.net/common/?autoRotate=true&quality=95&type=w750&src=https%3A%2F%2Fnaverbooking-phinf.pstatic.net%2F20210618_19%2F1624008389177vPREV_JPEG%2F%25B3%25AA%25B9%25AB4.jpg', 1, 'STANDARD', 1);

INSERT INTO accommodation (accommodations_id, accommodations_name, accommodations_category, accommodations_description, city, district, address_detail, latitude, longitude, transport_info, parking_info, phone, rating, review_count, source_url, source_platform, sns, check_in_time, check_out_time, short_description) VALUES (7, '제주 욜로게스트하우스', 'GUESTHOUSE', '안녕하세요!!\n제주 욜로 게스트하우스 입니다.\n\n욜로 게스트하우스는 제주공항 이용객에 최적의.서비스를 제공하고 있습니다. 제주공항에서 차로 약 5분, 걸어서 20분 소요되는 곳에 위치하고 있습니다. 아침일찍, 늦은 공항 이용객을 위해 픽업 서비스를 진행하고 있습니다.\n\n조식으로 토스트와 시리얼 우유 주스를 준비하여 든든한 아침식사를 무료로 제공합니다.\n\n가까운 관광지로는 한라수목원, 이호테우 해수욕장, 용담 무지개해안도로, 도두봉 등등 가까운 거리에 위치해 있습니다.\n\n여행길 편안하고 안락한 서비스를 제공해드리기위해 항상 노력하는 욜로 게스트하우스가 되겠습니다. 감사합니다.\n\n[예약안내]\n2인실(여성전용)\n4인실(여성전용)\n5인실(남성전용)\n\n[이용안내]\n체크인(입실): 오후5:00 ~ 오후12시\n체크아웃(퇴실): 오전 11시까지\n전 객실 소등시간: 오후 12시\n\n*만취 시 입실불가 / 금연(흡연장 이용)\n*소등 시간 이후 샤워불가(취침인원 방해)\n\n[예약변경 안내]\n- 7일 이전 100% 환불\n- 7일 이내 취소/ 변경 50% 환불\n- 예약당일 / 입실완료 이후 환불, 변경 불가\n\n- 독채 예약은 문의바랍니다.', '제주', '제주시', '190 201호', 33.4967161, 126.4952055, '택시 이용시 약 5분거리, 걸어서 20분거리, 버스 이용시 연동입구, 명주주택에서 하차 해주세요!!', '주차가능\n무료\n제주시 도령로 190, 주차가능 대수 8대', '0507-1418-9096', null, 113, 'https://map.naver.com/p/search/%EC%A0%9C%EC%A3%BC+%EC%9A%9C%EB%A1%9C%EA%B2%8C%EC%8A%A4%ED%8A%B8%ED%95%98%EC%9A%B0%EC%8A%A4/place/1151403322?isCorrectAnswer=true&c=15.00,0,0,0,dh&placePath=/room?fromPanelNum=1&additionalHeight=76&timestamp=202512181205&locale=ko&svcName=map_pcv5&searchText=%EC%A0%9C%EC%A3%BC%2B%EC%9A%9C%EB%A1%9C%EA%B2%8C%EC%8A%A4%ED%8A%B8%ED%95%98%EC%9A%B0%EC%8A%A4&businessCategory=guesthouse&additionalHeight=76&timestamp=202512181205&locale=ko&svcName=map_pcv5&searchText=%EC%A0%9C%EC%A3%BC%2B%EC%9A%9C%EB%A1%9C%EA%B2%8C%EC%8A%A4%ED%8A%B8%ED%95%98%EC%9A%B0%EC%8A%A4&businessCategory=guesthouse&fromPanelNum=1', 'NAVER', NULL, '17:00', '11:00', '깨끗한 침구와 친절한 서비스로 편안한 휴식');
INSERT INTO accommodation_theme (theme_id, accommodations_id) VALUES (1, 7);
INSERT INTO accommodation_amenity (amenity_id, accommodations_id) VALUES (4, 7);
INSERT INTO accommodation_amenity (amenity_id, accommodations_id) VALUES (5, 7);
INSERT INTO accommodation_amenity (amenity_id, accommodations_id) VALUES (17, 7);
INSERT INTO accommodation_amenity (amenity_id, accommodations_id) VALUES (1, 7);
INSERT INTO accommodation_amenity (amenity_id, accommodations_id) VALUES (7, 7);
INSERT INTO accommodation_amenity (amenity_id, accommodations_id) VALUES (8, 7);
INSERT INTO accommodation_amenity (amenity_id, accommodations_id) VALUES (18, 7);
INSERT INTO accommodation_amenity (amenity_id, accommodations_id) VALUES (3, 7);
INSERT INTO accommodation_image (accommodations_id, image_url, image_type, sort_order) VALUES (7, 'https://search.pstatic.net/common/?autoRotate=true&type=w560_sharpen&src=https%3A%2F%2Fldb-phinf.pstatic.net%2F20240402_226%2F1712045842016Ye0l0_JPEG%2F1000002267.jpg', 'banner', 0);
INSERT INTO accommodation_image (accommodations_id, image_url, image_type, sort_order) VALUES (7, 'https://search.pstatic.net/common/?autoRotate=true&type=w278_sharpen&src=https%3A%2F%2Fldb-phinf.pstatic.net%2F20240402_78%2F1712045841767mFW0U_JPEG%2F1000002263.jpg', 'detail', 1);
INSERT INTO accommodation_image (accommodations_id, image_url, image_type, sort_order) VALUES (7, 'https://search.pstatic.net/common/?autoRotate=true&type=w278_sharpen&src=https%3A%2F%2Fldb-phinf.pstatic.net%2F20240402_72%2F1712045841477z1IC6_JPEG%2F1000002262.jpg', 'detail', 2);
INSERT INTO accommodation_image (accommodations_id, image_url, image_type, sort_order) VALUES (7, 'https://search.pstatic.net/common/?autoRotate=true&type=w278_sharpen&src=https%3A%2F%2Fldb-phinf.pstatic.net%2F20240402_127%2F1712045842013NG4gg_JPEG%2F1000002261.jpg', 'detail', 3);
INSERT INTO accommodation_image (accommodations_id, image_url, image_type, sort_order) VALUES (7, 'https://search.pstatic.net/common/?autoRotate=true&type=w278_sharpen&src=https%3A%2F%2Fldb-phinf.pstatic.net%2F20240402_77%2F1712045841388QEikh_JPEG%2F1000002265.jpg', 'detail', 4);
INSERT INTO room (accommodations_id, room_name, price, min_guests, max_guests, room_description, main_image_url, bathroom_count, room_type, bed_count) VALUES (7, '2인실(여성전용)', 25000, 2, 2, '공용객실, 기준 1인 (최대 2인) | 침실 1, 침대 1, 최소 1박', 'https://search.pstatic.net/common/?autoRotate=true&quality=95&type=w750&src=https%3A%2F%2Fnaverbooking-phinf.pstatic.net%2F20250708_11%2F17519723855697Yx0n_JPEG%2FIMG_0006.jpg', 0, 'STANDARD', 1);
INSERT INTO room (accommodations_id, room_name, price, min_guests, max_guests, room_description, main_image_url, bathroom_count, room_type, bed_count) VALUES (7, '4인실(여성전용)', 25000, 2, 4, '공용객실, 기준 1인 (최대 4인) | 침실 1, 침대 2, 욕실 1, 최소 1박', 'https://search.pstatic.net/common/?autoRotate=true&quality=95&type=w750&src=https%3A%2F%2Fnaverbooking-phinf.pstatic.net%2F20250708_251%2F1751973141921cIfVI_JPEG%2FIMG_0011.jpg', 1, 'STANDARD', 2);
INSERT INTO room (accommodations_id, room_name, price, min_guests, max_guests, room_description, main_image_url, bathroom_count, room_type, bed_count) VALUES (7, '5인실(남성전용)', 25000, 2, 5, '공용객실, 기준 1인 (최대 5인) | 침실 1, 침대 3, 욕실 1, 최소 1박', 'https://search.pstatic.net/common/?autoRotate=true&quality=95&type=w750&src=https%3A%2F%2Fnaverbooking-phinf.pstatic.net%2F20250516_67%2F1747370596564xh5at_JPEG%2F20250516_133734.jpg', 1, 'STANDARD', 3);
INSERT INTO room (accommodations_id, room_name, price, min_guests, max_guests, room_description, main_image_url, bathroom_count, room_type, bed_count) VALUES (7, '독채(객실전체 사용)', 250000, 2, 12, '독채, 기준 12인 (최대 12인) | 침실 1, 침대 6, 욕실 2, 최소 1박', 'https://search.pstatic.net/common/?autoRotate=true&quality=95&type=w750&src=https%3A%2F%2Fnaverbooking-phinf.pstatic.net%2F20240421_56%2F1713699073842eya8E_JPEG%2F20240401_201726_-_%25BA%25B9%25BB%25E7%25BA%25BB.jpg', 2, 'STANDARD', 6);

INSERT INTO accommodation (accommodations_id, accommodations_name, accommodations_category, accommodations_description, city, district, address_detail, latitude, longitude, transport_info, parking_info, phone, rating, review_count, source_url, source_platform, sns, check_in_time, check_out_time, short_description) VALUES (8, '서귀포 너랑나랑게스트하우스', 'GUESTHOUSE', '너랑나랑 게스트하우스는 서귀포 안덕면에 위치한 깨끗하고 조용한 숙소입니다.\n제주 올레길 9코스 종점과 10코스의 시작점에 위치해 있어 이용이 편리하며, 낚시 포인트로도 유명한 대평포구, 화순금모래해수욕장과 담수풀장 이용시 근접성이 좋습니다. 여행에서의 개운한 숙면을 책임질 너랑나랑 게스트하우스 많이 사랑해주세요.', '제주', '서귀포시', '화순해안로 40', 33.2430330, 126.3320762, '제주공항 4번게이트 출구 > 대정.화순방면 251-1번 버스 탑승>안덕농협하차>도보10분\n*버스배차간격 시간 확인필수', '주차가능\n무료\n숙소 앞', '0507-1488-5857', null, 9, 'https://map.naver.com/p/entry/place/2019946684?c=15.00,0,0,0,dh&placePath=/room?entry=bmp&fromPanelNum=1&additionalHeight=76&timestamp=202512181205&locale=ko&svcName=map_pcv5&businessCategory=guesthouse&fromPanelNum=1&additionalHeight=76&timestamp=202512181205&locale=ko&svcName=map_pcv5&businessCategory=guesthouse&from=map', 'NAVER', NULL, '16:00', '10:00', '편안한 침대와 침구로 잠든 즐거움');
INSERT INTO accommodation_theme (theme_id, accommodations_id) VALUES (3, 8);
INSERT INTO accommodation_theme (theme_id, accommodations_id) VALUES (1, 8);
INSERT INTO accommodation_theme (theme_id, accommodations_id) VALUES (2, 8);
INSERT INTO accommodation_amenity (amenity_id, accommodations_id) VALUES (5, 8);
INSERT INTO accommodation_amenity (amenity_id, accommodations_id) VALUES (4, 8);
INSERT INTO accommodation_amenity (amenity_id, accommodations_id) VALUES (19, 8);
INSERT INTO accommodation_amenity (amenity_id, accommodations_id) VALUES (15, 8);
INSERT INTO accommodation_amenity (amenity_id, accommodations_id) VALUES (11, 8);
INSERT INTO accommodation_amenity (amenity_id, accommodations_id) VALUES (1, 8);
INSERT INTO accommodation_image (accommodations_id, image_url, image_type, sort_order) VALUES (8, 'https://search.pstatic.net/common/?autoRotate=true&type=w560_sharpen&src=https%3A%2F%2Fldb-phinf.pstatic.net%2F20250623_60%2F1750650801485pqMlA_JPEG%2F1000037917.jpg', 'banner', 0);
INSERT INTO accommodation_image (accommodations_id, image_url, image_type, sort_order) VALUES (8, 'https://search.pstatic.net/common/?autoRotate=true&type=w278_sharpen&src=https%3A%2F%2Fldb-phinf.pstatic.net%2F20250618_263%2F1750236231446zdadl_JPEG%2F1000037508.jpg', 'detail', 1);
INSERT INTO accommodation_image (accommodations_id, image_url, image_type, sort_order) VALUES (8, 'https://search.pstatic.net/common/?autoRotate=true&type=w278_sharpen&src=https%3A%2F%2Fldb-phinf.pstatic.net%2F20250618_131%2F1750236229645yRUi1_JPEG%2F1000037511.jpg', 'detail', 2);
INSERT INTO accommodation_image (accommodations_id, image_url, image_type, sort_order) VALUES (8, 'https://search.pstatic.net/common/?autoRotate=true&type=w278_sharpen&src=https%3A%2F%2Fldb-phinf.pstatic.net%2F20250618_160%2F1750236231822mqfjn_JPEG%2F1000037519.jpg', 'detail', 3);
INSERT INTO accommodation_image (accommodations_id, image_url, image_type, sort_order) VALUES (8, 'https://search.pstatic.net/common/?autoRotate=true&type=w278_sharpen&src=https%3A%2F%2Fldb-phinf.pstatic.net%2F20250618_48%2F1750236230908rGLdY_JPEG%2F1000037525.jpg', 'detail', 4);
INSERT INTO room (accommodations_id, room_name, price, min_guests, max_guests, room_description, main_image_url, bathroom_count, room_type, bed_count) VALUES (8, '1호실(최대3인)', 80000, 2, 3, '일반객실, 기준 3인 (최대 3인)', 'https://search.pstatic.net/common/?autoRotate=true&quality=95&type=w750&src=https%3A%2F%2Fnaverbooking-phinf.pstatic.net%2F20251111_85%2F1762866417447DPYMN_JPEG%2Fimage.jpg', 0, 'STANDARD', 0);
INSERT INTO room (accommodations_id, room_name, price, min_guests, max_guests, room_description, main_image_url, bathroom_count, room_type, bed_count) VALUES (8, '2호실', 60000, 2, 2, '일반객실, 기준 2인 (최대 2인)', 'https://search.pstatic.net/common/?autoRotate=true&quality=95&type=w750&src=https%3A%2F%2Fnaverbooking-phinf.pstatic.net%2F20251111_276%2F1762866419115Ux6kI_JPEG%2Fimage.jpg', 0, 'STANDARD', 0);
INSERT INTO room (accommodations_id, room_name, price, min_guests, max_guests, room_description, main_image_url, bathroom_count, room_type, bed_count) VALUES (8, '3호실', 60000, 2, 2, '일반객실, 기준 2인 (최대 2인)', 'https://search.pstatic.net/common/?autoRotate=true&quality=95&type=w750&src=https%3A%2F%2Fnaverbooking-phinf.pstatic.net%2F20251111_50%2F1762866421344220QT_JPEG%2Fimage.jpg', 0, 'STANDARD', 0);
INSERT INTO room (accommodations_id, room_name, price, min_guests, max_guests, room_description, main_image_url, bathroom_count, room_type, bed_count) VALUES (8, '여성 도미토리 1(4인)', 25000, 2, 1, '일반객실, 기준 1인 (최대 1인)', 'https://search.pstatic.net/common/?autoRotate=true&quality=95&type=w750&src=https%3A%2F%2Fnaverbooking-phinf.pstatic.net%2F20251111_105%2F1762866423267U0f7a_JPEG%2Fimage.jpg', 0, 'STANDARD', 0);
INSERT INTO room (accommodations_id, room_name, price, min_guests, max_guests, room_description, main_image_url, bathroom_count, room_type, bed_count) VALUES (8, '여성 도미토리 2(4인)', 25000, 2, 1, '일반객실, 기준 1인 (최대 1인)', 'https://search.pstatic.net/common/?autoRotate=true&quality=95&type=w750&src=https%3A%2F%2Fnaverbooking-phinf.pstatic.net%2F20251111_9%2F1762866425541zp51p_JPEG%2Fimage.jpg', 0, 'STANDARD', 0);
INSERT INTO room (accommodations_id, room_name, price, min_guests, max_guests, room_description, main_image_url, bathroom_count, room_type, bed_count) VALUES (8, '여성 도미토리 3(4인)', 25000, 2, 1, '일반객실, 기준 1인 (최대 1인)', 'https://search.pstatic.net/common/?autoRotate=true&quality=95&type=w750&src=https%3A%2F%2Fnaverbooking-phinf.pstatic.net%2F20251111_2%2F1762866427679s4yt3_JPEG%2Fimage.jpg', 0, 'STANDARD', 0);
INSERT INTO room (accommodations_id, room_name, price, min_guests, max_guests, room_description, main_image_url, bathroom_count, room_type, bed_count) VALUES (8, '여성 도미토리 4(4인)', 25000, 2, 1, '일반객실, 기준 1인 (최대 1인)', 'https://search.pstatic.net/common/?autoRotate=true&quality=95&type=w750&src=https%3A%2F%2Fnaverbooking-phinf.pstatic.net%2F20251111_276%2F1762866429974qsb4W_JPEG%2Fimage.jpg', 0, 'STANDARD', 0);
INSERT INTO room (accommodations_id, room_name, price, min_guests, max_guests, room_description, main_image_url, bathroom_count, room_type, bed_count) VALUES (8, '남성 도미토리 1(4인)', 25000, 2, 1, '일반객실, 기준 1인 (최대 1인)', 'https://search.pstatic.net/common/?autoRotate=true&quality=95&type=w750&src=https%3A%2F%2Fnaverbooking-phinf.pstatic.net%2F20251111_85%2F1762866431952GtrTt_JPEG%2Fimage.jpg', 0, 'STANDARD', 0);
INSERT INTO room (accommodations_id, room_name, price, min_guests, max_guests, room_description, main_image_url, bathroom_count, room_type, bed_count) VALUES (8, '남성 도미토리 2(4인)', 25000, 2, 1, '일반객실, 기준 1인 (최대 1인)', 'https://search.pstatic.net/common/?autoRotate=true&quality=95&type=w750&src=https%3A%2F%2Fnaverbooking-phinf.pstatic.net%2F20251111_244%2F1762866433636bPiyt_JPEG%2Fimage.jpg', 0, 'STANDARD', 0);
INSERT INTO room (accommodations_id, room_name, price, min_guests, max_guests, room_description, main_image_url, bathroom_count, room_type, bed_count) VALUES (8, '남성 도미토리 3(4인)', 25000, 2, 1, '일반객실, 기준 1인 (최대 1인)', 'https://search.pstatic.net/common/?autoRotate=true&quality=95&type=w750&src=https%3A%2F%2Fnaverbooking-phinf.pstatic.net%2F20251111_208%2F1762866435363zTI1v_JPEG%2Fimage.jpg', 0, 'STANDARD', 0);
INSERT INTO room (accommodations_id, room_name, price, min_guests, max_guests, room_description, main_image_url, bathroom_count, room_type, bed_count) VALUES (8, '남성 도미토리 4(4인)', 25000, 2, 1, '일반객실, 기준 1인 (최대 1인)', 'https://search.pstatic.net/common/?autoRotate=true&quality=95&type=w750&src=https%3A%2F%2Fnaverbooking-phinf.pstatic.net%2F20251111_90%2F1762866437033tJHwT_JPEG%2Fimage.jpg', 0, 'STANDARD', 0);
INSERT INTO room (accommodations_id, room_name, price, min_guests, max_guests, room_description, main_image_url, bathroom_count, room_type, bed_count) VALUES (8, '6호실', 60000, 2, 2, '일반객실, 기준 2인 (최대 2인)', 'https://search.pstatic.net/common/?autoRotate=true&quality=95&type=w750&src=https%3A%2F%2Fnaverbooking-phinf.pstatic.net%2F20251111_12%2F17628664383851jFtR_JPEG%2Fimage.jpg', 0, 'STANDARD', 0);

INSERT INTO accommodation (accommodations_id, accommodations_name, accommodations_category, accommodations_description, city, district, address_detail, latitude, longitude, transport_info, parking_info, phone, rating, review_count, source_url, source_platform, sns, check_in_time, check_out_time, short_description) VALUES (9, '서귀포 섬게스트하우스', 'GUESTHOUSE', '요란한 저녁 단체 파티 안하는 섬게하 입니다.\n\n서귀포항 인근, 올레 7 코스에 위치한 이곳은 천지연 폭포 근처, 새섬과 새연교가 한눈에 들어오는 오션뷰 전망이 자랑입니다. 요란스런 저녁 단체 파티 없습니다. 합리적인 가격에 넓은 바다뷰를 제공하는 우리 숙소는 머무는 분들과 함께, 서귀포항의 아름다움을 느낄 수 있는 편안한 공간으로 자리 잡아 있습니다.\n\n야자수가 심어진 ''자구리 공원'', 먹거리 가득한 ''매일 올레시장'', 예쁜 가게들과 함께하는 ''이중섭 문화의 거리'' 등이 숙소 주변에 위치하고 있으며, 1시간 정도의 가벼운 산책코스로 사진에 보이는 새연교와 새섬 내 둘레길을 추천드립니다.\n\n계절과 당일 날씨의 허락하에 휴게실 내 통창과 야외 테라스 왼편으로 일출을 감상할 수 있으며, 오션뷰 객실과 테라스 우측으로는 범섬 사이로 떨어지는 일몰, 그와 동시에 켜지는 새연교의 아름다운 불빛을 감상하실 수 있습니다.\n20대 배낭 여행객부터 40 60 올레 탐방객들 까지, 머무시는 모든 분들에게 멋진 뷰와 더불어 편안함을 최우선으로 하는 숙소는 동일 건물 상주하는 관리자가 24시간 운영하는 CCTV와 함께 여러분의 안전을 책임집니다.\n\n서귀포항의 아름다운 뷰를 그대로 품은 우리 숙소에서 이번 여행의 특별함을 경험 해 보시는 건 어떨까요?', '제주', '서귀포시', '61-1 선영빌딩 6층', 33.2399473, 126.5629948, '건물 1층 주차장(칠십리로 61-1)\n건물 4층 주차장(천지연로 29번길 20)\n건너편 서귀포항 무료주차장 이용 가능합니다.\n\n600번 공항버스 이용 시 서귀포항 정류장에서 하차 후 걸어서 3분 거리에 위치해있습니다.\n\n자전거 이용시 보관창고 안내해드리겠습니다 연락주세요:)\n\n서귀포항 무료주차장', '주차가능\n무료', '0507-1430-1428', null, 372, 'https://map.naver.com/p/search/%EC%84%9C%EA%B7%80%ED%8F%AC+%EC%84%AC%EA%B2%8C%EC%8A%A4%ED%8A%B8%ED%95%98%EC%9A%B0%EC%8A%A4/place/1054101315?c=8.00,0,0,0,dh&placePath=/room?entry=pll&fromPanelNum=2&timestamp=202512181206&locale=ko&svcName=map_pcv5&searchText=%EC%84%9C%EA%B7%80%ED%8F%AC%2B%EC%84%AC%EA%B2%8C%EC%8A%A4%ED%8A%B8%ED%95%98%EC%9A%B0%EC%8A%A4&businessCategory=guesthouse&fromPanelNum=2&timestamp=202512181206&locale=ko&svcName=map_pcv5&searchText=%EC%84%9C%EA%B7%80%ED%8F%AC%2B%EC%84%AC%EA%B2%8C%EC%8A%A4%ED%8A%B8%ED%95%98%EC%9A%B0%EC%8A%A4&businessCategory=guesthouse&from=map', 'NAVER', NULL, '15:00', '11:00', '아름다운 바다 전망과 청결한 화장실');
INSERT INTO accommodation_theme (theme_id, accommodations_id) VALUES (1, 9);
INSERT INTO accommodation_amenity (amenity_id, accommodations_id) VALUES (5, 9);
INSERT INTO accommodation_amenity (amenity_id, accommodations_id) VALUES (3, 9);
INSERT INTO accommodation_amenity (amenity_id, accommodations_id) VALUES (1, 9);
INSERT INTO accommodation_amenity (amenity_id, accommodations_id) VALUES (7, 9);
INSERT INTO accommodation_amenity (amenity_id, accommodations_id) VALUES (4, 9);
INSERT INTO accommodation_amenity (amenity_id, accommodations_id) VALUES (19, 9);
INSERT INTO accommodation_image (accommodations_id, image_url, image_type, sort_order) VALUES (9, 'https://search.pstatic.net/common/?autoRotate=true&type=w560_sharpen&src=https%3A%2F%2Fldb-phinf.pstatic.net%2F20190108_228%2F1546929918290N6y7L_JPEG%2FDSC_1501.JPG', 'banner', 0);
INSERT INTO accommodation_image (accommodations_id, image_url, image_type, sort_order) VALUES (9, 'https://search.pstatic.net/common/?autoRotate=true&type=w278_sharpen&src=https%3A%2F%2Fldb-phinf.pstatic.net%2F20190102_198%2F1546417485895NLn6T_JPEG%2F19bhvrONRFxG_0AjEkP_W9p7.jpg', 'detail', 1);
INSERT INTO accommodation_image (accommodations_id, image_url, image_type, sort_order) VALUES (9, 'https://search.pstatic.net/common/?autoRotate=true&type=w278_sharpen&src=https%3A%2F%2Fldb-phinf.pstatic.net%2F20190129_12%2F1548754316024ga3Gj_JPEG%2F%25B8%25DE%25B8%25F0_%25B3%25B2%25B1%25E8.jpg', 'detail', 2);
INSERT INTO accommodation_image (accommodations_id, image_url, image_type, sort_order) VALUES (9, 'https://search.pstatic.net/common/?autoRotate=true&type=w278_sharpen&src=https%3A%2F%2Fldb-phinf.pstatic.net%2F20190323_76%2F1553332510652mvQc1_JPEG%2FDSC_1730.JPG', 'detail', 3);
INSERT INTO accommodation_image (accommodations_id, image_url, image_type, sort_order) VALUES (9, 'https://search.pstatic.net/common/?autoRotate=true&type=w278_sharpen&src=https%3A%2F%2Fldb-phinf.pstatic.net%2F20190108_215%2F15469299182875iWSp_JPEG%2FDSC_1329.JPG', 'detail', 4);
INSERT INTO room (accommodations_id, room_name, price, min_guests, max_guests, room_description, main_image_url, bathroom_count, room_type, bed_count) VALUES (9, '오션뷰 여자 도미토리 8인실', 20000, 2, 4, '공용객실, 기준 1인 (최대 4인) | 침실 1, 침대 5, 최소 1박', 'https://search.pstatic.net/common/?autoRotate=true&quality=95&type=w750&src=https%3A%2F%2Fnaverbooking-phinf.pstatic.net%2F20240303_184%2F1709475959300U7u1H_JPEG%2FDSC_1730.JPG', 0, 'STANDARD', 5);
INSERT INTO room (accommodations_id, room_name, price, min_guests, max_guests, room_description, main_image_url, bathroom_count, room_type, bed_count) VALUES (9, '오션뷰 남자 도미토리 8인실', 20000, 2, 4, '일반객실, 기준 1인 (최대 4인) | 침실 1, 침대 4, 최소 1박', 'https://search.pstatic.net/common/?autoRotate=true&quality=95&type=w750&src=https%3A%2F%2Fnaverbooking-phinf.pstatic.net%2F20240505_206%2F1714920819137nxGml_JPEG%2F20240225_171936.jpg', 0, 'STANDARD', 4);
INSERT INTO room (accommodations_id, room_name, price, min_guests, max_guests, room_description, main_image_url, bathroom_count, room_type, bed_count) VALUES (9, '도미토리 여자 3인실', 21000, 2, 3, '공용객실, 기준 1인 (최대 3인) | 침실 1, 침대 2, 최소 1박', 'https://search.pstatic.net/common/?autoRotate=true&quality=95&type=w750&src=https%3A%2F%2Fnaverbooking-phinf.pstatic.net%2F20240513_78%2F1715596155265ya6bY_JPEG%2FDSC_1558.JPG', 0, 'STANDARD', 2);
INSERT INTO room (accommodations_id, room_name, price, min_guests, max_guests, room_description, main_image_url, bathroom_count, room_type, bed_count) VALUES (9, '시티뷰 도미토리 여자 6인실', 19000, 2, 3, '공용객실, 기준 1인 (최대 3인) | 침실 1, 침대 3, 최소 1박', 'https://search.pstatic.net/common/?autoRotate=true&quality=95&type=w750&src=https%3A%2F%2Fnaverbooking-phinf.pstatic.net%2F20240304_161%2F1709512752545PsnJ1_JPEG%2FDSC_1614.JPG', 0, 'STANDARD', 3);
INSERT INTO room (accommodations_id, room_name, price, min_guests, max_guests, room_description, main_image_url, bathroom_count, room_type, bed_count) VALUES (9, '도미토리 남자 3인실', 21000, 2, 3, '공용객실, 기준 1인 (최대 3인) | 침실 1, 침대 2, 최소 1박', 'https://search.pstatic.net/common/?autoRotate=true&quality=95&type=w750&src=https%3A%2F%2Fnaverbooking-phinf.pstatic.net%2F20240513_179%2F1715596051938agWas_JPEG%2FDSC_1558.JPG', 0, 'STANDARD', 2);
INSERT INTO room (accommodations_id, room_name, price, min_guests, max_guests, room_description, main_image_url, bathroom_count, room_type, bed_count) VALUES (9, '시티뷰 퀸베드 1인실', 31000, 2, 1, '일반객실, 기준 1인 (최대 1인) | 침실 1, 침대 1, 최소 1박', 'https://search.pstatic.net/common/?autoRotate=true&quality=95&type=w750&src=https%3A%2F%2Fnaverbooking-phinf.pstatic.net%2F20240307_88%2F1709739107822JHWPp_JPEG%2Fd.jpg', 0, 'STANDARD', 1);
INSERT INTO room (accommodations_id, room_name, price, min_guests, max_guests, room_description, main_image_url, bathroom_count, room_type, bed_count) VALUES (9, '시티뷰 트윈베드룸', 40000, 2, 2, '일반객실, 기준 2인 (최대 2인) | 침실 1, 침대 2, 최소 1박', 'https://search.pstatic.net/common/?autoRotate=true&quality=95&type=w750&src=https%3A%2F%2Fnaverbooking-phinf.pstatic.net%2F20190108_177%2F1546932532336lNsLG_JPEG%2FLBS_6118-1.jpg', 0, 'STANDARD', 2);
INSERT INTO room (accommodations_id, room_name, price, min_guests, max_guests, room_description, main_image_url, bathroom_count, room_type, bed_count) VALUES (9, '오션뷰 파노라마 1인실', 35000, 2, 1, '일반객실, 기준 1인 (최대 1인) | 침실 1, 침대 1, 최소 1박', 'https://search.pstatic.net/common/?autoRotate=true&quality=95&type=w750&src=https%3A%2F%2Fnaverbooking-phinf.pstatic.net%2F20190108_149%2F1546934553601rS14f_JPEG%2FDSC_1517.JPG', 0, 'STANDARD', 1);

INSERT INTO accommodation (accommodations_id, accommodations_name, accommodations_category, accommodations_description, city, district, address_detail, latitude, longitude, transport_info, parking_info, phone, rating, review_count, source_url, source_platform, sns, check_in_time, check_out_time, short_description) VALUES (10, '서귀포 삼달가옥감성숙소', 'GUESTHOUSE', '안녕하세요! [삼달가옥 감성숙소] 입니다~\n\n통창 넘어로 계절이 흐르는 ,조용한 정원의 숙소\n혼자쉬기좋은, 소음없이 완전한 쉼이 허락되는곳\n아이들과가기 좋은 제주\n\n저희 삼달가옥감성숙소 드라마 촬영지로 유명한\n 삼달리 바닷가 작은 마을에\n위치한 70년 세월을 견뎌낸 돌집으로\n만들어졌고, 오래도록 동네 이장님댁이였던\n구옥을 날것 그대로의 정겨움과 현대적인\n시설이 어우러진 곳입니다 :)\n\n싱그러운 제주 바람과 함께 맑고 깨끗한\n바다를 가까운 곳에서 만나보실 수 있어요.\n언제나 저희 숙소에 방문해주시는 분들을\n위해서 완벽한 컨디션을 유지 관리하고있습니다.\n\n친구, 가족, 연인과 함께 새소리와\n햇살 가득한 정원에서 오롯이 쉼이\n될 수 있는 힐링스테이를 느껴보세요!\n\n많은 이용 부탁드립니다~ 감사합니다.\n\n::이용안내::\n-입/퇴 - 16:00/11:00\n-기준인원 초과시 1인당 2만원\n-연박예약시 1회 조식제공\n-자쿠지는 본채에만 해당됩니다.\n-바베큐장 (숯은 제공x)\n\n::주변 관광지::\n아쿠아플라넷/섭지코지/성산일출봉\n표선해수욕장/드르쿰다 in 성산\n신천목장도보가능/일출명소\n이호해수욕장/낚시스팟\n월컴투삼달리촬영지\n해녀스팟', '제주', '서귀포시', '삼달하동로17번길 9', 33.3689471, 126.8705524, 'GS25 성산삼달점에서 도보 5분거리에 위치하고 있습니다.', NULL, NULL, null, 67, 'https://map.naver.com/p/entry/place/1427260807?c=15.00,0,0,0,dh&placePath=/room?entry=bmp&fromPanelNum=1&additionalHeight=76&timestamp=202512181206&locale=ko&svcName=map_pcv5&businessCategory=pension&fromPanelNum=1&additionalHeight=76&timestamp=202512181206&locale=ko&svcName=map_pcv5&businessCategory=pension&from=map', 'NAVER', 'Instagram: https://www.instagram.com/samdal_gaok/', NULL, NULL, '정겨운 분위기와 가까운 바다의 매력');
INSERT INTO accommodation_theme (theme_id, accommodations_id) VALUES (3, 10);
INSERT INTO accommodation_theme (theme_id, accommodations_id) VALUES (1, 10);
INSERT INTO accommodation_amenity (amenity_id, accommodations_id) VALUES (20, 10);
INSERT INTO accommodation_amenity (amenity_id, accommodations_id) VALUES (21, 10);
INSERT INTO accommodation_amenity (amenity_id, accommodations_id) VALUES (22, 10);
INSERT INTO accommodation_amenity (amenity_id, accommodations_id) VALUES (23, 10);
INSERT INTO accommodation_amenity (amenity_id, accommodations_id) VALUES (6, 10);
INSERT INTO accommodation_amenity (amenity_id, accommodations_id) VALUES (15, 10);
INSERT INTO accommodation_amenity (amenity_id, accommodations_id) VALUES (4, 10);
INSERT INTO accommodation_amenity (amenity_id, accommodations_id) VALUES (11, 10);
INSERT INTO accommodation_amenity (amenity_id, accommodations_id) VALUES (1, 10);
INSERT INTO accommodation_amenity (amenity_id, accommodations_id) VALUES (2, 10);
INSERT INTO accommodation_amenity (amenity_id, accommodations_id) VALUES (24, 10);
INSERT INTO accommodation_image (accommodations_id, image_url, image_type, sort_order) VALUES (10, 'https://search.pstatic.net/common/?autoRotate=true&type=w560_sharpen&src=https%3A%2F%2Fldb-phinf.pstatic.net%2F20250630_4%2F1751251876440RfMb8_JPEG%2FKakaoTalk_20250630_114657745_06.jpg', 'banner', 0);
INSERT INTO accommodation_image (accommodations_id, image_url, image_type, sort_order) VALUES (10, 'https://search.pstatic.net/common/?autoRotate=true&type=w278_sharpen&src=https%3A%2F%2Fldb-phinf.pstatic.net%2F20251203_26%2F1764737022091DPLO8_JPEG%2FKakaoTalk_20251203_130820067.jpg', 'detail', 1);
INSERT INTO accommodation_image (accommodations_id, image_url, image_type, sort_order) VALUES (10, 'https://search.pstatic.net/common/?autoRotate=true&type=w278_sharpen&src=https%3A%2F%2Fldb-phinf.pstatic.net%2F20251117_212%2F1763341491234FA7qg_JPEG%2F%25BA%25B0%25C3%25A4%25C1%25A4%25BF%25F8.jpg', 'detail', 2);
INSERT INTO accommodation_image (accommodations_id, image_url, image_type, sort_order) VALUES (10, 'https://search.pstatic.net/common/?autoRotate=true&type=w278_sharpen&src=https%3A%2F%2Fldb-phinf.pstatic.net%2F20251117_213%2F1763341484841I7kjL_JPEG%2F%25BA%25B0%25C3%25A4.jpg', 'detail', 3);
INSERT INTO accommodation_image (accommodations_id, image_url, image_type, sort_order) VALUES (10, 'https://search.pstatic.net/common/?autoRotate=true&type=w278_sharpen&src=https%3A%2F%2Fldb-phinf.pstatic.net%2F20251117_152%2F17633405884027auUC_JPEG%2F%25BA%25BB%25C3%25A42.jpg', 'detail', 4);
INSERT INTO room (accommodations_id, room_name, price, min_guests, max_guests, room_description, main_image_url, bathroom_count, room_type, bed_count) VALUES (10, '별채', 160000, 2, 2, '일반객실, 기준 2인 (최대 2인)', 'https://search.pstatic.net/common/?autoRotate=true&quality=95&type=w750&src=https%3A%2F%2Fnaverbooking-phinf.pstatic.net%2F20251216_143%2F1765876847020cDH9y_JPEG%2Fimage.jpg', 0, 'STANDARD', 0);
INSERT INTO room (accommodations_id, room_name, price, min_guests, max_guests, room_description, main_image_url, bathroom_count, room_type, bed_count) VALUES (10, '본채', 261000, 2, 5, '일반객실, 기준 5인 (최대 5인)', 'https://search.pstatic.net/common/?autoRotate=true&quality=95&type=w750&src=https%3A%2F%2Fnaverbooking-phinf.pstatic.net%2F20251216_129%2F17658768485360vHfq_JPEG%2Fimage.jpg', 0, 'STANDARD', 0);

INSERT INTO accommodation (accommodations_id, accommodations_name, accommodations_category, accommodations_description, city, district, address_detail, latitude, longitude, transport_info, parking_info, phone, rating, review_count, source_url, source_platform, sns, check_in_time, check_out_time, short_description) VALUES (11, '제주도게스트하우스파티애월 한담누리', 'GUESTHOUSE', '-------------------- [ 한담 누리 소개 ] --------------------\n\n한담누리는 설렘과 즐거움이 함께하는 No.1 게하!\n비수기 평일 30명 성수기 60명\n제주에서 만나는 솔로 파티 & 게하파티\n\n레트로한 낮은 조도 속\n40명 ~ 60명 내외 함께하는 설레고 즐거움 가득한 파티를 경험해 보세요!\n\n-------------- [ 한담누리가 특별한 이유 ] --------------\n\n01) 솔로파티 & 신나는 게하 파티\n- 설레일 때는 너무 설레고\n- 2000s 이후 음악을 듣고 부르며 신나게 춤출수 있는 파티\n\n02) 최고의 성비\n- 남녀 비율 1:1 ~ 3:1 항시 유지 중\n- 365일 파티 전 / 후 인스타 성비 및 분위기 공개!\n- 365일 끊이지 않는 파티\n\n03) 흥 뿜뿜&설렘 폭팔 다양한 진행\n- 씨그럽게만 노는 게스트하우스가 아니에요.\n- 극 i도 혼자여도 누구나 쉽게 어울릴 수 있게 다양한 진행이 준비되어 있어요.\n\n04) 제주 No.1 셰프가 그날 잡은 회로 차려주는 JMT 한창 차림\n- 1차 안주 : 회, 수육, 두부김치, 샐러드, 스낵\n- 2차 안주 : 떡볶이, 순대, 튀김, 제철과일\n- 인당 소주 1병씩\n\n05) i 거나 혼자여도 걱정하지 마세요\n- 우주 최강 i케어 전문가들이 항시 대기 중이고,\n- 혼자 오시는 분들도 많고 한달살이 중인 스텝분들도 많아서 안심하셔도 돼요\n\n06) 365일 다양한 게임과 선물\n- 주류 세트에서부터, 음료, 제주 특산품 감귤 모자 등 선물이 와르르~\n\n07) 편의점 도보 5분 거리 위치\n- 파티 중간중간 필요한 거 구매할 수 있어 편리해요.\n\n------------------------- [ 주의 ] -------------------------\n\n편안한 소통을 위해 대화 참여 부탁 드립니다\n\n------------------ [ 파티 신청 및 안내 ] ------------------\n\n※ 투숙객은 당일 오후 1시 이전에 문자로 안내 드리고 신청 받아요 ※\n\n- 파티만 신청은 010 - 2525 - 4372 문자로\n날짜 / 성별 / 인원수 / 파티만\n보내주시면 빠르게 안내 드려요\n\n숙소 내 흡연 또는 주류, 음식은 절대\n반입 불가입니다. 적발 시 퇴실 조치 되실 수 있습니다.\n\n좋은 사람들과 함께 즐겁게 즐기시고\n파티가 끝난 후에는 편안한 객실에서 푹 쉬세요.\n\n파티는 만39세 이하만 신청가능해요.\n\n※ 파티장과 객실 모든 곳이 합법적으로 운영 중이에요!\n※ 파티 촬영 있을 수 있으나 모자이크 처리해 드려요! 안심해 주세요!\n※ 안내사항 미숙지로 인한 문제 발생 시 책임을 지지 않습니다.\n\n- 19:55 : 1차 파티 시작\n- 22:00 : 2차 파티 시작\n\n친구에게 잘 PICK 했다고\n칭찬 들으실 분 지금 바로 예약해 주세요!\n\n------------------------ [객실 비품] ------------------------\n\n- 수건, 폼클렌징, 샴푸, 린스, 치약, 비누, 드라이기, 고데기\n- 에어컨, 디퓨저\n\n---------------------- [ 한담 누리 ] ----------------------\n\n''효리네 민박''에서 ''아이유''가 거닐던 ''한담해안산책로'' 일명 ''한담누리길''\n바다와\n일몰에 꽂혀 한담에 터를 잡았고 게하 이름 또한 ''한담누리''로 작명했습니다\n\n한담해안산책로는 제주 숨은 비경 13개 중 하나에 꼽힐 만큼 너무 아름다운 곳이에요.\n일몰을 보며 산책하면 없던 분위기도 올라온답니다^^\n\n숙박료의 거품을 뺀 최고의 시설,\n가격이 착한 제주도 게스트하우스!\n\n낯선 인연들과 함께 여행의 정보도 나누고,\n새로운 만남의 즐거움도 느끼면서~\n소소한 인생 이야기도 나누며,\n뜻깊고 새로운 경험을 만들어 가보세요\n\n항상 발전하는 한담 누리가 될게요!!\n\n인스타\n@handamnuri_jejudo', '제주', '제주시', '일주서로 6158', 33.4592737, 126.3123833, '[ 대중교통 이용 시 ]\n\n공항 4번 게이트 - (102번) 타고 애월환승 - 서일주노선(202번) 타고 - 한담동 토비스 콘도 에서 내려 -서귀포 방향 GS25시 편의점 지나 길건너 삼거리 신호등 건너서 왼편 - GS 편의점이 있는 제주도 NO.1 ''한담누리 게스트하우스''로 오시면 되십니다\n\n[ 차량 이용 시 ]\n\n네비게이션에 ''한담누리 게스트하우스'' 검색하시어 오신 뒤 주차장에 주차하시면 되시겠습니다:)', '주차가능\n무료', '0507-1448-4440', null, 12368, 'https://map.naver.com/p/search/%EC%A0%9C%EC%A3%BC%EB%8F%84%EA%B2%8C%EC%8A%A4%ED%8A%B8%ED%95%98%EC%9A%B0%EC%8A%A4%ED%8C%8C%ED%8B%B0%EC%95%A0%EC%9B%94+%ED%95%9C%EB%8B%B4%EB%88%84%EB%A6%AC/place/21290250?c=15.00,0,0,0,dh&placePath=/room?entry=bmp&fromPanelNum=2&timestamp=202512181207&locale=ko&svcName=map_pcv5&searchText=%EC%A0%9C%EC%A3%BC%EB%8F%84%EA%B2%8C%EC%8A%A4%ED%8A%B8%ED%95%98%EC%9A%B0%EC%8A%A4%ED%8C%8C%ED%8B%B0%EC%95%A0%EC%9B%94%2B%ED%95%9C%EB%8B%B4%EB%88%84%EB%A6%AC&businessCategory=guesthouse&fromPanelNum=2&timestamp=202512181207&locale=ko&svcName=map_pcv5&searchText=%EC%A0%9C%EC%A3%BC%EB%8F%84%EA%B2%8C%EC%8A%A4%ED%8A%B8%ED%95%98%EC%9A%B0%EC%8A%A4%ED%8C%8C%ED%8B%B0%EC%95%A0%EC%9B%94%2B%ED%95%9C%EB%8B%B4%EB%88%84%EB%A6%AC&businessCategory=guesthouse&from=map', 'NAVER', 'Instagram: https://www.instagram.com/handamnuri_jejudo/\nBlog: https://blog.naver.com/handam_nuri', '17:00', '11:00', '친절한 서비스와 분위기 좋은 장소에서의 휴식');
INSERT INTO accommodation_theme (theme_id, accommodations_id) VALUES (1, 11);
INSERT INTO accommodation_theme (theme_id, accommodations_id) VALUES (3, 11);
INSERT INTO accommodation_amenity (amenity_id, accommodations_id) VALUES (8, 11);
INSERT INTO accommodation_amenity (amenity_id, accommodations_id) VALUES (4, 11);
INSERT INTO accommodation_amenity (amenity_id, accommodations_id) VALUES (5, 11);
INSERT INTO accommodation_amenity (amenity_id, accommodations_id) VALUES (6, 11);
INSERT INTO accommodation_amenity (amenity_id, accommodations_id) VALUES (7, 11);
INSERT INTO accommodation_amenity (amenity_id, accommodations_id) VALUES (14, 11);
INSERT INTO accommodation_amenity (amenity_id, accommodations_id) VALUES (15, 11);
INSERT INTO accommodation_amenity (amenity_id, accommodations_id) VALUES (10, 11);
INSERT INTO accommodation_amenity (amenity_id, accommodations_id) VALUES (17, 11);
INSERT INTO accommodation_image (accommodations_id, image_url, image_type, sort_order) VALUES (11, 'https://search.pstatic.net/common/?autoRotate=true&type=w560_sharpen&src=https%3A%2F%2Fnaverbooking-phinf.pstatic.net%2F20250508_255%2F1746714860116Ydysh_JPEG%2F%25C6%25C4%25C6%25BC3.JPG', 'banner', 0);
INSERT INTO accommodation_image (accommodations_id, image_url, image_type, sort_order) VALUES (11, 'https://search.pstatic.net/common/?autoRotate=true&type=w278_sharpen&src=https%3A%2F%2Fnaverbooking-phinf.pstatic.net%2F20250512_133%2F1747033654158TxXAB_JPEG%2FKakaoTalk_20250511_163042268_04.jpg', 'detail', 1);
INSERT INTO accommodation_image (accommodations_id, image_url, image_type, sort_order) VALUES (11, 'https://search.pstatic.net/common/?autoRotate=true&type=w278_sharpen&src=https%3A%2F%2Fldb-phinf.pstatic.net%2F20240919_107%2F1726732336150kHwP0_JPEG%2FKakaoTalk_20240726_233306883_18.jpg', 'detail', 2);
INSERT INTO accommodation_image (accommodations_id, image_url, image_type, sort_order) VALUES (11, 'https://search.pstatic.net/common/?autoRotate=true&type=w278_sharpen&src=https%3A%2F%2Fnaverbooking-phinf.pstatic.net%2F20231003_243%2F1696303499294NEdjr_JPEG%2Fimage.jpg', 'detail', 3);
INSERT INTO accommodation_image (accommodations_id, image_url, image_type, sort_order) VALUES (11, 'https://search.pstatic.net/common/?autoRotate=true&type=w278_sharpen&src=https%3A%2F%2Fldb-phinf.pstatic.net%2F20240919_166%2F17267323862838A5pk_JPEG%2FKakaoTalk_20240122_162914093_27.jpg', 'detail', 4);
INSERT INTO room (accommodations_id, room_name, price, min_guests, max_guests, room_description, main_image_url, bathroom_count, room_type, bed_count) VALUES (11, '[특가] 트윈룸 (2인 기준, 파티 필참)', 50000, 2, 3, '일반객실, 기준 2인 (최대 3인) | 침실 1, 침대 2, 욕실 1, 최소 1박', 'https://search.pstatic.net/common/?autoRotate=true&quality=95&type=w750&src=https%3A%2F%2Fnaverbooking-phinf.pstatic.net%2F20250508_263%2F1746715709864vqOI8_JPEG%2F%25C6%25C4%25C6%25BC13.JPG', 1, 'STANDARD', 2);
INSERT INTO room (accommodations_id, room_name, price, min_guests, max_guests, room_description, main_image_url, bathroom_count, room_type, bed_count) VALUES (11, '[특가] 남성 4인실 (1인 기준, 파티필참)', 24000, 2, 4, '공용객실, 기준 1인 (최대 4인) | 침실 1, 침대 2, 욕실 1, 최소 1박', 'https://search.pstatic.net/common/?autoRotate=true&quality=95&type=w750&src=https%3A%2F%2Fnaverbooking-phinf.pstatic.net%2F20211204_141%2F1638582718972UxRTJ_JPEG%2F2021-07-23-12-02-33-133.jpg', 1, 'STANDARD', 2);
INSERT INTO room (accommodations_id, room_name, price, min_guests, max_guests, room_description, main_image_url, bathroom_count, room_type, bed_count) VALUES (11, '[특가] 여성 4인실 (1인 기준, 파티 필참)', 9900, 2, 4, '일반객실, 기준 1인 (최대 4인) | 침실 1, 침대 2, 욕실 1, 최소 1박', 'https://search.pstatic.net/common/?autoRotate=true&quality=95&type=w750&src=https%3A%2F%2Fnaverbooking-phinf.pstatic.net%2F20230813_186%2F1691904277286Fr1en_JPEG%2F20230801_141527.jpg', 1, 'STANDARD', 2);
INSERT INTO room (accommodations_id, room_name, price, min_guests, max_guests, room_description, main_image_url, bathroom_count, room_type, bed_count) VALUES (11, '[특가] 남성 8인캡슐룸 (1인 기준)', 20000, 2, 8, '공용객실, 기준 1인 (최대 8인) | 침실 1, 침대 4, 욕실 2, 최소 1박', 'https://search.pstatic.net/common/?autoRotate=true&quality=95&type=w750&src=https%3A%2F%2Fnaverbooking-phinf.pstatic.net%2F20211204_231%2F1638582794034hVdUN_JPEG%2F2021-07-23-12-02-33-133.jpg', 2, 'STANDARD', 4);
INSERT INTO room (accommodations_id, room_name, price, min_guests, max_guests, room_description, main_image_url, bathroom_count, room_type, bed_count) VALUES (11, '[특가] 남성 2인캡슐룸(2인, 신축)', 50000, 2, 2, '일반객실, 기준 2인 (최대 2인) | 침실 1, 침대 1, 욕실 1, 최소 1박', 'https://search.pstatic.net/common/?autoRotate=true&quality=95&type=w750&src=https%3A%2F%2Fnaverbooking-phinf.pstatic.net%2F20211204_141%2F1638582718972UxRTJ_JPEG%2F2021-07-23-12-02-33-133.jpg', 1, 'STANDARD', 1);
INSERT INTO room (accommodations_id, room_name, price, min_guests, max_guests, room_description, main_image_url, bathroom_count, room_type, bed_count) VALUES (11, '[특가] 여성 2인캡슐룸 (신축, 2인기준, 파티필참)', 48000, 2, 2, '일반객실, 기준 1인 (최대 2인) | 침실 1, 침대 2, 욕실 1, 최소 1박', 'https://search.pstatic.net/common/?autoRotate=true&quality=95&type=w750&src=https%3A%2F%2Fnaverbooking-phinf.pstatic.net%2F20230702_117%2F1688279693403hlma6_JPEG%2Fcu1687704067298.jpg', 1, 'STANDARD', 2);
INSERT INTO room (accommodations_id, room_name, price, min_guests, max_guests, room_description, main_image_url, bathroom_count, room_type, bed_count) VALUES (11, '[특가] 별관 더블룸 (2인기준)', 70000, 2, 4, '일반객실, 기준 2인 (최대 4인) | 침실 1, 침대 2, 욕실 1, 최소 1박', 'https://search.pstatic.net/common/?autoRotate=true&quality=95&type=w750&src=https%3A%2F%2Fnaverbooking-phinf.pstatic.net%2F20250924_245%2F1758704676221CMIDT_JPEG%2F%25B3%25AA%25B5%25F0%25BE%25DF1.jpg', 1, 'STANDARD', 2);
INSERT INTO room (accommodations_id, room_name, price, min_guests, max_guests, room_description, main_image_url, bathroom_count, room_type, bed_count) VALUES (11, '[특가] 별관 남성 더블룸 (2인 기준, 개별 화장실)', 75000, 2, 3, '일반객실, 기준 2인 (최대 3인) | 침실 1, 침대 1, 욕실 1, 최소 1박', 'https://search.pstatic.net/common/?autoRotate=true&quality=95&type=w750&src=https%3A%2F%2Fnaverbooking-phinf.pstatic.net%2F20250731_241%2F1753962656390jrkEe_JPEG%2FKakaoTalk_20250729_142125810_01.jpg', 1, 'STANDARD', 1);
INSERT INTO room (accommodations_id, room_name, price, min_guests, max_guests, room_description, main_image_url, bathroom_count, room_type, bed_count) VALUES (11, '[오픈특가] 3인실 (3인 기준, 최대4인, 신축)', 75000, 2, 3, '일반객실, 기준 3인 (최대 3인) | 침실 1, 침대 2, 욕실 1, 최소 1박', 'https://search.pstatic.net/common/?autoRotate=true&quality=95&type=w750&src=https%3A%2F%2Fnaverbooking-phinf.pstatic.net%2F20220408_17%2F1649390236082gcSja_JPEG%2F20220320_163826.jpg', 1, 'STANDARD', 2);

INSERT INTO accommodation (accommodations_id, accommodations_name, accommodations_category, accommodations_description, city, district, address_detail, latitude, longitude, transport_info, parking_info, phone, rating, review_count, source_url, source_platform, sns, check_in_time, check_out_time, short_description) VALUES (12, '제주 구덕 게스트하우스', 'GUESTHOUSE', '[ 구덕의 의미는? ]\n- 제주도 방언으로 ''요람''이라는 뜻입니다 :)\n 방문해주시는 손님분들 편안하게 지내실 수 있도록 편안함을 상징합니다!\n\n[ 구덕게스트하우스 위치 ]\n- 서귀포 중심가(시내)에 위치!\n\n- 올레길 6코스/ 7코스 사이에 위치\n\n- 천지연폭포/새연교 도보 10분, 매일올레시장 도보 10분, 정방폭포 도보 20분\n 도보 5-10분거리에 다수의 버스정류장 위치\n 도보 5분거리에 공항버스(리무진버스) 정류장 위치\n 자구리해안 도보 5분, 황우지해안 차량 5분\n 쇠소깍 차량 20분, 외돌개 차량 5분, 중문관광단지 차량 20분\n 한라산 대중교통/차량 30분, 성산일출봉 차량 1시간 등\n\n[ 구덕게스트하우스 편의시설 ]\n- 외국인들이 많이 찾는 제주 최초의 게스트하우스 !!\n (영어 가능한 직원 근무)\n\n- 객실 층 제외 1층/6층 (공용시설) CCTV 24시간 운영중\n\n- 해외에 온 듯한 다양한 나라의 분위기인 인테리어\n\n- 옥상(6층)에 편의시설과 취사시설이 가능한 휴게공간 + 새연교와 바다 뷰는 덤!\n+ 손님분들의 편의를 위해 PM 11 : 30 ~ AM 06 : 00 를 제외하고\n 편의시설과 취사시설을 개방하고있습니다. 설거지와 뒷정리 꼭 부탁드립니다 :)\n\n- 모든 객실 내 화장실 / 샤워실 보유 (샴푸, 린스, 바디워시, 치약 제공)\n\n- 세탁기이용 (1회에 3,000원)\n+ 세탁기 이용 후 건조는 옥상에 있는 건조대를 사용하시거나\n 도보 1분거리 빨래방을 이용하시면됩니다 :)\n\n- 한라산 등반시, 스틱과 아이젠 대여 가능(당일 체크아웃하시는 분들은 제외)\n\n- 자전거를 타고 올 경우, 자전거 게스트하우스 내부에 보관가능\n\n- 체크인 전/ 체크아웃 후, 짐보관 가능\n\n[ 구덕게스트하우스 주변 맛집 ]\n- 기억나는집(해물탕) 도보 1분, 새서울두루치기(두루치기) 도보 3분\n 유동커피 도보 3분, 네거리식당(갈치조림) 도보 5분\n 금바우식당(흑돼지) 도보 3분, 포카츠(쌀국수, 돈가스) 도보 1분\n 제주할망뚝배기 도보 5분 등\n\n* 게스트하우스 안에는 게스트하우스 마스코트 시베리안허스키 덕이가 있습니다 :)\n\n* 일주일살기/ 한달살기 등 장기 숙박은 직접 문의주시면\n 다른 예약사이트보다 조금 더 저렴한 가격으로 예약가능합니다 :)\n\n* 조식은 포함되지 않은 금액입니다 :)\n + 조식은? (현장결제가능)\n 가격: 1인기준 3,000원\n 메뉴: 토스트, 계란, 치즈, 버터, 커피, 주스 등 재료 제공\n 시간: 오전 7시 30분 - 오전 9시 30분', '제주', '서귀포시', '20 구덕게스트하우스', 33.2441025, 126.5623603, '1. 공항 5번게이트 앞에서 600번버스를 타고 샛기정공원에서 내려서\n버스가 가는 방향으로 5분정도 걸어오면 바로 게스트하우스가 보입니다. - 1시간 30분소요(추천!!)\n\n2.공항에서 182/181번 버스를 타서 서귀포일호광장/서귀포등기소에 내려서 천지연폭포\n방향으로 15분정도 내려오다보면 바로 게스트하우스가 보입니다. - 1시간 20분소요\n\n3. 공항에서 픽업서비스 없습니다!!!!!! (참고부탁드립니다!!)', NULL, '0507-1402-2380', null, 98, 'https://map.naver.com/p/search/%EC%A0%9C%EC%A3%BC+%EA%B5%AC%EB%8D%95+%EA%B2%8C%EC%8A%A4%ED%8A%B8%ED%95%98%EC%9A%B0%EC%8A%A4/place/13181509?isCorrectAnswer=true&c=15.00,0,0,0,dh&placePath=/room?fromPanelNum=1&additionalHeight=76&timestamp=202512181207&locale=ko&svcName=map_pcv5&searchText=%EC%A0%9C%EC%A3%BC%2B%EA%B5%AC%EB%8D%95%2B%EA%B2%8C%EC%8A%A4%ED%8A%B8%ED%95%98%EC%9A%B0%EC%8A%A4&businessCategory=guesthouse&additionalHeight=76&timestamp=202512181207&locale=ko&svcName=map_pcv5&searchText=%EC%A0%9C%EC%A3%BC%2B%EA%B5%AC%EB%8D%95%2B%EA%B2%8C%EC%8A%A4%ED%8A%B8%ED%95%98%EC%9A%B0%EC%8A%A4&businessCategory=guesthouse&fromPanelNum=1', 'NAVER', 'Instagram: https://www.instagram.com/gudeok_guesthouse/', '15:00', '10:30', '친절한 사장님과 멋진 인테리어의 숙박');
INSERT INTO accommodation_theme (theme_id, accommodations_id) VALUES (4, 12);
INSERT INTO accommodation_theme (theme_id, accommodations_id) VALUES (1, 12);
INSERT INTO accommodation_amenity (amenity_id, accommodations_id) VALUES (1, 12);
INSERT INTO accommodation_amenity (amenity_id, accommodations_id) VALUES (7, 12);
INSERT INTO accommodation_amenity (amenity_id, accommodations_id) VALUES (6, 12);
INSERT INTO accommodation_amenity (amenity_id, accommodations_id) VALUES (4, 12);
INSERT INTO accommodation_image (accommodations_id, image_url, image_type, sort_order) VALUES (12, 'https://search.pstatic.net/common/?autoRotate=true&type=w560_sharpen&src=https%3A%2F%2Fldb-phinf.pstatic.net%2F20210225_87%2F1614239688247vDISL_JPEG%2F1%25BA%25CE%25C5%25B7%25C5%25A9%25B1%25E2%25BA%25AF%25C8%25AF%25BA%25CE%25C5%25B7%25C5%25A9%25B1%25E2%25BA%25AF%25C8%25AFKakaoTalk_20210223_135100620_14.jpg', 'banner', 0);
INSERT INTO accommodation_image (accommodations_id, image_url, image_type, sort_order) VALUES (12, 'https://search.pstatic.net/common/?autoRotate=true&type=w278_sharpen&src=https%3A%2F%2Fldb-phinf.pstatic.net%2F20210225_73%2F1614239688238KihYF_JPEG%2F1%25BA%25CE%25C5%25B7%25C5%25A9%25B1%25E2%25BA%25AF%25C8%25AF%25BA%25CE%25C5%25B7%25C5%25A9%25B1%25E2%25BA%25AF%25C8%25AFKakaoTalk_20210223_135100620_15.jpg', 'detail', 1);
INSERT INTO accommodation_image (accommodations_id, image_url, image_type, sort_order) VALUES (12, 'https://search.pstatic.net/common/?autoRotate=true&type=w278_sharpen&src=https%3A%2F%2Fldb-phinf.pstatic.net%2F20210225_177%2F1614239688247tXWKG_JPEG%2F%25BA%25CE%25C5%25B7%25BB%25E7%25C0%25CC%25C1%25EE%25C5%25A9%25B1%25E2%25BA%25AF%25C8%25AFKakaoTalk_20190103_142956881.jpg', 'detail', 2);
INSERT INTO accommodation_image (accommodations_id, image_url, image_type, sort_order) VALUES (12, 'https://search.pstatic.net/common/?autoRotate=true&type=w278_sharpen&src=https%3A%2F%2Fldb-phinf.pstatic.net%2F20210225_196%2F1614239688275LavDe_JPEG%2F1%25BA%25CE%25C5%25B7%25C5%25A9%25B1%25E2%25BA%25AF%25C8%25AF%25BA%25CE%25C5%25B7%25C5%25A9%25B1%25E2%25BA%25AF%25C8%25AFKakaoTalk_20210223_135100620_16.jpg', 'detail', 3);
INSERT INTO accommodation_image (accommodations_id, image_url, image_type, sort_order) VALUES (12, 'https://search.pstatic.net/common/?autoRotate=true&type=w278_sharpen&src=https%3A%2F%2Fldb-phinf.pstatic.net%2F20210225_139%2F1614239688221ki1Gt_JPEG%2FKakaoTalk_20210223_135612297_02.jpg', 'detail', 4);
INSERT INTO room (accommodations_id, room_name, price, min_guests, max_guests, room_description, main_image_url, bathroom_count, room_type, bed_count) VALUES (12, '트윈룸(22시입실마감)', 40000, 2, 2, '일반객실, 기준 2인 (최대 2인)', 'https://search.pstatic.net/common/?autoRotate=true&quality=95&type=w750&src=https%3A%2F%2Fnaverbooking-phinf.pstatic.net%2F20251111_185%2F17628113844274kCOi_JPEG%2Fimage.jpg', 0, 'STANDARD', 0);
INSERT INTO room (accommodations_id, room_name, price, min_guests, max_guests, room_description, main_image_url, bathroom_count, room_type, bed_count) VALUES (12, '싱글룸(22시입실마감)', 35000, 2, 1, '일반객실, 기준 1인 (최대 1인)', 'https://search.pstatic.net/common/?autoRotate=true&quality=95&type=w750&src=https%3A%2F%2Fnaverbooking-phinf.pstatic.net%2F20251111_69%2F1762811386657JDNA0_JPEG%2Fimage.jpg', 0, 'STANDARD', 0);
INSERT INTO room (accommodations_id, room_name, price, min_guests, max_guests, room_description, main_image_url, bathroom_count, room_type, bed_count) VALUES (12, '더블룸(22시입실마감)', 40000, 2, 2, '일반객실, 기준 2인 (최대 2인)', 'https://search.pstatic.net/common/?autoRotate=true&quality=95&type=w750&src=https%3A%2F%2Fnaverbooking-phinf.pstatic.net%2F20251111_230%2F1762811388048Eojl0_JPEG%2Fimage.jpg', 0, 'STANDARD', 0);

INSERT INTO accommodation (accommodations_id, accommodations_name, accommodations_category, accommodations_description, city, district, address_detail, latitude, longitude, transport_info, parking_info, phone, rating, review_count, source_url, source_platform, sns, check_in_time, check_out_time, short_description) VALUES (13, '제주 린든 게스트하우스', 'GUESTHOUSE', '[공지사항]\n예약 전 상담은\n가카오 오픈채팅 /제주린든/ 검색\n단톡방에 오시면 9명에 스텝들이\n게스트님에게 도움 드릴 것입니다\n\n린든 라운지에서\n85인치 티비로 즐기는 오늘의영화 보며 파티!\n21시 오늘의 영화 상영시 각종꽁자안주 서비스\n쉽고 편리한 무료 여행사진 인화 서비스\n컴퓨터, 플레이스테이션 무료 사용\n각종 무료 서비스 제공 린든 셀프 스토어 등\n다양한 서비스 와 이벤트 진행하고 있습니다.\n\n게스트님께서 꼼꼼히 챙겨 수준 높은 린든사용 가성비를 경험하시기 바랍니다.\n\n2인 도미토리 이상은 객실내 개별 화장실 및\n50인치 스마트TV로 무료넷플릭스 시청 가능\n\n체크인 17:00\n체크아웃 13:00\n\n제주공항에서 직통차량 10분거리에 위치\n숙소 바로 앞에 버스정류장이 있어 어디든 이동 가능합니다.\n특히 한라산 직통 버스 있습니다.\n\n지하에 기계 주차시설 20대 보유중 입니다.\n승용차/소형차는 언제든 주차가능 합니다.\n(suv 차량은 외부공용 주차장 이용)\n주차편의를 위해 오픈채팅 하시면\n린든 스텝이 주차 안내를 도와드립니다.', '제주', '제주시', '278 줌타워 6', 33.4999643, 126.5261883, '공항에서 버스 365번/370번/315번/43-1번\n타고 제주시청에 내려서 200미터 반경 내\n탐라 장애인 복지관 앞 6,7층 린든 호스텔 있습니다.\n\n제주 공항 및 터미널에서 5분거리에 있습니다.\n동문 야시장, 대학로 거리, 탑동 횟집 거리\n시청 대학로 번화가 바로 옆 입니다.\n\n한라산 성판악 등반시 281번 버스 정류장\n바로 앞에 있습니다.\n\n편의점 시장 유명식당이 주변에 산재한\n번화가 입니다.', '주차가능', '064-722-0419', null, 112, 'https://map.naver.com/p/search/%EC%A0%9C%EC%A3%BC+%EB%A6%B0%EB%93%A0+%EA%B2%8C%EC%8A%A4%ED%8A%B8%ED%95%98%EC%9A%B0%EC%8A%A4/place/1937798504?c=8.00,0,0,0,dh&placePath=/room?entry=pll&fromPanelNum=2&timestamp=202512181207&locale=ko&svcName=map_pcv5&searchText=%EC%A0%9C%EC%A3%BC%2B%EB%A6%B0%EB%93%A0%2B%EA%B2%8C%EC%8A%A4%ED%8A%B8%ED%95%98%EC%9A%B0%EC%8A%A4&businessCategory=guesthouse&fromPanelNum=2&timestamp=202512181207&locale=ko&svcName=map_pcv5&searchText=%EC%A0%9C%EC%A3%BC%2B%EB%A6%B0%EB%93%A0%2B%EA%B2%8C%EC%8A%A4%ED%8A%B8%ED%95%98%EC%9A%B0%EC%8A%A4&businessCategory=guesthouse&from=map', 'NAVER', 'Instagram: https://www.instagram.com/lyndo_n_', '17:00', '13:00', '편리한 위치와 다양한 무료 서비스로 편안한 여행');
INSERT INTO accommodation_amenity (amenity_id, accommodations_id) VALUES (5, 13);
INSERT INTO accommodation_amenity (amenity_id, accommodations_id) VALUES (6, 13);
INSERT INTO accommodation_amenity (amenity_id, accommodations_id) VALUES (4, 13);
INSERT INTO accommodation_amenity (amenity_id, accommodations_id) VALUES (1, 13);
INSERT INTO accommodation_amenity (amenity_id, accommodations_id) VALUES (8, 13);
INSERT INTO accommodation_amenity (amenity_id, accommodations_id) VALUES (15, 13);
INSERT INTO accommodation_amenity (amenity_id, accommodations_id) VALUES (7, 13);
INSERT INTO accommodation_image (accommodations_id, image_url, image_type, sort_order) VALUES (13, 'https://search.pstatic.net/common/?autoRotate=true&type=w560_sharpen&src=https%3A%2F%2Fnaverbooking-phinf.pstatic.net%2F20230319_107%2F1679211936917FRHta_JPEG%2FKakaoTalk_20230319_161556874.jpg', 'banner', 0);
INSERT INTO accommodation_image (accommodations_id, image_url, image_type, sort_order) VALUES (13, 'https://search.pstatic.net/common/?autoRotate=true&type=w278_sharpen&src=https%3A%2F%2Fldb-phinf.pstatic.net%2F20230307_6%2F1678177678190MvdnY_JPEG%2F345CC594-A84D-41AE-B220-87E926FA00DA.jpeg', 'detail', 1);
INSERT INTO accommodation_image (accommodations_id, image_url, image_type, sort_order) VALUES (13, 'https://search.pstatic.net/common/?autoRotate=true&type=w278_sharpen&src=https%3A%2F%2Fldb-phinf.pstatic.net%2F20230307_115%2F1678177678964utjdW_JPEG%2F812FC34C-5ABB-4F50-BC59-6A8E52CC03AC.jpeg', 'detail', 2);
INSERT INTO accommodation_image (accommodations_id, image_url, image_type, sort_order) VALUES (13, 'https://search.pstatic.net/common/?autoRotate=true&type=w278_sharpen&src=https%3A%2F%2Fldb-phinf.pstatic.net%2F20230307_182%2F1678177680294GIgfM_JPEG%2F3A466F99-12A2-4635-8367-ABDAC49698D5.jpeg', 'detail', 3);
INSERT INTO accommodation_image (accommodations_id, image_url, image_type, sort_order) VALUES (13, 'https://search.pstatic.net/common/?autoRotate=true&type=w278_sharpen&src=https%3A%2F%2Fldb-phinf.pstatic.net%2F20230307_230%2F16781776779189lvVs_JPEG%2F12F33854-2A56-4EFF-8917-BE5BE56585A0.jpeg', 'detail', 4);
INSERT INTO room (accommodations_id, room_name, price, min_guests, max_guests, room_description, main_image_url, bathroom_count, room_type, bed_count) VALUES (13, '남성4인 도미토리 2층침대 2개 1인요금-라운지대형tv', 11000, 2, 4, '공용객실, 기준 1인 (최대 4인) | 침실 1, 침대 2, 욕실 1, 최소 1박', 'https://search.pstatic.net/common/?autoRotate=true&quality=95&type=w750&src=https%3A%2F%2Fnaverbooking-phinf.pstatic.net%2F20230322_64%2F1679486374510Nq9Wx_JPEG%2F4%25C0%25CE_%25B5%25B5%25B9%25CC%25C5%25E4%25B8%25AE.jpg', 1, 'STANDARD', 2);
INSERT INTO room (accommodations_id, room_name, price, min_guests, max_guests, room_description, main_image_url, bathroom_count, room_type, bed_count) VALUES (13, '여성4인 도미토리 2층침대 2개 1인요금-라운지대형tv', 11000, 2, 4, '공용객실, 기준 1인 (최대 4인) | 침실 1, 침대 2, 욕실 1, 최소 1박', 'https://search.pstatic.net/common/?autoRotate=true&quality=95&type=w750&src=https%3A%2F%2Fnaverbooking-phinf.pstatic.net%2F20230322_64%2F1679486374510Nq9Wx_JPEG%2F4%25C0%25CE_%25B5%25B5%25B9%25CC%25C5%25E4%25B8%25AE.jpg', 1, 'STANDARD', 2);
INSERT INTO room (accommodations_id, room_name, price, min_guests, max_guests, room_description, main_image_url, bathroom_count, room_type, bed_count) VALUES (13, '남성2인도미토리 [2층침대 1인요금]-오늘의 영화 파티', 13000, 2, 2, '일반객실, 기준 1인 (최대 2인) | 침실 1, 침대 1, 욕실 1, 최소 1박', 'https://search.pstatic.net/common/?autoRotate=true&quality=95&type=w750&src=https%3A%2F%2Fnaverbooking-phinf.pstatic.net%2F20230520_38%2F1684566334775wna4C_JPEG%2F2%25C0%25CE%25B5%25B5%25B9%25CC_2.jpg', 1, 'STANDARD', 1);
INSERT INTO room (accommodations_id, room_name, price, min_guests, max_guests, room_description, main_image_url, bathroom_count, room_type, bed_count) VALUES (13, '여성2인도미토리 [2층침대 1인요금]-오늘의 영화 파티', 13000, 2, 2, '일반객실, 기준 1인 (최대 2인) | 침실 1, 침대 1, 욕실 1, 최소 1박', 'https://search.pstatic.net/common/?autoRotate=true&quality=95&type=w750&src=https%3A%2F%2Fnaverbooking-phinf.pstatic.net%2F20230520_38%2F1684566334775wna4C_JPEG%2F2%25C0%25CE%25B5%25B5%25B9%25CC_2.jpg', 1, 'STANDARD', 1);
INSERT INTO room (accommodations_id, room_name, price, min_guests, max_guests, room_description, main_image_url, bathroom_count, room_type, bed_count) VALUES (13, '남성 2인 도미토리[싱글침대 1인요금]-무료넷플릭스시청', 15000, 2, 2, '일반객실, 기준 1인 (최대 2인) | 침실 1, 침대 2, 욕실 1, 최소 1박', 'https://search.pstatic.net/common/?autoRotate=true&quality=95&type=w750&src=https%3A%2F%2Fnaverbooking-phinf.pstatic.net%2F20230607_215%2F1686101041013n1ghW_JPEG%2F2%25C0%25CE_%25B5%25B5%25B9%25CC_%25BD%25CC%25B1%25DB_11.jpg', 1, 'STANDARD', 2);
INSERT INTO room (accommodations_id, room_name, price, min_guests, max_guests, room_description, main_image_url, bathroom_count, room_type, bed_count) VALUES (13, '여성 2인 도미토리[싱글침대 1인요금]-무료넷플릭스시청', 15000, 2, 2, '일반객실, 기준 1인 (최대 2인) | 침실 1, 침대 2, 욕실 1, 최소 1박', 'https://search.pstatic.net/common/?autoRotate=true&quality=95&type=w750&src=https%3A%2F%2Fnaverbooking-phinf.pstatic.net%2F20230607_154%2F1686101577797DKvdL_JPEG%2F2%25C0%25CE_%25B5%25B5%25B9%25CC_%25BD%25CC%25B1%25DB_11.jpg', 1, 'STANDARD', 2);
INSERT INTO room (accommodations_id, room_name, price, min_guests, max_guests, room_description, main_image_url, bathroom_count, room_type, bed_count) VALUES (13, '2인실 개인룸[싱글침대 2개 2인요금]-무료넷플릭스시청', 30000, 2, 2, '일반객실, 기준 2인 (최대 2인) | 침실 1, 침대 2, 욕실 1, 최소 1박', 'https://search.pstatic.net/common/?autoRotate=true&quality=95&type=w750&src=https%3A%2F%2Fnaverbooking-phinf.pstatic.net%2F20230607_4%2F1686101944493F9IJB_JPEG%2F2%25C0%25CE_%25B5%25B5%25B9%25CC_%25BD%25CC%25B1%25DB_11.jpg', 1, 'STANDARD', 2);
INSERT INTO room (accommodations_id, room_name, price, min_guests, max_guests, room_description, main_image_url, bathroom_count, room_type, bed_count) VALUES (13, '4인실 가족룸[2층침대 2개]-오늘의영화 파티', 40000, 2, 4, '일반객실, 기준 4인 (최대 4인) | 침실 1, 침대 2, 욕실 1, 최소 1박', 'https://search.pstatic.net/common/?autoRotate=true&quality=95&type=w750&src=https%3A%2F%2Fnaverbooking-phinf.pstatic.net%2F20230520_28%2F1684565463448hFAt0_JPEG%2F4%25C0%25CE_%25B5%25B5%25B9%25CC.jpg', 1, 'STANDARD', 2);
INSERT INTO room (accommodations_id, room_name, price, min_guests, max_guests, room_description, main_image_url, bathroom_count, room_type, bed_count) VALUES (13, '패밀리룸[싱글침대 5개]-무료넷플릭스 시청', 50000, 2, 5, '일반객실, 기준 5인 (최대 5인) | 침실 1, 침대 5, 욕실 1, 최소 1박', 'https://search.pstatic.net/common/?autoRotate=true&quality=95&type=w750&src=https%3A%2F%2Fnaverbooking-phinf.pstatic.net%2F20230607_230%2F1686096407101jfJBO_JPEG%2F4%25C0%25CE_%25B5%25B5%25B9%25CC%25A4%25B1%25A4%25A4%25BF%25CB.jpg', 1, 'STANDARD', 5);

INSERT INTO accommodation (accommodations_id, accommodations_name, accommodations_category, accommodations_description, city, district, address_detail, latitude, longitude, transport_info, parking_info, phone, rating, review_count, source_url, source_platform, sns, check_in_time, check_out_time, short_description) VALUES (14, '제주 마실 게스트하우스', 'GUESTHOUSE', '제주공항에서 5분정도 소요,\n바로 옆에 시외버스터미널이 있어서 교통편이 아주 편리한 곳 입니다.\n 조용한 휴식을 취할수 있도록 파티를 하지않는 게스트하우스 입니다.\n(코로나 방역 상황 : 정부의 방역지침을 준수하며 전직원 마스크 착용 근무 및 수시로 위생소독을 실시하고 있으며 고객 요청 시 비대면 체크인도 가능합니다. 공용공간에 한국산업기술시험원에서 인증한 UVC 바이러스저감장치 설치하여 코로나 19 방역에 힘쓰고 있습니다.)\n\n6인실 도미토리, 혼자오신분을 위한 싱글룸, 커플을 위한 더블룸과 트윈룸, , 패밀리룸으로 다양하게 구성, 가족과 혹은 연인이나 친구끼리 머물기에도 좋습니다.\n화장실은 공용이 아닌 모두 개별욕실입니다.\n\n가족이나 친구들끼리 식사나 대화를 즐길수 있는 로비가 마련되어있습니다. 다른 여행자들과 정보를 공유할 수 있는 공간이기도 하지요.\n늦은 시간 제주에 오시는 분 또는 다음 날 일찍 제주를 떠나시는 분들,\n한라산 등반객과 버스여행자(올레길, 씨티투어버스등)분들께 안성맞춤인 곳입니다.\n\n또한 제주종합경기장이 바로 옆에 있어 경기 행사시 편하게 이용하실수 있습니다.\n\n--------------------------------------------------\n\n < 이 용 안 내 >\n\n입퇴실시간\n입실 15:00~23:00 이내, 퇴실은 다음 날11:00 입니다. 체크인후 외출은 관계없으니 시간내 체크인 해 주세요.\n\n특별약관\n화장실포함 건물전체 금역구역, 객실내 흡연시 벌금10만원+1일분 숙박비용을 청구합니다\n\n보증금은 따로 없으나 열쇠 분실시 1만원의 비용청구를 하고 있습니다.\n\n무료세탁\n세탁기를 무료로 사용가능하며, 건조기사용 원할경우 3,000원 유료이용 가능합니다. (객실내 건조대 있음)\n\n무료 짐보관\n아침 7시 부터 저녁 9시 반 사이에 짐을 맡기거나 찾으실 수 있습니다.\n큰 짐이나 며칠 동안도 보관가능합니다.\n\n취사불가\n본 게스트하우스는 취사 불가합니다.(휴게실내 전자레인지와 전기포트 사용가능)\n\n파스사용\n뿌리는 파스(맨소래담) 객실 및 실내에서 사용 절대금지. 냄새 안나는 파스 사용해주세요\n\n객실청소\n연박하는 경우 청소 서비스는 하지 않으며, 필요시 쓰레기통만 비워드립니다. (청소시간 11:00부터)\n도미토리는 연박을 하더라도 청소시간 (11:00~16:00)에는 객실내에 머무를수 없습니다\n\n휴게실\n휴게실(인터넷실 포함)이용 시간은 07:00~22:30까지 이용가능합니다\n\n객실관리\n객실내 음식물 취식 금지. 휴게실 이용바라며, 침구류 오염시 별도의 세탁비를 부담하셔야합니다\n\n기물파손\n본인 부주의에 의해 기물 파손시 전액 보상하셔야 합니다\n\n드라이기\n드라이기를 용도 외에 신발,의류 건조용으로 사용하여 과열로 변형된 경우도 파손으로 간주합니다\n\n방문객\n통보 없이 방문객의 객실출입금지,안전사고 예방을위해 투숙객 또한 초대및 타인의 객실방문을 금지합니다\n\n취침시간\n밤11시 이후에는 모든 휴게공간 이용 불가하며, 다른 여행자를 배려하여 정숙해주셔야 합니다.\n\n침구 추가\n이불및 침구류를 추가로 원할경우 5,000원의별도 요금이 있습니다(더블룸 이불은 더블침대용 한장 제공)\n\n36개월 유아\n36개월 미만의 유아(1인)는 무료.(무료지만 객실별 정원에는 포함되어 정원 초과시 이용 불가합니다)\n\n주차안내\n숙소 건물 뒤편 종합운동장내 무료주차장을 이용하시면 됩니다. 숙소에서 약 100M 거리이고, 24시간 항상 개방되어 있습니다.\n골목이 아닌 큰 길가는 주차 단속구역입니다.\n짐이 많은 경우 숙소 바로 앞에 잠깐 정차 가능하오니 숙소 앞에서 전화 주시면 되겠습니다.\n차량을 가져오신 분은 입실시 차량번호 4자리를 알려주세요.', '제주', '제주시', '11-16', 33.4988821, 126.5135604, '터미널 뒤 주유소 앞(종합운동장방향)에 GS25 골목으로 오시면 바로 보입니다. 터미널에서 도보 1분!', '주차 불가\n전용주차장은 없지만 골목에 주차하실수 있으며 뒷쪽 제주종합경기장 공용주차장은 저녁18 시부터 익일9시까지는 무료이며, 공휴일은 전일 무료주차가능합니다.', '064-753-0077', null, 524, 'https://map.naver.com/p/entry/place/32848730?c=15.00,0,0,0,dh&placePath=/room?entry=bmp&fromPanelNum=1&additionalHeight=76&timestamp=202512181208&locale=ko&svcName=map_pcv5&businessCategory=guesthouse&fromPanelNum=1&additionalHeight=76&timestamp=202512181208&locale=ko&svcName=map_pcv5&businessCategory=guesthouse&from=map', 'NAVER', 'Instagram: https://www.instagram.com/jejumasil_guesthouse?igsh=cHY1dXNrZjFleDhk\nBlog: https://blog.naver.com/jejumasil2019', NULL, NULL, '행정안전부 선정\n착한가격업소');
INSERT INTO accommodation_amenity (amenity_id, accommodations_id) VALUES (5, 14);
INSERT INTO accommodation_amenity (amenity_id, accommodations_id) VALUES (6, 14);
INSERT INTO accommodation_amenity (amenity_id, accommodations_id) VALUES (7, 14);
INSERT INTO accommodation_amenity (amenity_id, accommodations_id) VALUES (1, 14);
INSERT INTO accommodation_amenity (amenity_id, accommodations_id) VALUES (4, 14);
INSERT INTO accommodation_image (accommodations_id, image_url, image_type, sort_order) VALUES (14, 'https://search.pstatic.net/common/?autoRotate=true&type=w560_sharpen&src=https%3A%2F%2Fldb-phinf.pstatic.net%2F20200708_160%2F1594177047144ounjE_JPEG%2F%25C5%25D7%25B6%25F3%25BD%25BA01.jpeg', 'banner', 0);
INSERT INTO accommodation_image (accommodations_id, image_url, image_type, sort_order) VALUES (14, 'https://search.pstatic.net/common/?autoRotate=true&type=w278_sharpen&src=https%3A%2F%2Fldb-phinf.pstatic.net%2F20200708_105%2F1594177046799bNQHn_JPEG%2F%25C7%25C1%25B7%25D0%25C6%25AE01.jpeg', 'detail', 1);
INSERT INTO accommodation_image (accommodations_id, image_url, image_type, sort_order) VALUES (14, 'https://search.pstatic.net/common/?autoRotate=true&type=w278_sharpen&src=https%3A%2F%2Fldb-phinf.pstatic.net%2F20210222_188%2F1613998773094HANCu_JPEG%2F%25BD%25BD%25B6%25F3%25C0%25CC%25B5%25E51.JPG', 'detail', 2);
INSERT INTO accommodation_image (accommodations_id, image_url, image_type, sort_order) VALUES (14, 'https://search.pstatic.net/common/?autoRotate=true&type=w278_sharpen&src=https%3A%2F%2Fldb-phinf.pstatic.net%2F20200708_37%2F1594177046674RUlcg_JPEG%2F%25BA%25B9%25B5%25B5%25BB%25E7%25C1%25F8.jpg', 'detail', 3);
INSERT INTO accommodation_image (accommodations_id, image_url, image_type, sort_order) VALUES (14, 'https://search.pstatic.net/common/?autoRotate=true&type=w278_sharpen&src=https%3A%2F%2Fldb-phinf.pstatic.net%2F20200708_110%2F15941772486779Pc1r_JPEG%2F%25B0%25E8%25B4%25DC%25BB%25E7%25C1%25F8.jpg', 'detail', 4);
INSERT INTO room (accommodations_id, room_name, price, min_guests, max_guests, room_description, main_image_url, bathroom_count, room_type, bed_count) VALUES (14, '남자 6인실 도미토리', 18900, 2, 6, '공용객실, 기준 6인 (최대 6인) | 침실 1, 침대 3, 욕실 1, 최소 1박', 'https://search.pstatic.net/common/?autoRotate=true&quality=95&type=w750&src=https%3A%2F%2Fnaverbooking-phinf.pstatic.net%2F20200701_111%2F1593606284137KBPbH_JPEG%2F6%25C0%25CE%25BD%25C7%25B5%25B5%25B9%25CC%25C5%25E4%25B8%25AE.jpeg', 1, 'STANDARD', 3);
INSERT INTO room (accommodations_id, room_name, price, min_guests, max_guests, room_description, main_image_url, bathroom_count, room_type, bed_count) VALUES (14, '여자6인실 도미토리', 18900, 2, 6, '공용객실, 기준 6인 (최대 6인) | 침실 1, 침대 3, 욕실 1, 최소 1박', 'https://search.pstatic.net/common/?autoRotate=true&quality=95&type=w750&src=https%3A%2F%2Fnaverbooking-phinf.pstatic.net%2F20200701_15%2F1593606646517zH24w_JPEG%2F6%25C0%25CE%25BD%25C7%25B5%25B5%25B9%25CC%25C5%25E4%25B8%25AE.jpeg', 1, 'STANDARD', 3);
INSERT INTO room (accommodations_id, room_name, price, min_guests, max_guests, room_description, main_image_url, bathroom_count, room_type, bed_count) VALUES (14, '싱글룸', 36900, 2, 1, '일반객실, 기준 1인 (최대 1인) | 침실 1, 침대 1, 욕실 1, 최소 1박', 'https://search.pstatic.net/common/?autoRotate=true&quality=95&type=w750&src=https%3A%2F%2Fnaverbooking-phinf.pstatic.net%2F20190213_110%2F1550053031921UzVdH_JPEG%2F2_%25BA%25B8%25C1%25A4_-_DSC_7847.jpg', 1, 'STANDARD', 1);
INSERT INTO room (accommodations_id, room_name, price, min_guests, max_guests, room_description, main_image_url, bathroom_count, room_type, bed_count) VALUES (14, '더블룸', 41900, 2, 3, '일반객실, 기준 2인 (최대 3인) | 침실 1, 침대 1, 욕실 1, 최소 1박', 'https://search.pstatic.net/common/?autoRotate=true&quality=95&type=w750&src=https%3A%2F%2Fnaverbooking-phinf.pstatic.net%2F20200707_140%2F1594114755773CLwcj_JPEG%2F20190221_132128-01.jpeg', 1, 'STANDARD', 1);
INSERT INTO room (accommodations_id, room_name, price, min_guests, max_guests, room_description, main_image_url, bathroom_count, room_type, bed_count) VALUES (14, '패밀리룸', 64900, 2, 4, '일반객실, 기준 4인 (최대 4인) | 침실 1, 침대 2, 욕실 1, 최소 1박', 'https://search.pstatic.net/common/?autoRotate=true&quality=95&type=w750&src=https%3A%2F%2Fnaverbooking-phinf.pstatic.net%2F20200707_51%2F1594114815664ymmxX_JPEG%2F20190221_125026_edited-03.jpeg', 1, 'STANDARD', 2);
INSERT INTO room (accommodations_id, room_name, price, min_guests, max_guests, room_description, main_image_url, bathroom_count, room_type, bed_count) VALUES (14, '트윈룸', 44900, 2, 3, '일반객실, 기준 2인 (최대 3인) | 침실 1, 침대 2, 욕실 1, 최소 1박', 'https://search.pstatic.net/common/?autoRotate=true&quality=95&type=w750&src=https%3A%2F%2Fnaverbooking-phinf.pstatic.net%2F20190731_82%2F1564530183977U2Wch_JPEG%2F3_%25BA%25B8%25C1%25A4_-_DSC_7864.jpg', 1, 'STANDARD', 2);
INSERT INTO room (accommodations_id, room_name, price, min_guests, max_guests, room_description, main_image_url, bathroom_count, room_type, bed_count) VALUES (14, '트리플룸(3인실)', 53900, 2, 3, '일반객실, 기준 3인 (최대 3인) | 침실 1, 침대 2, 욕실 1, 최소 1박', 'https://search.pstatic.net/common/?autoRotate=true&quality=95&type=w750&src=https%3A%2F%2Fnaverbooking-phinf.pstatic.net%2F20200701_53%2F1593606025515wJ2Ed_JPEG%2F%25C6%25AE%25B8%25AE%25C7%25C301.jpeg', 1, 'STANDARD', 2);

INSERT INTO accommodation (accommodations_id, accommodations_name, accommodations_category, accommodations_description, city, district, address_detail, latitude, longitude, transport_info, parking_info, phone, rating, review_count, source_url, source_platform, sns, check_in_time, check_out_time, short_description) VALUES (15, '제주 한라게스트하우스', 'GUESTHOUSE', '한라산 오름 올레길 등반 전문 한라게스트하우스입니다\n\n공항에서 버스 365번/370번/315번/43-1번\n타고 제주시청에 내려서 200미터 반경 내\n탐라 장애인 복지관 앞에 한라 게스트 하우스 있습니다.\n\n제주 공항 및 터미널에서 5분거리에 있습니다.\n동문 야시장, 대학로 거리, 탑동 횟집 거리\n시청 대학로 번화가 바로 옆 입니다.\n\n한라산 성판악 등반시 281번 버스 정류장이\n바로 앞에 있습니다.\n\n편의점 시장 유명식당이 주변에 산재한\n번화가 입니다.\n\n한라 라운지에서\n85인치 티비로 즐기는\n[오늘의영화 보며 포틀럭 파티]\n21시 오늘의 영화 상영시 각종꽁자안주 서비스\n쉽고 편리한 무료 여행사진 인화 서비스\n컴퓨터, 플레이스테이션 무료 사용\n각종 무료 서비스 제공 한라 셀프 스토어 등\n다양한 서비스 와 이벤트 진행하고 있습니다.\n\n2인 도미토리 이상은 객실내 개별 화장실 및\n50인치 스마트TV로 무료넷플릭스 시청 가능\n\n체크인 17:00\n체크아웃 13:00\n\n지하에 기계 주차시설 20대 보유중 입니다.\n승용차/소형차는 언제든 주차가능 합니다.\n(suv 차량은 외부공용 주차장 이용)\n전화주시면 셀프주차 안내를 도와드립니다.', '제주', '제주시', '278 7층', 33.4999815, 126.5262119, '탐라장애인복지관 버즈정류장 옆 줌타워건물 7층입니다', '주차가능', '0507-1414-1390', null, 20, 'https://map.naver.com/p/entry/place/1758932327?c=15.00,0,0,0,dh&placePath=/room?entry=bmp&fromPanelNum=1&additionalHeight=76&timestamp=202512181208&locale=ko&svcName=map_pcv5&businessCategory=guesthouse&fromPanelNum=1&additionalHeight=76&timestamp=202512181208&locale=ko&svcName=map_pcv5&businessCategory=guesthouse&from=map', 'NAVER', NULL, '17:00', '13:00', '좋은 접근성과 저렴한 숙박으로 편리한 선택');
INSERT INTO accommodation_amenity (amenity_id, accommodations_id) VALUES (6, 15);
INSERT INTO accommodation_amenity (amenity_id, accommodations_id) VALUES (5, 15);
INSERT INTO accommodation_amenity (amenity_id, accommodations_id) VALUES (4, 15);
INSERT INTO accommodation_amenity (amenity_id, accommodations_id) VALUES (15, 15);
INSERT INTO accommodation_amenity (amenity_id, accommodations_id) VALUES (19, 15);
INSERT INTO accommodation_amenity (amenity_id, accommodations_id) VALUES (1, 15);
INSERT INTO accommodation_amenity (amenity_id, accommodations_id) VALUES (7, 15);
INSERT INTO accommodation_amenity (amenity_id, accommodations_id) VALUES (8, 15);
INSERT INTO accommodation_image (accommodations_id, image_url, image_type, sort_order) VALUES (15, 'https://search.pstatic.net/common/?autoRotate=true&type=w560_sharpen&src=https%3A%2F%2Fldb-phinf.pstatic.net%2F20231110_186%2F1699577426882ar5FJ_JPEG%2F%25C7%25D1%25B6%25F3_%25C7%25F6%25B0%25FC%25C0%25D4%25B1%25B8_3.jpg', 'banner', 0);
INSERT INTO accommodation_image (accommodations_id, image_url, image_type, sort_order) VALUES (15, 'https://search.pstatic.net/common/?autoRotate=true&type=w278_sharpen&src=https%3A%2F%2Fldb-phinf.pstatic.net%2F20231110_199%2F1699577429096FHxhy_JPEG%2F%25C7%25F6%25B0%25FC%25C0%25D4%25B1%25B8.jpg', 'detail', 1);
INSERT INTO accommodation_image (accommodations_id, image_url, image_type, sort_order) VALUES (15, 'https://search.pstatic.net/common/?autoRotate=true&type=w278_sharpen&src=https%3A%2F%2Fldb-phinf.pstatic.net%2F20231110_131%2F1699577497603eUvfC_JPEG%2F%25B8%25B0%25B5%25E7_%25B0%25D4%25C7%25CF_%25C6%25C4%25C6%25BC.jpg', 'detail', 2);
INSERT INTO accommodation_image (accommodations_id, image_url, image_type, sort_order) VALUES (15, 'https://search.pstatic.net/common/?autoRotate=true&type=w278_sharpen&src=https%3A%2F%2Fldb-phinf.pstatic.net%2F20231110_165%2F1699577429449FMNbX_JPEG%2F%25C7%25D1%25B6%25F3_%25C0%25D4%25B1%25B8_%25C1%25B6%25B0%25E6.jpg', 'detail', 3);
INSERT INTO accommodation_image (accommodations_id, image_url, image_type, sort_order) VALUES (15, 'https://search.pstatic.net/common/?autoRotate=true&type=w278_sharpen&src=https%3A%2F%2Fldb-phinf.pstatic.net%2F20231110_123%2F1699577539681GfY2i_JPEG%2F5%25C0%25CE%25B5%25B5%25B9%25CC.jpg', 'detail', 4);
INSERT INTO room (accommodations_id, room_name, price, min_guests, max_guests, room_description, main_image_url, bathroom_count, room_type, bed_count) VALUES (15, '남자 4인 도미토리', 11000, 2, 4, '공용객실, 기준 1인 (최대 4인) | 침실 1, 침대 2, 욕실 1, 최소 1박', 'https://search.pstatic.net/common/?autoRotate=true&quality=95&type=w750&src=https%3A%2F%2Fnaverbooking-phinf.pstatic.net%2F20231110_184%2F16995760285781uKPh_JPEG%2F4%25C0%25CE%25B5%25B5%25B9%25CC_%25285%2529.jpg', 1, 'STANDARD', 2);
INSERT INTO room (accommodations_id, room_name, price, min_guests, max_guests, room_description, main_image_url, bathroom_count, room_type, bed_count) VALUES (15, '여자 4인 도미토리', 11000, 2, 4, '공용객실, 기준 1인 (최대 4인) | 침실 1, 침대 2, 욕실 1, 최소 1박', 'https://search.pstatic.net/common/?autoRotate=true&quality=95&type=w750&src=https%3A%2F%2Fnaverbooking-phinf.pstatic.net%2F20231110_124%2F1699576028371GyEpU_JPEG%2F4%25C0%25CE%25B5%25B5%25B9%25CC_%25284%2529.jpg', 1, 'STANDARD', 2);
INSERT INTO room (accommodations_id, room_name, price, min_guests, max_guests, room_description, main_image_url, bathroom_count, room_type, bed_count) VALUES (15, '남자2인 도미토리', 15000, 2, 2, '공용객실, 기준 1인 (최대 2인) | 침실 1, 침대 2, 욕실 1, 최소 1박', 'https://search.pstatic.net/common/?autoRotate=true&quality=95&type=w750&src=https%3A%2F%2Fnaverbooking-phinf.pstatic.net%2F20231110_155%2F1699580585244YVLjb_JPEG%2F2%25C0%25CE%25B5%25B5%25B9%25CC_%25BD%25CC%25B1%25DB_%25282%2529.jpg', 1, 'STANDARD', 2);
INSERT INTO room (accommodations_id, room_name, price, min_guests, max_guests, room_description, main_image_url, bathroom_count, room_type, bed_count) VALUES (15, '여자 2인 도미토리', 15000, 2, 2, '공용객실, 기준 1인 (최대 2인) | 침실 1, 침대 2, 욕실 1, 최소 1박', 'https://search.pstatic.net/common/?autoRotate=true&quality=95&type=w750&src=https%3A%2F%2Fnaverbooking-phinf.pstatic.net%2F20231110_269%2F1699580585481e1UIO_JPEG%2F2%25C0%25CE%25B5%25B5%25B9%25CC_%25BD%25CC%25B1%25DB_%25284%2529.jpg', 1, 'STANDARD', 2);
INSERT INTO room (accommodations_id, room_name, price, min_guests, max_guests, room_description, main_image_url, bathroom_count, room_type, bed_count) VALUES (15, '패밀리룸', 50000, 2, 5, '공용객실, 기준 5인 (최대 5인) | 침실 1, 침대 5, 욕실 1, 최소 1박', 'https://search.pstatic.net/common/?autoRotate=true&quality=95&type=w750&src=https%3A%2F%2Fnaverbooking-phinf.pstatic.net%2F20231110_164%2F1699580976260UlmHw_JPEG%2F5%25C0%25CE%25B5%25B5%25B9%25CC_%25282%2529.jpg', 1, 'STANDARD', 5);

INSERT INTO accommodation (accommodations_id, accommodations_name, accommodations_category, accommodations_description, city, district, address_detail, latitude, longitude, transport_info, parking_info, phone, rating, review_count, source_url, source_platform, sns, check_in_time, check_out_time, short_description) VALUES (16, '제주공항 게스트하우스 노마드인제주', 'GUESTHOUSE', '재방문 비율이 높은 노마드인제주 게스트하우스는 가정집 소규모 게스트하우스입니다.\n\n매일 저녁 7시30분부터 10시30분까지 포틀럭파티를 진행하고 있습니다. 참여는 자유이며 각자 드실 음식과 술을 사오셔서 참여하실수 있습니다. 따로 참여비는 5,000원입니다.\n\n공항에서 차로 10분, 택시비 (약 5,300원)이 나옵니다. 제주를 오갈때 접근성이 좋은 게스트하우스 입니다. 또한 숙소를 나가면 바로 앞 용담해안도로가 있어 제주바다를 보며 산책하기 좋습니다. 제주시내 및 동문시장도 차량으로 10분이면 갈 수 있어 야간에도 문화생활을 즐길 수 있습니다.\n\n''1인 여행자''에게 적합한 가정집 게스트하우스로 편의점, 스쿠터대여점, 공영주차장 바로 앞에 위치한 제주의 ''시작''과 ''끝''을 이용하기에 최적의 위치\n\n노마드인제주는 매일 다양한 사람들이 모여 우리집 처럼 가족같이 지내는 편안한 곳입니다.\n\n제가 추구하는 공간은 이렇습니다.\n''라이프쉐어''\n사람의 의식주 중에 ''주''를 가장 중요하게 생각하는 저의 가치관이 잘 반영되었으면 좋겠다는 생각에 ''집''이라는 공간에 초점을 맞춰 쉬고 싶고 편안하고 모두에게 우리집 같은 공간으로 꾸려나갈 생각입니다.\n\n작은 가정집 게스트하우스 안에서 각자 다른 삶을 살아온 사람들이 모여 서로의 삶을 공유하고 치유하고 행복하게 돌아갈 수 있는 제주의 ''시작''과 ''끝''을 책임지고 싶습니다.\n\n노마드인제주는 ''게스트하우스의 문화''를 판매하는 공간입니다.\n\n숙박업소의 기본덕목인 청결/편안한 잠자리/친절은 ''기본''이라고 생각합니다.\n\n더불어 노마드인제주는 ''라이프쉐어''라는 운영철학을 가지고 여러분들께 게스트하우스의 문화를 판매하고 싶습니다.\n\n한분한분 오시는 분들과 ''노마드의 색깔'' 대화카드를 통해서 삶을공유하고 이 공간을 함께 채워나가고 싶습니다.\n\n이공간의 철학과 뜻이 맞거나 함께 하고싶은 분들만 예약을 부탁드립니다.\n\n* <공지사항 >\n파티 문의가 많아 말씀드립니다.\n노마드인제주는 매일 저녁 8시부터 포틀럭파티를 진행하고 있습니다. 참여는 자유이며 각자 드실 음식과 술을 사오셔서 참여하실수 있습니다. 따로 참여비용은 받지 않습니다.\n\n* 노마드인제주 게스트하우스는 숙박 시설입니다. 오시는 손님과 삼삼오오 모여 인생얘기, 사는얘기 나누는 곳입니다. 파티만을 목적으로 오셔서 다른분들한테 피해 주실분들은 정중히 사양합니다.\n\n* 공항과 가까워 아침일찍 나가는 손님들이 있어 23시 30분 소등을 원칙으로 운영하고 있습니다. 23시30분 이후부터는 보안상의 이유와 주무시는 분들에게 피해를 줄 수 있어 출입이 통제됩니다.\n\n* 다른 게스트분들과 함께 사용하는 공간이므로, 원활한 숙소 운영과 공동체 생활을 위해, 술은 인당 맥주 2캔 또는 소주 1병으로 제한하며 23도 이상의 술(양주, 담금주 등)은 반입금지입니다. 무분별한 음주로 다른 분들의 휴식과 여행을 방해하시는 분들은 정중히 숙박을 사양합니다. 이에 동의하지 않는 분들은, 다른 숙박업소를 추천드립니다.\n\n* 일반 가정집 특성상 화장실과 샤워실은 각각 남녀공용이며 방음이 되지 않습니다. 주무실때 귀마개를 제공하고 있으며 필요하신 분들은 스텝에게 말씀주세요! 추가로 수건은 인당 2장 제공됩니다. 스텝또한 각자의 이유로 제주생활을 즐기고 있는 여행자입니다. 처음보더라도 모두 저와 같은 친구들이니 서로 존중과 배려를 해주셨으면 좋겠습니다.\n\n[ 체크인 안내 ]\n코로나 바이러스 영향으로 당분간 게스트하우스 입실시 손소독제가 비치돼있어 사용 후 들어오시면 됩니다. (체크인 시 스텝의 안내에따라 입실하시길 바라겠습니다.)\n\n위와 같은 모든 내용은 여러분 모두의 행복한 제주 여행과 건강을 위해서 이행해주시길 바라겠습니다.\n\n[ 주소 ]\n제주시 용마로 4길 5, 2층\n또는 네이버지도에 노마드인제주 게스트하우스라고 검색하면 나와요!\n\n[ 주차안내 ]\n숙소 옆 공영 주차장 또는 인근 길가 빈 공간에 주차 가능합니다.\n\n[ 입퇴실 시간 ]\n입실시간은 오후 5시부터이며 퇴실은 오전11시입니다.\n*입실 전 간단한 짐보관은 가능합니다!\n\n그럼 오늘도 행복하고 편안한 하루 되세요 : )', '제주', '제주시', '5 2층', 33.5157421, 126.5058703, '택시 : 제주공항에서 택시타고 네이버지도 ''노마드인제주 게스트하우스'' 검색후 안내해달라고 하시면 기사님이 찾아오십니다.\n\n버스 : 제주공항 453번 버스이용시 용두암현대1차아파트 하차후 해안도로를 따라 걸어오면 왼편사이 7080라이브 골목길 사이로 들어오시면 됩니다. 도보 5분이면 올수있습니다.', '주차가능\n무료', '0507-1315-4362', null, 516, 'https://map.naver.com/p/search/%EC%A0%9C%EC%A3%BC%EA%B3%B5%ED%95%AD+%EA%B2%8C%EC%8A%A4%ED%8A%B8%ED%95%98%EC%9A%B0%EC%8A%A4+%EB%85%B8%EB%A7%88%EB%93%9C%EC%9D%B8%EC%A0%9C%EC%A3%BC/place/1137849523?isCorrectAnswer=true&c=15.00,0,0,0,dh&placePath=/room?fromPanelNum=1&additionalHeight=76&timestamp=202512181209&locale=ko&svcName=map_pcv5&searchText=%EC%A0%9C%EC%A3%BC%EA%B3%B5%ED%95%AD%2B%EA%B2%8C%EC%8A%A4%ED%8A%B8%ED%95%98%EC%9A%B0%EC%8A%A4%2B%EB%85%B8%EB%A7%88%EB%93%9C%EC%9D%B8%EC%A0%9C%EC%A3%BC&businessCategory=guesthouse&additionalHeight=76&timestamp=202512181209&locale=ko&svcName=map_pcv5&searchText=%EC%A0%9C%EC%A3%BC%EA%B3%B5%ED%95%AD%2B%EA%B2%8C%EC%8A%A4%ED%8A%B8%ED%95%98%EC%9A%B0%EC%8A%A4%2B%EB%85%B8%EB%A7%88%EB%93%9C%EC%9D%B8%EC%A0%9C%EC%A3%BC&businessCategory=guesthouse&fromPanelNum=1', 'NAVER', 'Instagram: http://www.instagram.com/nomadinn_jeju\nBlog: https://blog.naver.com/nomadinn_jeju', '17:00', '11:00', '친절한 스태프와 아름다운 바다 전망');
INSERT INTO accommodation_theme (theme_id, accommodations_id) VALUES (1, 16);
INSERT INTO accommodation_amenity (amenity_id, accommodations_id) VALUES (5, 16);
INSERT INTO accommodation_amenity (amenity_id, accommodations_id) VALUES (7, 16);
INSERT INTO accommodation_amenity (amenity_id, accommodations_id) VALUES (1, 16);
INSERT INTO accommodation_amenity (amenity_id, accommodations_id) VALUES (3, 16);
INSERT INTO accommodation_amenity (amenity_id, accommodations_id) VALUES (8, 16);
INSERT INTO accommodation_image (accommodations_id, image_url, image_type, sort_order) VALUES (16, 'https://search.pstatic.net/common/?autoRotate=true&type=w560_sharpen&src=https%3A%2F%2Fldb-phinf.pstatic.net%2F20200330_106%2F1585554338267HYgEz_JPEG%2FKakaoTalk_20200330_164039137.jpg', 'banner', 0);
INSERT INTO accommodation_image (accommodations_id, image_url, image_type, sort_order) VALUES (16, 'https://search.pstatic.net/common/?autoRotate=true&type=w278_sharpen&src=https%3A%2F%2Fldb-phinf.pstatic.net%2F20240102_71%2F1704185355819ezRuD_JPEG%2FKakaoTalk_20231230_201025940_09.jpg', 'detail', 1);
INSERT INTO accommodation_image (accommodations_id, image_url, image_type, sort_order) VALUES (16, 'https://search.pstatic.net/common/?autoRotate=true&type=w278_sharpen&src=https%3A%2F%2Fldb-phinf.pstatic.net%2F20240102_269%2F1704185847190xShbX_JPEG%2FKakaoTalk_20240102_175458997_03.jpg', 'detail', 2);
INSERT INTO accommodation_image (accommodations_id, image_url, image_type, sort_order) VALUES (16, 'https://search.pstatic.net/common/?autoRotate=true&type=w278_sharpen&src=https%3A%2F%2Fldb-phinf.pstatic.net%2F20240102_231%2F1704185847265gQEfp_JPEG%2FKakaoTalk_20240102_175458997_02.jpg', 'detail', 3);
INSERT INTO accommodation_image (accommodations_id, image_url, image_type, sort_order) VALUES (16, 'https://search.pstatic.net/common/?autoRotate=true&type=w278_sharpen&src=https%3A%2F%2Fldb-phinf.pstatic.net%2F20240102_200%2F1704185847246d6piS_JPEG%2FKakaoTalk_20240102_175458997_01.jpg', 'detail', 4);
INSERT INTO room (accommodations_id, room_name, price, min_guests, max_guests, room_description, main_image_url, bathroom_count, room_type, bed_count) VALUES (16, '6인 여자 프리미엄 도미토리객실(바로크X호텔급매트리스)', 33000, 2, 6, '공용객실, 기준 1인 (최대 6인) | 침실 1, 침대 3, 욕실 1, 최소 1박', 'https://search.pstatic.net/common/?autoRotate=true&quality=95&type=w750&src=https%3A%2F%2Fnaverbooking-phinf.pstatic.net%2F20240409_56%2F17126482939795Y2lM_JPEG%2FKakaoTalk_20240409_162450473_05.jpg', 1, 'STANDARD', 3);
INSERT INTO room (accommodations_id, room_name, price, min_guests, max_guests, room_description, main_image_url, bathroom_count, room_type, bed_count) VALUES (16, '6인 남자 프리미엄 도미토리객실(바로크X호텔급매트리스)', 33000, 2, 6, '공용객실, 기준 1인 (최대 6인) | 침실 1, 침대 3, 욕실 1, 최소 1박', 'https://search.pstatic.net/common/?autoRotate=true&quality=95&type=w750&src=https%3A%2F%2Fnaverbooking-phinf.pstatic.net%2F20240409_151%2F1712648667561VYlAV_JPEG%2FKakaoTalk_20240409_162450473_16.jpg', 1, 'STANDARD', 3);
INSERT INTO room (accommodations_id, room_name, price, min_guests, max_guests, room_description, main_image_url, bathroom_count, room_type, bed_count) VALUES (16, '4인 남자 프리미엄 도미토리객실(지누스X호텔급매트리스)', 35000, 2, 4, '공용객실, 기준 1인 (최대 4인) | 침실 1, 침대 2, 욕실 1, 최소 1박', 'https://search.pstatic.net/common/?autoRotate=true&quality=95&type=w750&src=https%3A%2F%2Fnaverbooking-phinf.pstatic.net%2F20240409_268%2F1712649154338zRJux_JPEG%2FKakaoTalk_20240409_162450473_26.jpg', 1, 'STANDARD', 2);

INSERT INTO accommodation (accommodations_id, accommodations_name, accommodations_category, accommodations_description, city, district, address_detail, latitude, longitude, transport_info, parking_info, phone, rating, review_count, source_url, source_platform, sns, check_in_time, check_out_time, short_description) VALUES (17, '제주 와락 게스트하우스', 'GUESTHOUSE', '와락은 가끔 시끌시끌할 때도 있습니다만 전반적으로 조용하고 차분한 분위기의 게스트하우스입니다.\n바베큐도 안하고, 파티도 없는 곳이며, 23시가 되면 소등하는 조금은 엄격한 규칙을 가지고 있는 게스트하우스입니다.\n하지만 푹 잘 수 있고, 멍 때리고, 하늘과 바다를 하염없이 보고, 다락에서 맘껏 책 읽고 영화보고 집처럼 편하게 쉴 수 있는 그런 공간입니다.\n대가족 숙소, 단체 숙소로도 이용 가능합니다.\n\n입실 : 17시~22시 30분까지 (일찍 입실하실 분은 미리 연락주세요)\n-입실 전 짐보관 가능합니다.\n소등 : 23시 (소등 후 입출입 금지)\n퇴실 : 10시까지\n조식 : 08시~09시\n\n별빛투어 안내\nhttps://blog.naver.com/mjdolsoi/223856213990\n\n다락극장 안내\nhttps://blog.naver.com/mjdolsoi/223856233070\n\nAI 동영상 만들어 드려요!\nhttps://blog.naver.com/mjdolsoi/223932191352', '제주', '제주시', '세평항로 45-4', 33.5275536, 126.8547794, '제주공항에서 오실 때는 2번 게이트에서 빨간색 101번 광역버스를 타시고 세화리 환승정류장에서 하차하세요.', '주차가능\n무료\n숙소 앞 주차장에 하시면 됩니다.', '0507-1413-9777', null, 683, 'https://map.naver.com/p/entry/place/35326654?c=15.00,0,0,0,dh&placePath=/room?entry=bmp&fromPanelNum=1&additionalHeight=76&timestamp=202512181209&locale=ko&svcName=map_pcv5&businessCategory=guesthouse&fromPanelNum=1&additionalHeight=76&timestamp=202512181209&locale=ko&svcName=map_pcv5&businessCategory=guesthouse&from=map', 'NAVER', 'Blog: https://blog.naver.com/mjdolsoi\nInstagram: https://www.instagram.com/loft_john/', '17:00', '10:00', '아름다운 뷰와 조용한 휴식의 조화');
INSERT INTO accommodation_theme (theme_id, accommodations_id) VALUES (3, 17);
INSERT INTO accommodation_theme (theme_id, accommodations_id) VALUES (1, 17);
INSERT INTO accommodation_amenity (amenity_id, accommodations_id) VALUES (4, 17);
INSERT INTO accommodation_amenity (amenity_id, accommodations_id) VALUES (5, 17);
INSERT INTO accommodation_amenity (amenity_id, accommodations_id) VALUES (6, 17);
INSERT INTO accommodation_amenity (amenity_id, accommodations_id) VALUES (16, 17);
INSERT INTO accommodation_amenity (amenity_id, accommodations_id) VALUES (7, 17);
INSERT INTO accommodation_amenity (amenity_id, accommodations_id) VALUES (1, 17);
INSERT INTO accommodation_amenity (amenity_id, accommodations_id) VALUES (3, 17);
INSERT INTO accommodation_amenity (amenity_id, accommodations_id) VALUES (9, 17);
INSERT INTO accommodation_amenity (amenity_id, accommodations_id) VALUES (14, 17);
INSERT INTO accommodation_amenity (amenity_id, accommodations_id) VALUES (15, 17);
INSERT INTO accommodation_amenity (amenity_id, accommodations_id) VALUES (10, 17);
INSERT INTO accommodation_amenity (amenity_id, accommodations_id) VALUES (20, 17);
INSERT INTO accommodation_image (accommodations_id, image_url, image_type, sort_order) VALUES (17, 'https://search.pstatic.net/common/?autoRotate=true&type=w560_sharpen&src=https%3A%2F%2Fldb-phinf.pstatic.net%2F20250409_31%2F1744204036238Mg55M_JPEG%2F%25BF%25DC%25B0%25FC.jpg', 'banner', 0);
INSERT INTO accommodation_image (accommodations_id, image_url, image_type, sort_order) VALUES (17, 'https://search.pstatic.net/common/?autoRotate=true&type=w278_sharpen&src=https%3A%2F%2Fldb-phinf.pstatic.net%2F20250409_288%2F1744204025020vCM3M_JPEG%2F%25B0%25C5%25BD%25C71.jpg', 'detail', 1);
INSERT INTO accommodation_image (accommodations_id, image_url, image_type, sort_order) VALUES (17, 'https://search.pstatic.net/common/?autoRotate=true&type=w278_sharpen&src=https%3A%2F%2Fldb-phinf.pstatic.net%2F20250409_108%2F1744203875550REVzY_JPEG%2F%25B4%25D9%25B6%25F42.jpg', 'detail', 2);
INSERT INTO accommodation_image (accommodations_id, image_url, image_type, sort_order) VALUES (17, 'https://search.pstatic.net/common/?autoRotate=true&type=w278_sharpen&src=https%3A%2F%2Fldb-phinf.pstatic.net%2F20250409_21%2F1744204016938SHiJW_JPEG%2F%25C5%25D7%25B6%25F3%25BD%25BA3.jpg', 'detail', 3);
INSERT INTO accommodation_image (accommodations_id, image_url, image_type, sort_order) VALUES (17, 'https://search.pstatic.net/common/?autoRotate=true&type=w278_sharpen&src=https%3A%2F%2Fldb-phinf.pstatic.net%2F20250409_272%2F1744203875546bw9LR_JPEG%2F%25B4%25D9%25B6%25F41.jpg', 'detail', 4);
INSERT INTO room (accommodations_id, room_name, price, min_guests, max_guests, room_description, main_image_url, bathroom_count, room_type, bed_count) VALUES (17, '여자 4인 도미토리', 28000, 2, 4, '공용객실, 기준 1인 (최대 4인) | 침실 1, 침대 2, 최소 1박', 'https://search.pstatic.net/common/?autoRotate=true&quality=95&type=w750&src=https%3A%2F%2Fnaverbooking-phinf.pstatic.net%2F20240619_86%2F1718799286417nriVY_JPEG%2Fdor4-1.jpg', 0, 'STANDARD', 2);
INSERT INTO room (accommodations_id, room_name, price, min_guests, max_guests, room_description, main_image_url, bathroom_count, room_type, bed_count) VALUES (17, '남자 4인 도미토리', 28000, 2, 4, '공용객실, 기준 1인 (최대 4인) | 침실 1, 침대 2, 최소 1박', 'https://search.pstatic.net/common/?autoRotate=true&quality=95&type=w750&src=https%3A%2F%2Fnaverbooking-phinf.pstatic.net%2F20240619_135%2F1718799510024gilyf_JPEG%2Fdor4-1.jpg', 0, 'STANDARD', 2);
INSERT INTO room (accommodations_id, room_name, price, min_guests, max_guests, room_description, main_image_url, bathroom_count, room_type, bed_count) VALUES (17, '트윈룸-2인실-2인 사용', 70000, 2, 2, '일반객실, 기준 2인 (최대 2인) | 침실 1, 침대 2, 최소 1박', 'https://search.pstatic.net/common/?autoRotate=true&quality=95&type=w750&src=https%3A%2F%2Fnaverbooking-phinf.pstatic.net%2F20240619_187%2F1718798417077TsWau_JPEG%2Ftwin2.jpg', 0, 'STANDARD', 2);
INSERT INTO room (accommodations_id, room_name, price, min_guests, max_guests, room_description, main_image_url, bathroom_count, room_type, bed_count) VALUES (17, '더블룸-커플실-2인 사용', 70000, 2, 2, '일반객실, 기준 2인 (최대 2인) | 침실 1, 침대 1, 최소 1박', 'https://search.pstatic.net/common/?autoRotate=true&quality=95&type=w750&src=https%3A%2F%2Fnaverbooking-phinf.pstatic.net%2F20240712_249%2F1720772561426STyJA_JPEG%2Fdouble1.jpg', 0, 'STANDARD', 1);
INSERT INTO room (accommodations_id, room_name, price, min_guests, max_guests, room_description, main_image_url, bathroom_count, room_type, bed_count) VALUES (17, '트리플룸-3인 사용', 100000, 2, 3, '일반객실, 기준 3인 (최대 3인) | 침실 1, 침대 3, 최소 1박', 'https://search.pstatic.net/common/?autoRotate=true&quality=95&type=w750&src=https%3A%2F%2Fnaverbooking-phinf.pstatic.net%2F20240619_108%2F1718799102495K0vPt_JPEG%2Ftriple1.jpg', 0, 'STANDARD', 3);
INSERT INTO room (accommodations_id, room_name, price, min_guests, max_guests, room_description, main_image_url, bathroom_count, room_type, bed_count) VALUES (17, '독채 예약(6인-20인) 30% 할인(정상가 45만원)', 300000, 2, 20, '독채, 기준 6인 (최대 20인) | 침실 4, 침대 7, 최소 1박', 'https://search.pstatic.net/common/?autoRotate=true&quality=95&type=w750&src=https%3A%2F%2Fnaverbooking-phinf.pstatic.net%2F20240618_32%2F1718708531319aUGVy_JPEG%2FIMG_5398.jpg', 0, 'STANDARD', 7);
INSERT INTO room (accommodations_id, room_name, price, min_guests, max_guests, room_description, main_image_url, bathroom_count, room_type, bed_count) VALUES (17, '2인 도미토리-2인 사용', 60000, 2, 2, '일반객실, 기준 2인 (최대 2인) | 침실 1, 침대 1, 최소 1박', 'https://search.pstatic.net/common/?autoRotate=true&quality=95&type=w750&src=https%3A%2F%2Fnaverbooking-phinf.pstatic.net%2F20240619_216%2F17187988981165ec02_JPEG%2Fdor2-1.jpg', 0, 'STANDARD', 1);
INSERT INTO room (accommodations_id, room_name, price, min_guests, max_guests, room_description, main_image_url, bathroom_count, room_type, bed_count) VALUES (17, '트리플룸-4인 사용', 120000, 2, 4, '일반객실, 기준 4인 (최대 4인) | 침실 1, 침대 3, 최소 1박', 'https://search.pstatic.net/common/?autoRotate=true&quality=95&type=w750&src=https%3A%2F%2Fnaverbooking-phinf.pstatic.net%2F20240619_111%2F1718799755606xEGwh_JPEG%2Ftriple1.jpg', 0, 'STANDARD', 3);
INSERT INTO room (accommodations_id, room_name, price, min_guests, max_guests, room_description, main_image_url, bathroom_count, room_type, bed_count) VALUES (17, '트윈룸-2인실-1인 사용', 60000, 2, 1, '일반객실, 기준 1인 (최대 1인) | 침실 1, 침대 2, 최소 1박', 'https://search.pstatic.net/common/?autoRotate=true&quality=95&type=w750&src=https%3A%2F%2Fnaverbooking-phinf.pstatic.net%2F20240619_73%2F1718799924330eMpOB_JPEG%2Ftwin2.jpg', 0, 'STANDARD', 2);
INSERT INTO room (accommodations_id, room_name, price, min_guests, max_guests, room_description, main_image_url, bathroom_count, room_type, bed_count) VALUES (17, '1인실-1인 사용', 60000, 2, 1, '일반객실, 기준 1인 (최대 1인) | 침실 1, 침대 1, 최소 1박', 'https://search.pstatic.net/common/?autoRotate=true&quality=95&type=w750&src=https%3A%2F%2Fnaverbooking-phinf.pstatic.net%2F20240731_71%2F1722421006910w9onD_JPEG%2F1%25C0%25CE%25BD%25C71.jpg', 0, 'STANDARD', 1);
INSERT INTO room (accommodations_id, room_name, price, min_guests, max_guests, room_description, main_image_url, bathroom_count, room_type, bed_count) VALUES (17, '2인 도미토리-1인 사용', 50000, 2, 1, '일반객실, 기준 1인 (최대 1인) | 침실 1, 침대 1, 최소 1박', 'https://search.pstatic.net/common/?autoRotate=true&quality=95&type=w750&src=https%3A%2F%2Fnaverbooking-phinf.pstatic.net%2F20240619_14%2F1718800306257BbquC_JPEG%2Fdor2-1.jpg', 0, 'STANDARD', 1);

INSERT INTO accommodation (accommodations_id, accommodations_name, accommodations_category, accommodations_description, city, district, address_detail, latitude, longitude, transport_info, parking_info, phone, rating, review_count, source_url, source_platform, sns, check_in_time, check_out_time, short_description) VALUES (18, '제주 달자 게스트하우스', 'GUESTHOUSE', '하얀 모래와 에메랄드빛 바다가 아름다운 월정리 해변에 위치한 게스트하우스입니다.\n자전거를 좋아하는 여자주인장이 만든 게스트하우스로 2인실한개, 4인실한개 뿐인 작은 게스트하우스입니다.\n\n달자게하는 11시 소등입니다. 소등없는 파티게스트하우스를 찾으셨다면 죄송하지만 다른곳을 찾아주세요.\n사람냄새나는 소소한 술자리는 언제나 환영하지만, 주사가 심하신분은 퇴실조치 될수 있습니다.\n\n따뜻하고 매너있는 사람은 좋아하지만, 예의없는 손님은 싫어합니다.\n실내에서 담배를 피시는분, 건물주변에 담배꽁초, 쓰레기를 던지는분, 주방에서 삼겹살이나 생선요리를 하시는분, 본인이 먹은 그릇을 설거지 안하는분, 해수욕장에서 논후 온몸에 소금물과 모래를 머금은채 실내로 들어오시는분 죄송하지만 다른곳을 찾아주세요.\n\n행복하고 싶어서, 사람이 좋아서, 자전거가 좋아서, 제주가 좋아서 만든 게스트하우스입니다.\n배려할줄 아는 사람이라면, 인연을 소중히 여길줄 아는 따뜻한 사람이라면 주인장의 좋은 인연이 되어주길 기다리고 있을께요.', '제주', '제주시', '신북로 661 달자게스트하우스', 33.5415896, 126.6796560, '간판을 바꾸지 않아 서우봉 펜션, 모텔로 되어있어요.\n티맵, 카카오맵, 네이버지도, 구글지도에는 제대로 된 위치가 나오지만,\n렌트카 네비에 달자게스트하우스 검색시 예전에 운영하던 월정리로 오안내 될수 있으니 주소확인 부탁드려요.\n(제주시 조천읍 신북로 661)', '주차가능\n무료', NULL, null, 319, 'https://map.naver.com/p/search/%EC%A0%9C%EC%A3%BC+%EB%8B%AC%EC%9E%90+%EA%B2%8C%EC%8A%A4%ED%8A%B8%ED%95%98%EC%9A%B0%EC%8A%A4/place/1263538649?c=15.00,0,0,0,dh&placePath=/room?entry=bmp&fromPanelNum=2&timestamp=202512181210&locale=ko&svcName=map_pcv5&searchText=%EC%A0%9C%EC%A3%BC%2B%EB%8B%AC%EC%9E%90%2B%EA%B2%8C%EC%8A%A4%ED%8A%B8%ED%95%98%EC%9A%B0%EC%8A%A4&businessCategory=guesthouse&fromPanelNum=2&timestamp=202512181210&locale=ko&svcName=map_pcv5&searchText=%EC%A0%9C%EC%A3%BC%2B%EB%8B%AC%EC%9E%90%2B%EA%B2%8C%EC%8A%A4%ED%8A%B8%ED%95%98%EC%9A%B0%EC%8A%A4&businessCategory=guesthouse&from=map', 'NAVER', 'Instagram: http://instagram.com/jeju_dalja\nInstagram: http://www.instagram.com/daljaguesthouse', '16:00', '11:00', '넓고 편안한 방에서 즐기는 조용한 힐링');
INSERT INTO accommodation_theme (theme_id, accommodations_id) VALUES (3, 18);
INSERT INTO accommodation_theme (theme_id, accommodations_id) VALUES (1, 18);
INSERT INTO accommodation_amenity (amenity_id, accommodations_id) VALUES (5, 18);
INSERT INTO accommodation_amenity (amenity_id, accommodations_id) VALUES (4, 18);
INSERT INTO accommodation_amenity (amenity_id, accommodations_id) VALUES (6, 18);
INSERT INTO accommodation_amenity (amenity_id, accommodations_id) VALUES (1, 18);
INSERT INTO accommodation_amenity (amenity_id, accommodations_id) VALUES (7, 18);
INSERT INTO accommodation_amenity (amenity_id, accommodations_id) VALUES (20, 18);
INSERT INTO accommodation_amenity (amenity_id, accommodations_id) VALUES (10, 18);
INSERT INTO accommodation_image (accommodations_id, image_url, image_type, sort_order) VALUES (18, 'https://search.pstatic.net/common/?autoRotate=true&type=w560_sharpen&src=https%3A%2F%2Fnaverbooking-phinf.pstatic.net%2F20240728_121%2F1722168483887ByU7M_JPEG%2FKakaoTalk_20240716_120721738_03.jpg', 'banner', 0);
INSERT INTO accommodation_image (accommodations_id, image_url, image_type, sort_order) VALUES (18, 'https://search.pstatic.net/common/?autoRotate=true&type=w278_sharpen&src=https%3A%2F%2Fnaverbooking-phinf.pstatic.net%2F20240728_54%2F1722168243456Kt9gj_JPEG%2FKakaoTalk_20240725_160227672_01.jpg', 'detail', 1);
INSERT INTO accommodation_image (accommodations_id, image_url, image_type, sort_order) VALUES (18, 'https://search.pstatic.net/common/?autoRotate=true&type=w278_sharpen&src=https%3A%2F%2Fnaverbooking-phinf.pstatic.net%2F20240728_272%2F1722168244198DKM8W_JPEG%2FKakaoTalk_20240725_160227672_03.jpg', 'detail', 2);
INSERT INTO accommodation_image (accommodations_id, image_url, image_type, sort_order) VALUES (18, 'https://search.pstatic.net/common/?autoRotate=true&type=w278_sharpen&src=https%3A%2F%2Fnaverbooking-phinf.pstatic.net%2F20240728_59%2F1722168243854FYjAX_JPEG%2FKakaoTalk_20240725_160227672_02.jpg', 'detail', 3);
INSERT INTO accommodation_image (accommodations_id, image_url, image_type, sort_order) VALUES (18, 'https://search.pstatic.net/common/?autoRotate=true&type=w278_sharpen&src=https%3A%2F%2Fnaverbooking-phinf.pstatic.net%2F20240728_46%2F1722168244485tcDkS_JPEG%2FKakaoTalk_20240725_160227672.jpg', 'detail', 4);
INSERT INTO room (accommodations_id, room_name, price, min_guests, max_guests, room_description, main_image_url, bathroom_count, room_type, bed_count) VALUES (18, '독채원룸 (1인 단독사용. 숙소내외 음식물섭취X 할인)', 40000, 2, 2, '독채, 기준 1인 (최대 2인) | 침실 1, 침대 1, 욕실 1, 최소 1박', 'https://search.pstatic.net/common/?autoRotate=true&quality=95&type=w750&src=https%3A%2F%2Fnaverbooking-phinf.pstatic.net%2F20231228_25%2F1703730664499TGhyo_JPEG%2FP1076927.jpg', 1, 'STANDARD', 1);
INSERT INTO room (accommodations_id, room_name, price, min_guests, max_guests, room_description, main_image_url, bathroom_count, room_type, bed_count) VALUES (18, '독채원룸 (1인단독사용. 숙소내외 간편식만 섭취가능)', 45000, 2, 2, '독채, 기준 1인 (최대 2인) | 침실 1, 침대 1, 욕실 1, 최소 1박', 'https://search.pstatic.net/common/?autoRotate=true&quality=95&type=w750&src=https%3A%2F%2Fnaverbooking-phinf.pstatic.net%2F20231228_25%2F1703730664499TGhyo_JPEG%2FP1076927.jpg', 1, 'STANDARD', 1);
INSERT INTO room (accommodations_id, room_name, price, min_guests, max_guests, room_description, main_image_url, bathroom_count, room_type, bed_count) VALUES (18, '독채원룸(4박이상 간편식만 섭취시 할인)', 40000, 2, 2, '독채, 기준 1인 (최대 2인) | 침실 1, 침대 1, 욕실 1, 최소 4박', 'https://search.pstatic.net/common/?autoRotate=true&quality=95&type=w750&src=https%3A%2F%2Fnaverbooking-phinf.pstatic.net%2F20231228_25%2F1703730664499TGhyo_JPEG%2FP1076927.jpg', 1, 'STANDARD', 1);
INSERT INTO room (accommodations_id, room_name, price, min_guests, max_guests, room_description, main_image_url, bathroom_count, room_type, bed_count) VALUES (18, '랜덤도미토리(3인실 or 2인실 개인침대 1자리)', 25000, 2, 5, '공용객실, 기준 1인 (최대 5인) | 침실 2, 침대 3, 욕실 1, 최소 1박', 'https://search.pstatic.net/common/?autoRotate=true&quality=95&type=w750&src=https%3A%2F%2Fnaverbooking-phinf.pstatic.net%2F20231226_197%2F17035624077065G8DH_JPEG%2FP1076795.jpg', 1, 'STANDARD', 3);
INSERT INTO room (accommodations_id, room_name, price, min_guests, max_guests, room_description, main_image_url, bathroom_count, room_type, bed_count) VALUES (18, '개인실(도미토리 방 하나 단독사용. 화장실은 공용)', 35000, 2, 6, '일반객실, 기준 1인 (최대 6인) | 침실 2, 침대 3, 욕실 1, 최소 1박', 'https://search.pstatic.net/common/?autoRotate=true&quality=95&type=w750&src=https%3A%2F%2Fnaverbooking-phinf.pstatic.net%2F20240616_114%2F17185278893015EoIB_JPEG%2F01.jpg', 1, 'STANDARD', 3);
INSERT INTO room (accommodations_id, room_name, price, min_guests, max_guests, room_description, main_image_url, bathroom_count, room_type, bed_count) VALUES (18, '독채원룸 (2인사용. 숙소내외 음식물섭취X 할인)', 50000, 2, 2, '독채, 기준 2인 (최대 2인) | 침실 1, 침대 1, 욕실 1, 최소 1박', 'https://search.pstatic.net/common/?autoRotate=true&quality=95&type=w750&src=https%3A%2F%2Fnaverbooking-phinf.pstatic.net%2F20231228_25%2F1703730664499TGhyo_JPEG%2FP1076927.jpg', 1, 'STANDARD', 1);
INSERT INTO room (accommodations_id, room_name, price, min_guests, max_guests, room_description, main_image_url, bathroom_count, room_type, bed_count) VALUES (18, '독채원룸(2인사용. 숙소내외 간편식만 섭취가능)', 60000, 2, 2, '독채, 기준 2인 (최대 2인) | 침실 1, 침대 1, 욕실 1, 최소 1박', 'https://search.pstatic.net/common/?autoRotate=true&quality=95&type=w750&src=https%3A%2F%2Fnaverbooking-phinf.pstatic.net%2F20231228_25%2F1703730664499TGhyo_JPEG%2FP1076927.jpg', 1, 'STANDARD', 1);
INSERT INTO room (accommodations_id, room_name, price, min_guests, max_guests, room_description, main_image_url, bathroom_count, room_type, bed_count) VALUES (18, '독채원룸 펜션형사용', 100000, 2, 2, '독채, 기준 2인 (최대 2인) | 침실 1, 침대 1, 욕실 1, 최소 1박', 'https://search.pstatic.net/common/?autoRotate=true&quality=95&type=w750&src=https%3A%2F%2Fnaverbooking-phinf.pstatic.net%2F20231228_25%2F1703730664499TGhyo_JPEG%2FP1076927.jpg', 1, 'STANDARD', 1);
INSERT INTO room (accommodations_id, room_name, price, min_guests, max_guests, room_description, main_image_url, bathroom_count, room_type, bed_count) VALUES (18, '독채원룸 (트윈룸. 숙소내외 음식물섭취X 할인)', 60000, 2, 3, '독채, 기준 2인 (최대 3인) | 침실 1, 침대 2, 욕실 1, 최소 1박', 'https://search.pstatic.net/common/?autoRotate=true&quality=95&type=w750&src=https%3A%2F%2Fnaverbooking-phinf.pstatic.net%2F20240616_93%2F1718525010432vihaM_JPEG%2F01.jpg', 1, 'STANDARD', 2);
INSERT INTO room (accommodations_id, room_name, price, min_guests, max_guests, room_description, main_image_url, bathroom_count, room_type, bed_count) VALUES (18, '독채원룸 (트윈룸. 숙소내외 간편식만 섭취가능)', 68000, 2, 3, '독채, 기준 2인 (최대 3인) | 침실 1, 침대 2, 욕실 1, 최소 1박', 'https://search.pstatic.net/common/?autoRotate=true&quality=95&type=w750&src=https%3A%2F%2Fnaverbooking-phinf.pstatic.net%2F20240315_291%2F1710482254342OtTpx_JPEG%2FP1078491.jpg', 1, 'STANDARD', 2);
INSERT INTO room (accommodations_id, room_name, price, min_guests, max_guests, room_description, main_image_url, bathroom_count, room_type, bed_count) VALUES (18, '독채투룸 펜션형사용 (요리 가능)', 165000, 2, 6, '독채, 기준 3인 (최대 6인) | 침실 2, 침대 3, 욕실 1, 최소 1박', 'https://search.pstatic.net/common/?autoRotate=true&quality=95&type=w750&src=https%3A%2F%2Fnaverbooking-phinf.pstatic.net%2F20240726_28%2F1721982208209FsEuq_JPEG%2FKakaoTalk_20240725_160227672_01.jpg', 1, 'STANDARD', 3);
INSERT INTO room (accommodations_id, room_name, price, min_guests, max_guests, room_description, main_image_url, bathroom_count, room_type, bed_count) VALUES (18, '독채투룸(요리불가. 간편식만 섭취가능)', 130000, 2, 6, '독채, 기준 3인 (최대 6인) | 침실 2, 침대 3, 욕실 1, 최소 1박', 'https://search.pstatic.net/common/?autoRotate=true&quality=95&type=w750&src=https%3A%2F%2Fnaverbooking-phinf.pstatic.net%2F20240726_146%2F17219816874426MF1x_JPEG%2FKakaoTalk_20240725_160227672_01.jpg', 1, 'STANDARD', 3);
INSERT INTO room (accommodations_id, room_name, price, min_guests, max_guests, room_description, main_image_url, bathroom_count, room_type, bed_count) VALUES (18, '독채투룸 (음식물미섭취할인)', 110000, 2, 6, '독채, 기준 3인 (최대 6인) | 침실 2, 침대 3, 욕실 1, 최소 1박', 'https://search.pstatic.net/common/?autoRotate=true&quality=95&type=w750&src=https%3A%2F%2Fnaverbooking-phinf.pstatic.net%2F20240726_146%2F17219816874426MF1x_JPEG%2FKakaoTalk_20240725_160227672_01.jpg', 1, 'STANDARD', 3);

INSERT INTO accommodation (accommodations_id, accommodations_name, accommodations_category, accommodations_description, city, district, address_detail, latitude, longitude, transport_info, parking_info, phone, rating, review_count, source_url, source_platform, sns, check_in_time, check_out_time, short_description) VALUES (19, '제주 간드락 게스트하우스', 'GUESTHOUSE', '간드락 게스트하우스는 홈스테이 스타일의 금주, 금연의 편안하고 조용한 게스트하우스이며 든든히 드시고 여행하실 수 있게 끔 항상 조식을 정성 들여 만들어 고객님께 대접하고 있습니다. 한라산에 근접한 위치이며, 한라산 및 제주 동쪽과 서귀포를 한 번에 갈 수 있는 버스노선이 바로 앞에 있어 대중교통 여행이 매우 편리한 곳입니다.\n\n또한, 여성 고객님의 안전을 위한 여성전용룸과 침구살균기, 독립적인 공간을 보장하는 개인 암막커튼이 구비되어 있으며, 호텔식 침구및 위생시트 제공하며 숙소 내 모든 공간에서 흡연 및 음주를 금지하여 고객님의 잠자리에 편안함을 드리고 있습니다.\n\n뒷마당은 30여 평의 마당으로 주차장으로 활용되는 곳이며, 뒷마당을 끼고 있는 또 하나의 건물은 간드락 북까페로 게스트가 자유로이 이용할 수 있는 커뮤니티 공간입니다. 또한, 아침 조식 공간으로 사용되며, 무료 도서 열람과 함께 비정기적으로 클래식, 재즈, 인디 밴드의 공연이 개최되기도 합니다. 저녁 6시 이후로는 비어, 하이볼, 와인 등 간단한 주류판매와 더불어 음악을 감상할 수 있는 펍(Pub)으로도 운영됩니다.\n\n2층은 민박 주인집과 한달살이용 독방이 있으며, 3층은 기존 객실의 업그레이드인 필 스테이 룸과 여성전용 4인 도미토리, 남성 전용 4인 도미토리가 운영되고 있습니다.\n\n무료 WiFi, 원목 싱글 2층 침대, 호텔급 침구, 헤어드라이기, 공용 키친, 공용 거실 및 테이블등의 시설로 구성되어있는 금연/금주의 쾌적한 공간을 제공해드리고 있습니다\n\n간드락이란..?\n간드락은 달이 뜨는 마을이란 의미로 게스트하우스가 위치한 곳이 ''간드락 마을'' 바로 초입에 위치하고 있기에 자연스레 지어진 이름입니다. 주변 마을 지명도 아란, 인다라, 다라쿳 등 아름다운 제주방언으로 불리고 있으며, 월평마을, 월두마을 등 달과 연관된 지명을 가지고 있습니다.\n\n환불 규정\n - 예약일 3일전 취소- 100% 환불\n - 예약일 1일전 취소-1박 요금 외 환불\n - 예약일 당일 취소- 환불 불가\n** 저녁 22시까지 체크인 마감시간을 필히 준수하여 주시기 바랍니다. (사전 연락 없는 22시 이후 체크인은 불가합니다)', '제주', '제주시', '12 2층', 33.4855466, 126.5438805, '>> 택시 : 제주여중고입구사거리 연북로에서 하차\n\n>> 렌트카 : 제주시 간월동로 12 (네비게이션주소)\n\n>> 버스 : 제주공항에서 365, 360,181번 버스탑승\n(제주여자중고등학교 하차)', '주차가능\n무료\n주차장 진입 시 후진으로 들어오시면 주차와 출입이 쉽습니다. 차 키는 카운터에 꼭 맡겨주세요(무료 발렛 해드립니다)', '0507-1400-8402', null, 160, 'https://map.naver.com/p/entry/place/36420252?c=15.00,0,0,0,dh&placePath=/room?entry=bmp&fromPanelNum=1&additionalHeight=76&timestamp=202512181210&locale=ko&svcName=map_pcv5&businessCategory=guesthouse&fromPanelNum=1&additionalHeight=76&timestamp=202512181210&locale=ko&svcName=map_pcv5&businessCategory=guesthouse&from=map', 'NAVER', 'Blog: https://blog.naver.com/renohouse\nInstagram: https://www.instagram.com/ganderak_jeju/?hl=ko', '16:00', '10:00', '편리한 교통과 친절한 서비스로 편안한 여행');
INSERT INTO accommodation_theme (theme_id, accommodations_id) VALUES (2, 19);
INSERT INTO accommodation_theme (theme_id, accommodations_id) VALUES (3, 19);
INSERT INTO accommodation_amenity (amenity_id, accommodations_id) VALUES (5, 19);
INSERT INTO accommodation_amenity (amenity_id, accommodations_id) VALUES (4, 19);
INSERT INTO accommodation_amenity (amenity_id, accommodations_id) VALUES (6, 19);
INSERT INTO accommodation_amenity (amenity_id, accommodations_id) VALUES (10, 19);
INSERT INTO accommodation_amenity (amenity_id, accommodations_id) VALUES (1, 19);
INSERT INTO accommodation_amenity (amenity_id, accommodations_id) VALUES (7, 19);
INSERT INTO accommodation_amenity (amenity_id, accommodations_id) VALUES (25, 19);
INSERT INTO accommodation_amenity (amenity_id, accommodations_id) VALUES (19, 19);
INSERT INTO accommodation_amenity (amenity_id, accommodations_id) VALUES (15, 19);
INSERT INTO accommodation_amenity (amenity_id, accommodations_id) VALUES (3, 19);
INSERT INTO accommodation_image (accommodations_id, image_url, image_type, sort_order) VALUES (19, 'https://search.pstatic.net/common/?autoRotate=true&type=w560_sharpen&src=https%3A%2F%2Fldb-phinf.pstatic.net%2F20251205_103%2F1764915692915QciXm_JPEG%2FKakaoTalk_20230927_175051550_05.jpg', 'banner', 0);
INSERT INTO accommodation_image (accommodations_id, image_url, image_type, sort_order) VALUES (19, 'https://search.pstatic.net/common/?autoRotate=true&type=w278_sharpen&src=https%3A%2F%2Fldb-phinf.pstatic.net%2F20251205_263%2F1764915693019dViqM_JPEG%2Fbookcafe.jpg', 'detail', 1);
INSERT INTO accommodation_image (accommodations_id, image_url, image_type, sort_order) VALUES (19, 'https://search.pstatic.net/common/?autoRotate=true&type=w278_sharpen&src=https%3A%2F%2Fldb-phinf.pstatic.net%2F20251205_274%2F1764915692793bjARl_JPEG%2FKakaoTalk_20230923_233842757_01.jpg', 'detail', 2);
INSERT INTO accommodation_image (accommodations_id, image_url, image_type, sort_order) VALUES (19, 'https://search.pstatic.net/common/?autoRotate=true&type=w278_sharpen&src=https%3A%2F%2Fldb-phinf.pstatic.net%2F20251205_13%2F1764915848844QFTUn_JPEG%2FKakaoTalk_20240305_212310653_07.jpg', 'detail', 3);
INSERT INTO accommodation_image (accommodations_id, image_url, image_type, sort_order) VALUES (19, 'https://search.pstatic.net/common/?autoRotate=true&type=w278_sharpen&src=https%3A%2F%2Fldb-phinf.pstatic.net%2F20251205_9%2F1764915848823IAepm_JPEG%2FKakaoTalk_20240305_212310653_12.jpg', 'detail', 4);
INSERT INTO room (accommodations_id, room_name, price, min_guests, max_guests, room_description, main_image_url, bathroom_count, room_type, bed_count) VALUES (19, '[필스테이] 2인실-벙크침대', 60000, 2, 2, '일반객실, 기준 2인 (최대 2인) | 침실 1, 침대 1, 최소 1박', 'https://search.pstatic.net/common/?autoRotate=true&quality=95&type=w750&src=https%3A%2F%2Fnaverbooking-phinf.pstatic.net%2F20210129_104%2F1611888276274ddi37_JPEG%2F%25B0%25A3%25B5%25E5%25B6%25F4_%25BE%25F7%25B7%25CE%25B5%25E5_%25C8%25AD%25C1%25FA_32.jpg', 0, 'STANDARD', 1);
INSERT INTO room (accommodations_id, room_name, price, min_guests, max_guests, room_description, main_image_url, bathroom_count, room_type, bed_count) VALUES (19, '남성전용 4인 - 도미토리', 25000, 2, 4, '공용객실, 기준 1인 (최대 4인) | 침실 1, 침대 2, 최소 1박', 'https://search.pstatic.net/common/?autoRotate=true&quality=95&type=w750&src=https%3A%2F%2Fnaverbooking-phinf.pstatic.net%2F20171214_266%2F15132467145856y2x4_JPEG%2F3F_%25BC%25B1%25B4%25FA%25B8%25F1%25B7%25EB%25284%25C0%25CE%25BD%25C7%2529.JPG', 0, 'STANDARD', 2);
INSERT INTO room (accommodations_id, room_name, price, min_guests, max_guests, room_description, main_image_url, bathroom_count, room_type, bed_count) VALUES (19, '남성전용 4인 - 도미토리', 25000, 2, 4, '공용객실, 기준 1인 (최대 4인) | 침실 1, 침대 2, 최소 1박', 'https://search.pstatic.net/common/?autoRotate=true&quality=95&type=w750&src=https%3A%2F%2Fnaverbooking-phinf.pstatic.net%2F20171214_121%2F15132472204930pUls_JPEG%2F%25B0%25A3%25B5%25E5%25B6%25F4%25B0%25D4%25C7%25CF002.JPG', 0, 'STANDARD', 2);
INSERT INTO room (accommodations_id, room_name, price, min_guests, max_guests, room_description, main_image_url, bathroom_count, room_type, bed_count) VALUES (19, '벙크트윈', 60000, 2, 2, '일반객실, 기준 2인 (최대 2인) | 침실 1, 침대 1, 최소 1박', 'https://search.pstatic.net/common/?autoRotate=true&quality=95&type=w750&src=https%3A%2F%2Fnaverbooking-phinf.pstatic.net%2F20201015_61%2F1602745717234P4YSl_JPEG%2F4.jpg', 0, 'STANDARD', 1);
INSERT INTO room (accommodations_id, room_name, price, min_guests, max_guests, room_description, main_image_url, bathroom_count, room_type, bed_count) VALUES (19, '여성전용 장구왓 룸(Jangkuwhat)', 25000, 2, 4, '공용객실, 기준 1인 (최대 4인) | 침실 1, 침대 2, 최소 1박', 'https://search.pstatic.net/common/?autoRotate=true&quality=95&type=w750&src=https%3A%2F%2Fnaverbooking-phinf.pstatic.net%2F20240126_157%2F1706266557812pfqbk_JPEG%2FKakaoTalk_20240126_195049115.jpg', 0, 'STANDARD', 2);
INSERT INTO room (accommodations_id, room_name, price, min_guests, max_guests, room_description, main_image_url, bathroom_count, room_type, bed_count) VALUES (19, '여성전용 4인실 다라쿳 룸(Darakut)', 25000, 2, 4, '공용객실, 기준 1인 (최대 4인) | 침실 1, 침대 2, 최소 1박', 'https://search.pstatic.net/common/?autoRotate=true&quality=95&type=w750&src=https%3A%2F%2Fnaverbooking-phinf.pstatic.net%2F20171214_182%2F15132464988009bOYS_JPEG%2F2F_%25B4%25D9%25B6%25F3%25C4%25F3%25B7%25EB%25284%25C0%25CE%25BD%25C7%2529.JPG', 0, 'STANDARD', 2);
INSERT INTO room (accommodations_id, room_name, price, min_guests, max_guests, room_description, main_image_url, bathroom_count, room_type, bed_count) VALUES (19, '2F - 간드락룸(Ganderak)', 60000, 2, 2, '기준 2인 (최대 2인)', 'https://search.pstatic.net/common/?autoRotate=true&quality=95&type=w750&src=https%3A%2F%2Fnaverbooking-phinf.pstatic.net%2F20171214_104%2F1513247548414u9D3j_JPEG%2F2F_%25B0%25A3%25B5%25E5%25B6%25F4%25B7%25EB_2%25C0%25CE%25BD%25C7.JPG', 0, 'STANDARD', 0);

INSERT INTO accommodation (accommodations_id, accommodations_name, accommodations_category, accommodations_description, city, district, address_detail, latitude, longitude, transport_info, parking_info, phone, rating, review_count, source_url, source_platform, sns, check_in_time, check_out_time, short_description) VALUES (20, '서귀포 빅썸 게스트하우스', 'GUESTHOUSE', '제주도 파티게스트하우스 1등 ''빅썸''\n광고 없이 입소문으로 유명해진 곳\n매일 오전, 인원에 맞는 파티기획을 진행합니다.\n자세한 내용은 인스타그램을 참고해주세요!\n\n-----------------------------------------------------\n\n* 1차 진행시간 (19:00pm~21:00pm)\n메뉴 : (흑돼지수육, 김치찌개, 계란말이, 팝콘치킨, 샐러드, 주먹밥 등) + 소주 1인 1병 (한라산 17도)\n\n1. 반말모드로 친해지는 Ice breaking up Time\n2. 간단한 게임으로 어색함부터 풀어보자구여 ?\n3. [몸으로 말해요/릴레이 팔씨름/복불복/ 컵 옮기기 등] 인원에 따른 1차 레크\n4. 소중한 추억을 기록하는 1차 Photo time\n( 다음날, 빅썸 인스타로 메세지 주시면 사진 공유해드리고 있어요 ! )\n\n-----------------------------------------------------\n\n* 2차 진행시간 (21:00pm~23:00pm)\n메뉴 : 라면, 감자튀김, 쥐포구이, 황도 등 + 소주 1인 1병 (한라산 17도)\n\n1. (인기) 빅썸만의 시그니처 ''몽글몽글&부글부글&화끈화끈''\n2. [ 노래맞추기/매두사 게임/금칙어게임/랜덤게임 등] 추억의 게임 속으로!\n3. 낭만가득 빅썸만의 노래 town ! 내가 노래 쫌 한다 (손)!\n4. 날씨 좋은 날은 다같이 단체입수도 하고 있다구여 (?)\n\n* 파티는 20-35세의 나이제한이 있는 점 양해 부탁드립니다. *\n\n-----------------------------------------------------\n* 3차 진행시간 (23:00pm~03:00am)\n\n1. 아쉬운 사람들을 위한 pub to the world.\n2. 혼자 혹은 둘이서 먹기 좋은 닷지석부터, 단체석까지 구비 완!\n3. 다트 게임도 있다구여 ? 다트 대결해서 술 얻어묵짜 .. !!\n\n-----------------------------------------------------\n\n* 빅썸 수영장 (17:00 - 23:00 )\n투숙객 : 무료이용 가능\n외부인 : 1인 이용금액 : 15,000원 / 수건2장 + 샤워포함\n\n초대형 풀장에서 야무지게 물놀이를 즐겨보자고 ?\n@@ 나랑 같이 물놀이 할 짜람 ~\n\n-----------------------------------------------------\n\n* 파티 소수인원 참여 시, 빅썸 펍 운영으로 대체 될 수 있습니다.\n* 파티 미진행(총 3인 이하)으로 인한 숙박 환불은 불가합니다.\n* 객실 내 음식물 반입 및 흡연, 취식은 불가하며 적발 시 벌금 부과됩니다.\n* 객실 내 기물파손 및 침구류 오염시 벌금 부과됩니다.\n* 12시~17시는 현장 응대가 다소 어려울 수 있어 유선 문의 부탁드립니다:)\n* 파티 참석시 사진에 얼굴이 노출 될 수 있는 점 양해 부탁드립니다.\n* 숙박 예약주시면, 입실 당일에 파티 안내 문자 보내드리고 있어요!', '제주', '서귀포시', '태위로 984-7 빅썸 게스트하우스', 33.2879678, 126.7498179, '[찾아오시는 길]\n\n1)버스\n a)공항 1번 게이트에서 131번 or 132번 탑승 >남원읍사무소 하차\n 하차 후 201번 탑승 후 어촌계입구 하차(도보 1분)\n b)201번 탑승>어촌계입구 정거장 하차 (도보 1분)\n\n2)택시\n 서귀포 남원 콜택시(064-764-8282)or카카오택시\n\n[주소]\n제주도 서귀포시 남원읍 태위로 984-7\n(빅썸호스텔 검색)\n\n[주변 명소]\n- 올레길 4코스 바로 앞\n- 큰엉해변 (한반도 포토존으로 유명한 곳)\n 차량 10분\n- 태웃개 (스노클링 명소 ,우리들의 블루스 촬영지)\n 차량 13분\n- 표선해수욕장 (다양한 해양 액티비티를 즐길 수 있는 해수욕장)\n차량 15분\n- 물영아리 오름 (늑대소년 촬영지)\n차량 17분\n\n*추가 문의: 0507-1496-8119', '주차가능\n무료\n주차장은 20대 이상 가능합니다! 빅썸으로 오시면 주차장 바로 보여요~!!!', '0507-1496-8119', null, 6505, 'https://map.naver.com/p/search/%EC%84%9C%EA%B7%80%ED%8F%AC+%EB%B9%85%EC%8D%B8+%EA%B2%8C%EC%8A%A4%ED%8A%B8%ED%95%98%EC%9A%B0%EC%8A%A4/place/1200622706?c=15.00,0,0,0,dh&placePath=/room?entry=bmp&fromPanelNum=2&timestamp=202512181211&locale=ko&svcName=map_pcv5&searchText=%EC%84%9C%EA%B7%80%ED%8F%AC%2B%EB%B9%85%EC%8D%B8%2B%EA%B2%8C%EC%8A%A4%ED%8A%B8%ED%95%98%EC%9A%B0%EC%8A%A4&businessCategory=guesthouse&fromPanelNum=2&timestamp=202512181211&locale=ko&svcName=map_pcv5&searchText=%EC%84%9C%EA%B7%80%ED%8F%AC%2B%EB%B9%85%EC%8D%B8%2B%EA%B2%8C%EC%8A%A4%ED%8A%B8%ED%95%98%EC%9A%B0%EC%8A%A4&businessCategory=guesthouse&from=map', 'NAVER', 'Instagram: https://www.instagram.com/jeju.bigssum/\nBlog: https://blog.naver.com/goodjang474400', '16:00', '11:00', '친절한 스태프와 즐거운 파티 분위기로 행복한 순간');
INSERT INTO accommodation_theme (theme_id, accommodations_id) VALUES (1, 20);
INSERT INTO accommodation_theme (theme_id, accommodations_id) VALUES (3, 20);
INSERT INTO accommodation_amenity (amenity_id, accommodations_id) VALUES (26, 20);
INSERT INTO accommodation_amenity (amenity_id, accommodations_id) VALUES (4, 20);
INSERT INTO accommodation_amenity (amenity_id, accommodations_id) VALUES (5, 20);
INSERT INTO accommodation_amenity (amenity_id, accommodations_id) VALUES (6, 20);
INSERT INTO accommodation_amenity (amenity_id, accommodations_id) VALUES (10, 20);
INSERT INTO accommodation_amenity (amenity_id, accommodations_id) VALUES (15, 20);
INSERT INTO accommodation_amenity (amenity_id, accommodations_id) VALUES (27, 20);
INSERT INTO accommodation_amenity (amenity_id, accommodations_id) VALUES (1, 20);
INSERT INTO accommodation_amenity (amenity_id, accommodations_id) VALUES (28, 20);
INSERT INTO accommodation_amenity (amenity_id, accommodations_id) VALUES (8, 20);
INSERT INTO accommodation_image (accommodations_id, image_url, image_type, sort_order) VALUES (20, 'https://search.pstatic.net/common/?autoRotate=true&type=w560_sharpen&src=https%3A%2F%2Fldb-phinf.pstatic.net%2F20240114_90%2F1705231498254yTsji_JPEG%2FP20231222_224207217_4887586F-FFDE-475C-9013-60FF3D2858AA.JPG', 'banner', 0);
INSERT INTO accommodation_image (accommodations_id, image_url, image_type, sort_order) VALUES (20, 'https://search.pstatic.net/common/?autoRotate=true&type=w278_sharpen&src=https%3A%2F%2Fldb-phinf.pstatic.net%2F20251129_187%2F1764393286653uR9XM_JPEG%2F20251128_224458%25280%2529.jpg', 'detail', 1);
INSERT INTO accommodation_image (accommodations_id, image_url, image_type, sort_order) VALUES (20, 'https://search.pstatic.net/common/?autoRotate=true&type=w278_sharpen&src=https%3A%2F%2Fldb-phinf.pstatic.net%2F20251129_86%2F1764393286120PtEdR_JPEG%2F2025-11-29-13-36-55-884.jpg', 'detail', 2);
INSERT INTO accommodation_image (accommodations_id, image_url, image_type, sort_order) VALUES (20, 'https://search.pstatic.net/common/?autoRotate=true&type=w278_sharpen&src=https%3A%2F%2Fldb-phinf.pstatic.net%2F20251129_229%2F17643932865734u9Ix_JPEG%2F1764236103071.jpg', 'detail', 3);
INSERT INTO accommodation_image (accommodations_id, image_url, image_type, sort_order) VALUES (20, 'https://search.pstatic.net/common/?autoRotate=true&type=w278_sharpen&src=https%3A%2F%2Fnaverbooking-phinf.pstatic.net%2F20240922_249%2F1726993054238FbGoI_JPEG%2Fphoto_0_%25282%2529.JPG', 'detail', 4);
INSERT INTO room (accommodations_id, room_name, price, min_guests, max_guests, room_description, main_image_url, bathroom_count, room_type, bed_count) VALUES (20, '(12월 한정 이벤트) 여성 숙박 무료, 파티 필참', 10000, 2, 6, '공용객실, 기준 1인 (최대 6인) | 침실 3, 침대 18, 욕실 1, 최소 1박', 'https://search.pstatic.net/common/?autoRotate=true&quality=95&type=w750&src=https%3A%2F%2Fnaverbooking-phinf.pstatic.net%2F20251129_265%2F1764392559235JTBYl_JPEG%2FKakaoTalk_20250302_221155357.jpg', 1, 'STANDARD', 18);
INSERT INTO room (accommodations_id, room_name, price, min_guests, max_guests, room_description, main_image_url, bathroom_count, room_type, bed_count) VALUES (20, '빅썸 파티만 참여! (1차+2차)', 50000, 2, 10, '공용객실, 기준 1인 (최대 10인) | 4시간 55분 이용, 침실 1, 침대 1', 'https://search.pstatic.net/common/?autoRotate=true&quality=95&type=w750&src=https%3A%2F%2Fnaverbooking-phinf.pstatic.net%2F20241027_135%2F1729995859035Bmdmz_JPEG%2Fphoto_0_%25282%2529.JPG', 0, 'STANDARD', 1);
INSERT INTO room (accommodations_id, room_name, price, min_guests, max_guests, room_description, main_image_url, bathroom_count, room_type, bed_count) VALUES (20, '여자 도미토리 6인실 오션뷰', 20000, 2, 6, '공용객실, 기준 1인 (최대 6인) | 침실 6, 침대 9, 욕실 1, 최소 1박', 'https://search.pstatic.net/common/?autoRotate=true&quality=95&type=w750&src=https%3A%2F%2Fnaverbooking-phinf.pstatic.net%2F20231206_48%2F1701847219212KcJ51_JPEG%2F%25BF%25DC%25B0%25FC33.jpg', 1, 'STANDARD', 9);
INSERT INTO room (accommodations_id, room_name, price, min_guests, max_guests, room_description, main_image_url, bathroom_count, room_type, bed_count) VALUES (20, '남자 도미토리 6인실 오션뷰', 20000, 2, 6, '공용객실, 기준 1인 (최대 6인) | 침실 6, 침대 9, 욕실 1, 최소 1박', 'https://search.pstatic.net/common/?autoRotate=true&quality=95&type=w750&src=https%3A%2F%2Fnaverbooking-phinf.pstatic.net%2F20231206_202%2F1701847480776aWRKK_JPEG%2F%25BF%25DC%25B0%25FC33.jpg', 1, 'STANDARD', 9);
INSERT INTO room (accommodations_id, room_name, price, min_guests, max_guests, room_description, main_image_url, bathroom_count, room_type, bed_count) VALUES (20, '여자 도미토리 4인실 오션뷰', 30000, 2, 4, '공용객실, 기준 1인 (최대 4인) | 침실 4, 침대 6, 욕실 1, 최소 1박', 'https://search.pstatic.net/common/?autoRotate=true&quality=95&type=w750&src=https%3A%2F%2Fnaverbooking-phinf.pstatic.net%2F20231206_232%2F1701847646015Lwcvh_JPEG%2F%25BF%25C0%25BC%25C7%25BA%25E44.jpg', 1, 'STANDARD', 6);
INSERT INTO room (accommodations_id, room_name, price, min_guests, max_guests, room_description, main_image_url, bathroom_count, room_type, bed_count) VALUES (20, '남자 도미토리 4인실 오션뷰', 30000, 2, 4, '공용객실, 기준 1인 (최대 4인) | 침실 4, 침대 6, 욕실 1, 최소 1박', 'https://search.pstatic.net/common/?autoRotate=true&quality=95&type=w750&src=https%3A%2F%2Fnaverbooking-phinf.pstatic.net%2F20240112_266%2F1705045273786zz3lT_JPEG%2F%25BF%25C0%25BC%25C7%25BA%25E44.jpg', 1, 'STANDARD', 6);
INSERT INTO room (accommodations_id, room_name, price, min_guests, max_guests, room_description, main_image_url, bathroom_count, room_type, bed_count) VALUES (20, '2인실 오션뷰(최대3인가능)', 65000, 2, 3, '일반객실, 기준 2인 (최대 3인) | 침실 1, 침대 2, 욕실 1, 최소 1박', 'https://search.pstatic.net/common/?autoRotate=true&quality=95&type=w750&src=https%3A%2F%2Fnaverbooking-phinf.pstatic.net%2F20231206_216%2F1701847726318Hlbbm_JPEG%2F2%25C0%25CE%25BD%25C7_%25B1%25F2%25B2%25FB%25BA%25E4.jpg', 1, 'STANDARD', 2);
INSERT INTO room (accommodations_id, room_name, price, min_guests, max_guests, room_description, main_image_url, bathroom_count, room_type, bed_count) VALUES (20, '3인실 오션뷰', 90000, 2, 3, '일반객실, 기준 3인 (최대 3인) | 침실 1, 침대 3, 욕실 1, 최소 1박', 'https://search.pstatic.net/common/?autoRotate=true&quality=95&type=w750&src=https%3A%2F%2Fnaverbooking-phinf.pstatic.net%2F20231206_148%2F1701847863359DcxMI_JPEG%2F3%25C0%25CE%25BD%25C7%2528%25BC%25BC%25B7%25CE%2529.jpg', 1, 'STANDARD', 3);
INSERT INTO room (accommodations_id, room_name, price, min_guests, max_guests, room_description, main_image_url, bathroom_count, room_type, bed_count) VALUES (20, '[계좌이체]6인도미토리 여성 오션뷰 *사전직접예약', 20000, 2, 6, '공용객실, 기준 1인 (최대 6인) | 침실 6, 침대 6, 욕실 1, 최소 1박', 'https://search.pstatic.net/common/?autoRotate=true&quality=95&type=w750&src=https%3A%2F%2Fnaverbooking-phinf.pstatic.net%2F20250731_26%2F1753932298253r4MqR_JPEG%2FKakaoTalk_20250731_121720684.jpg', 1, 'STANDARD', 6);
INSERT INTO room (accommodations_id, room_name, price, min_guests, max_guests, room_description, main_image_url, bathroom_count, room_type, bed_count) VALUES (20, '(계좌이체) 6인도미 남성 사전직접예약', 20000, 2, 6, '공용객실, 기준 1인 (최대 6인) | 침실 6, 침대 6, 욕실 1, 최소 1박', 'https://search.pstatic.net/common/?autoRotate=true&quality=95&type=w750&src=https%3A%2F%2Fnaverbooking-phinf.pstatic.net%2F20250731_26%2F1753932298253r4MqR_JPEG%2FKakaoTalk_20250731_121720684.jpg', 1, 'STANDARD', 6);

INSERT INTO accommodation (accommodations_id, accommodations_name, accommodations_category, accommodations_description, city, district, address_detail, latitude, longitude, transport_info, parking_info, phone, rating, review_count, source_url, source_platform, sns, check_in_time, check_out_time, short_description) VALUES (21, '제주 캡틴게스트하우스', 'GUESTHOUSE', '캡틴제주 게스트하우스는 올레 18코스가 있는 조천읍 신촌리에 위치해 있으며 공항에서 차량 20분, 삼양해수욕장과 함덕해수욕장이 차량 5분 거리에 위치해 있으며, 버스정류장이 가까이 있어서 뚜벅이 여행자들도 편안히 제주여행을 하실 수 있습니다.\n\n또한, 4인 이상 모였을 시에는 간단하게 파티를 진행하며 여름에는 밤 낚시를 가기도 합니다. 사전예약자에 한해서 스냅사진촬영 투어도 진행하고 있으니 제주도 여행의 잊지 못할 추억을 만드실 수 있을 것 입니다.\n\n옥상과 테라스에서는 제주바다와 신촌포구, 농가주택들이 어우러져 있는 풍경을 바라 볼 수 있으며 일찍 일어나신 분들은 일출까지 감상할 수 있습니다. 주방에서는 취사가 가능하여 조식을 자유롭게 드실 수 있으며 식사 후에는 편안하게 쉬시다가 자유롭게 퇴실 하시면 됩니다.\n\n제주도 동쪽 여행의 시작점과 마지막점!!\n캡틴제주 게스트하우스로 여러분들을 초대합니다.', '제주', '제주시', '신촌3길 37', null, null, '- 제주공항 -\n325번 - 신촌초등학교 하차\n\n* 하차 후 신촌초등학교 옆 도로를 따라 5분정도 직진하시면 됩니다.', NULL, '0507-1405-7640', null, 19, 'https://map.naver.com/p/entry/place/36792362?c=15.00,0,0,0,dh&placePath=/room?entry=bmp&fromPanelNum=1&additionalHeight=76&timestamp=202512181211&locale=ko&svcName=map_pcv5&businessCategory=guesthouse&fromPanelNum=1&additionalHeight=76&timestamp=202512181211&locale=ko&svcName=map_pcv5&businessCategory=guesthouse&from=map', 'NAVER', 'Blog: https://blog.naver.com/kdg890208', NULL, NULL, NULL);
INSERT INTO accommodation_theme (theme_id, accommodations_id) VALUES (3, 21);
INSERT INTO accommodation_theme (theme_id, accommodations_id) VALUES (1, 21);
INSERT INTO accommodation_amenity (amenity_id, accommodations_id) VALUES (29, 21);
INSERT INTO accommodation_amenity (amenity_id, accommodations_id) VALUES (1, 21);
INSERT INTO accommodation_amenity (amenity_id, accommodations_id) VALUES (8, 21);
INSERT INTO accommodation_image (accommodations_id, image_url, image_type, sort_order) VALUES (21, 'https://search.pstatic.net/common/?autoRotate=true&type=w560_sharpen&src=https%3A%2F%2Fldb-phinf.pstatic.net%2F20151020_279%2F1445333384588l28tK_JPEG%2FSUBMIT_1445332904264_36792362.jpg', 'banner', 0);
INSERT INTO accommodation_image (accommodations_id, image_url, image_type, sort_order) VALUES (21, 'https://search.pstatic.net/common/?autoRotate=true&type=w278_sharpen&src=https%3A%2F%2Fldb-phinf.pstatic.net%2F20151020_270%2F1445333385139fwEB3_JPEG%2FSUBMIT_1445332904849_36792362.jpg', 'detail', 1);
INSERT INTO accommodation_image (accommodations_id, image_url, image_type, sort_order) VALUES (21, 'https://search.pstatic.net/common/?autoRotate=true&type=w278_sharpen&src=https%3A%2F%2Fldb-phinf.pstatic.net%2F20151020_190%2F1445333385810lbogl_JPEG%2FSUBMIT_1445332903753_36792362.jpg', 'detail', 2);
INSERT INTO accommodation_image (accommodations_id, image_url, image_type, sort_order) VALUES (21, 'https://search.pstatic.net/common/?autoRotate=true&type=w278_sharpen&src=https%3A%2F%2Fldb-phinf.pstatic.net%2F20151022_16%2F1445440828618QTzn7_JPEG%2FSUBMIT_1445333331566_36792362.jpg', 'detail', 3);
INSERT INTO accommodation_image (accommodations_id, image_url, image_type, sort_order) VALUES (21, 'https://search.pstatic.net/common/?autoRotate=true&type=w278_sharpen&src=https%3A%2F%2Fldb-phinf.pstatic.net%2F20151020_94%2F14453333872960EbGO_JPEG%2FSUBMIT_1445332900191_36792362.jpg', 'detail', 4);
INSERT INTO room (accommodations_id, room_name, price, min_guests, max_guests, room_description, main_image_url, bathroom_count, room_type, bed_count) VALUES (21, '트윈룸A', 50000, 2, 3, '일반객실, 기준 2인 (최대 3인) | 최소 1박', 'https://search.pstatic.net/common/?autoRotate=true&quality=95&type=w750&src=https%3A%2F%2Fnaverbooking-phinf.pstatic.net%2F20190705_188%2F1562318201742AbnAB_JPEG%2Fimage.jpg', 0, 'STANDARD', 0);
INSERT INTO room (accommodations_id, room_name, price, min_guests, max_guests, room_description, main_image_url, bathroom_count, room_type, bed_count) VALUES (21, '트윈룸B', 50000, 2, 3, '일반객실, 기준 2인 (최대 3인) | 최소 1박', 'https://search.pstatic.net/common/?autoRotate=true&quality=95&type=w750&src=https%3A%2F%2Fnaverbooking-phinf.pstatic.net%2F20190705_226%2F1562318209029tPQAd_JPEG%2Fimage.jpg', 0, 'STANDARD', 0);
INSERT INTO room (accommodations_id, room_name, price, min_guests, max_guests, room_description, main_image_url, bathroom_count, room_type, bed_count) VALUES (21, '여성 4인실 도미토리1', 30000, 2, 1, '일반객실, 기준 1인 (최대 1인) | 최소 1박', 'https://search.pstatic.net/common/?autoRotate=true&quality=95&type=w750&src=https%3A%2F%2Fnaverbooking-phinf.pstatic.net%2F20190705_21%2F1562318213912A1RbX_JPEG%2Fimage.jpg', 0, 'STANDARD', 0);
INSERT INTO room (accommodations_id, room_name, price, min_guests, max_guests, room_description, main_image_url, bathroom_count, room_type, bed_count) VALUES (21, '여성 4인실 도미토리2', 30000, 2, 1, '일반객실, 기준 1인 (최대 1인) | 최소 1박', 'https://search.pstatic.net/common/?autoRotate=true&quality=95&type=w750&src=https%3A%2F%2Fnaverbooking-phinf.pstatic.net%2F20190705_21%2F1562318213912A1RbX_JPEG%2Fimage.jpg', 0, 'STANDARD', 0);
INSERT INTO room (accommodations_id, room_name, price, min_guests, max_guests, room_description, main_image_url, bathroom_count, room_type, bed_count) VALUES (21, '여성 4인실 도미토리3', 30000, 2, 1, '일반객실, 기준 1인 (최대 1인) | 최소 1박', 'https://search.pstatic.net/common/?autoRotate=true&quality=95&type=w750&src=https%3A%2F%2Fnaverbooking-phinf.pstatic.net%2F20190705_21%2F1562318213912A1RbX_JPEG%2Fimage.jpg', 0, 'STANDARD', 0);
INSERT INTO room (accommodations_id, room_name, price, min_guests, max_guests, room_description, main_image_url, bathroom_count, room_type, bed_count) VALUES (21, '여성 4인실 도미토리4', 30000, 2, 1, '일반객실, 기준 1인 (최대 1인) | 최소 1박', 'https://search.pstatic.net/common/?autoRotate=true&quality=95&type=w750&src=https%3A%2F%2Fnaverbooking-phinf.pstatic.net%2F20190705_21%2F1562318213912A1RbX_JPEG%2Fimage.jpg', 0, 'STANDARD', 0);
INSERT INTO room (accommodations_id, room_name, price, min_guests, max_guests, room_description, main_image_url, bathroom_count, room_type, bed_count) VALUES (21, '남성 4인실 도미토리1', 30000, 2, 1, '일반객실, 기준 1인 (최대 1인) | 최소 1박', 'https://search.pstatic.net/common/?autoRotate=true&quality=95&type=w750&src=https%3A%2F%2Fnaverbooking-phinf.pstatic.net%2F20190705_21%2F1562318213912A1RbX_JPEG%2Fimage.jpg', 0, 'STANDARD', 0);
INSERT INTO room (accommodations_id, room_name, price, min_guests, max_guests, room_description, main_image_url, bathroom_count, room_type, bed_count) VALUES (21, '남성 4인실 도미토리2', 30000, 2, 1, '일반객실, 기준 1인 (최대 1인) | 최소 1박', 'https://search.pstatic.net/common/?autoRotate=true&quality=95&type=w750&src=https%3A%2F%2Fnaverbooking-phinf.pstatic.net%2F20190705_21%2F1562318213912A1RbX_JPEG%2Fimage.jpg', 0, 'STANDARD', 0);
INSERT INTO room (accommodations_id, room_name, price, min_guests, max_guests, room_description, main_image_url, bathroom_count, room_type, bed_count) VALUES (21, '남성 4인실 도미토리3', 30000, 2, 1, '일반객실, 기준 1인 (최대 1인) | 최소 1박', 'https://search.pstatic.net/common/?autoRotate=true&quality=95&type=w750&src=https%3A%2F%2Fnaverbooking-phinf.pstatic.net%2F20190705_21%2F1562318213912A1RbX_JPEG%2Fimage.jpg', 0, 'STANDARD', 0);
INSERT INTO room (accommodations_id, room_name, price, min_guests, max_guests, room_description, main_image_url, bathroom_count, room_type, bed_count) VALUES (21, '남성 4인실 도미토리4', 30000, 2, 1, '일반객실, 기준 1인 (최대 1인) | 최소 1박', 'https://search.pstatic.net/common/?autoRotate=true&quality=95&type=w750&src=https%3A%2F%2Fnaverbooking-phinf.pstatic.net%2F20190705_21%2F1562318213912A1RbX_JPEG%2Fimage.jpg', 0, 'STANDARD', 0);

INSERT INTO accommodation (accommodations_id, accommodations_name, accommodations_category, accommodations_description, city, district, address_detail, latitude, longitude, transport_info, parking_info, phone, rating, review_count, source_url, source_platform, sns, check_in_time, check_out_time, short_description) VALUES (22, '제주 배배게스트하우스', 'GUESTHOUSE', '모든 객실은 개인실 입니다.\n아직 제주의 정취가 남아있는 조용한 동네 신창 해안 도로 옆에 위치하고 있습니다. 도시의 화려함과 번잡함에서 벗어나 나 홀로 생각을 정리하고, 조용히 독서도 할 수 있으며 ,가족,연인,친구들과 많은 얘기를 나눌 수 있는 공간입니다. 신창항 낚시 배 타는 곳까지 걸어서 1~2분 거리, 신창 해안 도로는 걸어서 2분 거리입니다.\n간단히 제공 되는 조식은 직접 공용 주방에서 해서 드시면 됩니다.\n냄새, 연기가 많이 나는 음식 및 생선 손질은 주방에서 조리 하실 수 없습니다.', '제주', '제주시', '신창1길 20', 33.3472925, 126.1809007, '*공항에서 버스 탑승\n공항 4번 출구>>4번 정류장>>102번 버스>>한경면 사무소 하차>>버스 진행 방향으로 이동\n\n*자동차 이용\n1. 신창리 다목적 회관(오른쪽) 보이면, 직진 50m, 쓰레기 분리 수거함(왼쪽) 지나서, 돌담 끝나는 곳에서(펜더레저 간판 앞) 좌회전>>숙소 바로 보임', '주차가능\n무료', '0507-1412-8259', null, 46, 'https://map.naver.com/p/search/%EC%A0%9C%EC%A3%BC+%EB%B0%B0%EB%B0%B0%EA%B2%8C%EC%8A%A4%ED%8A%B8%ED%95%98%EC%9A%B0%EC%8A%A4/place/38233085?isCorrectAnswer=true&c=15.00,0,0,0,dh&placePath=/room?fromPanelNum=1&additionalHeight=76&timestamp=202512181211&locale=ko&svcName=map_pcv5&searchText=%EC%A0%9C%EC%A3%BC%2B%EB%B0%B0%EB%B0%B0%EA%B2%8C%EC%8A%A4%ED%8A%B8%ED%95%98%EC%9A%B0%EC%8A%A4&businessCategory=guesthouse&additionalHeight=76&timestamp=202512181211&locale=ko&svcName=map_pcv5&searchText=%EC%A0%9C%EC%A3%BC%2B%EB%B0%B0%EB%B0%B0%EA%B2%8C%EC%8A%A4%ED%8A%B8%ED%95%98%EC%9A%B0%EC%8A%A4&businessCategory=guesthouse&fromPanelNum=1', 'NAVER', 'Blog: https://blog.naver.com/korasi', '16:00', '10:30', '깔끔한 방에서 즐기는 멋진 뷰');
INSERT INTO accommodation_theme (theme_id, accommodations_id) VALUES (1, 22);
INSERT INTO accommodation_amenity (amenity_id, accommodations_id) VALUES (3, 22);
INSERT INTO accommodation_amenity (amenity_id, accommodations_id) VALUES (6, 22);
INSERT INTO accommodation_amenity (amenity_id, accommodations_id) VALUES (15, 22);
INSERT INTO accommodation_amenity (amenity_id, accommodations_id) VALUES (4, 22);
INSERT INTO accommodation_amenity (amenity_id, accommodations_id) VALUES (1, 22);
INSERT INTO accommodation_image (accommodations_id, image_url, image_type, sort_order) VALUES (22, 'https://search.pstatic.net/common/?autoRotate=true&type=w560_sharpen&src=https%3A%2F%2Fldb-phinf.pstatic.net%2F20160620_33%2F1466412223682rd2wq_JPEG%2F176564617954419_0.jpeg', 'banner', 0);
INSERT INTO accommodation_image (accommodations_id, image_url, image_type, sort_order) VALUES (22, 'https://search.pstatic.net/common/?autoRotate=true&type=w278_sharpen&src=https%3A%2F%2Fldb-phinf.pstatic.net%2F20160620_69%2F1466412223827cvbp8_JPEG%2F176564617954419_1.jpeg', 'detail', 1);
INSERT INTO accommodation_image (accommodations_id, image_url, image_type, sort_order) VALUES (22, 'https://search.pstatic.net/common/?autoRotate=true&type=w278_sharpen&src=https%3A%2F%2Fldb-phinf.pstatic.net%2F20171201_204%2F1512059940392L6okB_JPEG%2FIMG_6725.jpg', 'detail', 2);
INSERT INTO accommodation_image (accommodations_id, image_url, image_type, sort_order) VALUES (22, 'https://search.pstatic.net/common/?autoRotate=true&type=w278_sharpen&src=https%3A%2F%2Fldb-phinf.pstatic.net%2F20160620_197%2F1466412224027szPfh_JPEG%2F176564617954419_3.jpeg', 'detail', 3);
INSERT INTO accommodation_image (accommodations_id, image_url, image_type, sort_order) VALUES (22, 'https://search.pstatic.net/common/?autoRotate=true&type=w278_sharpen&src=https%3A%2F%2Fldb-phinf.pstatic.net%2F20171201_270%2F1512059940821HEkp5_JPEG%2FP160425_141116_edit_2.jpeg', 'detail', 4);
INSERT INTO room (accommodations_id, room_name, price, min_guests, max_guests, room_description, main_image_url, bathroom_count, room_type, bed_count) VALUES (22, '2인실(더블침대, 개인실)', 50000, 2, 3, '일반객실, 기준 1인 (최대 3인) | 침실 1, 침대 2, 욕실 1, 최소 1박', 'https://search.pstatic.net/common/?autoRotate=true&quality=95&type=w750&src=https%3A%2F%2Fnaverbooking-phinf.pstatic.net%2F20170822_214%2F1503410696598EzSnj_JPEG%2FP160425_141116_edit_2.jpeg', 1, 'STANDARD', 2);
INSERT INTO room (accommodations_id, room_name, price, min_guests, max_guests, room_description, main_image_url, bathroom_count, room_type, bed_count) VALUES (22, '2~4인실(2층 침대 2개)(개인실, 가족실)', 65000, 2, 4, '일반객실, 기준 2인 (최대 4인) | 침실 1, 침대 2, 욕실 1, 최소 1박', 'https://search.pstatic.net/common/?autoRotate=true&quality=95&type=w750&src=https%3A%2F%2Fnaverbooking-phinf.pstatic.net%2F20170823_220%2F1503451703264jgWH1_JPEG%2FP160517_190408_edit_1.jpeg', 1, 'STANDARD', 2);

INSERT INTO accommodation (accommodations_id, accommodations_name, accommodations_category, accommodations_description, city, district, address_detail, latitude, longitude, transport_info, parking_info, phone, rating, review_count, source_url, source_platform, sns, check_in_time, check_out_time, short_description) VALUES (23, '제주 와락게스트하우스', 'GUESTHOUSE', '와락은 가끔 시끌시끌할 때도 있습니다만 전반적으로 조용하고 차분한 분위기의 게스트하우스입니다.\n바베큐도 안하고, 파티도 없는 곳이며, 23시가 되면 소등하는 조금은 엄격한 규칙을 가지고 있는 게스트하우스입니다.\n하지만 푹 잘 수 있고, 멍 때리고, 하늘과 바다를 하염없이 보고, 다락에서 맘껏 책 읽고 영화보고 집처럼 편하게 쉴 수 있는 그런 공간입니다.\n대가족 숙소, 단체 숙소로도 이용 가능합니다.\n\n입실 : 17시~22시 30분까지 (일찍 입실하실 분은 미리 연락주세요)\n-입실 전 짐보관 가능합니다.\n소등 : 23시 (소등 후 입출입 금지)\n퇴실 : 10시까지\n조식 : 08시~09시\n\n별빛투어 안내\nhttps://blog.naver.com/mjdolsoi/223856213990\n\n다락극장 안내\nhttps://blog.naver.com/mjdolsoi/223856233070\n\nAI 동영상 만들어 드려요!\nhttps://blog.naver.com/mjdolsoi/223932191352', '제주', '제주시', '세평항로 45-4', 33.5275536, 126.8547794, '제주공항에서 오실 때는 2번 게이트에서 빨간색 101번 광역버스를 타시고 세화리 환승정류장에서 하차하세요.', '주차가능\n무료\n숙소 앞 주차장에 하시면 됩니다.', '0507-1413-9777', null, 683, 'https://map.naver.com/p/search/%EC%A0%9C%EC%A3%BC+%EC%99%80%EB%9D%BD%EA%B2%8C%EC%8A%A4%ED%8A%B8%ED%95%98%EC%9A%B0%EC%8A%A4/place/35326654?isCorrectAnswer=true&c=15.00,0,0,0,dh&placePath=/room?fromPanelNum=1&additionalHeight=76&timestamp=202512181212&locale=ko&svcName=map_pcv5&searchText=%EC%A0%9C%EC%A3%BC%2B%EC%99%80%EB%9D%BD%EA%B2%8C%EC%8A%A4%ED%8A%B8%ED%95%98%EC%9A%B0%EC%8A%A4&businessCategory=guesthouse&additionalHeight=76&timestamp=202512181212&locale=ko&svcName=map_pcv5&searchText=%EC%A0%9C%EC%A3%BC%2B%EC%99%80%EB%9D%BD%EA%B2%8C%EC%8A%A4%ED%8A%B8%ED%95%98%EC%9A%B0%EC%8A%A4&businessCategory=guesthouse&fromPanelNum=1', 'NAVER', 'Blog: https://blog.naver.com/mjdolsoi\nInstagram: https://www.instagram.com/loft_john/', '17:00', '10:00', '아름다운 뷰와 조용한 휴식의 조화');
INSERT INTO accommodation_theme (theme_id, accommodations_id) VALUES (3, 23);
INSERT INTO accommodation_theme (theme_id, accommodations_id) VALUES (1, 23);
INSERT INTO accommodation_amenity (amenity_id, accommodations_id) VALUES (4, 23);
INSERT INTO accommodation_amenity (amenity_id, accommodations_id) VALUES (5, 23);
INSERT INTO accommodation_amenity (amenity_id, accommodations_id) VALUES (6, 23);
INSERT INTO accommodation_amenity (amenity_id, accommodations_id) VALUES (16, 23);
INSERT INTO accommodation_amenity (amenity_id, accommodations_id) VALUES (7, 23);
INSERT INTO accommodation_amenity (amenity_id, accommodations_id) VALUES (1, 23);
INSERT INTO accommodation_amenity (amenity_id, accommodations_id) VALUES (3, 23);
INSERT INTO accommodation_amenity (amenity_id, accommodations_id) VALUES (9, 23);
INSERT INTO accommodation_amenity (amenity_id, accommodations_id) VALUES (14, 23);
INSERT INTO accommodation_amenity (amenity_id, accommodations_id) VALUES (15, 23);
INSERT INTO accommodation_amenity (amenity_id, accommodations_id) VALUES (10, 23);
INSERT INTO accommodation_amenity (amenity_id, accommodations_id) VALUES (20, 23);
INSERT INTO accommodation_image (accommodations_id, image_url, image_type, sort_order) VALUES (23, 'https://search.pstatic.net/common/?autoRotate=true&type=w560_sharpen&src=https%3A%2F%2Fldb-phinf.pstatic.net%2F20250409_31%2F1744204036238Mg55M_JPEG%2F%25BF%25DC%25B0%25FC.jpg', 'banner', 0);
INSERT INTO accommodation_image (accommodations_id, image_url, image_type, sort_order) VALUES (23, 'https://search.pstatic.net/common/?autoRotate=true&type=w278_sharpen&src=https%3A%2F%2Fldb-phinf.pstatic.net%2F20250409_288%2F1744204025020vCM3M_JPEG%2F%25B0%25C5%25BD%25C71.jpg', 'detail', 1);
INSERT INTO accommodation_image (accommodations_id, image_url, image_type, sort_order) VALUES (23, 'https://search.pstatic.net/common/?autoRotate=true&type=w278_sharpen&src=https%3A%2F%2Fldb-phinf.pstatic.net%2F20250409_108%2F1744203875550REVzY_JPEG%2F%25B4%25D9%25B6%25F42.jpg', 'detail', 2);
INSERT INTO accommodation_image (accommodations_id, image_url, image_type, sort_order) VALUES (23, 'https://search.pstatic.net/common/?autoRotate=true&type=w278_sharpen&src=https%3A%2F%2Fldb-phinf.pstatic.net%2F20250409_21%2F1744204016938SHiJW_JPEG%2F%25C5%25D7%25B6%25F3%25BD%25BA3.jpg', 'detail', 3);
INSERT INTO accommodation_image (accommodations_id, image_url, image_type, sort_order) VALUES (23, 'https://search.pstatic.net/common/?autoRotate=true&type=w278_sharpen&src=https%3A%2F%2Fldb-phinf.pstatic.net%2F20250409_272%2F1744203875546bw9LR_JPEG%2F%25B4%25D9%25B6%25F41.jpg', 'detail', 4);
INSERT INTO room (accommodations_id, room_name, price, min_guests, max_guests, room_description, main_image_url, bathroom_count, room_type, bed_count) VALUES (23, '여자 4인 도미토리', 28000, 2, 4, '공용객실, 기준 1인 (최대 4인) | 침실 1, 침대 2, 최소 1박', 'https://search.pstatic.net/common/?autoRotate=true&quality=95&type=w750&src=https%3A%2F%2Fnaverbooking-phinf.pstatic.net%2F20240619_86%2F1718799286417nriVY_JPEG%2Fdor4-1.jpg', 0, 'STANDARD', 2);
INSERT INTO room (accommodations_id, room_name, price, min_guests, max_guests, room_description, main_image_url, bathroom_count, room_type, bed_count) VALUES (23, '남자 4인 도미토리', 28000, 2, 4, '공용객실, 기준 1인 (최대 4인) | 침실 1, 침대 2, 최소 1박', 'https://search.pstatic.net/common/?autoRotate=true&quality=95&type=w750&src=https%3A%2F%2Fnaverbooking-phinf.pstatic.net%2F20240619_135%2F1718799510024gilyf_JPEG%2Fdor4-1.jpg', 0, 'STANDARD', 2);
INSERT INTO room (accommodations_id, room_name, price, min_guests, max_guests, room_description, main_image_url, bathroom_count, room_type, bed_count) VALUES (23, '트윈룸-2인실-2인 사용', 70000, 2, 2, '일반객실, 기준 2인 (최대 2인) | 침실 1, 침대 2, 최소 1박', 'https://search.pstatic.net/common/?autoRotate=true&quality=95&type=w750&src=https%3A%2F%2Fnaverbooking-phinf.pstatic.net%2F20240619_187%2F1718798417077TsWau_JPEG%2Ftwin2.jpg', 0, 'STANDARD', 2);
INSERT INTO room (accommodations_id, room_name, price, min_guests, max_guests, room_description, main_image_url, bathroom_count, room_type, bed_count) VALUES (23, '더블룸-커플실-2인 사용', 70000, 2, 2, '일반객실, 기준 2인 (최대 2인) | 침실 1, 침대 1, 최소 1박', 'https://search.pstatic.net/common/?autoRotate=true&quality=95&type=w750&src=https%3A%2F%2Fnaverbooking-phinf.pstatic.net%2F20240712_249%2F1720772561426STyJA_JPEG%2Fdouble1.jpg', 0, 'STANDARD', 1);
INSERT INTO room (accommodations_id, room_name, price, min_guests, max_guests, room_description, main_image_url, bathroom_count, room_type, bed_count) VALUES (23, '트리플룸-3인 사용', 100000, 2, 3, '일반객실, 기준 3인 (최대 3인) | 침실 1, 침대 3, 최소 1박', 'https://search.pstatic.net/common/?autoRotate=true&quality=95&type=w750&src=https%3A%2F%2Fnaverbooking-phinf.pstatic.net%2F20240619_108%2F1718799102495K0vPt_JPEG%2Ftriple1.jpg', 0, 'STANDARD', 3);
INSERT INTO room (accommodations_id, room_name, price, min_guests, max_guests, room_description, main_image_url, bathroom_count, room_type, bed_count) VALUES (23, '독채 예약(6인-20인) 30% 할인(정상가 45만원)', 300000, 2, 20, '독채, 기준 6인 (최대 20인) | 침실 4, 침대 7, 최소 1박', 'https://search.pstatic.net/common/?autoRotate=true&quality=95&type=w750&src=https%3A%2F%2Fnaverbooking-phinf.pstatic.net%2F20240618_32%2F1718708531319aUGVy_JPEG%2FIMG_5398.jpg', 0, 'STANDARD', 7);
INSERT INTO room (accommodations_id, room_name, price, min_guests, max_guests, room_description, main_image_url, bathroom_count, room_type, bed_count) VALUES (23, '2인 도미토리-2인 사용', 60000, 2, 2, '일반객실, 기준 2인 (최대 2인) | 침실 1, 침대 1, 최소 1박', 'https://search.pstatic.net/common/?autoRotate=true&quality=95&type=w750&src=https%3A%2F%2Fnaverbooking-phinf.pstatic.net%2F20240619_216%2F17187988981165ec02_JPEG%2Fdor2-1.jpg', 0, 'STANDARD', 1);
INSERT INTO room (accommodations_id, room_name, price, min_guests, max_guests, room_description, main_image_url, bathroom_count, room_type, bed_count) VALUES (23, '트리플룸-4인 사용', 120000, 2, 4, '일반객실, 기준 4인 (최대 4인) | 침실 1, 침대 3, 최소 1박', 'https://search.pstatic.net/common/?autoRotate=true&quality=95&type=w750&src=https%3A%2F%2Fnaverbooking-phinf.pstatic.net%2F20240619_111%2F1718799755606xEGwh_JPEG%2Ftriple1.jpg', 0, 'STANDARD', 3);
INSERT INTO room (accommodations_id, room_name, price, min_guests, max_guests, room_description, main_image_url, bathroom_count, room_type, bed_count) VALUES (23, '트윈룸-2인실-1인 사용', 60000, 2, 1, '일반객실, 기준 1인 (최대 1인) | 침실 1, 침대 2, 최소 1박', 'https://search.pstatic.net/common/?autoRotate=true&quality=95&type=w750&src=https%3A%2F%2Fnaverbooking-phinf.pstatic.net%2F20240619_73%2F1718799924330eMpOB_JPEG%2Ftwin2.jpg', 0, 'STANDARD', 2);
INSERT INTO room (accommodations_id, room_name, price, min_guests, max_guests, room_description, main_image_url, bathroom_count, room_type, bed_count) VALUES (23, '1인실-1인 사용', 60000, 2, 1, '일반객실, 기준 1인 (최대 1인) | 침실 1, 침대 1, 최소 1박', 'https://search.pstatic.net/common/?autoRotate=true&quality=95&type=w750&src=https%3A%2F%2Fnaverbooking-phinf.pstatic.net%2F20240731_71%2F1722421006910w9onD_JPEG%2F1%25C0%25CE%25BD%25C71.jpg', 0, 'STANDARD', 1);
INSERT INTO room (accommodations_id, room_name, price, min_guests, max_guests, room_description, main_image_url, bathroom_count, room_type, bed_count) VALUES (23, '2인 도미토리-1인 사용', 50000, 2, 1, '일반객실, 기준 1인 (최대 1인) | 침실 1, 침대 1, 최소 1박', 'https://search.pstatic.net/common/?autoRotate=true&quality=95&type=w750&src=https%3A%2F%2Fnaverbooking-phinf.pstatic.net%2F20240619_14%2F1718800306257BbquC_JPEG%2Fdor2-1.jpg', 0, 'STANDARD', 1);

INSERT INTO accommodation (accommodations_id, accommodations_name, accommodations_category, accommodations_description, city, district, address_detail, latitude, longitude, transport_info, parking_info, phone, rating, review_count, source_url, source_platform, sns, check_in_time, check_out_time, short_description) VALUES (24, '제주 간세 게스트하우스', 'GUESTHOUSE', '- 반드시 읽어 주세요! 더보기 클릭! ^^*\n\n** 입실시간 16:00~22:00 퇴실시간 10:00\n\n** 도미토리 연박시 10시-16시까지는 청소 및 정리 시간이라 자리를 비워주셔야 합니다.\n\n** 한라산 등반에 매우 좋습니다.\n\n성판악 코스 - 게스트하우스 바로 옆 버스정류장에서 281번 버스를 타고 약 25분 후에 성판악 코스 도착할 수 있습니다.\n\n관음사 코스 - 게스트하우스 바로 옆 버스정류장에서 281번 버스를 타고 약 10분 산천단 버스 정류장에서 475번으로 환승하면 약 5분 후 관음사 코스 도착입니다.\n\n성산, 우도, 월정리, 서귀포시로 이동할 때에도 간세게스트하우스 바로 옆 버스정류장에서 편하게 이용할 수 있습니다.\n\n버스터미널은 약 1킬로 정도로 걸어서 10분 혹은 버스타고 3분 정도 걸립니다.\n\n** 동문시장은 약 2킬로 정도의 거리에 있고 걸어서 20~30분 버스 타고 약 5분 거리에 있습니다.\n\n** 주위에 시청 젊음의 거리가 있고, 주변에 여러 종류의 맛집도 많이 있습니다. .\n\n1. 룸 구성\n - 더블룸 43000원 - 욕실, 화장실, 바닥난방, 에어컨\n\n - 트윈룸 45000원 - 욕실, 화장실, 바닥난방, 에어컨\n\n - 패밀리룸 60000원 - 욕실, 화장실, 바닥난방, 에어켠\n (더블+싱글) (싱글+싱글+싱글)(1인 추가 가능하며 추가금액은 2만원)\n\n - 프랜드룸 65000원 - 욕실, 화장실, 바닥난방, 에어컨\n (싱글+싱글+싱글)(1인 추가 가능하며 추가금액은 2만원)\n\n2. 취소 수수료 안내\n\n - 7일전 취소 - 100% 환불\n - 6일전 ~ 2일전 취소 - 50% 환불\n - 1일전 ~ 당일 취소는 환불 불가', '제주', '제주시', '278 줌타워 2층', 33.4999806, 126.5262098, '버스-\n*공항 3번 버스정류장에서 [시청방면]의 정류장을 꼭 확인해주세요! -315번, 331번, 332번, 343번, 43-1번 466번 심야 3001번 ''탐라장애인 종합복지회관'' 정류장 하차 후 바로 왼쪽 건물 2층입니다.', '주차가능\n무료', '0507-1310-5387', null, 1420, 'https://map.naver.com/p/search/%EC%A0%9C%EC%A3%BC+%EA%B0%84%EC%84%B8+%EA%B2%8C%EC%8A%A4%ED%8A%B8%ED%95%98%EC%9A%B0%EC%8A%A4/place/36241303?isCorrectAnswer=true&c=15.00,0,0,0,dh&placePath=/room?fromPanelNum=1&additionalHeight=76&timestamp=202512181212&locale=ko&svcName=map_pcv5&searchText=%EC%A0%9C%EC%A3%BC%2B%EA%B0%84%EC%84%B8%2B%EA%B2%8C%EC%8A%A4%ED%8A%B8%ED%95%98%EC%9A%B0%EC%8A%A4&businessCategory=guesthouse&additionalHeight=76&timestamp=202512181212&locale=ko&svcName=map_pcv5&searchText=%EC%A0%9C%EC%A3%BC%2B%EA%B0%84%EC%84%B8%2B%EA%B2%8C%EC%8A%A4%ED%8A%B8%ED%95%98%EC%9A%B0%EC%8A%A4&businessCategory=guesthouse&fromPanelNum=1', 'NAVER', NULL, '16:00', '10:00', '편리한 위치와 넓은 방에서 편안한 숙박');
INSERT INTO accommodation_amenity (amenity_id, accommodations_id) VALUES (8, 24);
INSERT INTO accommodation_amenity (amenity_id, accommodations_id) VALUES (6, 24);
INSERT INTO accommodation_amenity (amenity_id, accommodations_id) VALUES (1, 24);
INSERT INTO accommodation_amenity (amenity_id, accommodations_id) VALUES (7, 24);
INSERT INTO accommodation_amenity (amenity_id, accommodations_id) VALUES (4, 24);
INSERT INTO accommodation_amenity (amenity_id, accommodations_id) VALUES (5, 24);
INSERT INTO accommodation_amenity (amenity_id, accommodations_id) VALUES (15, 24);
INSERT INTO accommodation_amenity (amenity_id, accommodations_id) VALUES (10, 24);
INSERT INTO accommodation_image (accommodations_id, image_url, image_type, sort_order) VALUES (24, 'https://search.pstatic.net/common/?autoRotate=true&type=w560_sharpen&src=https%3A%2F%2Fldb-phinf.pstatic.net%2F20190530_181%2F15591814971341RFl6_JPEG%2F%25B0%25A3%25BC%25BC%25BD%25BA%25C6%25E4%25BC%25C8_%25B0%25A3%25C6%25C7.jpg', 'banner', 0);
INSERT INTO accommodation_image (accommodations_id, image_url, image_type, sort_order) VALUES (24, 'https://search.pstatic.net/common/?autoRotate=true&type=w278_sharpen&src=https%3A%2F%2Fldb-phinf.pstatic.net%2F20210901_226%2F1630464985226o1dvq_JPEG%2F5ve_uh0rJ3lgb1CSmPOEbBrg.jpg', 'detail', 1);
INSERT INTO accommodation_image (accommodations_id, image_url, image_type, sort_order) VALUES (24, 'https://search.pstatic.net/common/?autoRotate=true&type=w278_sharpen&src=https%3A%2F%2Fldb-phinf.pstatic.net%2F20210901_210%2F1630464980673mhbuy_JPEG%2Fz58VQ1dBKpnj8WKS3_4U1KgK.jpg', 'detail', 2);
INSERT INTO accommodation_image (accommodations_id, image_url, image_type, sort_order) VALUES (24, 'https://search.pstatic.net/common/?autoRotate=true&type=w278_sharpen&src=https%3A%2F%2Fldb-phinf.pstatic.net%2F20210901_129%2F1630464975305SoDJL_JPEG%2FbzDtTW-WaREcfH3IlDXifuwD.jpg', 'detail', 3);
INSERT INTO accommodation_image (accommodations_id, image_url, image_type, sort_order) VALUES (24, 'https://search.pstatic.net/common/?autoRotate=true&type=w278_sharpen&src=https%3A%2F%2Fldb-phinf.pstatic.net%2F20171127_137%2F1511761148748yIc6g_JPEG%2Fimage.JPEG', 'detail', 4);
INSERT INTO room (accommodations_id, room_name, price, min_guests, max_guests, room_description, main_image_url, bathroom_count, room_type, bed_count) VALUES (24, '여성전용 8인실 (여)', 19000, 2, 8, '기준 8인 (최대 8인)', 'https://search.pstatic.net/common/?autoRotate=true&quality=95&type=w750&src=https%3A%2F%2Fnaverbooking-phinf.pstatic.net%2F20230520_217%2F1684578387949PpUOw_JPEG%2F8%25C0%25CE%25BD%25C79.jpg', 0, 'STANDARD', 0);
INSERT INTO room (accommodations_id, room_name, price, min_guests, max_guests, room_description, main_image_url, bathroom_count, room_type, bed_count) VALUES (24, '남성전용 8인실(남)', 19000, 2, 8, '기준 8인 (최대 8인)', 'https://search.pstatic.net/common/?autoRotate=true&quality=95&type=w750&src=https%3A%2F%2Fnaverbooking-phinf.pstatic.net%2F20230520_230%2F1684578861025Pdf6j_JPEG%2F8%25C0%25CE%25BD%25C75.jpg', 0, 'STANDARD', 0);
INSERT INTO room (accommodations_id, room_name, price, min_guests, max_guests, room_description, main_image_url, bathroom_count, room_type, bed_count) VALUES (24, '싱글룸', 35000, 2, 1, '기준 1인 (최대 1인)', 'https://search.pstatic.net/common/?autoRotate=true&quality=95&type=w750&src=https%3A%2F%2Fnaverbooking-phinf.pstatic.net%2F20201102_207%2F1604303026608GGJkm_JPEG%2F%25B4%25F5%25BA%25ED1.jpg', 0, 'STANDARD', 0);
INSERT INTO room (accommodations_id, room_name, price, min_guests, max_guests, room_description, main_image_url, bathroom_count, room_type, bed_count) VALUES (24, '더블룸', 43000, 2, 2, '기준 2인 (최대 2인)', 'https://search.pstatic.net/common/?autoRotate=true&quality=95&type=w750&src=https%3A%2F%2Fnaverbooking-phinf.pstatic.net%2F20160512_146%2F1463064755354obhNz_JPEG%2F%25B4%25F5%25BA%25ED3.jpg', 0, 'STANDARD', 0);
INSERT INTO room (accommodations_id, room_name, price, min_guests, max_guests, room_description, main_image_url, bathroom_count, room_type, bed_count) VALUES (24, '트윈룸', 45000, 2, 2, '기준 2인 (최대 2인)', 'https://search.pstatic.net/common/?autoRotate=true&quality=95&type=w750&src=https%3A%2F%2Fnaverbooking-phinf.pstatic.net%2F20160512_280%2F14630606593023FpQQ_JPEG%2F%25C6%25AE%25C0%25A92.jpg', 0, 'STANDARD', 0);
INSERT INTO room (accommodations_id, room_name, price, min_guests, max_guests, room_description, main_image_url, bathroom_count, room_type, bed_count) VALUES (24, '트리플룸(패밀리)', 60000, 2, 3, '기준 3인 (최대 3인)', 'https://search.pstatic.net/common/?autoRotate=true&quality=95&type=w750&src=https%3A%2F%2Fnaverbooking-phinf.pstatic.net%2F20160512_231%2F14630613969079jB5G_JPEG%2F3%25C0%25CE%25BD%25C7_%25C6%25D0%25B9%25D0%25B8%25AE_%25B4%25F5%25BA%25ED%252B%25BD%25CC%25B1%25DB.jpg', 0, 'STANDARD', 0);
INSERT INTO room (accommodations_id, room_name, price, min_guests, max_guests, room_description, main_image_url, bathroom_count, room_type, bed_count) VALUES (24, '트리플룸(프랜드)', 65000, 2, 4, '기준 3인 (최대 4인)', 'https://search.pstatic.net/common/?autoRotate=true&quality=95&type=w750&src=https%3A%2F%2Fnaverbooking-phinf.pstatic.net%2F20160512_170%2F14630611998547cEx3_JPEG%2F3%25C0%25CE%25BD%25C7_%25C7%25C1%25B7%25BB%25B5%25E5_%25BD%25CC%25B1%25DBx3.jpg', 0, 'STANDARD', 0);

INSERT INTO accommodation (accommodations_id, accommodations_name, accommodations_category, accommodations_description, city, district, address_detail, latitude, longitude, transport_info, parking_info, phone, rating, review_count, source_url, source_platform, sns, check_in_time, check_out_time, short_description) VALUES (25, '제주 고고애월 게스트하우스', 'GUESTHOUSE', '환상의섬 제주, 이제는 휴식하며 여유를 찾아가시기 바랍니다.\n아늑한 공간에 친환경적 목재마감 잔잔한 향나무향이 당신의 지친몸을 풀어줄 것입니다.\n넓은 창으로 보이는 드넓은 바다는 답답한 당신의 마음을 열어줄 것입니다. 고고애월은 애월의 중심 애월항에서 제주의 많은 것들을 즐길수있도록 최선을 다해 도울것입니다.\nFantasy island of Jeju, now please go rest and relax. Environmentally friendly wood finishes in a calm and cozy space will release the fragrant wood scent your tired body. Vast ocean is visible in the window wide open the stuffy your mind. Gogoaewol will do our best to help you enjoy so many things at the Jeju.', '제주', '제주시', '애월해안로 56 3층 고고애월', 33.4670989, 126.3202949, '공항에서 102번 버스 이용후, 애월환승정류장에서 하차 도보 3분거리.혹은 공항사거리 에서 202번을 타고 오셔도 됩니다', '주차가능\n무료', '0507-1306-1088', null, 42, 'https://map.naver.com/p/entry/place/1157479143?c=15.00,0,0,0,dh&placePath=/room?entry=bmp&fromPanelNum=1&additionalHeight=76&timestamp=202512181213&locale=ko&svcName=map_pcv5&businessCategory=guesthouse&fromPanelNum=1&additionalHeight=76&timestamp=202512181213&locale=ko&svcName=map_pcv5&businessCategory=guesthouse&from=map', 'NAVER', 'Blog: https://blog.naver.com/bmwxy2000\nInstagram: https://www.instagram.com/mansdodo7340', NULL, NULL, '아름다운 인테리어와 친환경적인 분위기의 휴식처');
INSERT INTO accommodation_amenity (amenity_id, accommodations_id) VALUES (1, 25);
INSERT INTO accommodation_image (accommodations_id, image_url, image_type, sort_order) VALUES (25, 'https://search.pstatic.net/common/?autoRotate=true&type=w560_sharpen&src=https%3A%2F%2Fldb-phinf.pstatic.net%2F20240506_160%2F1715000865728JdLxJ_JPEG%2F20240403_085525.jpg', 'banner', 0);
INSERT INTO accommodation_image (accommodations_id, image_url, image_type, sort_order) VALUES (25, 'https://search.pstatic.net/common/?autoRotate=true&type=w278_sharpen&src=https%3A%2F%2Fldb-phinf.pstatic.net%2F20240506_139%2F17150008499811zUxQ_JPEG%2F20240403_090546.jpg', 'detail', 1);
INSERT INTO accommodation_image (accommodations_id, image_url, image_type, sort_order) VALUES (25, 'https://search.pstatic.net/common/?autoRotate=true&type=w278_sharpen&src=https%3A%2F%2Fldb-phinf.pstatic.net%2F20240506_117%2F17150008117265m0vm_JPEG%2F%25B0%25C5%25BD%25C7%25C3%25A2%25B9%25AE%25BF%25A1%25BC%25AD_%25BA%25BB_%25BE%25D6%25BF%25F9%25B9%25D9%25B4%25D9_%25C0%25FC%25B0%25E6.jpg', 'detail', 2);
INSERT INTO accommodation_image (accommodations_id, image_url, image_type, sort_order) VALUES (25, 'https://search.pstatic.net/common/?autoRotate=true&type=w278_sharpen&src=https%3A%2F%2Fldb-phinf.pstatic.net%2F20220531_22%2F1653923172161XgQdD_JPEG%2FKakaoTalk_20220425_142613563_25.jpg', 'detail', 3);
INSERT INTO accommodation_image (accommodations_id, image_url, image_type, sort_order) VALUES (25, 'https://search.pstatic.net/common/?autoRotate=true&type=w278_sharpen&src=https%3A%2F%2Fldb-phinf.pstatic.net%2F20231010_215%2F1696935261353ccrbE_JPEG%2F20180824_132001.jpg', 'detail', 4);
INSERT INTO room (accommodations_id, room_name, price, min_guests, max_guests, room_description, main_image_url, bathroom_count, room_type, bed_count) VALUES (25, '오션뷰 독채룸A', 65000, 2, 4, '독채, 기준 2인 (최대 4인) | 침실 1, 침대 1, 욕실 1, 최소 1박', 'https://search.pstatic.net/common/?autoRotate=true&quality=95&type=w750&src=https%3A%2F%2Fnaverbooking-phinf.pstatic.net%2F20221003_104%2F16648076699353jqt0_JPEG%2FKakaoTalk_20221003_231007220_10.jpg', 1, 'STANDARD', 1);
INSERT INTO room (accommodations_id, room_name, price, min_guests, max_guests, room_description, main_image_url, bathroom_count, room_type, bed_count) VALUES (25, '애월항 독채룸B', 60000, 2, 4, '독채, 기준 2인 (최대 4인) | 침실 1, 침대 1, 욕실 1, 최소 1박', 'https://search.pstatic.net/common/?autoRotate=true&quality=95&type=w750&src=https%3A%2F%2Fnaverbooking-phinf.pstatic.net%2F20221003_31%2F1664807672385jLyvp_JPEG%2F20180915_181522.jpg', 1, 'STANDARD', 1);
INSERT INTO room (accommodations_id, room_name, price, min_guests, max_guests, room_description, main_image_url, bathroom_count, room_type, bed_count) VALUES (25, '여성 도미토리', 29000, 2, 3, '공용객실, 기준 1인 (최대 3인) | 침실 1, 침대 1, 욕실 1, 최소 1박', 'https://search.pstatic.net/common/?autoRotate=true&quality=95&type=w750&src=https%3A%2F%2Fnaverbooking-phinf.pstatic.net%2F20230321_37%2F1679355489266ayIiz_JPEG%2FKakaoTalk_20230319_152554557.jpg', 1, 'STANDARD', 1);
INSERT INTO room (accommodations_id, room_name, price, min_guests, max_guests, room_description, main_image_url, bathroom_count, room_type, bed_count) VALUES (25, '남성 도미토리', 29000, 2, 4, '공용객실, 기준 1인 (최대 4인) | 침실 1, 침대 1, 욕실 1, 최소 1박', 'https://search.pstatic.net/common/?autoRotate=true&quality=95&type=w750&src=https%3A%2F%2Fnaverbooking-phinf.pstatic.net%2F20220425_141%2F1650864615424PE2qx_JPEG%2FKakaoTalk_20220425_142613563.jpg', 1, 'STANDARD', 1);

INSERT INTO accommodation (accommodations_id, accommodations_name, accommodations_category, accommodations_description, city, district, address_detail, latitude, longitude, transport_info, parking_info, phone, rating, review_count, source_url, source_platform, sns, check_in_time, check_out_time, short_description) VALUES (26, '제주 블랑 게스트하우스', 'GUESTHOUSE', '에머럴드빛 표선해비치 해변과 가까운 블랑게스트하우스는 깨끗하고 편안한 실내와 침구, 조용한 주변환경, 맛있는 아침식사, 해비치해변 무료 픽업서비스 제공으로 제주를 여행하시는 모든 게스트 여러분의 즐거운 여행을 위한 안전한 쉼터가 되도록 서비스 하겠습니다.', '제주', '서귀포시', '표선관정로43번길 76-31', 33.3332157, 126.8269052, '>> 자가용\n제주공항에서 번영로를 타고 표선을 목표로 50분거리에 표선교차로에서 우회전 서귀포방면으로 200m에 있습니다.\n네비에 '''' 제주도 서귀포시 표선면 표선관정로43번길 76-31'''' 입력하세요\n>> 버 스\n제주공항에서 표선행 121번, 122번, 제주시외버스터미널에서 221번,222번 버스를 타시면 약 1시간 정도 소요되며 표선면사무소에서 하차하여 픽업요청 전화주세요. 바로 모시러 5분내에 도착합니다.\n>> 뚜벅이\n올레길을 걸으시거나 대중교통을 이용하시는 분들은 표선시내나 올레길 3코스 끝나는 지점 올레길 4코스 시작하는 지점 아니면 표선인근에서 어디든 언제든 픽업요청 전화주세요. 10분내에 모시러 갑니다.', '주차가능\n무료', NULL, null, 284, 'https://map.naver.com/p/search/%EC%A0%9C%EC%A3%BC+%EB%B8%94%EB%9E%91+%EA%B2%8C%EC%8A%A4%ED%8A%B8%ED%95%98%EC%9A%B0%EC%8A%A4/place/36893522?isCorrectAnswer=true&c=15.00,0,0,0,dh&placePath=/room?fromPanelNum=1&additionalHeight=76&timestamp=202512181213&locale=ko&svcName=map_pcv5&searchText=%EC%A0%9C%EC%A3%BC%2B%EB%B8%94%EB%9E%91%2B%EA%B2%8C%EC%8A%A4%ED%8A%B8%ED%95%98%EC%9A%B0%EC%8A%A4&businessCategory=guesthouse&additionalHeight=76&timestamp=202512181213&locale=ko&svcName=map_pcv5&searchText=%EC%A0%9C%EC%A3%BC%2B%EB%B8%94%EB%9E%91%2B%EA%B2%8C%EC%8A%A4%ED%8A%B8%ED%95%98%EC%9A%B0%EC%8A%A4&businessCategory=guesthouse&fromPanelNum=1', 'NAVER', 'Blog: http://blog.naver.com/blancinjeju\nBlog: https://blog.naver.com/blancinjeju', '16:00', '10:00', '따뜻한 서비스와 맛있는 조식으로 하루를 시작');
INSERT INTO accommodation_theme (theme_id, accommodations_id) VALUES (3, 26);
INSERT INTO accommodation_theme (theme_id, accommodations_id) VALUES (1, 26);
INSERT INTO accommodation_amenity (amenity_id, accommodations_id) VALUES (7, 26);
INSERT INTO accommodation_amenity (amenity_id, accommodations_id) VALUES (4, 26);
INSERT INTO accommodation_amenity (amenity_id, accommodations_id) VALUES (3, 26);
INSERT INTO accommodation_amenity (amenity_id, accommodations_id) VALUES (6, 26);
INSERT INTO accommodation_amenity (amenity_id, accommodations_id) VALUES (11, 26);
INSERT INTO accommodation_amenity (amenity_id, accommodations_id) VALUES (1, 26);
INSERT INTO accommodation_amenity (amenity_id, accommodations_id) VALUES (18, 26);
INSERT INTO accommodation_amenity (amenity_id, accommodations_id) VALUES (10, 26);
INSERT INTO accommodation_amenity (amenity_id, accommodations_id) VALUES (23, 26);
INSERT INTO accommodation_amenity (amenity_id, accommodations_id) VALUES (20, 26);
INSERT INTO accommodation_amenity (amenity_id, accommodations_id) VALUES (14, 26);
INSERT INTO accommodation_amenity (amenity_id, accommodations_id) VALUES (30, 26);
INSERT INTO accommodation_image (accommodations_id, image_url, image_type, sort_order) VALUES (26, 'https://search.pstatic.net/common/?autoRotate=true&type=w560_sharpen&src=https%3A%2F%2Fldb-phinf.pstatic.net%2F20171019_296%2F1508343060476VYA0l_JPEG%2FF4XEqTfN7lK--jBzxPMhPp_X.jpg', 'banner', 0);
INSERT INTO accommodation_image (accommodations_id, image_url, image_type, sort_order) VALUES (26, 'https://search.pstatic.net/common/?autoRotate=true&type=w278_sharpen&src=https%3A%2F%2Fldb-phinf.pstatic.net%2F20171019_147%2F1508343106758t4n0t_JPEG%2FLIuVsG1_f63_FA2O7KQYuDQl.jpg', 'detail', 1);
INSERT INTO accommodation_image (accommodations_id, image_url, image_type, sort_order) VALUES (26, 'https://search.pstatic.net/common/?autoRotate=true&type=w278_sharpen&src=https%3A%2F%2Fldb-phinf.pstatic.net%2F20171019_178%2F1508343186740vUxpc_JPEG%2FeYSnJiB019uN5Rm6hsuJ7TEk.jpg', 'detail', 2);
INSERT INTO accommodation_image (accommodations_id, image_url, image_type, sort_order) VALUES (26, 'https://search.pstatic.net/common/?autoRotate=true&type=w278_sharpen&src=https%3A%2F%2Fldb-phinf.pstatic.net%2F20171019_134%2F1508343190554A7nRu_JPEG%2FNDX66Q5RkTNUSTm6beLPog6L.jpg', 'detail', 3);
INSERT INTO accommodation_image (accommodations_id, image_url, image_type, sort_order) VALUES (26, 'https://search.pstatic.net/common/?autoRotate=true&type=w278_sharpen&src=https%3A%2F%2Fldb-phinf.pstatic.net%2F20171019_183%2F1508343239559SXemT_JPEG%2FZ4sQ4xLvXBiIztBciICeREc9.jpg', 'detail', 4);
INSERT INTO room (accommodations_id, room_name, price, min_guests, max_guests, room_description, main_image_url, bathroom_count, room_type, bed_count) VALUES (26, '2인실(Q 침대) 1인 기준', 30000, 2, 2, '기준 2인 (최대 2인)', 'https://search.pstatic.net/common/?autoRotate=true&quality=95&type=w750&src=https%3A%2F%2Fnaverbooking-phinf.pstatic.net%2F20160911_19%2F14735731500704crrD_JPEG%2F20160812_181406_001.jpg', 0, 'STANDARD', 0);
INSERT INTO room (accommodations_id, room_name, price, min_guests, max_guests, room_description, main_image_url, bathroom_count, room_type, bed_count) VALUES (26, '2인실(SS 침대 2개) 1인 기준', 25000, 2, 2, '기준 2인 (최대 2인)', 'https://search.pstatic.net/common/?autoRotate=true&quality=95&type=w750&src=https%3A%2F%2Fnaverbooking-phinf.pstatic.net%2F20160312_218%2F14577583147310njDW_JPEG%2F20151228_155518.jpg', 0, 'STANDARD', 0);
INSERT INTO room (accommodations_id, room_name, price, min_guests, max_guests, room_description, main_image_url, bathroom_count, room_type, bed_count) VALUES (26, '2인실(Q 침대) 1인 기준', 30000, 2, 2, '기준 2인 (최대 2인)', 'https://search.pstatic.net/common/?autoRotate=true&quality=95&type=w750&src=https%3A%2F%2Fnaverbooking-phinf.pstatic.net%2F20160312_97%2F14577586855731KRnD_JPEG%2F20151228_160630_001.jpg', 0, 'STANDARD', 0);
INSERT INTO room (accommodations_id, room_name, price, min_guests, max_guests, room_description, main_image_url, bathroom_count, room_type, bed_count) VALUES (26, '2인실(SS침대 2개) 1인 기준', 25000, 2, 2, '기준 2인 (최대 2인)', 'https://search.pstatic.net/common/?autoRotate=true&quality=95&type=w750&src=https%3A%2F%2Fnaverbooking-phinf.pstatic.net%2F20160911_24%2F1473573835191efqT6_JPEG%2F20160705_101057.jpg', 0, 'STANDARD', 0);
INSERT INTO room (accommodations_id, room_name, price, min_guests, max_guests, room_description, main_image_url, bathroom_count, room_type, bed_count) VALUES (26, '게스트하우스 전체사용', 220000, 2, 12, '독채, 기준 8인 (최대 12인) | 침실 1, 침대 5, 욕실 2, 최소 1박', 'https://search.pstatic.net/common/?autoRotate=true&quality=95&type=w750&src=https%3A%2F%2Fnaverbooking-phinf.pstatic.net%2F20180629_250%2F1530251823491wHrJ1_JPEG%2F%25BA%25ED%25B6%25FB%25BF%25DC%25B0%25FC1.jpg', 2, 'STANDARD', 5);

INSERT INTO accommodation (accommodations_id, accommodations_name, accommodations_category, accommodations_description, city, district, address_detail, latitude, longitude, transport_info, parking_info, phone, rating, review_count, source_url, source_platform, sns, check_in_time, check_out_time, short_description) VALUES (27, '제주 협재쉬멍놀멍 게스트하우스', 'GUESTHOUSE', '[신축]제주협재해수욕장 쉬멍놀멍 게스트하우스&펜션\n\n- 협재해수욕장 도보5분거리\n- 한림공원 도보8분거리\n- 금능해변 도보8분거리\n\n- 옥상 비양도 오션뷰\n- 전객실 야외테라스\n- 전객실 개별 화장실\n- CCTV 24시간 보안 / 개별 도어락 설치\n- 15인승엘레베이터 / 전용주차장 보유\n\n* 조식제공\n* TV,개별냉난방,화장대,냉장고,무료Wifi\n* 수건,샴푸,린스,바디워시,치약 제공', '제주', '제주시', '협재2길 30', null, null, NULL, NULL, NULL, null, 377, 'https://map.naver.com/p/search/%EC%A0%9C%EC%A3%BC+%ED%98%91%EC%9E%AC%EC%89%AC%EB%A9%8D%EB%86%80%EB%A9%8D+%EA%B2%8C%EC%8A%A4%ED%8A%B8%ED%95%98%EC%9A%B0%EC%8A%A4/place/1760704073?c=8.00,0,0,0,dh&placePath=/room?entry=pll&fromPanelNum=2&timestamp=202512181213&locale=ko&svcName=map_pcv5&searchText=%EC%A0%9C%EC%A3%BC%2B%ED%98%91%EC%9E%AC%EC%89%AC%EB%A9%8D%EB%86%80%EB%A9%8D%2B%EA%B2%8C%EC%8A%A4%ED%8A%B8%ED%95%98%EC%9A%B0%EC%8A%A4&businessCategory=guesthouse&fromPanelNum=2&timestamp=202512181213&locale=ko&svcName=map_pcv5&searchText=%EC%A0%9C%EC%A3%BC%2B%ED%98%91%EC%9E%AC%EC%89%AC%EB%A9%8D%EB%86%80%EB%A9%8D%2B%EA%B2%8C%EC%8A%A4%ED%8A%B8%ED%95%98%EC%9A%B0%EC%8A%A4&businessCategory=guesthouse&from=map', 'NAVER', NULL, '16:00', '11:00', '깨끗한 방에서 즐기는 아름다운 해변 경치');
INSERT INTO accommodation_theme (theme_id, accommodations_id) VALUES (3, 27);
INSERT INTO accommodation_amenity (amenity_id, accommodations_id) VALUES (5, 27);
INSERT INTO accommodation_amenity (amenity_id, accommodations_id) VALUES (4, 27);
INSERT INTO accommodation_amenity (amenity_id, accommodations_id) VALUES (15, 27);
INSERT INTO accommodation_amenity (amenity_id, accommodations_id) VALUES (6, 27);
INSERT INTO accommodation_amenity (amenity_id, accommodations_id) VALUES (7, 27);
INSERT INTO accommodation_amenity (amenity_id, accommodations_id) VALUES (1, 27);
INSERT INTO accommodation_amenity (amenity_id, accommodations_id) VALUES (3, 27);
INSERT INTO accommodation_image (accommodations_id, image_url, image_type, sort_order) VALUES (27, 'https://search.pstatic.net/common/?autoRotate=true&type=w560_sharpen&src=https%3A%2F%2Fldb-phinf.pstatic.net%2F20220908_147%2F16626005176757pwYM_JPEG%2F%25BD%25AC%25B8%25DB%25B3%25EE%25B8%25DB%2528%25BF%25C3%25BC%25A6%25C6%25F7%25C5%25E4%2529-01-DJI_0077-Edit.jpg', 'banner', 0);
INSERT INTO accommodation_image (accommodations_id, image_url, image_type, sort_order) VALUES (27, 'https://search.pstatic.net/common/?autoRotate=true&type=w278_sharpen&src=https%3A%2F%2Fldb-phinf.pstatic.net%2F20200610_224%2F1591772799388awE1W_JPEG%2F%25BD%25AC%25B8%25DB%25B3%25EE%25B8%25DB%2528%25BF%25C3%25BC%25A6%25C6%25F7%25C5%25E4%2529-02-DJI_0078-Edit.jpg', 'detail', 1);
INSERT INTO accommodation_image (accommodations_id, image_url, image_type, sort_order) VALUES (27, 'https://search.pstatic.net/common/?autoRotate=true&type=w278_sharpen&src=https%3A%2F%2Fldb-phinf.pstatic.net%2F20200610_15%2F15917727994183B4jh_JPEG%2F%25BD%25AC%25B8%25DB%25B3%25EE%25B8%25DB%2528%25BF%25C3%25BC%25A6%25C6%25F7%25C5%25E4%2529-03-DJI_0081.jpg', 'detail', 2);
INSERT INTO accommodation_image (accommodations_id, image_url, image_type, sort_order) VALUES (27, 'https://search.pstatic.net/common/?autoRotate=true&type=w278_sharpen&src=https%3A%2F%2Fldb-phinf.pstatic.net%2F20200610_296%2F159177279941258da3_JPEG%2F%25BD%25AC%25B8%25DB%25B3%25EE%25B8%25DB%2528%25BF%25C3%25BC%25A6%25C6%25F7%25C5%25E4%2529-04-DJI_0082-Edit.jpg', 'detail', 3);
INSERT INTO accommodation_image (accommodations_id, image_url, image_type, sort_order) VALUES (27, 'https://search.pstatic.net/common/?autoRotate=true&type=w278_sharpen&src=https%3A%2F%2Fldb-phinf.pstatic.net%2F20200610_113%2F1591772799369dEuxJ_JPEG%2F%25BD%25AC%25B8%25DB%25B3%25EE%25B8%25DB%2528%25BF%25C3%25BC%25A6%25C6%25F7%25C5%25E4%2529-05-DJI_0087-Edit.jpg', 'detail', 4);
INSERT INTO room (accommodations_id, room_name, price, min_guests, max_guests, room_description, main_image_url, bathroom_count, room_type, bed_count) VALUES (27, '2인실Twin Room(무료조식)', 81000, 2, 3, '일반객실, 기준 2인 (최대 3인) | 침실 1, 침대 2, 욕실 1, 최소 1박', 'https://search.pstatic.net/common/?autoRotate=true&quality=95&type=w750&src=https%3A%2F%2Fnaverbooking-phinf.pstatic.net%2F20200610_219%2F1591771747534MaX1w_JPEG%2F%25BD%25AC%25B8%25DB%25B3%25EE%25B8%25DB%2528%25BF%25C3%25BC%25A6%25C6%25F7%25C5%25E4%2529-01-_ASP3781-Edit.jpg', 1, 'STANDARD', 2);
INSERT INTO room (accommodations_id, room_name, price, min_guests, max_guests, room_description, main_image_url, bathroom_count, room_type, bed_count) VALUES (27, '3인실(twin bed)(무료조식)', 105000, 2, 4, '일반객실, 기준 3인 (최대 4인) | 침실 1, 침대 2, 욕실 1, 최소 1박', 'https://search.pstatic.net/common/?autoRotate=true&quality=95&type=w750&src=https%3A%2F%2Fnaverbooking-phinf.pstatic.net%2F20200610_264%2F1591772157508jOEiv_JPEG%2F%25BD%25AC%25B8%25DB%25B3%25EE%25B8%25DB%2528%25BF%25C3%25BC%25A6%25C6%25F7%25C5%25E4%2529-01-_ASP3753.jpg', 1, 'STANDARD', 2);
INSERT INTO room (accommodations_id, room_name, price, min_guests, max_guests, room_description, main_image_url, bathroom_count, room_type, bed_count) VALUES (27, '3인실(싱글베드3)(무료조식)', 110000, 2, 4, '일반객실, 기준 3인 (최대 4인) | 침실 1, 침대 3, 욕실 1, 최소 1박', 'https://search.pstatic.net/common/?autoRotate=true&quality=95&type=w750&src=https%3A%2F%2Fnaverbooking-phinf.pstatic.net%2F20191229_227%2F1577604115903wH97Y_JPEG%2F2_%25BA%25B8%25C1%25A4.jpg', 1, 'STANDARD', 3);
INSERT INTO room (accommodations_id, room_name, price, min_guests, max_guests, room_description, main_image_url, bathroom_count, room_type, bed_count) VALUES (27, '가족실(무료조식)', 170000, 2, 6, '일반객실, 기준 4인 (최대 6인) | 침실 1, 침대 1, 욕실 1, 최소 1박', 'https://search.pstatic.net/common/?autoRotate=true&quality=95&type=w750&src=https%3A%2F%2Fnaverbooking-phinf.pstatic.net%2F20200610_221%2F1591772265534HJA9E_JPEG%2F%25BD%25AC%25B8%25DB%25B3%25EE%25B8%25DB%2528%25BF%25C3%25BC%25A6%25C6%25F7%25C5%25E4%2529-01-_ASP3761-Edit.jpg', 1, 'STANDARD', 1);
INSERT INTO room (accommodations_id, room_name, price, min_guests, max_guests, room_description, main_image_url, bathroom_count, room_type, bed_count) VALUES (27, '2인실[Duble Room] (무료조식)', 81000, 2, 3, '일반객실, 기준 2인 (최대 3인) | 침실 1, 침대 1, 욕실 1, 최소 1박', 'https://search.pstatic.net/common/?autoRotate=true&quality=95&type=w750&src=https%3A%2F%2Fnaverbooking-phinf.pstatic.net%2F20220901_72%2F166201252848774Fuu_JPEG%2F%25BD%25AC%25B8%25DB%25B3%25EE%25B8%25DB%2528%25BF%25C3%25BC%25A6%25C6%25F7%25C5%25E4%2529-01-_ASP2460.jpg', 1, 'STANDARD', 1);

INSERT INTO accommodation (accommodations_id, accommodations_name, accommodations_category, accommodations_description, city, district, address_detail, latitude, longitude, transport_info, parking_info, phone, rating, review_count, source_url, source_platform, sns, check_in_time, check_out_time, short_description) VALUES (28, '서귀포 대정골드빌라스풀빌라대가족숙소', 'GUESTHOUSE', NULL, '제주', '서귀포시', '상모로191번길 20 대정골드빌라스', null, null, '대정 골드빌라스 풀빌라는 제주 서귀포시 대정읍에 위치해 있으며 제주국제공항에서는 차량 약 50분, 서귀포 시내에서는 약 40분 정도 소요됩니다.\n\n내비게이션에 [대정 골드빌라스 풀빌라] 또는 [대정읍 상모로 191번길 20]을 입력하시면 편리하게 찾아오실 수 있습니다.\n\n공항 출발 시 일주서로를 따라 서귀포와 대정 방향으로 오시면 되고, 서귀포 시내에서는 중문을 지나 일주서로로 진입하시면 됩니다.\n\n숙소 주변에는 산방산, 송악산, 오설록 티뮤지엄 등 주요 관광지가 가까워 동선이 편리하며, 하나로마트와 주유소, 음식점도 인근에 있어 체크인 전 장을 보거나 간단한 식사를 하시기에도 좋습니다.', NULL, '0507-1300-5617', null, 214, 'https://map.naver.com/p/search/%EC%84%9C%EA%B7%80%ED%8F%AC+%EB%8C%80%EC%A0%95%EA%B3%A8%EB%93%9C%EB%B9%8C%EB%9D%BC%EC%8A%A4%ED%92%80%EB%B9%8C%EB%9D%BC%EB%8C%80%EA%B0%80%EC%A1%B1%EC%88%99%EC%86%8C/place/1739689414?isCorrectAnswer=true&c=15.00,0,0,0,dh&placePath=/room?fromPanelNum=1&additionalHeight=76&timestamp=202512181214&locale=ko&svcName=map_pcv5&searchText=%EC%84%9C%EA%B7%80%ED%8F%AC%2B%EB%8C%80%EC%A0%95%EA%B3%A8%EB%93%9C%EB%B9%8C%EB%9D%BC%EC%8A%A4%ED%92%80%EB%B9%8C%EB%9D%BC%EB%8C%80%EA%B0%80%EC%A1%B1%EC%88%99%EC%86%8C&businessCategory=pension&fromPanelNum=1&additionalHeight=76&timestamp=202512181214&locale=ko&svcName=map_pcv5&searchText=%EC%84%9C%EA%B7%80%ED%8F%AC%2B%EB%8C%80%EC%A0%95%EA%B3%A8%EB%93%9C%EB%B9%8C%EB%9D%BC%EC%8A%A4%ED%92%80%EB%B9%8C%EB%9D%BC%EB%8C%80%EA%B0%80%EC%A1%B1%EC%88%99%EC%86%8C&businessCategory=pension', 'NAVER', NULL, NULL, NULL, '프라이빗한 독채 숙소 & 쾌적한 수영장');
INSERT INTO accommodation_image (accommodations_id, image_url, image_type, sort_order) VALUES (28, 'https://search.pstatic.net/common/?autoRotate=true&type=w560_sharpen&src=https%3A%2F%2Fldb-phinf.pstatic.net%2F20181127_57%2F1543297650734KVpMU_JPEG%2F65jsoafCWCr6aWL3KJyu_Uno.jpg', 'banner', 0);
INSERT INTO accommodation_image (accommodations_id, image_url, image_type, sort_order) VALUES (28, 'https://search.pstatic.net/common/?autoRotate=true&type=w278_sharpen&src=https%3A%2F%2Fnaverbooking-phinf.pstatic.net%2F20230905_57%2F1693900856723Yf0Hj_JPEG%2F%25B9%25D9%25BA%25A3%25C5%25A504.jpg', 'detail', 1);
INSERT INTO accommodation_image (accommodations_id, image_url, image_type, sort_order) VALUES (28, 'https://search.pstatic.net/common/?autoRotate=true&type=w278_sharpen&src=https%3A%2F%2Fnaverbooking-phinf.pstatic.net%2F20230905_298%2F1693899246037Wrtgl_JPEG%2FDSC04065.JPG', 'detail', 2);
INSERT INTO accommodation_image (accommodations_id, image_url, image_type, sort_order) VALUES (28, 'https://search.pstatic.net/common/?autoRotate=true&type=w278_sharpen&src=https%3A%2F%2Fnaverbooking-phinf.pstatic.net%2F20240922_138%2F1726986010538akLEY_JPEG%2F20240612_164243.jpg', 'detail', 3);
INSERT INTO accommodation_image (accommodations_id, image_url, image_type, sort_order) VALUES (28, 'https://search.pstatic.net/common/?autoRotate=true&type=w278_sharpen&src=https%3A%2F%2Fnaverbooking-phinf.pstatic.net%2F20230905_181%2F1693899197207LyARu_JPEG%2FDSC04073.JPG', 'detail', 4);
INSERT INTO room (accommodations_id, room_name, price, min_guests, max_guests, room_description, main_image_url, bathroom_count, room_type, bed_count) VALUES (28, '[80평 단독] 침실4/욕실3, 실내온수풀 독채 풀빌라', 340000, 2, 12, '독채, 기준 6인 (최대 12인) | 침실 4, 침대 5, 욕실 3, 최소 1박', 'https://search.pstatic.net/common/?autoRotate=true&quality=95&type=w750&src=https%3A%2F%2Fnaverbooking-phinf.pstatic.net%2F20240919_7%2F1726734938866bgLVw_JPEG%2F%25B4%25EB%25C1%25A4_%25BC%25F6%25BF%25B5%25C0%25E5%25C3%25BC%25C7%25E8%25BB%25E7%25C1%25F81_%25281%2529.jpg', 3, 'STANDARD', 5);

INSERT INTO accommodation (accommodations_id, accommodations_name, accommodations_category, accommodations_description, city, district, address_detail, latitude, longitude, transport_info, parking_info, phone, rating, review_count, source_url, source_platform, sns, check_in_time, check_out_time, short_description) VALUES (29, '제주도 빅썸 게스트하우스', 'GUESTHOUSE', '제주도 파티게스트하우스 1등 ''빅썸''\n광고 없이 입소문으로 유명해진 곳\n매일 오전, 인원에 맞는 파티기획을 진행합니다.\n자세한 내용은 인스타그램을 참고해주세요!\n\n-----------------------------------------------------\n\n* 1차 진행시간 (19:00pm~21:00pm)\n메뉴 : (흑돼지수육, 김치찌개, 계란말이, 팝콘치킨, 샐러드, 주먹밥 등) + 소주 1인 1병 (한라산 17도)\n\n1. 반말모드로 친해지는 Ice breaking up Time\n2. 간단한 게임으로 어색함부터 풀어보자구여 ?\n3. [몸으로 말해요/릴레이 팔씨름/복불복/ 컵 옮기기 등] 인원에 따른 1차 레크\n4. 소중한 추억을 기록하는 1차 Photo time\n( 다음날, 빅썸 인스타로 메세지 주시면 사진 공유해드리고 있어요 ! )\n\n-----------------------------------------------------\n\n* 2차 진행시간 (21:00pm~23:00pm)\n메뉴 : 라면, 감자튀김, 쥐포구이, 황도 등 + 소주 1인 1병 (한라산 17도)\n\n1. (인기) 빅썸만의 시그니처 ''몽글몽글&부글부글&화끈화끈''\n2. [ 노래맞추기/매두사 게임/금칙어게임/랜덤게임 등] 추억의 게임 속으로!\n3. 낭만가득 빅썸만의 노래 town ! 내가 노래 쫌 한다 (손)!\n4. 날씨 좋은 날은 다같이 단체입수도 하고 있다구여 (?)\n\n* 파티는 20-35세의 나이제한이 있는 점 양해 부탁드립니다. *\n\n-----------------------------------------------------\n* 3차 진행시간 (23:00pm~03:00am)\n\n1. 아쉬운 사람들을 위한 pub to the world.\n2. 혼자 혹은 둘이서 먹기 좋은 닷지석부터, 단체석까지 구비 완!\n3. 다트 게임도 있다구여 ? 다트 대결해서 술 얻어묵짜 .. !!\n\n-----------------------------------------------------\n\n* 빅썸 수영장 (17:00 - 23:00 )\n투숙객 : 무료이용 가능\n외부인 : 1인 이용금액 : 15,000원 / 수건2장 + 샤워포함\n\n초대형 풀장에서 야무지게 물놀이를 즐겨보자고 ?\n@@ 나랑 같이 물놀이 할 짜람 ~\n\n-----------------------------------------------------\n\n* 파티 소수인원 참여 시, 빅썸 펍 운영으로 대체 될 수 있습니다.\n* 파티 미진행(총 3인 이하)으로 인한 숙박 환불은 불가합니다.\n* 객실 내 음식물 반입 및 흡연, 취식은 불가하며 적발 시 벌금 부과됩니다.\n* 객실 내 기물파손 및 침구류 오염시 벌금 부과됩니다.\n* 12시~17시는 현장 응대가 다소 어려울 수 있어 유선 문의 부탁드립니다:)\n* 파티 참석시 사진에 얼굴이 노출 될 수 있는 점 양해 부탁드립니다.\n* 숙박 예약주시면, 입실 당일에 파티 안내 문자 보내드리고 있어요!', '제주', '서귀포시', '태위로 984-7 빅썸 게스트하우스', 33.2879678, 126.7498179, '[찾아오시는 길]\n\n1)버스\n a)공항 1번 게이트에서 131번 or 132번 탑승 >남원읍사무소 하차\n 하차 후 201번 탑승 후 어촌계입구 하차(도보 1분)\n b)201번 탑승>어촌계입구 정거장 하차 (도보 1분)\n\n2)택시\n 서귀포 남원 콜택시(064-764-8282)or카카오택시\n\n[주소]\n제주도 서귀포시 남원읍 태위로 984-7\n(빅썸호스텔 검색)\n\n[주변 명소]\n- 올레길 4코스 바로 앞\n- 큰엉해변 (한반도 포토존으로 유명한 곳)\n 차량 10분\n- 태웃개 (스노클링 명소 ,우리들의 블루스 촬영지)\n 차량 13분\n- 표선해수욕장 (다양한 해양 액티비티를 즐길 수 있는 해수욕장)\n차량 15분\n- 물영아리 오름 (늑대소년 촬영지)\n차량 17분\n\n*추가 문의: 0507-1496-8119', '주차가능\n무료\n주차장은 20대 이상 가능합니다! 빅썸으로 오시면 주차장 바로 보여요~!!!', '0507-1496-8119', null, 6505, 'https://map.naver.com/p/search/%EC%A0%9C%EC%A3%BC%EB%8F%84+%EB%B9%85%EC%8D%B8+%EA%B2%8C%EC%8A%A4%ED%8A%B8%ED%95%98%EC%9A%B0%EC%8A%A4/place/1200622706?c=15.00,0,0,0,dh&placePath=/room?entry=bmp&fromPanelNum=2&timestamp=202512181214&locale=ko&svcName=map_pcv5&searchText=%EC%A0%9C%EC%A3%BC%EB%8F%84%2B%EB%B9%85%EC%8D%B8%2B%EA%B2%8C%EC%8A%A4%ED%8A%B8%ED%95%98%EC%9A%B0%EC%8A%A4&businessCategory=guesthouse&fromPanelNum=2&timestamp=202512181214&locale=ko&svcName=map_pcv5&searchText=%EC%A0%9C%EC%A3%BC%EB%8F%84%2B%EB%B9%85%EC%8D%B8%2B%EA%B2%8C%EC%8A%A4%ED%8A%B8%ED%95%98%EC%9A%B0%EC%8A%A4&businessCategory=guesthouse&from=map', 'NAVER', 'Instagram: https://www.instagram.com/jeju.bigssum/\nBlog: https://blog.naver.com/goodjang474400', '16:00', '11:00', '친절한 스태프와 즐거운 파티 분위기로 행복한 순간');
INSERT INTO accommodation_theme (theme_id, accommodations_id) VALUES (1, 29);
INSERT INTO accommodation_theme (theme_id, accommodations_id) VALUES (3, 29);
INSERT INTO accommodation_amenity (amenity_id, accommodations_id) VALUES (26, 29);
INSERT INTO accommodation_amenity (amenity_id, accommodations_id) VALUES (4, 29);
INSERT INTO accommodation_amenity (amenity_id, accommodations_id) VALUES (5, 29);
INSERT INTO accommodation_amenity (amenity_id, accommodations_id) VALUES (6, 29);
INSERT INTO accommodation_amenity (amenity_id, accommodations_id) VALUES (10, 29);
INSERT INTO accommodation_amenity (amenity_id, accommodations_id) VALUES (15, 29);
INSERT INTO accommodation_amenity (amenity_id, accommodations_id) VALUES (27, 29);
INSERT INTO accommodation_amenity (amenity_id, accommodations_id) VALUES (1, 29);
INSERT INTO accommodation_amenity (amenity_id, accommodations_id) VALUES (28, 29);
INSERT INTO accommodation_amenity (amenity_id, accommodations_id) VALUES (8, 29);
INSERT INTO accommodation_image (accommodations_id, image_url, image_type, sort_order) VALUES (29, 'https://search.pstatic.net/common/?autoRotate=true&type=w560_sharpen&src=https%3A%2F%2Fldb-phinf.pstatic.net%2F20240114_90%2F1705231498254yTsji_JPEG%2FP20231222_224207217_4887586F-FFDE-475C-9013-60FF3D2858AA.JPG', 'banner', 0);
INSERT INTO accommodation_image (accommodations_id, image_url, image_type, sort_order) VALUES (29, 'https://search.pstatic.net/common/?autoRotate=true&type=w278_sharpen&src=https%3A%2F%2Fldb-phinf.pstatic.net%2F20251129_187%2F1764393286653uR9XM_JPEG%2F20251128_224458%25280%2529.jpg', 'detail', 1);
INSERT INTO accommodation_image (accommodations_id, image_url, image_type, sort_order) VALUES (29, 'https://search.pstatic.net/common/?autoRotate=true&type=w278_sharpen&src=https%3A%2F%2Fldb-phinf.pstatic.net%2F20251129_86%2F1764393286120PtEdR_JPEG%2F2025-11-29-13-36-55-884.jpg', 'detail', 2);
INSERT INTO accommodation_image (accommodations_id, image_url, image_type, sort_order) VALUES (29, 'https://search.pstatic.net/common/?autoRotate=true&type=w278_sharpen&src=https%3A%2F%2Fldb-phinf.pstatic.net%2F20251129_229%2F17643932865734u9Ix_JPEG%2F1764236103071.jpg', 'detail', 3);
INSERT INTO accommodation_image (accommodations_id, image_url, image_type, sort_order) VALUES (29, 'https://search.pstatic.net/common/?autoRotate=true&type=w278_sharpen&src=https%3A%2F%2Fnaverbooking-phinf.pstatic.net%2F20240922_249%2F1726993054238FbGoI_JPEG%2Fphoto_0_%25282%2529.JPG', 'detail', 4);
INSERT INTO room (accommodations_id, room_name, price, min_guests, max_guests, room_description, main_image_url, bathroom_count, room_type, bed_count) VALUES (29, '(12월 한정 이벤트) 여성 숙박 무료, 파티 필참', 10000, 2, 6, '공용객실, 기준 1인 (최대 6인) | 침실 3, 침대 18, 욕실 1, 최소 1박', 'https://search.pstatic.net/common/?autoRotate=true&quality=95&type=w750&src=https%3A%2F%2Fnaverbooking-phinf.pstatic.net%2F20251129_265%2F1764392559235JTBYl_JPEG%2FKakaoTalk_20250302_221155357.jpg', 1, 'STANDARD', 18);
INSERT INTO room (accommodations_id, room_name, price, min_guests, max_guests, room_description, main_image_url, bathroom_count, room_type, bed_count) VALUES (29, '빅썸 파티만 참여! (1차+2차)', 50000, 2, 10, '공용객실, 기준 1인 (최대 10인) | 4시간 55분 이용, 침실 1, 침대 1', 'https://search.pstatic.net/common/?autoRotate=true&quality=95&type=w750&src=https%3A%2F%2Fnaverbooking-phinf.pstatic.net%2F20241027_135%2F1729995859035Bmdmz_JPEG%2Fphoto_0_%25282%2529.JPG', 0, 'STANDARD', 1);
INSERT INTO room (accommodations_id, room_name, price, min_guests, max_guests, room_description, main_image_url, bathroom_count, room_type, bed_count) VALUES (29, '여자 도미토리 6인실 오션뷰', 20000, 2, 6, '공용객실, 기준 1인 (최대 6인) | 침실 6, 침대 9, 욕실 1, 최소 1박', 'https://search.pstatic.net/common/?autoRotate=true&quality=95&type=w750&src=https%3A%2F%2Fnaverbooking-phinf.pstatic.net%2F20231206_48%2F1701847219212KcJ51_JPEG%2F%25BF%25DC%25B0%25FC33.jpg', 1, 'STANDARD', 9);
INSERT INTO room (accommodations_id, room_name, price, min_guests, max_guests, room_description, main_image_url, bathroom_count, room_type, bed_count) VALUES (29, '남자 도미토리 6인실 오션뷰', 20000, 2, 6, '공용객실, 기준 1인 (최대 6인) | 침실 6, 침대 9, 욕실 1, 최소 1박', 'https://search.pstatic.net/common/?autoRotate=true&quality=95&type=w750&src=https%3A%2F%2Fnaverbooking-phinf.pstatic.net%2F20231206_202%2F1701847480776aWRKK_JPEG%2F%25BF%25DC%25B0%25FC33.jpg', 1, 'STANDARD', 9);
INSERT INTO room (accommodations_id, room_name, price, min_guests, max_guests, room_description, main_image_url, bathroom_count, room_type, bed_count) VALUES (29, '여자 도미토리 4인실 오션뷰', 30000, 2, 4, '공용객실, 기준 1인 (최대 4인) | 침실 4, 침대 6, 욕실 1, 최소 1박', 'https://search.pstatic.net/common/?autoRotate=true&quality=95&type=w750&src=https%3A%2F%2Fnaverbooking-phinf.pstatic.net%2F20231206_232%2F1701847646015Lwcvh_JPEG%2F%25BF%25C0%25BC%25C7%25BA%25E44.jpg', 1, 'STANDARD', 6);
INSERT INTO room (accommodations_id, room_name, price, min_guests, max_guests, room_description, main_image_url, bathroom_count, room_type, bed_count) VALUES (29, '남자 도미토리 4인실 오션뷰', 30000, 2, 4, '공용객실, 기준 1인 (최대 4인) | 침실 4, 침대 6, 욕실 1, 최소 1박', 'https://search.pstatic.net/common/?autoRotate=true&quality=95&type=w750&src=https%3A%2F%2Fnaverbooking-phinf.pstatic.net%2F20240112_266%2F1705045273786zz3lT_JPEG%2F%25BF%25C0%25BC%25C7%25BA%25E44.jpg', 1, 'STANDARD', 6);
INSERT INTO room (accommodations_id, room_name, price, min_guests, max_guests, room_description, main_image_url, bathroom_count, room_type, bed_count) VALUES (29, '2인실 오션뷰(최대3인가능)', 65000, 2, 3, '일반객실, 기준 2인 (최대 3인) | 침실 1, 침대 2, 욕실 1, 최소 1박', 'https://search.pstatic.net/common/?autoRotate=true&quality=95&type=w750&src=https%3A%2F%2Fnaverbooking-phinf.pstatic.net%2F20231206_216%2F1701847726318Hlbbm_JPEG%2F2%25C0%25CE%25BD%25C7_%25B1%25F2%25B2%25FB%25BA%25E4.jpg', 1, 'STANDARD', 2);
INSERT INTO room (accommodations_id, room_name, price, min_guests, max_guests, room_description, main_image_url, bathroom_count, room_type, bed_count) VALUES (29, '3인실 오션뷰', 90000, 2, 3, '일반객실, 기준 3인 (최대 3인) | 침실 1, 침대 3, 욕실 1, 최소 1박', 'https://search.pstatic.net/common/?autoRotate=true&quality=95&type=w750&src=https%3A%2F%2Fnaverbooking-phinf.pstatic.net%2F20231206_148%2F1701847863359DcxMI_JPEG%2F3%25C0%25CE%25BD%25C7%2528%25BC%25BC%25B7%25CE%2529.jpg', 1, 'STANDARD', 3);
INSERT INTO room (accommodations_id, room_name, price, min_guests, max_guests, room_description, main_image_url, bathroom_count, room_type, bed_count) VALUES (29, '[계좌이체]6인도미토리 여성 오션뷰 *사전직접예약', 20000, 2, 6, '공용객실, 기준 1인 (최대 6인) | 침실 6, 침대 6, 욕실 1, 최소 1박', 'https://search.pstatic.net/common/?autoRotate=true&quality=95&type=w750&src=https%3A%2F%2Fnaverbooking-phinf.pstatic.net%2F20250731_26%2F1753932298253r4MqR_JPEG%2FKakaoTalk_20250731_121720684.jpg', 1, 'STANDARD', 6);
INSERT INTO room (accommodations_id, room_name, price, min_guests, max_guests, room_description, main_image_url, bathroom_count, room_type, bed_count) VALUES (29, '(계좌이체) 6인도미 남성 사전직접예약', 20000, 2, 6, '공용객실, 기준 1인 (최대 6인) | 침실 6, 침대 6, 욕실 1, 최소 1박', 'https://search.pstatic.net/common/?autoRotate=true&quality=95&type=w750&src=https%3A%2F%2Fnaverbooking-phinf.pstatic.net%2F20250731_26%2F1753932298253r4MqR_JPEG%2FKakaoTalk_20250731_121720684.jpg', 1, 'STANDARD', 6);

INSERT INTO accommodation (accommodations_id, accommodations_name, accommodations_category, accommodations_description, city, district, address_detail, latitude, longitude, transport_info, parking_info, phone, rating, review_count, source_url, source_platform, sns, check_in_time, check_out_time, short_description) VALUES (30, '제주도 메르블루 게스트하우스', 'GUESTHOUSE', '재방문율 압도적 1위 ,리뷰수 7500++\n365일 매일 진행되는 게스트하우스 파티\n\n새로운 사람과 젊음을 즐길 준비 되었나요?\n\n제주도 게스트하우스파티 메르블루가 많은 사랑을 받고있는 이유입니다!\n\n1.\n전 객실 오션뷰 !!\n메르블루는 신축으로 최상의 시설과 서비스로 운영하며\n전 객실 토끼섬과 바다가 보이는 제주도 최고 오션뷰! 조망권을 자랑하는 게스트 하우스입니다 !\n전 객실 내부화장실까지 완비 !\n혹시 제주도까지 오셔서 꽉 막힌 밖을 바라보며 주무시는 건 아니시죠?\n\n2.\n제주도 게스트하우스 중에서 가장 깨끗하고 안전한 게스트하우스\n타 게스트하우스와 시설이 비교 불가합니다 !!\n매일 이불세탁, 향균소독으로 5성급 호텔처럼 관리합니다!\n전자 도어락이 설치되어 있어, 객실 내부를 제외한 전 구역 CCTV가 작동중이므로\n혼자 방문하셔도 안전하게 이용하실 수 있습니다!\n\n3.\n제주 동쪽 (우도, 성산, 월정 ,세화 , 송당오름) 여행 최적합 코스!\n제주도 유명 동쪽 관광지와 10분거리에 위치하고 있어\n유명 맛집, 카페, 관광지를 체험하시는데 최적의 게스트하우스입니다!\n많은 분들이 여행일정에 저희 메르블루를 찾아주시는 이유 중 하나입니다!\n\n4.\n매일매일 신나는 게스트하우스 파티 / 불멍 진행!!\n인스타,블로그 파티사진 업데이트 되니 꼭 확인해보세요!!\n또한 파티만 따로 참여가능한 점!! 부담감도 덜어드립니다~\n\n5.\n다양한 제주도 액티비티 체험 할인!!\n험머 제주 오프로드부터\n수상스포츠( 서핑, 스피트보드, 패들보드, 스노쿨링, 피싱카약 등)\n저렴한 가격으로 숙식부터 액티비티 활동까지!!\n저희 메르블루에서 안내해드립니다!!\n\n이밖에,\n다양한 룸 타입 보유\n※ 천연라텍스매트리스 숙면하고 가세요^^\n※ 2층 침대에서도 일어날수있을정도 층고높이\n※ 개인커텐, 개인콘센트, 전 객실 내부 화장실\n\n제주도게스트하우스파티 NO.1\n메르블루에서 힐링을 누리고 가세요.', '제주', '제주시', '문주란로 121 메르블루게스트하우스', 33.5220360, 126.8940602, '1. 제주동쪽여행 최적위치로 주변 관광지가 많음\n- 우도 선착장 종달항까지 차량으로 5분거리\n- 성산일출봉 차량 10분거리\n- 함덕,김녕,런던베이글 차량 15분거리\n- 맛집이 많은 세화, 월정, 종달, 차량 10분거리\n- 아부오름, 안돌오름(비밀의숲) 차량 10분거리\n- 올레길 21코스\n- 폭싹 속았수다,나인퍼즐 촬영지\n\n2. 자가용 이용시 (메르블루게스트하우스)\n- 도로명주소 : 제주시 구좌읍 문주란로 121\n 주차가능\n\n3.대중교통 이용시\nA. 제주공항에서 오실때\n- 공항 2번게이트에서 급행 성산방면 101번승차\n> 세화환승정류장 하차후 201번 버스 승차\n> 하도초등학교 다음정류장 하차\n※ 하도정류장 픽업해드립니다. 전화주세요^^\n (오후 5시~6시)', '주차가능\n무료', '0507-1304-6291', null, 6137, 'https://map.naver.com/p/entry/place/1174651592?c=15.00,0,0,0,dh&placePath=/room?entry=bmp&fromPanelNum=1&additionalHeight=76&timestamp=202512181215&locale=ko&svcName=map_pcv5&businessCategory=guesthouse&fromPanelNum=1&additionalHeight=76&timestamp=202512181215&locale=ko&svcName=map_pcv5&businessCategory=guesthouse&from=map', 'NAVER', 'Instagram: http://www.instagram.com/choi94206291\nBlog: https://blog.naver.com/fkausajrrhrkffo1', '17:00', '11:00', '친절한 스태프와 청결한 방으로 편안한 숙박');
INSERT INTO accommodation_theme (theme_id, accommodations_id) VALUES (3, 30);
INSERT INTO accommodation_theme (theme_id, accommodations_id) VALUES (1, 30);
INSERT INTO accommodation_theme (theme_id, accommodations_id) VALUES (4, 30);
INSERT INTO accommodation_amenity (amenity_id, accommodations_id) VALUES (8, 30);
INSERT INTO accommodation_amenity (amenity_id, accommodations_id) VALUES (9, 30);
INSERT INTO accommodation_amenity (amenity_id, accommodations_id) VALUES (18, 30);
INSERT INTO accommodation_amenity (amenity_id, accommodations_id) VALUES (4, 30);
INSERT INTO accommodation_amenity (amenity_id, accommodations_id) VALUES (5, 30);
INSERT INTO accommodation_amenity (amenity_id, accommodations_id) VALUES (6, 30);
INSERT INTO accommodation_amenity (amenity_id, accommodations_id) VALUES (16, 30);
INSERT INTO accommodation_amenity (amenity_id, accommodations_id) VALUES (1, 30);
INSERT INTO accommodation_amenity (amenity_id, accommodations_id) VALUES (7, 30);
INSERT INTO accommodation_amenity (amenity_id, accommodations_id) VALUES (10, 30);
INSERT INTO accommodation_amenity (amenity_id, accommodations_id) VALUES (14, 30);
INSERT INTO accommodation_amenity (amenity_id, accommodations_id) VALUES (2, 30);
INSERT INTO accommodation_image (accommodations_id, image_url, image_type, sort_order) VALUES (30, 'https://search.pstatic.net/common/?autoRotate=true&type=w560_sharpen&src=https%3A%2F%2Fvideo-phinf.pstatic.net%2F20250828_66%2F1756367679801Sd3m9_JPEG%2FdgGGEjIi5M_03.jpg', 'banner', 0);
INSERT INTO accommodation_image (accommodations_id, image_url, image_type, sort_order) VALUES (30, 'https://search.pstatic.net/common/?autoRotate=true&type=w278_sharpen&src=https%3A%2F%2Fvideo-phinf.pstatic.net%2F20250828_21%2F1756367655255tarwW_JPEG%2F5G2TJcvdrE_03.jpg', 'detail', 1);
INSERT INTO accommodation_image (accommodations_id, image_url, image_type, sort_order) VALUES (30, 'https://search.pstatic.net/common/?autoRotate=true&type=w278_sharpen&src=https%3A%2F%2Fldb-phinf.pstatic.net%2F20241120_288%2F1732107628669GqLgI_JPEG%2F1000012151.jpg', 'detail', 2);
INSERT INTO accommodation_image (accommodations_id, image_url, image_type, sort_order) VALUES (30, 'https://search.pstatic.net/common/?autoRotate=true&type=w278_sharpen&src=https%3A%2F%2Fldb-phinf.pstatic.net%2F20240909_107%2F1725858647051m24YN_JPEG%2F1000011536.jpg', 'detail', 3);
INSERT INTO accommodation_image (accommodations_id, image_url, image_type, sort_order) VALUES (30, 'https://search.pstatic.net/common/?autoRotate=true&type=w278_sharpen&src=https%3A%2F%2Fldb-phinf.pstatic.net%2F20241130_85%2F17329777195533wImc_JPEG%2F1000012392.jpg', 'detail', 4);
INSERT INTO room (accommodations_id, room_name, price, min_guests, max_guests, room_description, main_image_url, bathroom_count, room_type, bed_count) VALUES (30, '(오션뷰/개별커튼) 여성 도미토리', 25000, 2, 4, '공용객실, 기준 1인 (최대 4인) | 침실 1, 침대 4, 욕실 2, 최소 1박', 'https://search.pstatic.net/common/?autoRotate=true&quality=95&type=w750&src=https%3A%2F%2Fnaverbooking-phinf.pstatic.net%2F20250113_273%2F1736723681401tA4UD_JPEG%2FP20200112_204826265_FB2515BB-5E1E-45F5-ADA5-0EF92C83C4B2.JPG', 2, 'STANDARD', 4);
INSERT INTO room (accommodations_id, room_name, price, min_guests, max_guests, room_description, main_image_url, bathroom_count, room_type, bed_count) VALUES (30, '(도미토리/개별커튼) 남성 도미토리', 25000, 2, 8, '공용객실, 기준 1인 (최대 8인) | 침실 1, 침대 8, 욕실 1, 최소 1박', 'https://search.pstatic.net/common/?autoRotate=true&quality=95&type=w750&src=https%3A%2F%2Fnaverbooking-phinf.pstatic.net%2F20230704_83%2F16884612825372iYiQ_JPEG%2F1688460482847.jpg', 1, 'STANDARD', 8);
INSERT INTO room (accommodations_id, room_name, price, min_guests, max_guests, room_description, main_image_url, bathroom_count, room_type, bed_count) VALUES (30, '(개인실)오션뷰 트윈룸(2층)', 60000, 2, 3, '일반객실, 기준 2인 (최대 3인) | 침실 1, 침대 2, 욕실 1, 최소 1박', 'https://search.pstatic.net/common/?autoRotate=true&quality=95&type=w750&src=https%3A%2F%2Fnaverbooking-phinf.pstatic.net%2F20230704_254%2F1688460667729rI5LO_JPEG%2F1688460224655.jpg', 1, 'STANDARD', 2);
INSERT INTO room (accommodations_id, room_name, price, min_guests, max_guests, room_description, main_image_url, bathroom_count, room_type, bed_count) VALUES (30, '(개인실)오션뷰 트윈룸(1층)', 60000, 2, 3, '일반객실, 기준 2인 (최대 3인) | 침실 1, 침대 2, 욕실 1, 최소 1박', 'https://search.pstatic.net/common/?autoRotate=true&quality=95&type=w750&src=https%3A%2F%2Fnaverbooking-phinf.pstatic.net%2F20230704_237%2F1688460938235YH2z6_JPEG%2F1688460466943.jpg', 1, 'STANDARD', 2);
INSERT INTO room (accommodations_id, room_name, price, min_guests, max_guests, room_description, main_image_url, bathroom_count, room_type, bed_count) VALUES (30, '(오션뷰/개별커튼) 도미토리', 25000, 2, 6, '공용객실, 기준 1인 (최대 6인) | 침실 1, 침대 7, 욕실 4, 최소 1박', 'https://search.pstatic.net/common/?autoRotate=true&quality=95&type=w750&src=https%3A%2F%2Fnaverbooking-phinf.pstatic.net%2F20200712_231%2F1594543203479sXNPD_JPEG%2F1593928280854-20.jpg', 4, 'STANDARD', 7);
INSERT INTO room (accommodations_id, room_name, price, min_guests, max_guests, room_description, main_image_url, bathroom_count, room_type, bed_count) VALUES (30, '(도미토리/개별커튼) 남성 도미토리.', 25000, 2, 6, '공용객실, 기준 1인 (최대 6인) | 침실 1, 침대 6, 욕실 1, 최소 1박', 'https://search.pstatic.net/common/?autoRotate=true&quality=95&type=w750&src=https%3A%2F%2Fnaverbooking-phinf.pstatic.net%2F20240921_286%2F1726922790419HQwfJ_JPEG%2FP20200810_043905130_F6B41B3B-4A14-4237-908B-4D9C918C9D08.JPG', 1, 'STANDARD', 6);

INSERT INTO accommodation (accommodations_id, accommodations_name, accommodations_category, accommodations_description, city, district, address_detail, latitude, longitude, transport_info, parking_info, phone, rating, review_count, source_url, source_platform, sns, check_in_time, check_out_time, short_description) VALUES (31, '제주 징검다리 게스트하우스', 'GUESTHOUSE', '방방 콕콕에서 적극 추천하는 펜션이고, 깨끗한 시설이며, 평점 및 댓글 보시면 아시겠지만\n손님들에게 최선을 다해서 만족하실 만큼의 서비스를 해드리려고 노력하겠습니다.\n푹 쉬다가 가신 느낌을 받을 수 있도록 최선을 다 하겠습니다.\n감사합니다.', '제주', '제주시', '월정1길 69-3', null, null, '대중교통 이용 시 공항버스 101번 승차/ 월정 정류장에서 하차 /도보로 약 10분 거리 /\n다른 버스 이용 시 환승 정류장에서 101번 또는 201번 승차', '주차가능', '0507-1409-9464', null, 69, 'https://map.naver.com/p/search/%EC%A0%9C%EC%A3%BC+%EC%A7%95%EA%B2%80%EB%8B%A4%EB%A6%AC+%EA%B2%8C%EC%8A%A4%ED%8A%B8%ED%95%98%EC%9A%B0%EC%8A%A4/place/861983381?c=8.00,0,0,0,dh&placePath=/room?entry=pll&fromPanelNum=2&timestamp=202512181216&locale=ko&svcName=map_pcv5&searchText=%EC%A0%9C%EC%A3%BC%2B%EC%A7%95%EA%B2%80%EB%8B%A4%EB%A6%AC%2B%EA%B2%8C%EC%8A%A4%ED%8A%B8%ED%95%98%EC%9A%B0%EC%8A%A4&businessCategory=guesthouse&fromPanelNum=2&timestamp=202512181216&locale=ko&svcName=map_pcv5&searchText=%EC%A0%9C%EC%A3%BC%2B%EC%A7%95%EA%B2%80%EB%8B%A4%EB%A6%AC%2B%EA%B2%8C%EC%8A%A4%ED%8A%B8%ED%95%98%EC%9A%B0%EC%8A%A4&businessCategory=guesthouse&from=map', 'NAVER', 'Blog: https://blog.naver.com/rndmstnr7477', NULL, NULL, NULL);
INSERT INTO accommodation_image (accommodations_id, image_url, image_type, sort_order) VALUES (31, 'https://search.pstatic.net/common/?autoRotate=true&type=w560_sharpen&src=https%3A%2F%2Fldb-phinf.pstatic.net%2F20170308_55%2F1488946902291vpkRJ_PNG%2F186257424064494_0.png', 'banner', 0);
INSERT INTO accommodation_image (accommodations_id, image_url, image_type, sort_order) VALUES (31, 'https://search.pstatic.net/common/?autoRotate=true&type=w560_sharpen&src=https%3A%2F%2Fnaverbooking-phinf.pstatic.net%2F20251111_170%2F1762842430713wyaCP_JPEG%2Fimage.jpg', 'detail', 1);
INSERT INTO room (accommodations_id, room_name, price, min_guests, max_guests, room_description, main_image_url, bathroom_count, room_type, bed_count) VALUES (31, '202호(바다 조망)', 110000, 2, 6, '일반객실, 기준 4인 (최대 6인)', 'https://search.pstatic.net/common/?autoRotate=true&quality=95&type=w750&src=https%3A%2F%2Fnaverbooking-phinf.pstatic.net%2F20251111_170%2F1762842430713wyaCP_JPEG%2Fimage.jpg', 0, 'STANDARD', 0);
INSERT INTO room (accommodations_id, room_name, price, min_guests, max_guests, room_description, main_image_url, bathroom_count, room_type, bed_count) VALUES (31, '201호(바다 조망)', 65000, 2, 3, '일반객실, 기준 2인 (최대 3인)', 'https://search.pstatic.net/common/?autoRotate=true&quality=95&type=w750&src=https%3A%2F%2Fnaverbooking-phinf.pstatic.net%2F20251111_78%2F1762842431576GRryg_JPEG%2Fimage.jpg', 0, 'STANDARD', 0);
INSERT INTO room (accommodations_id, room_name, price, min_guests, max_guests, room_description, main_image_url, bathroom_count, room_type, bed_count) VALUES (31, '203호', 65000, 2, 4, '일반객실, 기준 2인 (최대 4인)', 'https://search.pstatic.net/common/?autoRotate=true&quality=95&type=w750&src=https%3A%2F%2Fnaverbooking-phinf.pstatic.net%2F20251111_33%2F1762842433370mF5PJ_JPEG%2Fimage.jpg', 0, 'STANDARD', 0);

INSERT INTO accommodation (accommodations_id, accommodations_name, accommodations_category, accommodations_description, city, district, address_detail, latitude, longitude, transport_info, parking_info, phone, rating, review_count, source_url, source_platform, sns, check_in_time, check_out_time, short_description) VALUES (32, '제주 게토 게스트하우스파티', 'GUESTHOUSE', '매주 월요일에 최근 일주일 파티인원 업데이트 [인스타(jejughetto)&블로그에 매일 파티영상 업로드]\n*12월8일~14일*\n월 - 20\n화 - 19\n수 - 18\n목 - 18\n금 - 40\n토 - 37\n일 - 27명\n\n*2025 winter story*\n[ 이번겨울 제주게토에 초대합니다 ]\n- 낭만불멍 오픈\n- 크리스마스 분위기 듬뿍\n- 이벤트기간(12/1~12/31) 연박일부터 여성 파티1,2부 모두 무료! 남성 2부 무료!\n- 파티 후 야장과 루프탑 오픈! 게토의 자랑인 쏟아지는 별을 보며 제주의 밤을 마무리 하는 낭만을 느껴보세요\n- 제주도 최대 동백군락지 동백수목원(차로5분),동백포레스트(차로10분)\n- 제주게토 승마체험출시(숲길트레킹 45분체험 8만원->5만원)\n\n* 4인실 14개 6인실 4개로 이루어져있습니다.객실 모두 리모델링하여 쾌적하고 넓고 깨끗합니다.(80명 만실이라 예약마감 아니어도 사람 많습니다:)\n\n* 단독으로 사용하실 경우 단독사용 방 예약하시면 됩니다\n\n* 4인실 3인이상 예약시 자동단독사용(만실일 경우 제외)\n\n* 6인실 5인이상 예약시 자동단독사용(만실일 경우 제외)\n\n* 4인실 전객실 꿀잠보장 두께23cm 마약매트리스로 교체\n\n* 파티만 참석 가능\n\n* 숙박예약시 파티비 할인\n\n- 자주하는 질문\nQ 평일에도 사람많나요?\n A 평일보통 30~40 명 정도 오십니다.인스타나 네이버 소식에 매일 파티영상 업로드 참고하세요 :)\nQ 나이대가 보통 어떻게 되나요?\n A 저희는 20대 초반부터 보통 25~35세 사이가 많으신거 같습니다\n*40대 이상 불가 (이전 방문자 가능)\nQ 방에 화장실 있나요?\n A 각방에 화장실, 샤워실 다 있습니다\nQ 제가 낯을많이가리고 내성적인데 괜찮을까요?\n A 자주있는 질문인데 저희는 높지도 낮지도 않은 텐션의 분위기로 매니저 스탭들이 잘 도와 드리고 있습니다 걱정마세요:)\nQ 두명인데 방을 저희만 쓰고 싶은데 4인실만 있나요?\n A 단독으로 사용하고 싶으시면 단독사용 방이 있습니다.(전화나 톡으로 문의주시면 상담해 드립니다 :)\nQ 혼자가는데 괜찮을까요?\n A 혼자오시는분이 매일 절반입니다. 걱정 노!\nQ 어떻게 예약하나요?\n A 네이버예약에서 *파티필참* 객실예약 후 *숙박예약자전용 파티참석* 예약하시면 됩니다\n\n※ 파티\n[철판삼겹살 + 토마토해장파스타 + 닭볶음탕 + 제육볶음 + 계란말이 + 닭껍질튀김 + 소주(순한한라산) + 맥주 + 이벤트 칵테일or위스키 + 서비스 ]\n\n※ 애프터파티(이벤트기간 한정 여성무료)\n[ 정글주스 + 치킨가라아게 + 감자튀김 + 나초 + 버드와이저 ]\n\n이후 루프탑,야외장 이용\n\n-소개-\n\n파티는 푸짐하고 맛있기로 소문난 디너와 함께 막 시끄럽게 주구장창 게임만 하지 않고, 자리를 섞어가며 많은 분들이 친해질 수 있도록 매니저와 스탭들이 도와 드립니다. 2부는 더 자유롭고 즐거운 분위기로 진행됩니다(중간 가볍게 게임이벤트 진행)\n\n제주게토는 리뷰알바를 쓰지 않습니다\n\n최상의 쾌적함과 프라이빗, 청결한 컨디션을 유지하고 있습니다\n\n제주도 게하 중 가장 큰 대규모 시설에 라운지펍, 풀장, 잔디 루프탑, 야외스크린, 농구장까지 갖춘 여러 유튜브와 방송에도 출연한 성비 좋은건 물론, 매일 30명~70명이 함께하는 파티 게스트하우스입니다\n\n적당한 텐션으로 새로운 만남과 추억을 가져가실 수 있도록 모든 손님이 함께 하실수 있게 자리를 만듭니다\n오랜 노하우로 혼자도, 일행도, isfj부터 entp까지, 다같이 어울리고 즐거운 시간을 가지실 수 있게 친절한 사장님과 매니저, 스탭분들이 분위기를 이끌어 드립니다\n\n* 파티장과 숙소는 서로 분리되어있으며 건물 모두 철근콘크리트신축으로 소음 걱정 없습니다\n\n* 남원환승정류장 or 의귀환승정류장 셔틀운영(오후5시~8시,오전11시)미리 짐보관 가능\n\n* 처음 운전하시는 분도 주차할 수 있는 태평양 같이 넓은 주차공간이 마련되어 있습니다\n\n* cctv 총12대 설치 & kt텔레캅 출동 서비스가입\n\n* 소화기, 화재감지기, 화재보험가입\n\n* 객실 내 흡연, 음식물/주류 반입 및 섭취 불가', '제주', '서귀포시', '서의로154번길 69 제주게토게스트하우스파티', 33.2995893, 126.7132803, '* 제주공항에서 버스이용시 공항 출구 바로 앞 1번 게이트에서 택시보다 빠른 쾌속 직행버스 131번/132번 탑승 후 의귀환승정류장(의귀초등학교)에서 하차하시면 픽업해드리고, 공항에서 오시지 않더라도 제주도 어디든 연결 되어있는 남원환승정류장(남원읍사무소)에서 내리실 경우 픽업해드립니다!!', '주차가능\n무료\n주차장은 다리앞 왼쪽(2층건물왼쪽)에 있습니다(20대이상가능) 만차시 다리위에 주차하시면 됩니다', '0507-1331-6990', null, 6534, 'https://map.naver.com/p/search/%EC%A0%9C%EC%A3%BC+%EA%B2%8C%ED%86%A0+%EA%B2%8C%EC%8A%A4%ED%8A%B8%ED%95%98%EC%9A%B0%EC%8A%A4%ED%8C%8C%ED%8B%B0/place/1041519998?isCorrectAnswer=true&c=15.00,0,0,0,dh&placePath=/room?fromPanelNum=1&additionalHeight=76&timestamp=202512181216&locale=ko&svcName=map_pcv5&searchText=%EC%A0%9C%EC%A3%BC%2B%EA%B2%8C%ED%86%A0%2B%EA%B2%8C%EC%8A%A4%ED%8A%B8%ED%95%98%EC%9A%B0%EC%8A%A4%ED%8C%8C%ED%8B%B0&businessCategory=guesthouse&additionalHeight=76&timestamp=202512181216&locale=ko&svcName=map_pcv5&searchText=%EC%A0%9C%EC%A3%BC%2B%EA%B2%8C%ED%86%A0%2B%EA%B2%8C%EC%8A%A4%ED%8A%B8%ED%95%98%EC%9A%B0%EC%8A%A4%ED%8C%8C%ED%8B%B0&businessCategory=guesthouse&fromPanelNum=1', 'NAVER', 'Instagram: http://instagram.com/jejughetto\nBlog: https://blog.naver.com/lecomom', '17:00', '11:00', '즐거운 파티와 훌륭한 부대 시설로 가득한 공간');
INSERT INTO accommodation_theme (theme_id, accommodations_id) VALUES (1, 32);
INSERT INTO accommodation_amenity (amenity_id, accommodations_id) VALUES (8, 32);
INSERT INTO accommodation_amenity (amenity_id, accommodations_id) VALUES (26, 32);
INSERT INTO accommodation_amenity (amenity_id, accommodations_id) VALUES (5, 32);
INSERT INTO accommodation_amenity (amenity_id, accommodations_id) VALUES (6, 32);
INSERT INTO accommodation_amenity (amenity_id, accommodations_id) VALUES (18, 32);
INSERT INTO accommodation_amenity (amenity_id, accommodations_id) VALUES (1, 32);
INSERT INTO accommodation_amenity (amenity_id, accommodations_id) VALUES (10, 32);
INSERT INTO accommodation_amenity (amenity_id, accommodations_id) VALUES (25, 32);
INSERT INTO accommodation_amenity (amenity_id, accommodations_id) VALUES (2, 32);
INSERT INTO accommodation_amenity (amenity_id, accommodations_id) VALUES (7, 32);
INSERT INTO accommodation_amenity (amenity_id, accommodations_id) VALUES (11, 32);
INSERT INTO accommodation_image (accommodations_id, image_url, image_type, sort_order) VALUES (32, 'https://search.pstatic.net/common/?autoRotate=true&type=w560_sharpen&src=https%3A%2F%2Fvideo-phinf.pstatic.net%2F20251202_174%2F17646656784240xra1_JPEG%2FrCKEHip60v_01.jpg', 'banner', 0);
INSERT INTO accommodation_image (accommodations_id, image_url, image_type, sort_order) VALUES (32, 'https://search.pstatic.net/common/?autoRotate=true&type=w278_sharpen&src=https%3A%2F%2Fvideo-phinf.pstatic.net%2F20251202_171%2F17646643640198CWsL_JPEG%2FBAVXZzVVA8_01.jpg', 'detail', 1);
INSERT INTO accommodation_image (accommodations_id, image_url, image_type, sort_order) VALUES (32, 'https://search.pstatic.net/common/?autoRotate=true&type=w278_sharpen&src=https%3A%2F%2Fldb-phinf.pstatic.net%2F20241121_296%2F1732197487892hhTaM_JPEG%2FIMG_4434.jpeg', 'detail', 2);
INSERT INTO accommodation_image (accommodations_id, image_url, image_type, sort_order) VALUES (32, 'https://search.pstatic.net/common/?autoRotate=true&type=w278_sharpen&src=https%3A%2F%2Fldb-phinf.pstatic.net%2F20241011_18%2F1728654186509mlMIj_JPEG%2F1000022881.jpg', 'detail', 3);
INSERT INTO accommodation_image (accommodations_id, image_url, image_type, sort_order) VALUES (32, 'https://search.pstatic.net/common/?autoRotate=true&type=w278_sharpen&src=https%3A%2F%2Fldb-phinf.pstatic.net%2F20240428_252%2F1714294106846DOey8_JPEG%2FIMG_2257.jpeg', 'detail', 4);
INSERT INTO room (accommodations_id, room_name, price, min_guests, max_guests, room_description, main_image_url, bathroom_count, room_type, bed_count) VALUES (32, '[초특가이벤트] 6인여자도미토리(파티필참)', 10000, 2, 6, '공용객실, 기준 1인 (최대 6인) | 침실 1, 침대 3, 욕실 1, 최소 1박', 'https://search.pstatic.net/common/?autoRotate=true&quality=95&type=w750&src=https%3A%2F%2Fnaverbooking-phinf.pstatic.net%2F20241121_160%2F1732194289584N6oYP_JPEG%2Fz.jpg', 1, 'STANDARD', 3);
INSERT INTO room (accommodations_id, room_name, price, min_guests, max_guests, room_description, main_image_url, bathroom_count, room_type, bed_count) VALUES (32, '[초특가이벤트] 6인여자도미토리(파티필참)B', 10000, 2, 6, '공용객실, 기준 1인 (최대 6인) | 침실 1, 침대 3, 욕실 1, 최소 1박', 'https://search.pstatic.net/common/?autoRotate=true&quality=95&type=w750&src=https%3A%2F%2Fnaverbooking-phinf.pstatic.net%2F20241206_77%2F17334581585656Cid6_JPEG%2F%25BF%25A96%25C0%25CE%25BD%25C7.jpg', 1, 'STANDARD', 3);
INSERT INTO room (accommodations_id, room_name, price, min_guests, max_guests, room_description, main_image_url, bathroom_count, room_type, bed_count) VALUES (32, '게토 6인 여자도미토리', 25000, 2, 6, '공용객실, 기준 1인 (최대 6인) | 침실 1, 침대 3, 욕실 1, 최소 1박', 'https://search.pstatic.net/common/?autoRotate=true&quality=95&type=w750&src=https%3A%2F%2Fnaverbooking-phinf.pstatic.net%2F20240216_130%2F1708055301679X2tpd_JPEG%2F1701757710664.jpg', 1, 'STANDARD', 3);
INSERT INTO room (accommodations_id, room_name, price, min_guests, max_guests, room_description, main_image_url, bathroom_count, room_type, bed_count) VALUES (32, '[초특가이벤트] 파티션 여성 4인실(파티필참)', 19900, 2, 20, '공용객실, 기준 1인 (최대 20인) | 침실 1, 침대 4, 욕실 1, 최소 1박', 'https://search.pstatic.net/common/?autoRotate=true&quality=95&type=w750&src=https%3A%2F%2Fnaverbooking-phinf.pstatic.net%2F20241121_279%2F1732186056956apdRN_JPEG%2F%25B1%25B8%25C0%25CF%25C4%25A3%25B1%25B8.jpg', 1, 'STANDARD', 4);
INSERT INTO room (accommodations_id, room_name, price, min_guests, max_guests, room_description, main_image_url, bathroom_count, room_type, bed_count) VALUES (32, '[초특가이벤트]파티션여성객실(단독사용)(파티필참)', 59700, 2, 4, '공용객실, 기준 1인 (최대 4인) | 침실 1, 침대 4, 욕실 1, 최소 1박', 'https://search.pstatic.net/common/?autoRotate=true&quality=95&type=w750&src=https%3A%2F%2Fnaverbooking-phinf.pstatic.net%2F20241121_279%2F1732186056956apdRN_JPEG%2F%25B1%25B8%25C0%25CF%25C4%25A3%25B1%25B8.jpg', 1, 'STANDARD', 4);
INSERT INTO room (accommodations_id, room_name, price, min_guests, max_guests, room_description, main_image_url, bathroom_count, room_type, bed_count) VALUES (32, '파티션 여성 4인실', 30000, 2, 20, '공용객실, 기준 1인 (최대 20인) | 침실 1, 침대 4, 욕실 1, 최소 1박', 'https://search.pstatic.net/common/?autoRotate=true&quality=95&type=w750&src=https%3A%2F%2Fnaverbooking-phinf.pstatic.net%2F20240216_85%2F1708054208038mJI7V_JPEG%2F1701936792214.jpg', 1, 'STANDARD', 4);
INSERT INTO room (accommodations_id, room_name, price, min_guests, max_guests, room_description, main_image_url, bathroom_count, room_type, bed_count) VALUES (32, '[초특가이벤트] 6인남자도미토리(파티필참)', 19900, 2, 6, '공용객실, 기준 1인 (최대 6인) | 침실 1, 침대 3, 욕실 1, 최소 1박', 'https://search.pstatic.net/common/?autoRotate=true&quality=95&type=w750&src=https%3A%2F%2Fnaverbooking-phinf.pstatic.net%2F20241121_18%2F1732167993934JAogu_JPEG%2F%25C6%25C4%25C6%25BC2.jpg', 1, 'STANDARD', 3);
INSERT INTO room (accommodations_id, room_name, price, min_guests, max_guests, room_description, main_image_url, bathroom_count, room_type, bed_count) VALUES (32, '[초특가이벤트] 6인남자도미토리(파티필참)B', 19900, 2, 6, '공용객실, 기준 1인 (최대 6인) | 침실 1, 침대 3, 욕실 1, 최소 1박', 'https://search.pstatic.net/common/?autoRotate=true&quality=95&type=w750&src=https%3A%2F%2Fnaverbooking-phinf.pstatic.net%2F20241206_11%2F1733458279343m7bIO_JPEG%2F%25B3%25B26%25C0%25CE%25BD%25C7.jpg', 1, 'STANDARD', 3);
INSERT INTO room (accommodations_id, room_name, price, min_guests, max_guests, room_description, main_image_url, bathroom_count, room_type, bed_count) VALUES (32, '게토 6인 남자도미토리', 25000, 2, 6, '공용객실, 기준 1인 (최대 6인) | 침실 1, 침대 3, 욕실 1, 최소 1박', 'https://search.pstatic.net/common/?autoRotate=true&quality=95&type=w750&src=https%3A%2F%2Fnaverbooking-phinf.pstatic.net%2F20240216_83%2F1708054305364XB7zf_JPEG%2F1701936791939.jpg', 1, 'STANDARD', 3);
INSERT INTO room (accommodations_id, room_name, price, min_guests, max_guests, room_description, main_image_url, bathroom_count, room_type, bed_count) VALUES (32, '[초특가이벤트]파티션 남성 4인실(파티필참)', 25000, 2, 20, '공용객실, 기준 1인 (최대 20인) | 침실 1, 침대 4, 욕실 1, 최소 1박', 'https://search.pstatic.net/common/?autoRotate=true&quality=95&type=w750&src=https%3A%2F%2Fnaverbooking-phinf.pstatic.net%2F20241121_133%2F1732168228340RfTk5_JPEG%2F%25C6%25C4%25C6%25BC3.jpg', 1, 'STANDARD', 4);
INSERT INTO room (accommodations_id, room_name, price, min_guests, max_guests, room_description, main_image_url, bathroom_count, room_type, bed_count) VALUES (32, '[초특가이벤트]파티션남성객실(단독사용)(파티필참)', 75000, 2, 4, '공용객실, 기준 1인 (최대 4인) | 침실 1, 침대 4, 욕실 1, 최소 1박', 'https://search.pstatic.net/common/?autoRotate=true&quality=95&type=w750&src=https%3A%2F%2Fnaverbooking-phinf.pstatic.net%2F20241121_133%2F1732168228340RfTk5_JPEG%2F%25C6%25C4%25C6%25BC3.jpg', 1, 'STANDARD', 4);
INSERT INTO room (accommodations_id, room_name, price, min_guests, max_guests, room_description, main_image_url, bathroom_count, room_type, bed_count) VALUES (32, '파티션 남성 4인실', 30000, 2, 20, '공용객실, 기준 1인 (최대 20인) | 침실 1, 침대 4, 욕실 1, 최소 1박', 'https://search.pstatic.net/common/?autoRotate=true&quality=95&type=w750&src=https%3A%2F%2Fnaverbooking-phinf.pstatic.net%2F20240215_178%2F1708003716475x5G00_JPEG%2F3472530203302398024.jpg', 1, 'STANDARD', 4);
INSERT INTO room (accommodations_id, room_name, price, min_guests, max_guests, room_description, main_image_url, bathroom_count, room_type, bed_count) VALUES (32, '[초특가]제주게토파티(파티만참석)', 35000, 2, 20, '공용객실, 기준 1인 (최대 20인) | 침실 1, 침대 1, 욕실 1, 최소 1박', 'https://search.pstatic.net/common/?autoRotate=true&quality=95&type=w750&src=https%3A%2F%2Fnaverbooking-phinf.pstatic.net%2F20241121_228%2F1732172544070UJvTW_JPEG%2F1722860100829.jpg', 1, 'STANDARD', 1);
INSERT INTO room (accommodations_id, room_name, price, min_guests, max_guests, room_description, main_image_url, bathroom_count, room_type, bed_count) VALUES (32, '[초특가]숙박예약자전용 파티참석', 32000, 2, 40, '공용객실, 기준 1인 (최대 40인) | 침실 1, 침대 1, 욕실 1, 최소 1박', 'https://search.pstatic.net/common/?autoRotate=true&quality=95&type=w750&src=https%3A%2F%2Fnaverbooking-phinf.pstatic.net%2F20241121_117%2F1732189760939XPUw6_JPEG%2F%25C6%25C4%25C6%25BC1.jpg', 1, 'STANDARD', 1);

INSERT INTO accommodation (accommodations_id, accommodations_name, accommodations_category, accommodations_description, city, district, address_detail, latitude, longitude, transport_info, parking_info, phone, rating, review_count, source_url, source_platform, sns, check_in_time, check_out_time, short_description) VALUES (33, '제주 동문취향 게스트하우스', 'GUESTHOUSE', '- 동문시장 바로 앞\n- 공항 기준 택시요금 5000원~6000원\n- 더블룸, 트윈룸 제공\n- 전 객실 도어락\n- 객실 별 개별욕실\n- 조식 제공(빵, 시리얼, 우유, 커피 등 메뉴 변동될 수 있음.)', '제주', '제주시', '4 동문취향 게스트하우스', 33.5136156, 126.5269782, '동문시장 맞은편\nSC제일은행과 이삭토스트 사이의 도로로 들어오시면 바로 보입니다.\n\n주차 안내\n근처 유료 공영주차장을 이용 (북수구 공영주차장)\n- 숙소 기준 도보 2~3분거리\n- 하루 30분 무료, 15분 당 500원(1시간 2000원)\n- 최대 주차요금 10,000원', '주차 불가', NULL, null, 664, 'https://map.naver.com/p/entry/place/1850662491?c=15.00,0,0,0,dh&placePath=/room?entry=bmp&fromPanelNum=1&additionalHeight=76&timestamp=202512181217&locale=ko&svcName=map_pcv5&businessCategory=guesthouse&fromPanelNum=1&additionalHeight=76&timestamp=202512181217&locale=ko&svcName=map_pcv5&businessCategory=guesthouse&from=map', 'NAVER', 'Instagram: https://www.instagram.com/jeju_dongmun', '16:00', '11:00', '깨끗한 룸과 친절한 서비스로 편안한 추억');
INSERT INTO accommodation_theme (theme_id, accommodations_id) VALUES (1, 33);
INSERT INTO accommodation_amenity (amenity_id, accommodations_id) VALUES (10, 33);
INSERT INTO accommodation_amenity (amenity_id, accommodations_id) VALUES (4, 33);
INSERT INTO accommodation_amenity (amenity_id, accommodations_id) VALUES (5, 33);
INSERT INTO accommodation_amenity (amenity_id, accommodations_id) VALUES (8, 33);
INSERT INTO accommodation_amenity (amenity_id, accommodations_id) VALUES (7, 33);
INSERT INTO accommodation_amenity (amenity_id, accommodations_id) VALUES (1, 33);
INSERT INTO accommodation_amenity (amenity_id, accommodations_id) VALUES (9, 33);
INSERT INTO accommodation_image (accommodations_id, image_url, image_type, sort_order) VALUES (33, 'https://search.pstatic.net/common/?autoRotate=true&type=w560_sharpen&src=https%3A%2F%2Fldb-phinf.pstatic.net%2F20210706_121%2F16255320504078rWTk_JPEG%2F%25B4%25F5%25BA%25ED%25B7%25EB_3.jpg', 'banner', 0);
INSERT INTO accommodation_image (accommodations_id, image_url, image_type, sort_order) VALUES (33, 'https://search.pstatic.net/common/?autoRotate=true&type=w278_sharpen&src=https%3A%2F%2Fldb-phinf.pstatic.net%2F20210706_187%2F16255316791819eDvm_JPEG%2F%25B0%25B4%25BD%25C7_%25C0%25CE%25C5%25D7%25B8%25AE%25BE%25EE_2.jpg', 'detail', 1);
INSERT INTO accommodation_image (accommodations_id, image_url, image_type, sort_order) VALUES (33, 'https://search.pstatic.net/common/?autoRotate=true&type=w278_sharpen&src=https%3A%2F%2Fldb-phinf.pstatic.net%2F20210706_93%2F16255317440482WQNu_JPEG%2F%25C8%25DE%25B0%25D4%25BD%25C7_1.jpg', 'detail', 2);
INSERT INTO accommodation_image (accommodations_id, image_url, image_type, sort_order) VALUES (33, 'https://search.pstatic.net/common/?autoRotate=true&type=w278_sharpen&src=https%3A%2F%2Fldb-phinf.pstatic.net%2F20210706_43%2F1625531743908QUTk4_JPEG%2F%25C8%25DE%25B0%25D4%25BD%25C7_2.jpg', 'detail', 3);
INSERT INTO accommodation_image (accommodations_id, image_url, image_type, sort_order) VALUES (33, 'https://search.pstatic.net/common/?autoRotate=true&type=w278_sharpen&src=https%3A%2F%2Fldb-phinf.pstatic.net%2F20210706_227%2F16255321344828KhJn_JPEG%2F%25C8%25DE%25B0%25D4%25BD%25C7_3.jpg', 'detail', 4);
INSERT INTO room (accommodations_id, room_name, price, min_guests, max_guests, room_description, main_image_url, bathroom_count, room_type, bed_count) VALUES (33, '1인실 (Double Room)', 40000, 2, 1, '일반객실, 기준 1인 (최대 1인) | 침실 1, 침대 1, 욕실 1, 최소 1박', 'https://search.pstatic.net/common/?autoRotate=true&quality=95&type=w750&src=https%3A%2F%2Fnaverbooking-phinf.pstatic.net%2F20210706_296%2F1625532530826LiVNk_JPEG%2F%25B4%25F5%25BA%25ED%25B7%25EB_1.jpg', 1, 'STANDARD', 1);
INSERT INTO room (accommodations_id, room_name, price, min_guests, max_guests, room_description, main_image_url, bathroom_count, room_type, bed_count) VALUES (33, '2인실 (Twin Room)', 55000, 2, 2, '일반객실, 기준 2인 (최대 2인) | 침실 1, 침대 2, 욕실 1, 최소 1박', 'https://search.pstatic.net/common/?autoRotate=true&quality=95&type=w750&src=https%3A%2F%2Fnaverbooking-phinf.pstatic.net%2F20210706_300%2F1625533215258RtVGF_JPEG%2F%25C6%25AE%25C0%25A9%25B7%25EB_1.jpg', 1, 'STANDARD', 2);
INSERT INTO room (accommodations_id, room_name, price, min_guests, max_guests, room_description, main_image_url, bathroom_count, room_type, bed_count) VALUES (33, '2인실 (Double Room)', 50000, 2, 2, '일반객실, 기준 2인 (최대 2인) | 침실 1, 침대 1, 욕실 1, 최소 1박', 'https://search.pstatic.net/common/?autoRotate=true&quality=95&type=w750&src=https%3A%2F%2Fnaverbooking-phinf.pstatic.net%2F20210706_73%2F1625532361360vI3HX_JPEG%2F%25B4%25F5%25BA%25ED%25B7%25EB_3.jpg', 1, 'STANDARD', 1);
INSERT INTO room (accommodations_id, room_name, price, min_guests, max_guests, room_description, main_image_url, bathroom_count, room_type, bed_count) VALUES (33, '도미토리 2인실(Twin Room)_남성(1인 가격)', 28000, 2, 2, '공용객실, 기준 1인 (최대 2인) | 침실 1, 침대 2, 욕실 1, 최소 1박', 'https://search.pstatic.net/common/?autoRotate=true&quality=95&type=w750&src=https%3A%2F%2Fnaverbooking-phinf.pstatic.net%2F20210706_299%2F1625533031831gAPyP_JPEG%2F%25C6%25AE%25C0%25A9%25B7%25EB_5.jpg', 1, 'STANDARD', 2);
INSERT INTO room (accommodations_id, room_name, price, min_guests, max_guests, room_description, main_image_url, bathroom_count, room_type, bed_count) VALUES (33, '도미토리 2인실(Twin Room)_여성(1인 가격)', 28000, 2, 2, '공용객실, 기준 1인 (최대 2인) | 침실 1, 침대 2, 욕실 1, 최소 1박', 'https://search.pstatic.net/common/?autoRotate=true&quality=95&type=w750&src=https%3A%2F%2Fnaverbooking-phinf.pstatic.net%2F20210706_299%2F1625533031831gAPyP_JPEG%2F%25C6%25AE%25C0%25A9%25B7%25EB_5.jpg', 1, 'STANDARD', 2);
INSERT INTO room (accommodations_id, room_name, price, min_guests, max_guests, room_description, main_image_url, bathroom_count, room_type, bed_count) VALUES (33, '도미토리 3인실_여성(1인가격)', 25000, 2, 3, '공용객실, 기준 1인 (최대 3인) | 침실 1, 침대 2, 욕실 1, 최소 1박', 'https://search.pstatic.net/common/?autoRotate=true&quality=95&type=w750&src=https%3A%2F%2Fnaverbooking-phinf.pstatic.net%2F20240114_77%2F1705207623256bshf8_JPEG%2FKakaoTalk_20240114_132701628_01.jpg', 1, 'STANDARD', 2);
INSERT INTO room (accommodations_id, room_name, price, min_guests, max_guests, room_description, main_image_url, bathroom_count, room_type, bed_count) VALUES (33, '도미토리 3인실_남성(1인가격)', 25000, 2, 3, '공용객실, 기준 1인 (최대 3인) | 침실 1, 침대 2, 욕실 1, 최소 1박', 'https://search.pstatic.net/common/?autoRotate=true&quality=95&type=w750&src=https%3A%2F%2Fnaverbooking-phinf.pstatic.net%2F20240114_77%2F1705207623256bshf8_JPEG%2FKakaoTalk_20240114_132701628_01.jpg', 1, 'STANDARD', 2);

INSERT INTO accommodation (accommodations_id, accommodations_name, accommodations_category, accommodations_description, city, district, address_detail, latitude, longitude, transport_info, parking_info, phone, rating, review_count, source_url, source_platform, sns, check_in_time, check_out_time, short_description) VALUES (34, '서귀포 중문골드빌라스대가족숙소독채펜션', 'GUESTHOUSE', NULL, '제주', '서귀포시', '48 중문골드빌라스', 33.2809998, 126.4160150, NULL, NULL, '0507-1308-3866', null, 35, 'https://map.naver.com/p/search/%EC%84%9C%EA%B7%80%ED%8F%AC+%EC%A4%91%EB%AC%B8%EA%B3%A8%EB%93%9C%EB%B9%8C%EB%9D%BC%EC%8A%A4%EB%8C%80%EA%B0%80%EC%A1%B1%EC%88%99%EC%86%8C%EB%8F%85%EC%B1%84%ED%8E%9C%EC%85%98/place/1601717679?isCorrectAnswer=true&placePath=/home?from=map&fromPanelNum=1&additionalHeight=76&timestamp=202512181218&locale=ko&svcName=map_pcv5&searchText=%EC%84%9C%EA%B7%80%ED%8F%AC+%EC%A4%91%EB%AC%B8%EA%B3%A8%EB%93%9C%EB%B9%8C%EB%9D%BC%EC%8A%A4%EB%8C%80%EA%B0%80%EC%A1%B1%EC%88%99%EC%86%8C%EB%8F%85%EC%B1%84%ED%8E%9C%EC%85%98&c=15.00,0,0,0,dh', 'NAVER', NULL, NULL, NULL, '조용한 환경과 아름다운 잔디정원이 만나는 힐링 스팟');

INSERT INTO accommodation (accommodations_id, accommodations_name, accommodations_category, accommodations_description, city, district, address_detail, latitude, longitude, transport_info, parking_info, phone, rating, review_count, source_url, source_platform, sns, check_in_time, check_out_time, short_description) VALUES (35, '제주 가온누리 게스트하우스', 'GUESTHOUSE', '제주도 서귀포시 올레 7코스에 위치한 게스트하우스 입니다.', '제주', '서귀포시', '15', 33.2397666, 126.5163566, '[필수 확인사항] 이벤트 기간 및 객실에 따라 체크인 시간이 다를 수가 있습니다. 객실 정보에 노출 되어있 는 체크인 시간을 예약 전 반드시 확인하여 주...', NULL, NULL, null, 166, 'https://map.naver.com/p/search/%EC%A0%9C%EC%A3%BC+%EA%B0%80%EC%98%A8%EB%88%84%EB%A6%AC+%EA%B2%8C%EC%8A%A4%ED%8A%B8%ED%95%98%EC%9A%B0%EC%8A%A4/place/35317370?isCorrectAnswer=true&c=15.00,0,0,0,dh&placePath=/room?fromPanelNum=1&additionalHeight=76&timestamp=202512181218&locale=ko&svcName=map_pcv5&searchText=%EC%A0%9C%EC%A3%BC%2B%EA%B0%80%EC%98%A8%EB%88%84%EB%A6%AC%2B%EA%B2%8C%EC%8A%A4%ED%8A%B8%ED%95%98%EC%9A%B0%EC%8A%A4&businessCategory=guesthouse&additionalHeight=76&timestamp=202512181218&locale=ko&svcName=map_pcv5&searchText=%EC%A0%9C%EC%A3%BC%2B%EA%B0%80%EC%98%A8%EB%88%84%EB%A6%AC%2B%EA%B2%8C%EC%8A%A4%ED%8A%B8%ED%95%98%EC%9A%B0%EC%8A%A4&businessCategory=guesthouse&fromPanelNum=1', 'NAVER', 'Blog: https://blog.naver.com/myoni_1204', '17:00', '10:30', '깨끗한 시설과 조용한 환경에서 편안한 휴식');
INSERT INTO accommodation_amenity (amenity_id, accommodations_id) VALUES (4, 35);
INSERT INTO accommodation_amenity (amenity_id, accommodations_id) VALUES (1, 35);
INSERT INTO accommodation_amenity (amenity_id, accommodations_id) VALUES (7, 35);
INSERT INTO accommodation_amenity (amenity_id, accommodations_id) VALUES (5, 35);
INSERT INTO accommodation_amenity (amenity_id, accommodations_id) VALUES (6, 35);
INSERT INTO accommodation_image (accommodations_id, image_url, image_type, sort_order) VALUES (35, 'https://search.pstatic.net/common/?autoRotate=true&type=w560_sharpen&src=https%3A%2F%2Fldb-phinf.pstatic.net%2F20151128_52%2F14487132630736tUUS_JPEG%2F167078615122940_0.jpeg', 'banner', 0);
INSERT INTO accommodation_image (accommodations_id, image_url, image_type, sort_order) VALUES (35, 'https://search.pstatic.net/common/?autoRotate=true&type=w278_sharpen&src=https%3A%2F%2Fldb-phinf.pstatic.net%2F20171127_175%2F1511766084582TAJqf_JPEG%2F1448713545817_7383_REPR.jpg', 'detail', 1);
INSERT INTO accommodation_image (accommodations_id, image_url, image_type, sort_order) VALUES (35, 'https://search.pstatic.net/common/?autoRotate=true&type=w278_sharpen&src=https%3A%2F%2Fnaverbooking-phinf.pstatic.net%2F20201019_156%2F1603090678982kYM02_JPEG%2Fimage.jpg', 'detail', 2);
INSERT INTO accommodation_image (accommodations_id, image_url, image_type, sort_order) VALUES (35, 'https://search.pstatic.net/common/?autoRotate=true&type=w278_sharpen&src=https%3A%2F%2Fpup-review-phinf.pstatic.net%2FMjAyNDEyMjRfODQg%2FMDAxNzM1MDM2Mjk1NDAz.wu-xiDS6Lp8FmjiP7GR8nC57v_LP2LjAARfS6HKlWawg.88pcKx3YfaPPxXrB7tZhyBQAvOM-ZgQ-dPrbxTHnkIUg.JPEG%2F1000015971.jpg.jpg', 'detail', 3);
INSERT INTO accommodation_image (accommodations_id, image_url, image_type, sort_order) VALUES (35, 'https://search.pstatic.net/common/?autoRotate=true&type=w278_sharpen&src=https%3A%2F%2Fpup-review-phinf.pstatic.net%2FMjAyNTAyMjdfMjE0%2FMDAxNzQwNTg2MTg3MjAy.kruNj_hHsYxjS8AU7WS6EMhVLrXdRFZKutn9dmZNgc0g.6a21VjbR6ridZRurcZ-K7obNB8hyBgXJH9-0hx60Dz0g.JPEG%2F20250222_162741.jpg', 'detail', 4);
INSERT INTO room (accommodations_id, room_name, price, min_guests, max_guests, room_description, main_image_url, bathroom_count, room_type, bed_count) VALUES (35, '2인실', 50000, 2, 2, '일반객실, 기준 2인 (최대 2인)', 'https://search.pstatic.net/common/?autoRotate=true&quality=95&type=w750&src=https%3A%2F%2Fnaverbooking-phinf.pstatic.net%2F20201019_156%2F1603090678982kYM02_JPEG%2Fimage.jpg', 0, 'STANDARD', 0);
INSERT INTO room (accommodations_id, room_name, price, min_guests, max_guests, room_description, main_image_url, bathroom_count, room_type, bed_count) VALUES (35, '2인실', 50000, 2, 2, '일반객실, 기준 2인 (최대 2인)', 'https://search.pstatic.net/common/?autoRotate=true&quality=95&type=w750&src=https%3A%2F%2Fnaverbooking-phinf.pstatic.net%2F20190418_245%2F1555576386428WYAcs_JPEG%2Fimage.jpg', 0, 'STANDARD', 0);
INSERT INTO room (accommodations_id, room_name, price, min_guests, max_guests, room_description, main_image_url, bathroom_count, room_type, bed_count) VALUES (35, '여자 도미토리', 20000, 2, 6, '일반객실, 기준 1인 (최대 6인)', 'https://search.pstatic.net/common/?autoRotate=true&quality=95&type=w750&src=https%3A%2F%2Fnaverbooking-phinf.pstatic.net%2F20190418_23%2F1555576386650XPS2n_JPEG%2Fimage.jpg', 0, 'STANDARD', 0);
INSERT INTO room (accommodations_id, room_name, price, min_guests, max_guests, room_description, main_image_url, bathroom_count, room_type, bed_count) VALUES (35, '남자 도미토리', 20000, 2, 6, '일반객실, 기준 1인 (최대 6인)', 'https://search.pstatic.net/common/?autoRotate=true&quality=95&type=w750&src=https%3A%2F%2Fnaverbooking-phinf.pstatic.net%2F20190418_81%2F1555576386466I9iKO_JPEG%2Fimage.jpg', 0, 'STANDARD', 0);

INSERT INTO accommodation (accommodations_id, accommodations_name, accommodations_category, accommodations_description, city, district, address_detail, latitude, longitude, transport_info, parking_info, phone, rating, review_count, source_url, source_platform, sns, check_in_time, check_out_time, short_description) VALUES (36, '제주 민중각 게스트하우스', 'GUESTHOUSE', NULL, '제주', '서귀포시', '4', 33.2506606, 126.5587006, '외국어 : 영어 여성전용 : 여성전용 도미토리 보유 주 차 : 가능 짐보관 : 가능 와이파이 : 가능 공용부엌 및 공용공간 : 보유 이용안내 당일예약은 특성상 ...', NULL, '064-763-0501', null, 28, 'https://map.naver.com/p/entry/place/33254245?c=15.00,0,0,0,dh&placePath=/room?entry=bmp&fromPanelNum=1&additionalHeight=76&timestamp=202512181218&locale=ko&svcName=map_pcv5&businessCategory=guesthouse&fromPanelNum=1&additionalHeight=76&timestamp=202512181218&locale=ko&svcName=map_pcv5&businessCategory=guesthouse&from=map', 'NAVER', NULL, NULL, NULL, '샤워시설 구비로 편리한 출장지');
INSERT INTO accommodation_image (accommodations_id, image_url, image_type, sort_order) VALUES (36, 'https://search.pstatic.net/common/?autoRotate=true&quality=95&type=w750&src=https%3A%2F%2Fapis.naver.com%2Fplace%2Fpanorama%2Fthumbnail%2F33254245%2F0%3Fwidth%3D800%26height%3D400%26msgpad%3D1766027918994%26md%3DDlbH1PjhK3ckV84zoNHcI5IaE8w%253D', 'banner', 0);
INSERT INTO room (accommodations_id, room_name, price, min_guests, max_guests, room_description, main_image_url, bathroom_count, room_type, bed_count) VALUES (36, '남자 도미토리', 15000, 2, 1, '일반객실, 기준 1인 (최대 1인)', 'https://search.pstatic.net/common/?autoRotate=true&quality=95&type=w750&src=https%3A%2F%2Fnaverbooking-phinf.pstatic.net%2F20251111_214%2F176280390709469QOd_JPEG%2Fimage.jpg', 0, 'STANDARD', 0);
INSERT INTO room (accommodations_id, room_name, price, min_guests, max_guests, room_description, main_image_url, bathroom_count, room_type, bed_count) VALUES (36, '여자 도미토리', 15000, 2, 1, '일반객실, 기준 1인 (최대 1인)', 'https://search.pstatic.net/common/?autoRotate=true&quality=95&type=w750&src=https%3A%2F%2Fnaverbooking-phinf.pstatic.net%2F20251111_223%2F17628039089063vYlv_JPEG%2Fimage.jpg', 0, 'STANDARD', 0);
INSERT INTO room (accommodations_id, room_name, price, min_guests, max_guests, room_description, main_image_url, bathroom_count, room_type, bed_count) VALUES (36, '더블 침대룸', 35000, 2, 2, '일반객실, 기준 2인 (최대 2인)', 'https://search.pstatic.net/common/?autoRotate=true&quality=95&type=w750&src=https%3A%2F%2Fnaverbooking-phinf.pstatic.net%2F20251111_141%2F1762803913618ihlzD_JPEG%2Fimage.jpg', 0, 'STANDARD', 0);
INSERT INTO room (accommodations_id, room_name, price, min_guests, max_guests, room_description, main_image_url, bathroom_count, room_type, bed_count) VALUES (36, '스탠다드 트윈', 35000, 2, 2, '일반객실, 기준 2인 (최대 2인)', 'https://search.pstatic.net/common/?autoRotate=true&quality=95&type=w750&src=https%3A%2F%2Fnaverbooking-phinf.pstatic.net%2F20251111_209%2F17628039120577fKhg_JPEG%2Fimage.jpg', 0, 'STANDARD', 0);
INSERT INTO room (accommodations_id, room_name, price, min_guests, max_guests, room_description, main_image_url, bathroom_count, room_type, bed_count) VALUES (36, '디럭스 트윈', 40000, 2, 2, '일반객실, 기준 2인 (최대 2인)', 'https://search.pstatic.net/common/?autoRotate=true&quality=95&type=w750&src=https%3A%2F%2Fnaverbooking-phinf.pstatic.net%2F20251111_136%2F1762803910212J6pXH_JPEG%2Fimage.jpg', 0, 'STANDARD', 0);
INSERT INTO room (accommodations_id, room_name, price, min_guests, max_guests, room_description, main_image_url, bathroom_count, room_type, bed_count) VALUES (36, '트리플룸', 45000, 2, 3, '일반객실, 기준 2인 (최대 3인)', 'https://search.pstatic.net/common/?autoRotate=true&quality=95&type=w750&src=https%3A%2F%2Fnaverbooking-phinf.pstatic.net%2F20251111_273%2F1762803913194Xzsrr_JPEG%2Fimage.jpg', 0, 'STANDARD', 0);

INSERT INTO accommodation (accommodations_id, accommodations_name, accommodations_category, accommodations_description, city, district, address_detail, latitude, longitude, transport_info, parking_info, phone, rating, review_count, source_url, source_platform, sns, check_in_time, check_out_time, short_description) VALUES (37, '제주 안녕프로젝트 게스트하우스', 'GUESTHOUSE', '동북쪽 해안마을 동복리에 있는 게스트하우스 입니다.\n버스 201번으로 함덕, 월정, 세화, 성산 등 해안가 여행과 비자림, 만장굴, 사려니숲등 의 유명 관광지의 접근이 편한 위치에 있습니다.\n떠들썩한 파티는 하지 않아요. 대신 편안함과 정겨운 대화가 함께합니다. 별도 건물에 식당이 있어 조용한 휴식을 원하시는 게스트분에게도 최적의 게하입니다.\n바다조망의 옥상, 데크와 잔디 그리고 돌담이 어우러진 마당이 있어 아늑한 공간에서 편안함을 느낄수 있습니다.\n바닷가에 낚시와 일몰을 볼수 있는 예쁜 방파제가 있으며, 가벼운 동네를 산책하며 제주 해안가 마을의 분위기를 느끼실 수 있습니다.\n도보 5분거리에 서울에서 핫한 런던베이글뮤지엄 제주점이 있습니다.\n\n 공동 생활용품 제공 - 수건, 상비의약품, 치약, 폼클렌징, 비누, 샴푸, 린스, 바디워시, 면봉, 공용슬리퍼, 정수기, 냉장고, 에어컨, 전자레인지, 주방용품, 드라이기, 고데기 등 편의시설 제공.\n\n- 버스 정류장에서 걸어서 1분!!\n- 방마다 여성분들을 안전을 위한 경보기 설치!!\n\n* 입실시간 : PM 4:00 ~ 10:00\n* 퇴실시간 : AM 11:00\n* 조식시간 : AM 8:00 ~ 9:00\n* 소등시간 : PM 11:00\n- 쾌적한 실내환경를 위해 거실 및 방에서 음식물(음료 포함)섭취가 불가합니다.\n- 입실전 또는 퇴실후 짐보관이 가능합니다.\n- 소등시간 이후 음주와 다른 게스트의 휴식을 방해하는 행동을 할 경우 퇴실 조치됩니다.', '제주', '제주시', '동복로2길 12', 33.5520497, 126.7122682, '- 버스 이용\n\n* 공항에서 올때 *\n\n101번 공항버스(2번 승차장) -> 함덕환승정류장 하차 -> 201번 버스 -> 동복리 정류장 하차\n\n* 성산에서 올때 *\n\n성산항입구 정류장에서 제주시방면 동일주버스(201번) -> 동복리 정류장하차\n\n - 렌터카 이용\n\n네비게이션 주소검색\n안녕프로젝트 게스트하우스\n제주시 구좌읍 동복로2길 12(동복리 1418-2)\n\n(입금계좌안내)\nKEB하나은행 544-910002-48105\n김용진', '주차가능\n무료\n예약당일 안내문자를 드립니다.', NULL, null, 543, 'https://map.naver.com/p/search/%EC%A0%9C%EC%A3%BC+%EC%95%88%EB%85%95%ED%94%84%EB%A1%9C%EC%A0%9D%ED%8A%B8+%EA%B2%8C%EC%8A%A4%ED%8A%B8%ED%95%98%EC%9A%B0%EC%8A%A4/place/21602821?isCorrectAnswer=true&c=15.00,0,0,0,dh&placePath=/room?fromPanelNum=1&additionalHeight=76&timestamp=202512181218&locale=ko&svcName=map_pcv5&searchText=%EC%A0%9C%EC%A3%BC%2B%EC%95%88%EB%85%95%ED%94%84%EB%A1%9C%EC%A0%9D%ED%8A%B8%2B%EA%B2%8C%EC%8A%A4%ED%8A%B8%ED%95%98%EC%9A%B0%EC%8A%A4&businessCategory=guesthouse&additionalHeight=76&timestamp=202512181218&locale=ko&svcName=map_pcv5&searchText=%EC%A0%9C%EC%A3%BC%2B%EC%95%88%EB%85%95%ED%94%84%EB%A1%9C%EC%A0%9D%ED%8A%B8%2B%EA%B2%8C%EC%8A%A4%ED%8A%B8%ED%95%98%EC%9A%B0%EC%8A%A4&businessCategory=guesthouse&fromPanelNum=1', 'NAVER', 'Blog: https://blog.naver.com/anproject\nInstagram: http://www.instagram.com/anproject2019', '16:00', '11:00', '편리한 위치와 조용한 환경에서 여유로운 시간');
INSERT INTO accommodation_theme (theme_id, accommodations_id) VALUES (3, 37);
INSERT INTO accommodation_theme (theme_id, accommodations_id) VALUES (1, 37);
INSERT INTO accommodation_amenity (amenity_id, accommodations_id) VALUES (3, 37);
INSERT INTO accommodation_amenity (amenity_id, accommodations_id) VALUES (5, 37);
INSERT INTO accommodation_amenity (amenity_id, accommodations_id) VALUES (6, 37);
INSERT INTO accommodation_amenity (amenity_id, accommodations_id) VALUES (4, 37);
INSERT INTO accommodation_amenity (amenity_id, accommodations_id) VALUES (15, 37);
INSERT INTO accommodation_amenity (amenity_id, accommodations_id) VALUES (10, 37);
INSERT INTO accommodation_amenity (amenity_id, accommodations_id) VALUES (20, 37);
INSERT INTO accommodation_amenity (amenity_id, accommodations_id) VALUES (1, 37);
INSERT INTO accommodation_amenity (amenity_id, accommodations_id) VALUES (7, 37);
INSERT INTO accommodation_image (accommodations_id, image_url, image_type, sort_order) VALUES (37, 'https://search.pstatic.net/common/?autoRotate=true&type=w560_sharpen&src=https%3A%2F%2Fldb-phinf.pstatic.net%2F20190720_188%2F1563574257362qfpFs_JPEG%2FAflMBzI7ejiDzysSP65v_n-8.jpg', 'banner', 0);
INSERT INTO accommodation_image (accommodations_id, image_url, image_type, sort_order) VALUES (37, 'https://search.pstatic.net/common/?autoRotate=true&type=w278_sharpen&src=https%3A%2F%2Fldb-phinf.pstatic.net%2F20190706_261%2F1562402190450xb5se_JPEG%2F1.jpg', 'detail', 1);
INSERT INTO accommodation_image (accommodations_id, image_url, image_type, sort_order) VALUES (37, 'https://search.pstatic.net/common/?autoRotate=true&type=w278_sharpen&src=https%3A%2F%2Fldb-phinf.pstatic.net%2F20190709_134%2F1562643038482W2UWp_JPEG%2FJ2J-1TDzsK3tAu3twDbApLF_.jpg', 'detail', 2);
INSERT INTO accommodation_image (accommodations_id, image_url, image_type, sort_order) VALUES (37, 'https://search.pstatic.net/common/?autoRotate=true&type=w278_sharpen&src=https%3A%2F%2Fldb-phinf.pstatic.net%2F20180524_129%2F1527155910754ABC7M_JPEG%2FIMG_6902.JPG', 'detail', 3);
INSERT INTO accommodation_image (accommodations_id, image_url, image_type, sort_order) VALUES (37, 'https://search.pstatic.net/common/?autoRotate=true&type=w278_sharpen&src=https%3A%2F%2Fldb-phinf.pstatic.net%2F20190424_284%2F15560341509259ata6_JPEG%2FIMG_1817.JPG', 'detail', 4);
INSERT INTO room (accommodations_id, room_name, price, min_guests, max_guests, room_description, main_image_url, bathroom_count, room_type, bed_count) VALUES (37, '여성 도미토리(3인실)', 25000, 2, 3, '공용객실, 기준 1인 (최대 3인) | 침실 1, 침대 2, 최소 1박', 'https://search.pstatic.net/common/?autoRotate=true&quality=95&type=w750&src=https%3A%2F%2Fnaverbooking-phinf.pstatic.net%2F20190423_133%2F155597128767983Fjl_JPEG%2FDSC00619-.jpg', 0, 'STANDARD', 2);
INSERT INTO room (accommodations_id, room_name, price, min_guests, max_guests, room_description, main_image_url, bathroom_count, room_type, bed_count) VALUES (37, '남성 도미토리(6인실)', 25000, 2, 6, '공용객실, 기준 1인 (최대 6인) | 침실 1, 침대 3, 최소 1박', 'https://search.pstatic.net/common/?autoRotate=true&quality=95&type=w750&src=https%3A%2F%2Fnaverbooking-phinf.pstatic.net%2F20180430_180%2F1525090975617A4zNS_JPEG%2F9A410281-3D65-4C12-80AB-546032E15F26.jpeg', 0, 'STANDARD', 3);
INSERT INTO room (accommodations_id, room_name, price, min_guests, max_guests, room_description, main_image_url, bathroom_count, room_type, bed_count) VALUES (37, '단독방(1-3인)', 40000, 2, 3, '일반객실, 기준 1인 (최대 3인) | 침실 1, 침대 2, 최소 1박', 'https://search.pstatic.net/common/?autoRotate=true&quality=95&type=w750&src=https%3A%2F%2Fnaverbooking-phinf.pstatic.net%2F20190423_100%2F1555972404267okP4Q_JPEG%2FDSC00600-.jpg', 0, 'STANDARD', 2);
INSERT INTO room (accommodations_id, room_name, price, min_guests, max_guests, room_description, main_image_url, bathroom_count, room_type, bed_count) VALUES (37, '독채(8인~15인)', 250000, 2, 15, '독채, 기준 8인 (최대 15인) | 침실 1, 침대 9, 욕실 3, 최소 1박', 'https://search.pstatic.net/common/?autoRotate=true&quality=95&type=w750&src=https%3A%2F%2Fnaverbooking-phinf.pstatic.net%2F20190424_164%2F1556033229060fkEtL_JPEG%2F28516178_1841510719193128_499590856153018768_o.jpg', 3, 'STANDARD', 9);

INSERT INTO accommodation (accommodations_id, accommodations_name, accommodations_category, accommodations_description, city, district, address_detail, latitude, longitude, transport_info, parking_info, phone, rating, review_count, source_url, source_platform, sns, check_in_time, check_out_time, short_description) VALUES (38, '제주 금악골드빌라스풀빌라대가족숙소', 'GUESTHOUSE', NULL, '제주', '제주시', '누운오름로 457-19 금악골드빌라스', 33.3713593, 126.3216841, '금악 골드빌라스 풀빌라는 제주 서쪽 한림 금악리에 위치해 있어 공항에서 차로 약 40분이면 도착할 수 있습니다.\n\n숙소 근처에는 협재해수욕장, 애월 해안도로, 신화월드, 아르떼뮤지엄 등 인기 관광지가 많아 여행 코스를 짜기도 편리합니다.\n\n내비게이션에 [금악 골드빌라스 풀빌라] 또는 [금악리 457-19]를 입력하시면 바로 찾아오실 수 있고, 현장에는 주차 공간도 넉넉하게 준비되어 있어 가족이나 단체 차량도 문제없이 이용하실 수 있습니다.\n\n다만 도로에서 들어오는 길이 조금 불편하실 수 있으니 찾기 어려우실 땐 언제든지 펜션지기에게 전화주세요.(010 2749 3866 또는 010 3313 5617)\n\n제주 서쪽 여행의 거점으로 편리하게 찾아오실 수 있는 숙소입니다.', '금악 골드빌라스 풀빌라는 제주 서쪽 한림 금악리에 위치해 있어 공항에서 차로 약 40분이면 도착할 수 있습니다.\n\n숙소 근처에는 협재해수욕장, 애월 해안도로, 신화월드, 아르떼뮤지엄 등 인기 관광지가 많아 여행 코스를 짜기도 편리합니다.\n\n내비게이션에 [금악 골드빌라스 풀빌라] 또는 [금악리 457-19]를 입력하시면 바로 찾아오실 수 있고, 현장에는 주차 공간도 넉넉하게 준비되어 있어 가족이나 단체 차량도 문제없이 이용하실 수 있습니다.\n\n다만 도로에서 들어오는 길이 조금 불편하실 수 있으니 찾기 어려우실 땐 언제든지 펜션지기에게 전화주세요.(010 2749 3866 또는 010 3313 5617)\n\n제주 서쪽 여행의 거점으로 편리하게 찾아오실 수 있는 숙소입니다.', '0507-1331-7121', null, 200, 'https://map.naver.com/p/search/%EC%A0%9C%EC%A3%BC+%EA%B8%88%EC%95%85%EA%B3%A8%EB%93%9C%EB%B9%8C%EB%9D%BC%EC%8A%A4%ED%92%80%EB%B9%8C%EB%9D%BC%EB%8C%80%EA%B0%80%EC%A1%B1%EC%88%99%EC%86%8C/place/1355218138?isCorrectAnswer=true&c=15.00,0,0,0,dh&placePath=/room?fromPanelNum=1&additionalHeight=76&timestamp=202512181219&locale=ko&svcName=map_pcv5&searchText=%EC%A0%9C%EC%A3%BC%2B%EA%B8%88%EC%95%85%EA%B3%A8%EB%93%9C%EB%B9%8C%EB%9D%BC%EC%8A%A4%ED%92%80%EB%B9%8C%EB%9D%BC%EB%8C%80%EA%B0%80%EC%A1%B1%EC%88%99%EC%86%8C&businessCategory=pension&fromPanelNum=1&additionalHeight=76&timestamp=202512181219&locale=ko&svcName=map_pcv5&searchText=%EC%A0%9C%EC%A3%BC%2B%EA%B8%88%EC%95%85%EA%B3%A8%EB%93%9C%EB%B9%8C%EB%9D%BC%EC%8A%A4%ED%92%80%EB%B9%8C%EB%9D%BC%EB%8C%80%EA%B0%80%EC%A1%B1%EC%88%99%EC%86%8C&businessCategory=pension', 'NAVER', NULL, NULL, NULL, '분위기 있는 수영장 온수풀에서의 휴식');
INSERT INTO accommodation_image (accommodations_id, image_url, image_type, sort_order) VALUES (38, 'https://search.pstatic.net/common/?autoRotate=true&type=w560_sharpen&src=https%3A%2F%2Fldb-phinf.pstatic.net%2F20250219_163%2F1739921114567Wm5jk_JPEG%2FScreenshot_20250219_052328_NAVER.jpg', 'banner', 0);
INSERT INTO accommodation_image (accommodations_id, image_url, image_type, sort_order) VALUES (38, 'https://search.pstatic.net/common/?autoRotate=true&type=w278_sharpen&src=https%3A%2F%2Fnaverbooking-phinf.pstatic.net%2F20240529_107%2F1716970899106jSWuX_JPEG%2Ftemp_1716347921121.-105737615_1.jpeg', 'detail', 1);
INSERT INTO accommodation_image (accommodations_id, image_url, image_type, sort_order) VALUES (38, 'https://search.pstatic.net/common/?autoRotate=true&type=w278_sharpen&src=https%3A%2F%2Fnaverbooking-phinf.pstatic.net%2F20231106_62%2F1699252268247XiYru_JPEG%2F1%25C3%25FE_%25B0%25C5%25BD%25C7_2.jpg', 'detail', 2);
INSERT INTO accommodation_image (accommodations_id, image_url, image_type, sort_order) VALUES (38, 'https://search.pstatic.net/common/?autoRotate=true&type=w278_sharpen&src=https%3A%2F%2Fnaverbooking-phinf.pstatic.net%2F20231106_218%2F1699252489127DllL9_JPEG%2F3%25C3%25FE_%25C5%25D7%25B6%25F3%25BD%25BA_%25C0%25FC%25B8%25C1_4.jpg', 'detail', 3);
INSERT INTO accommodation_image (accommodations_id, image_url, image_type, sort_order) VALUES (38, 'https://search.pstatic.net/common/?autoRotate=true&type=w278_sharpen&src=https%3A%2F%2Fnaverbooking-phinf.pstatic.net%2F20241004_261%2F1728034725821gjBTO_JPEG%2F1715380730709.jpg', 'detail', 4);
INSERT INTO room (accommodations_id, room_name, price, min_guests, max_guests, room_description, main_image_url, bathroom_count, room_type, bed_count) VALUES (38, '[풀빌라1] 10m온수풀, 방4/욕실4, 120평 독채', 440000, 2, 12, '독채, 기준 6인 (최대 12인) | 침실 4, 침대 5, 욕실 4, 최소 1박', 'https://search.pstatic.net/common/?autoRotate=true&quality=95&type=w750&src=https%3A%2F%2Fnaverbooking-phinf.pstatic.net%2F20250320_91%2F1742425949813xV87j_JPEG%2FScreenshot_20250302_070421_NAVER.jpg', 4, 'STANDARD', 5);
INSERT INTO room (accommodations_id, room_name, price, min_guests, max_guests, room_description, main_image_url, bathroom_count, room_type, bed_count) VALUES (38, '[풀빌라2] 10m온수풀, 방4/욕실4, 120평 독채', 440000, 2, 12, '독채, 기준 6인 (최대 12인) | 침실 4, 침대 5, 욕실 4, 최소 1박', 'https://search.pstatic.net/common/?autoRotate=true&quality=95&type=w750&src=https%3A%2F%2Fnaverbooking-phinf.pstatic.net%2F20240919_140%2F1726730514778Wjyyj_JPEG%2F20240618_215818.jpg', 4, 'STANDARD', 5);
INSERT INTO room (accommodations_id, room_name, price, min_guests, max_guests, room_description, main_image_url, bathroom_count, room_type, bed_count) VALUES (38, 'X예약불가 [대정골드빌라스]방4/욕실3,온수풀 둘러보기', 340000, 2, 12, '독채, 기준 6인 (최대 12인) | 침실 4, 침대 5, 욕실 3, 최소 1박', 'https://search.pstatic.net/common/?autoRotate=true&quality=95&type=w750&src=https%3A%2F%2Fnaverbooking-phinf.pstatic.net%2F20250326_275%2F1742964130098db0nj_JPEG%2F1%25BC%25F6%25BF%25B5%25C0%25E52.JPG', 3, 'STANDARD', 5);
INSERT INTO room (accommodations_id, room_name, price, min_guests, max_guests, room_description, main_image_url, bathroom_count, room_type, bed_count) VALUES (38, 'X예약불가 [중문골드빌라스] 방5/욕실5 독채 둘러보기', 340000, 2, 15, '독채, 기준 7인 (최대 15인) | 침실 5, 침대 7, 욕실 5, 최소 1박', 'https://search.pstatic.net/common/?autoRotate=true&quality=95&type=w750&src=https%3A%2F%2Fnaverbooking-phinf.pstatic.net%2F20250326_114%2F1742964939637tbysw_JPEG%2F20240814_193240.jpg', 5, 'STANDARD', 7);

INSERT INTO accommodation (accommodations_id, accommodations_name, accommodations_category, accommodations_description, city, district, address_detail, latitude, longitude, transport_info, parking_info, phone, rating, review_count, source_url, source_platform, sns, check_in_time, check_out_time, short_description) VALUES (39, '제주 에버 게스트하우스', 'GUESTHOUSE', '안녕하세요.\n게스트하우스에버입니다.\n\n-게스트하우스에버는 자연의 모습을 품은 서귀포시에 위치해 있습니다.\n-조식으로는 따뜻하고 맛있는 집 밥 같은 가정식이 준비 돼 있습니다.\n-게스트하우스에버는 조용하고 편안한 잠자리를 제공합니다.\n-인근 관광지로는 수중 폭발 분화구인 제주도 관광지의 꽃이자 유네스코에도 올라간 명소인 성산일출봉, 드라마 올인의 세트장이 있는 섭지코지, 특별한 다이빙 공연과 돌고래를 만나 볼 수 있는 아쿠아플라넷이 있습니다.\n-성산포항종합여객터미널이 차량 4분거리에 위치해있습니다.\n-바닷가와 갯벌이 인근에 있어 이동이 수월합니다.\n-세탁기와 건조기 사용이 가능합니다.\n-게스트하우스에버에서 합리적인 가격에 제주도 관광을 즐겨보세요.\n-대로변에 위치 해 있어 주차자리가 넓고 최적합니다.\n-세면도구와 수건 드라이기가 구비돼있습니다.\n-성산고등학교 바로 옆에 위치해있습니다.\n-공항에서 성산고등학교로 직접 오는 버스가 있어, 차량 운행하시지 않아도 쉽게 찾아오실 수 있습니다.\n\n※ 숙소 이용 규칙 ※\n-객실 내 음식물 섭취 금지\n-객실 내 흡연 금지\n-만취시 입실 불가\n-실내에서 과도한 소음 금지\n-퇴실 시 소지품 한 번 더 확인\n-밤 11시 이후 소등\n-소등시간 이후 세탁기 및 건조기 사용 금지\n-조식은 08:00~09:00까지\n-14:00 체크인 / 11:00 체크아웃\n\n※ 게스트하우스에버에 대해 궁금하신 점은 전화로 문의 주세요. ※\n-상담 가능 시간 08:00~23:00\n-010-6695-0097\n-상담 가능 시간 이외에는 전화 상담이 어렵습니다.', '제주', '서귀포시', '한도로 67', 33.4683077, 126.9153227, '공항에서 성산고등학교로 직접 오는 버스가 있어, 차량 운행하시지 않아도 쉽게 찾아오실 수 있습니다.\n\n성산고등학교에서 차량 1분거리. 성산읍사무소에서 차량2분거리. 서귀포성산국민임대아파트에거 차량4분거리. 성산초등학교에서 차량2분거리. 성산포항종합여객터미널에서 차량3분거리.\n\n네이버 네비게이션에 ''게스트하우스에버'' 을 검색하시면 더욱더 편리하게 이용이 가능합니다.\n(T맵, 카카오네비 모두 이용 가능합니다!)\n\n주차는 대로변에 위치해있어 따로 넓은 전용 주차장이 구비되어있습니다.', '주차가능\n무료', NULL, null, 138, 'https://map.naver.com/p/search/%EC%A0%9C%EC%A3%BC+%EC%97%90%EB%B2%84+%EA%B2%8C%EC%8A%A4%ED%8A%B8%ED%95%98%EC%9A%B0%EC%8A%A4/place/37822772?isCorrectAnswer=true&c=15.00,0,0,0,dh&placePath=/room?fromPanelNum=1&additionalHeight=76&timestamp=202512181219&locale=ko&svcName=map_pcv5&searchText=%EC%A0%9C%EC%A3%BC%2B%EC%97%90%EB%B2%84%2B%EA%B2%8C%EC%8A%A4%ED%8A%B8%ED%95%98%EC%9A%B0%EC%8A%A4&businessCategory=guesthouse&additionalHeight=76&timestamp=202512181219&locale=ko&svcName=map_pcv5&searchText=%EC%A0%9C%EC%A3%BC%2B%EC%97%90%EB%B2%84%2B%EA%B2%8C%EC%8A%A4%ED%8A%B8%ED%95%98%EC%9A%B0%EC%8A%A4&businessCategory=guesthouse&fromPanelNum=1', 'NAVER', NULL, '14:00', '11:00', '맛있는 조식과 잘 정돈된 시설의 만남');
INSERT INTO accommodation_theme (theme_id, accommodations_id) VALUES (1, 39);
INSERT INTO accommodation_theme (theme_id, accommodations_id) VALUES (5, 39);
INSERT INTO accommodation_amenity (amenity_id, accommodations_id) VALUES (3, 39);
INSERT INTO accommodation_amenity (amenity_id, accommodations_id) VALUES (5, 39);
INSERT INTO accommodation_amenity (amenity_id, accommodations_id) VALUES (4, 39);
INSERT INTO accommodation_amenity (amenity_id, accommodations_id) VALUES (6, 39);
INSERT INTO accommodation_amenity (amenity_id, accommodations_id) VALUES (10, 39);
INSERT INTO accommodation_amenity (amenity_id, accommodations_id) VALUES (15, 39);
INSERT INTO accommodation_amenity (amenity_id, accommodations_id) VALUES (31, 39);
INSERT INTO accommodation_amenity (amenity_id, accommodations_id) VALUES (1, 39);
INSERT INTO accommodation_amenity (amenity_id, accommodations_id) VALUES (2, 39);
INSERT INTO accommodation_image (accommodations_id, image_url, image_type, sort_order) VALUES (39, 'https://search.pstatic.net/common/?autoRotate=true&type=w560_sharpen&src=https%3A%2F%2Fldb-phinf.pstatic.net%2F20171128_90%2F1511864847182M3cgE_JPEG%2FYC3A3320.JPG', 'banner', 0);
INSERT INTO accommodation_image (accommodations_id, image_url, image_type, sort_order) VALUES (39, 'https://search.pstatic.net/common/?autoRotate=true&type=w560_sharpen&src=https%3A%2F%2Fldb-phinf.pstatic.net%2F20171128_87%2F1511864850123Eebtu_JPEG%2FYC3A3325.JPG', 'detail', 1);
INSERT INTO accommodation_image (accommodations_id, image_url, image_type, sort_order) VALUES (39, 'https://search.pstatic.net/common/?autoRotate=true&type=w560_sharpen&src=https%3A%2F%2Fnaverbooking-phinf.pstatic.net%2F20171106_117%2F1509925077940yPfiw_JPEG%2FIMG_8085.JPG', 'detail', 2);
INSERT INTO room (accommodations_id, room_name, price, min_guests, max_guests, room_description, main_image_url, bathroom_count, room_type, bed_count) VALUES (39, '그린', 20000, 2, 4, '기준 1인 (최대 4인)', 'https://search.pstatic.net/common/?autoRotate=true&quality=95&type=w750&src=https%3A%2F%2Fnaverbooking-phinf.pstatic.net%2F20171106_117%2F1509925077940yPfiw_JPEG%2FIMG_8085.JPG', 0, 'STANDARD', 0);
INSERT INTO room (accommodations_id, room_name, price, min_guests, max_guests, room_description, main_image_url, bathroom_count, room_type, bed_count) VALUES (39, '블루', 20000, 2, 4, '기준 1인 (최대 4인)', 'https://search.pstatic.net/common/?autoRotate=true&quality=95&type=w750&src=https%3A%2F%2Fnaverbooking-phinf.pstatic.net%2F20171106_181%2F1509925237356qFVK1_JPEG%2FIMG_8160.JPG', 0, 'STANDARD', 0);
INSERT INTO room (accommodations_id, room_name, price, min_guests, max_guests, room_description, main_image_url, bathroom_count, room_type, bed_count) VALUES (39, '옐로우', 20000, 2, 2, '기준 2인 (최대 2인)', 'https://search.pstatic.net/common/?autoRotate=true&quality=95&type=w750&src=https%3A%2F%2Fnaverbooking-phinf.pstatic.net%2F20171106_179%2F1509925592515xTpnH_JPEG%2FIMG_8039.JPG', 0, 'STANDARD', 0);

INSERT INTO accommodation (accommodations_id, accommodations_name, accommodations_category, accommodations_description, city, district, address_detail, latitude, longitude, transport_info, parking_info, phone, rating, review_count, source_url, source_platform, sns, check_in_time, check_out_time, short_description) VALUES (40, '캡틴제주 게스트하우스', 'GUESTHOUSE', '캡틴제주 게스트하우스는 올레 18코스가 있는 조천읍 신촌리에 위치해 있으며 공항에서 차량 20분, 삼양해수욕장과 함덕해수욕장이 차량 5분 거리에 위치해 있으며, 버스정류장이 가까이 있어서 뚜벅이 여행자들도 편안히 제주여행을 하실 수 있습니다.\n\n또한, 4인 이상 모였을 시에는 간단하게 파티를 진행하며 여름에는 밤 낚시를 가기도 합니다. 사전예약자에 한해서 스냅사진촬영 투어도 진행하고 있으니 제주도 여행의 잊지 못할 추억을 만드실 수 있을 것 입니다.\n\n옥상과 테라스에서는 제주바다와 신촌포구, 농가주택들이 어우러져 있는 풍경을 바라 볼 수 있으며 일찍 일어나신 분들은 일출까지 감상할 수 있습니다. 주방에서는 취사가 가능하여 조식을 자유롭게 드실 수 있으며 식사 후에는 편안하게 쉬시다가 자유롭게 퇴실 하시면 됩니다.\n\n제주도 동쪽 여행의 시작점과 마지막점!!\n캡틴제주 게스트하우스로 여러분들을 초대합니다.', '제주', '제주시', '신촌3길 37', null, null, '- 제주공항 -\n325번 - 신촌초등학교 하차\n\n* 하차 후 신촌초등학교 옆 도로를 따라 5분정도 직진하시면 됩니다.', NULL, '0507-1405-7640', null, 19, 'https://map.naver.com/p/search/%EC%BA%A1%ED%8B%B4%EC%A0%9C%EC%A3%BC+%EA%B2%8C%EC%8A%A4%ED%8A%B8%ED%95%98%EC%9A%B0%EC%8A%A4/place/36792362?isCorrectAnswer=true&c=15.00,0,0,0,dh&placePath=/room?fromPanelNum=1&additionalHeight=76&timestamp=202512181220&locale=ko&svcName=map_pcv5&searchText=%EC%BA%A1%ED%8B%B4%EC%A0%9C%EC%A3%BC%2B%EA%B2%8C%EC%8A%A4%ED%8A%B8%ED%95%98%EC%9A%B0%EC%8A%A4&businessCategory=guesthouse&additionalHeight=76&timestamp=202512181220&locale=ko&svcName=map_pcv5&searchText=%EC%BA%A1%ED%8B%B4%EC%A0%9C%EC%A3%BC%2B%EA%B2%8C%EC%8A%A4%ED%8A%B8%ED%95%98%EC%9A%B0%EC%8A%A4&businessCategory=guesthouse&fromPanelNum=1', 'NAVER', 'Blog: https://blog.naver.com/kdg890208', NULL, NULL, NULL);
INSERT INTO accommodation_theme (theme_id, accommodations_id) VALUES (3, 40);
INSERT INTO accommodation_theme (theme_id, accommodations_id) VALUES (1, 40);
INSERT INTO accommodation_amenity (amenity_id, accommodations_id) VALUES (29, 40);
INSERT INTO accommodation_amenity (amenity_id, accommodations_id) VALUES (1, 40);
INSERT INTO accommodation_amenity (amenity_id, accommodations_id) VALUES (8, 40);
INSERT INTO accommodation_image (accommodations_id, image_url, image_type, sort_order) VALUES (40, 'https://search.pstatic.net/common/?autoRotate=true&type=w560_sharpen&src=https%3A%2F%2Fldb-phinf.pstatic.net%2F20151020_279%2F1445333384588l28tK_JPEG%2FSUBMIT_1445332904264_36792362.jpg', 'banner', 0);
INSERT INTO accommodation_image (accommodations_id, image_url, image_type, sort_order) VALUES (40, 'https://search.pstatic.net/common/?autoRotate=true&type=w278_sharpen&src=https%3A%2F%2Fldb-phinf.pstatic.net%2F20151020_270%2F1445333385139fwEB3_JPEG%2FSUBMIT_1445332904849_36792362.jpg', 'detail', 1);
INSERT INTO accommodation_image (accommodations_id, image_url, image_type, sort_order) VALUES (40, 'https://search.pstatic.net/common/?autoRotate=true&type=w278_sharpen&src=https%3A%2F%2Fldb-phinf.pstatic.net%2F20151020_190%2F1445333385810lbogl_JPEG%2FSUBMIT_1445332903753_36792362.jpg', 'detail', 2);
INSERT INTO accommodation_image (accommodations_id, image_url, image_type, sort_order) VALUES (40, 'https://search.pstatic.net/common/?autoRotate=true&type=w278_sharpen&src=https%3A%2F%2Fldb-phinf.pstatic.net%2F20151022_16%2F1445440828618QTzn7_JPEG%2FSUBMIT_1445333331566_36792362.jpg', 'detail', 3);
INSERT INTO accommodation_image (accommodations_id, image_url, image_type, sort_order) VALUES (40, 'https://search.pstatic.net/common/?autoRotate=true&type=w278_sharpen&src=https%3A%2F%2Fldb-phinf.pstatic.net%2F20151020_94%2F14453333872960EbGO_JPEG%2FSUBMIT_1445332900191_36792362.jpg', 'detail', 4);
INSERT INTO room (accommodations_id, room_name, price, min_guests, max_guests, room_description, main_image_url, bathroom_count, room_type, bed_count) VALUES (40, '트윈룸A', 50000, 2, 3, '일반객실, 기준 2인 (최대 3인) | 최소 1박', 'https://search.pstatic.net/common/?autoRotate=true&quality=95&type=w750&src=https%3A%2F%2Fnaverbooking-phinf.pstatic.net%2F20190705_188%2F1562318201742AbnAB_JPEG%2Fimage.jpg', 0, 'STANDARD', 0);
INSERT INTO room (accommodations_id, room_name, price, min_guests, max_guests, room_description, main_image_url, bathroom_count, room_type, bed_count) VALUES (40, '트윈룸B', 50000, 2, 3, '일반객실, 기준 2인 (최대 3인) | 최소 1박', 'https://search.pstatic.net/common/?autoRotate=true&quality=95&type=w750&src=https%3A%2F%2Fnaverbooking-phinf.pstatic.net%2F20190705_226%2F1562318209029tPQAd_JPEG%2Fimage.jpg', 0, 'STANDARD', 0);
INSERT INTO room (accommodations_id, room_name, price, min_guests, max_guests, room_description, main_image_url, bathroom_count, room_type, bed_count) VALUES (40, '여성 4인실 도미토리1', 30000, 2, 1, '일반객실, 기준 1인 (최대 1인) | 최소 1박', 'https://search.pstatic.net/common/?autoRotate=true&quality=95&type=w750&src=https%3A%2F%2Fnaverbooking-phinf.pstatic.net%2F20190705_21%2F1562318213912A1RbX_JPEG%2Fimage.jpg', 0, 'STANDARD', 0);
INSERT INTO room (accommodations_id, room_name, price, min_guests, max_guests, room_description, main_image_url, bathroom_count, room_type, bed_count) VALUES (40, '여성 4인실 도미토리2', 30000, 2, 1, '일반객실, 기준 1인 (최대 1인) | 최소 1박', 'https://search.pstatic.net/common/?autoRotate=true&quality=95&type=w750&src=https%3A%2F%2Fnaverbooking-phinf.pstatic.net%2F20190705_21%2F1562318213912A1RbX_JPEG%2Fimage.jpg', 0, 'STANDARD', 0);
INSERT INTO room (accommodations_id, room_name, price, min_guests, max_guests, room_description, main_image_url, bathroom_count, room_type, bed_count) VALUES (40, '여성 4인실 도미토리3', 30000, 2, 1, '일반객실, 기준 1인 (최대 1인) | 최소 1박', 'https://search.pstatic.net/common/?autoRotate=true&quality=95&type=w750&src=https%3A%2F%2Fnaverbooking-phinf.pstatic.net%2F20190705_21%2F1562318213912A1RbX_JPEG%2Fimage.jpg', 0, 'STANDARD', 0);
INSERT INTO room (accommodations_id, room_name, price, min_guests, max_guests, room_description, main_image_url, bathroom_count, room_type, bed_count) VALUES (40, '여성 4인실 도미토리4', 30000, 2, 1, '일반객실, 기준 1인 (최대 1인) | 최소 1박', 'https://search.pstatic.net/common/?autoRotate=true&quality=95&type=w750&src=https%3A%2F%2Fnaverbooking-phinf.pstatic.net%2F20190705_21%2F1562318213912A1RbX_JPEG%2Fimage.jpg', 0, 'STANDARD', 0);
INSERT INTO room (accommodations_id, room_name, price, min_guests, max_guests, room_description, main_image_url, bathroom_count, room_type, bed_count) VALUES (40, '남성 4인실 도미토리1', 30000, 2, 1, '일반객실, 기준 1인 (최대 1인) | 최소 1박', 'https://search.pstatic.net/common/?autoRotate=true&quality=95&type=w750&src=https%3A%2F%2Fnaverbooking-phinf.pstatic.net%2F20190705_21%2F1562318213912A1RbX_JPEG%2Fimage.jpg', 0, 'STANDARD', 0);
INSERT INTO room (accommodations_id, room_name, price, min_guests, max_guests, room_description, main_image_url, bathroom_count, room_type, bed_count) VALUES (40, '남성 4인실 도미토리2', 30000, 2, 1, '일반객실, 기준 1인 (최대 1인) | 최소 1박', 'https://search.pstatic.net/common/?autoRotate=true&quality=95&type=w750&src=https%3A%2F%2Fnaverbooking-phinf.pstatic.net%2F20190705_21%2F1562318213912A1RbX_JPEG%2Fimage.jpg', 0, 'STANDARD', 0);
INSERT INTO room (accommodations_id, room_name, price, min_guests, max_guests, room_description, main_image_url, bathroom_count, room_type, bed_count) VALUES (40, '남성 4인실 도미토리3', 30000, 2, 1, '일반객실, 기준 1인 (최대 1인) | 최소 1박', 'https://search.pstatic.net/common/?autoRotate=true&quality=95&type=w750&src=https%3A%2F%2Fnaverbooking-phinf.pstatic.net%2F20190705_21%2F1562318213912A1RbX_JPEG%2Fimage.jpg', 0, 'STANDARD', 0);
INSERT INTO room (accommodations_id, room_name, price, min_guests, max_guests, room_description, main_image_url, bathroom_count, room_type, bed_count) VALUES (40, '남성 4인실 도미토리4', 30000, 2, 1, '일반객실, 기준 1인 (최대 1인) | 최소 1박', 'https://search.pstatic.net/common/?autoRotate=true&quality=95&type=w750&src=https%3A%2F%2Fnaverbooking-phinf.pstatic.net%2F20190705_21%2F1562318213912A1RbX_JPEG%2Fimage.jpg', 0, 'STANDARD', 0);

INSERT INTO accommodation (accommodations_id, accommodations_name, accommodations_category, accommodations_description, city, district, address_detail, latitude, longitude, transport_info, parking_info, phone, rating, review_count, source_url, source_platform, sns, check_in_time, check_out_time, short_description) VALUES (41, '제주 눈큰새우 게스트하우스', 'GUESTHOUSE', '1. 1층 1인1실(남자) 2인실(남자), stay윤슬 2인(최대4인) 2. 조식제공(1층게스트만) 3.바닷가 바로 앞\n4. 바닷가 산책가능(올레18코스)\n5.. 근처관광지-함덕해수욕장, 에코랜드, 돌문화공원, 사려니숲, 비자림. 용눈이 오름, 아부오름, 삼양해수욕장, 붉은오름휴양림\n6. 근처맛집은 조천수산과 함덕골목식당이 있으며 함덕해수욕장이 가까워(차로5분거리) 그 곳 식당을 이용하실 수 있습니다. 순옥이네, 제주삼촌, 윤가네 대패삼겹살 등.', '제주', '제주시', '조천7길 25 눈큰새우게스트하우스 1층', 33.5385087, 126.6352562, '공항에서 38번 버스 승차후 조천리에서 내린후 맞은편 코사마트 옆길로 5분정도 걸으면 눈큰새우게스트하우스가 나옵니다.\n자가용 이용시 조천리 2422-2(조천7길 25)를 검색하시고 오시면 됩니다.(공항에서 20-30분소요)', '주차가능', NULL, null, 88, 'https://map.naver.com/p/entry/place/38411820?c=15.00,0,0,0,dh&placePath=/room?entry=bmp&fromPanelNum=1&additionalHeight=76&timestamp=202512181220&locale=ko&svcName=map_pcv5&businessCategory=guesthouse&fromPanelNum=1&additionalHeight=76&timestamp=202512181220&locale=ko&svcName=map_pcv5&businessCategory=guesthouse&from=map', 'NAVER', 'Blog: https://blog.naver.com/scarashin', '16:00', '11:00', '프라이빗한 1인실에서 즐기는 분위기');
INSERT INTO accommodation_theme (theme_id, accommodations_id) VALUES (3, 41);
INSERT INTO accommodation_theme (theme_id, accommodations_id) VALUES (1, 41);
INSERT INTO accommodation_amenity (amenity_id, accommodations_id) VALUES (3, 41);
INSERT INTO accommodation_amenity (amenity_id, accommodations_id) VALUES (7, 41);
INSERT INTO accommodation_amenity (amenity_id, accommodations_id) VALUES (4, 41);
INSERT INTO accommodation_amenity (amenity_id, accommodations_id) VALUES (6, 41);
INSERT INTO accommodation_amenity (amenity_id, accommodations_id) VALUES (5, 41);
INSERT INTO accommodation_amenity (amenity_id, accommodations_id) VALUES (1, 41);
INSERT INTO accommodation_image (accommodations_id, image_url, image_type, sort_order) VALUES (41, 'https://search.pstatic.net/common/?autoRotate=true&type=w560_sharpen&src=https%3A%2F%2Fldb-phinf.pstatic.net%2F20161027_92%2F1477558388687LQY5S_JPEG%2F176977578323624_28.jpeg', 'banner', 0);
INSERT INTO accommodation_image (accommodations_id, image_url, image_type, sort_order) VALUES (41, 'https://search.pstatic.net/common/?autoRotate=true&type=w278_sharpen&src=https%3A%2F%2Fldb-phinf.pstatic.net%2F20161027_131%2F1477558388996CR7PM_JPEG%2F176977578323624_30.jpeg', 'detail', 1);
INSERT INTO accommodation_image (accommodations_id, image_url, image_type, sort_order) VALUES (41, 'https://search.pstatic.net/common/?autoRotate=true&type=w278_sharpen&src=https%3A%2F%2Fldb-phinf.pstatic.net%2F20170625_202%2F1498395782666hKKaw_JPEG%2F186575623322180_33.jpeg', 'detail', 2);
INSERT INTO accommodation_image (accommodations_id, image_url, image_type, sort_order) VALUES (41, 'https://search.pstatic.net/common/?autoRotate=true&type=w278_sharpen&src=https%3A%2F%2Fldb-phinf.pstatic.net%2F20170625_14%2F1498395782840rgwnv_JPEG%2F186575623322180_34.jpeg', 'detail', 3);
INSERT INTO accommodation_image (accommodations_id, image_url, image_type, sort_order) VALUES (41, 'https://search.pstatic.net/common/?autoRotate=true&type=w278_sharpen&src=https%3A%2F%2Fldb-phinf.pstatic.net%2F20161027_80%2F1477558386022RPJtJ_JPEG%2F176977578323624_7.jpeg', 'detail', 4);
INSERT INTO room (accommodations_id, room_name, price, min_guests, max_guests, room_description, main_image_url, bathroom_count, room_type, bed_count) VALUES (41, '1인실(남성전용)', 25000, 2, 1, '일반객실, 기준 1인 (최대 1인) | 침실 1, 침대 2, 최소 1박', 'https://search.pstatic.net/common/?autoRotate=true&quality=95&type=w750&src=https%3A%2F%2Fnaverbooking-phinf.pstatic.net%2F20170217_168%2F1487305706424gC47U_JPEG%2F1476083541421.jpeg', 0, 'STANDARD', 2);
INSERT INTO room (accommodations_id, room_name, price, min_guests, max_guests, room_description, main_image_url, bathroom_count, room_type, bed_count) VALUES (41, '1인실 (남성전용)', 25000, 2, 1, '일반객실, 기준 1인 (최대 1인) | 침실 1, 침대 1, 최소 1박', 'https://search.pstatic.net/common/?autoRotate=true&quality=95&type=w750&src=https%3A%2F%2Fnaverbooking-phinf.pstatic.net%2F20170217_268%2F1487306466448IWIRs_JPEG%2F20160922_182253_Richtone%2528HDR%2529.jpg', 0, 'STANDARD', 1);
INSERT INTO room (accommodations_id, room_name, price, min_guests, max_guests, room_description, main_image_url, bathroom_count, room_type, bed_count) VALUES (41, '1-2인실(남성전용)', 25000, 2, 2, '일반객실, 기준 1인 (최대 2인) | 침실 1, 침대 2, 최소 1박', 'https://search.pstatic.net/common/?autoRotate=true&quality=95&type=w750&src=https%3A%2F%2Fnaverbooking-phinf.pstatic.net%2F20170217_168%2F1487305706424gC47U_JPEG%2F1476083541421.jpeg', 0, 'STANDARD', 2);

INSERT INTO accommodation (accommodations_id, accommodations_name, accommodations_category, accommodations_description, city, district, address_detail, latitude, longitude, transport_info, parking_info, phone, rating, review_count, source_url, source_platform, sns, check_in_time, check_out_time, short_description) VALUES (42, '제주 월정리숙소 월옥', 'GUESTHOUSE', '달을 품은 집 ''월옥'' 입니다 .\n\n제주 ''월옥''은 구좌읍 월정리 마을 안에 위치해 있으며, 35년전 지어진 할머니 집으로 주인장이 태어난 곳 입니다.월정리 토박이인 할머니와 함께 살았던 주인장은 할머니를 추억하며 옛 분위기를 살리면서 아늑하고 편안하게 지내다 가실 수 있도록 주인장의 손으로 직접 리모델링 하였습니다. 직접 철거공사 진행하면서 내부 인테리어, 외부 조경, 불멍, 자쿠지 등등 모든 공간을 새롭게 채워보았습니다.\n야외 정원은 주변 눈치볼 일 없이 아이들이 뛰어놀면서 가족들과 바베큐파티 불멍도 즐기고, 자쿠지에서 여행의 피로를 풀어내며, 미니 텃밭에 채소도 자유롭게 이용하면서 편안하게 휴식하고 가실 수 있는 그런 공간이 되어드리고 싶습니다.\n\n''달이 뜨는 밤, 별빛 아래 마당에서 들려오던 파도 소리와 풀벌레 울음소리''\n이 순간을 손님들과 나누고 싶어 월옥 이라는 이름을 붙였답니다.\n\n&요금 안내\n-기본 요금: 1박 비수기 240,000원 / 기본 요금: 1박 성수기 290,000원\n&연박 할인: 둘째날 부터 10,000원식 할인 3박까지만 가능\n예)\n: 첫째날 240,000원\n: 둘째날 230,000원\n: 셋째날 220,000원\n-추가 인원: 성인 15,000원 / 아동 10,000원\n\n&시설 이용 요금\n-바베큐: 30,000원\n-자쿠지: 50,000원 > 연박 시 40,000원\n-이용시간: 바베큐(17:00 ~ 22:00), 자쿠지(17:00 ~ 23:00)\n-이용하실 고객은 당일 4시까지 연락주셔야 합니다.\n\n&특별혜택\n-재방문 고객: 20,000원 할인 + 바베큐 1회 무료 이용권\n-리뷰 이벤트: 사진 2장 + 글자 30자 이상 리뷰 시 5,000원 환급\n(블로그 작성 시 링크 제출 필수, 재방문 고객 제외)\n&이용 안내\n체크인/체크아웃: 16:00 / 11:00\n반려동물 동반 불가\n바베큐,자쿠지 예약은 체크인 4시간 전까지 가능\n\n''월옥펜션에서 별빛 아래 추억을 쌓으세요.\n할머니 집 같은 포근함으로 여러분의 여행을 빛나게 해드릴게요.', '제주', '제주시', '월정1길 79-6 월옥', 33.5578579, 126.7925819, '<공항버스 정류장>\n제주 국제공항 2번 게이트 버스 정류장에서 101번 버스 승차 후 월정리 버스정류장에서 하차 하시면 되십니다.\n\n<도보>\n월정리 버스정류장 하차 후 신호등 건너서 7-eleven 편의점 왼쪽 방향 내려오면 사거리 좌회전 후 월정리 마을 방향으로 내려오면 왼측에 월옥펜션이 보입니다.\n\n<주차>\n월옥펜션에 1대 주차 가능합니다.\n돌담 안으로 주차하시면 됩니다.\n\n<렌트카 이동>\n렌트카 회사에서 출발시 월정리 월옥펜션 검색 후 이동\n\n<택시>\n택시의 경우 제주공항에서 바로 탑승 후 구좌읍 월정리로 이동하면 되세요.\n주소는 <월옥펜션> 또는 <월정 1길 79-6>입니다.', '주차가능\n무료\n주차 가능합니다 저희 펜션은 개인 주차장이 따로 있습니 다. 마당 진입로에 바로 주차가 가능하며 1대 주차 가능합 니다. 카니발, 스타렉스 등 큰 차도 주차 가능합니다. 입구 에 있어서 편리합니다.', '0507-1373-4517', null, 65, 'https://map.naver.com/p/entry/place/1119954167?c=15.00,0,0,0,dh&placePath=/room?entry=bmp&fromPanelNum=1&additionalHeight=76&timestamp=202512181220&locale=ko&svcName=map_pcv5&businessCategory=pension&fromPanelNum=1&additionalHeight=76&timestamp=202512181220&locale=ko&svcName=map_pcv5&businessCategory=pension&from=map', 'NAVER', 'Blog: https://blog.naver.com/santarkim/223980638276\nInstagram: https://www.instagram.com/wolok_stay/', '16:00', NULL, '따뜻한 분위기와 아늑한 포근한 펜션');
INSERT INTO accommodation_theme (theme_id, accommodations_id) VALUES (3, 42);
INSERT INTO accommodation_theme (theme_id, accommodations_id) VALUES (1, 42);
INSERT INTO accommodation_theme (theme_id, accommodations_id) VALUES (4, 42);
INSERT INTO accommodation_amenity (amenity_id, accommodations_id) VALUES (20, 42);
INSERT INTO accommodation_amenity (amenity_id, accommodations_id) VALUES (6, 42);
INSERT INTO accommodation_amenity (amenity_id, accommodations_id) VALUES (23, 42);
INSERT INTO accommodation_amenity (amenity_id, accommodations_id) VALUES (32, 42);
INSERT INTO accommodation_amenity (amenity_id, accommodations_id) VALUES (33, 42);
INSERT INTO accommodation_amenity (amenity_id, accommodations_id) VALUES (24, 42);
INSERT INTO accommodation_amenity (amenity_id, accommodations_id) VALUES (11, 42);
INSERT INTO accommodation_amenity (amenity_id, accommodations_id) VALUES (1, 42);
INSERT INTO accommodation_amenity (amenity_id, accommodations_id) VALUES (34, 42);
INSERT INTO accommodation_amenity (amenity_id, accommodations_id) VALUES (15, 42);
INSERT INTO accommodation_amenity (amenity_id, accommodations_id) VALUES (27, 42);
INSERT INTO accommodation_image (accommodations_id, image_url, image_type, sort_order) VALUES (42, 'https://search.pstatic.net/common/?autoRotate=true&type=w560_sharpen&src=https%3A%2F%2Fldb-phinf.pstatic.net%2F20250703_280%2F1751535077166a5DCU_JPEG%2FKakaoTalk_20250703_183039777_04.jpg', 'banner', 0);
INSERT INTO accommodation_image (accommodations_id, image_url, image_type, sort_order) VALUES (42, 'https://search.pstatic.net/common/?autoRotate=true&type=w278_sharpen&src=https%3A%2F%2Fldb-phinf.pstatic.net%2F20250703_183%2F17515350772250UFV6_JPEG%2FKakaoTalk_20250703_183039777_01.jpg', 'detail', 1);
INSERT INTO accommodation_image (accommodations_id, image_url, image_type, sort_order) VALUES (42, 'https://search.pstatic.net/common/?autoRotate=true&type=w278_sharpen&src=https%3A%2F%2Fldb-phinf.pstatic.net%2F20250703_242%2F1751534854453ICw2z_JPEG%2FKakaoTalk_20250703_182635862_23.jpg', 'detail', 2);
INSERT INTO accommodation_image (accommodations_id, image_url, image_type, sort_order) VALUES (42, 'https://search.pstatic.net/common/?autoRotate=true&type=w278_sharpen&src=https%3A%2F%2Fldb-phinf.pstatic.net%2F20250703_96%2F1751534854463h1PQB_JPEG%2FKakaoTalk_20250703_182635862_08.jpg', 'detail', 3);
INSERT INTO accommodation_image (accommodations_id, image_url, image_type, sort_order) VALUES (42, 'https://search.pstatic.net/common/?autoRotate=true&type=w278_sharpen&src=https%3A%2F%2Fldb-phinf.pstatic.net%2F20250703_276%2F1751534854454JJDjb_JPEG%2FKakaoTalk_20250703_182635862_20.jpg', 'detail', 4);
INSERT INTO room (accommodations_id, room_name, price, min_guests, max_guests, room_description, main_image_url, bathroom_count, room_type, bed_count) VALUES (42, '제주 월정리숙소 월옥', 240000, 2, 6, '독채, 기준 4인 (최대 6인) | 침실 2, 침대 2, 욕실 1, 최소 1박', 'https://search.pstatic.net/common/?autoRotate=true&quality=95&type=w750&src=https%3A%2F%2Fnaverbooking-phinf.pstatic.net%2F20240525_69%2F17165989227645w24n_JPEG%2FKakaoTalk_20240525_100030086_02.jpg', 1, 'STANDARD', 2);

INSERT INTO accommodation (accommodations_id, accommodations_name, accommodations_category, accommodations_description, city, district, address_detail, latitude, longitude, transport_info, parking_info, phone, rating, review_count, source_url, source_platform, sns, check_in_time, check_out_time, short_description) VALUES (43, '제주 자운게스트하우스', 'GUESTHOUSE', '제주도 [자운 게스트하우스]는\n*예약 후 전화로 계좌 받아 입금 하셔야 예약이 완전 확정됩니다^^.\n\n*입퇴실 및 퇴실 안내\n - 입실: 오후4시 - 퇴실: 오전 11시\n\n*취소 수수료 안내\n -7일전 취소 - 80%환불\n -6일전~2일전 취소 - 50%환불\n -1일전~당일취소 - 환불불가\n\nt.01083673758', '제주', '서귀포시', '신영로 128-1 자운 게스트 하우스', 33.2232613, 126.2552012, '모슬포 대정 초등학교 근처입니다.\n제주 서귀포시 대정읍 신영로 128-1\n하모리 818\n꽃집 옆.', '주차가능\n무료', NULL, null, 81, 'https://map.naver.com/p/search/%EC%A0%9C%EC%A3%BC+%EC%9E%90%EC%9A%B4%EA%B2%8C%EC%8A%A4%ED%8A%B8%ED%95%98%EC%9A%B0%EC%8A%A4/place/36520028?isCorrectAnswer=true&c=15.00,0,0,0,dh&placePath=/room?fromPanelNum=1&additionalHeight=76&timestamp=202512181221&locale=ko&svcName=map_pcv5&searchText=%EC%A0%9C%EC%A3%BC%2B%EC%9E%90%EC%9A%B4%EA%B2%8C%EC%8A%A4%ED%8A%B8%ED%95%98%EC%9A%B0%EC%8A%A4&businessCategory=guesthouse&additionalHeight=76&timestamp=202512181221&locale=ko&svcName=map_pcv5&searchText=%EC%A0%9C%EC%A3%BC%2B%EC%9E%90%EC%9A%B4%EA%B2%8C%EC%8A%A4%ED%8A%B8%ED%95%98%EC%9A%B0%EC%8A%A4&businessCategory=guesthouse&fromPanelNum=1', 'NAVER', NULL, '16:00', '11:00', '멋진 분위기와 친절한 서비스의 조화');
INSERT INTO accommodation_theme (theme_id, accommodations_id) VALUES (1, 43);
INSERT INTO accommodation_theme (theme_id, accommodations_id) VALUES (3, 43);
INSERT INTO accommodation_theme (theme_id, accommodations_id) VALUES (4, 43);
INSERT INTO accommodation_theme (theme_id, accommodations_id) VALUES (6, 43);
INSERT INTO accommodation_amenity (amenity_id, accommodations_id) VALUES (6, 43);
INSERT INTO accommodation_amenity (amenity_id, accommodations_id) VALUES (31, 43);
INSERT INTO accommodation_amenity (amenity_id, accommodations_id) VALUES (21, 43);
INSERT INTO accommodation_amenity (amenity_id, accommodations_id) VALUES (1, 43);
INSERT INTO accommodation_amenity (amenity_id, accommodations_id) VALUES (20, 43);
INSERT INTO accommodation_amenity (amenity_id, accommodations_id) VALUES (4, 43);
INSERT INTO accommodation_amenity (amenity_id, accommodations_id) VALUES (5, 43);
INSERT INTO accommodation_image (accommodations_id, image_url, image_type, sort_order) VALUES (43, 'https://search.pstatic.net/common/?autoRotate=true&type=w560_sharpen&src=https%3A%2F%2Fldb-phinf.pstatic.net%2F20171127_290%2F1511761977838TKPSQ_JPEG%2F20160914_172828.jpg', 'banner', 0);
INSERT INTO accommodation_image (accommodations_id, image_url, image_type, sort_order) VALUES (43, 'https://search.pstatic.net/common/?autoRotate=true&type=w278_sharpen&src=https%3A%2F%2Fldb-phinf.pstatic.net%2F20200623_294%2F1592880233380EgADK_JPEG%2FKakaoTalk_20200623_114023576_05.jpg', 'detail', 1);
INSERT INTO accommodation_image (accommodations_id, image_url, image_type, sort_order) VALUES (43, 'https://search.pstatic.net/common/?autoRotate=true&type=w278_sharpen&src=https%3A%2F%2Fldb-phinf.pstatic.net%2F20210208_81%2F1612792494857RYAxv_JPEG%2F50_baMMA0T7tEazsFZXZvbYK.jpg', 'detail', 2);
INSERT INTO accommodation_image (accommodations_id, image_url, image_type, sort_order) VALUES (43, 'https://search.pstatic.net/common/?autoRotate=true&type=w278_sharpen&src=https%3A%2F%2Fldb-phinf.pstatic.net%2F20240311_286%2F17101380237677hRY0_JPEG%2FKakaoTalk_20240305_164523990.jpg', 'detail', 3);
INSERT INTO accommodation_image (accommodations_id, image_url, image_type, sort_order) VALUES (43, 'https://search.pstatic.net/common/?autoRotate=true&type=w278_sharpen&src=https%3A%2F%2Fldb-phinf.pstatic.net%2F20210208_292%2F1612792502696Ctqb6_JPEG%2FM4jWzQwSZhpBW6hzCuwXcnUu.jpg', 'detail', 4);
INSERT INTO room (accommodations_id, room_name, price, min_guests, max_guests, room_description, main_image_url, bathroom_count, room_type, bed_count) VALUES (43, '올레방 1~2인실', 50000, 2, 2, '일반객실, 기준 1인 (최대 2인) | 침실 1, 욕실 1, 최소 1박', 'https://search.pstatic.net/common/?autoRotate=true&quality=95&type=w750&src=https%3A%2F%2Fnaverbooking-phinf.pstatic.net%2F20240308_111%2F1709825023996BKxUz_JPEG%2FKakaoTalk_20240305_164549449_04.jpg', 1, 'STANDARD', 0);
INSERT INTO room (accommodations_id, room_name, price, min_guests, max_guests, room_description, main_image_url, bathroom_count, room_type, bed_count) VALUES (43, '도미토리침대1', 23000, 2, 5, '일반객실, 기준 1인 (최대 5인) | 침실 1, 침대 5, 욕실 1, 최소 1박', 'https://search.pstatic.net/common/?autoRotate=true&quality=95&type=w750&src=https%3A%2F%2Fnaverbooking-phinf.pstatic.net%2F20230331_200%2F1680246243812fCMiU_PNG%2F%25BD%25BA%25C5%25A9%25B8%25B0%25BC%25A6_2023-03-31_%25BF%25C0%25C8%25C4_4.03.25.png', 1, 'STANDARD', 5);
INSERT INTO room (accommodations_id, room_name, price, min_guests, max_guests, room_description, main_image_url, bathroom_count, room_type, bed_count) VALUES (43, '도미토리침대2', 23000, 2, 5, '공용객실, 기준 1인 (최대 5인) | 침실 1, 침대 1, 욕실 1, 최소 1박', 'https://search.pstatic.net/common/?autoRotate=true&quality=95&type=w750&src=https%3A%2F%2Fnaverbooking-phinf.pstatic.net%2F20230331_200%2F1680246243812fCMiU_PNG%2F%25BD%25BA%25C5%25A9%25B8%25B0%25BC%25A6_2023-03-31_%25BF%25C0%25C8%25C4_4.03.25.png', 1, 'STANDARD', 1);
INSERT INTO room (accommodations_id, room_name, price, min_guests, max_guests, room_description, main_image_url, bathroom_count, room_type, bed_count) VALUES (43, '도미토리침대3', 23000, 2, 5, '공용객실, 기준 1인 (최대 5인) | 침실 1, 침대 1, 욕실 1, 최소 1박', 'https://search.pstatic.net/common/?autoRotate=true&quality=95&type=w750&src=https%3A%2F%2Fnaverbooking-phinf.pstatic.net%2F20230331_200%2F1680246243812fCMiU_PNG%2F%25BD%25BA%25C5%25A9%25B8%25B0%25BC%25A6_2023-03-31_%25BF%25C0%25C8%25C4_4.03.25.png', 1, 'STANDARD', 1);
INSERT INTO room (accommodations_id, room_name, price, min_guests, max_guests, room_description, main_image_url, bathroom_count, room_type, bed_count) VALUES (43, '도미토리침대5(2층)', 23000, 2, 5, '공용객실, 기준 1인 (최대 5인) | 침실 1, 침대 1, 욕실 1, 최소 1박', 'https://search.pstatic.net/common/?autoRotate=true&quality=95&type=w750&src=https%3A%2F%2Fnaverbooking-phinf.pstatic.net%2F20230331_200%2F1680246243812fCMiU_PNG%2F%25BD%25BA%25C5%25A9%25B8%25B0%25BC%25A6_2023-03-31_%25BF%25C0%25C8%25C4_4.03.25.png', 1, 'STANDARD', 1);
INSERT INTO room (accommodations_id, room_name, price, min_guests, max_guests, room_description, main_image_url, bathroom_count, room_type, bed_count) VALUES (43, '도미토리침대5(2층)', 23000, 2, 1, '공용객실, 기준 1인 (최대 1인) | 침실 1, 침대 1, 욕실 1, 최소 1박', 'https://search.pstatic.net/common/?autoRotate=true&quality=95&type=w750&src=https%3A%2F%2Fnaverbooking-phinf.pstatic.net%2F20230331_200%2F1680246243812fCMiU_PNG%2F%25BD%25BA%25C5%25A9%25B8%25B0%25BC%25A6_2023-03-31_%25BF%25C0%25C8%25C4_4.03.25.png', 1, 'STANDARD', 1);

INSERT INTO accommodation (accommodations_id, accommodations_name, accommodations_category, accommodations_description, city, district, address_detail, latitude, longitude, transport_info, parking_info, phone, rating, review_count, source_url, source_platform, sns, check_in_time, check_out_time, short_description) VALUES (44, '서귀포 시류객잔 펜션&게스트하우스', 'GUESTHOUSE', '시류객잔은\n''쉴 휴'', ''시간이 흐른다'', ''한 시대의 풍조''라는 뜻으로\n카페 로빙화 앞에 위치하며\n언제든 바람처럼 오셔도 따스하게 맞이할 수 있도록 하겠습니다.', '제주', '서귀포시', '남태해안로 11-11', 33.2754508, 126.7101465, '* 주의사항 도미토리 6인실(여)-객실 내에 취사불가 * 입실&퇴실 입실: 16:00 퇴실: 10:00 22시 이후 체크 인 시 사전문의 필수 * 픽업안내 픽업 불가 * 바...', NULL, NULL, null, 225, 'https://map.naver.com/p/search/%EC%84%9C%EA%B7%80%ED%8F%AC+%EC%8B%9C%EB%A5%98%EA%B0%9D%EC%9E%94+%ED%8E%9C%EC%85%98%26%EA%B2%8C%EC%8A%A4%ED%8A%B8%ED%95%98%EC%9A%B0%EC%8A%A4/place/1560882874?isCorrectAnswer=true&c=15.00,0,0,0,dh&placePath=/room?fromPanelNum=1&additionalHeight=76&timestamp=202512181221&locale=ko&svcName=map_pcv5&searchText=%EC%84%9C%EA%B7%80%ED%8F%AC%2B%EC%8B%9C%EB%A5%98%EA%B0%9D%EC%9E%94%2B%ED%8E%9C%EC%85%98%26%EA%B2%8C%EC%8A%A4%ED%8A%B8%ED%95%98%EC%9A%B0%EC%8A%A4&businessCategory=pension&additionalHeight=76&timestamp=202512181221&locale=ko&svcName=map_pcv5&searchText=%EC%84%9C%EA%B7%80%ED%8F%AC%2B%EC%8B%9C%EB%A5%98%EA%B0%9D%EC%9E%94%2B%ED%8E%9C%EC%85%98%26%EA%B2%8C%EC%8A%A4%ED%8A%B8%ED%95%98%EC%9A%B0%EC%8A%A4&businessCategory=pension&fromPanelNum=1', 'NAVER', NULL, '16:00', '10:30', '아름다운 바다뷰와 포근한 분위기의 휴식처');
INSERT INTO accommodation_theme (theme_id, accommodations_id) VALUES (1, 44);
INSERT INTO accommodation_amenity (amenity_id, accommodations_id) VALUES (20, 44);
INSERT INTO accommodation_amenity (amenity_id, accommodations_id) VALUES (16, 44);
INSERT INTO accommodation_amenity (amenity_id, accommodations_id) VALUES (6, 44);
INSERT INTO accommodation_image (accommodations_id, image_url, image_type, sort_order) VALUES (44, 'https://search.pstatic.net/common/?autoRotate=true&type=w560_sharpen&src=https%3A%2F%2Fldb-phinf.pstatic.net%2F20190521_270%2F1558402867741FLKy9_JPEG%2F8fSsNFyPqAU_K6w23RPH6s_1.jpg', 'banner', 0);
INSERT INTO accommodation_image (accommodations_id, image_url, image_type, sort_order) VALUES (44, 'https://search.pstatic.net/common/?autoRotate=true&type=w278_sharpen&src=https%3A%2F%2Fldb-phinf.pstatic.net%2F20190521_39%2F1558402892349gkpo1_JPEG%2FsBUmh2H-NR4TsKCcqy-h6WuP.jpg', 'detail', 1);
INSERT INTO accommodation_image (accommodations_id, image_url, image_type, sort_order) VALUES (44, 'https://search.pstatic.net/common/?autoRotate=true&type=w278_sharpen&src=https%3A%2F%2Fldb-phinf.pstatic.net%2F20190521_110%2F1558402911416FdMsG_JPEG%2F0z83UHDWcxt1USsP6NXKgT7a.jpeg.jpg', 'detail', 2);
INSERT INTO accommodation_image (accommodations_id, image_url, image_type, sort_order) VALUES (44, 'https://search.pstatic.net/common/?autoRotate=true&type=w278_sharpen&src=https%3A%2F%2Fldb-phinf.pstatic.net%2F20190521_47%2F1558402941723lJvRd_JPEG%2FfuPsaxxqqb3ZJ3TGRwkOSoRh.jpg', 'detail', 3);
INSERT INTO accommodation_image (accommodations_id, image_url, image_type, sort_order) VALUES (44, 'https://search.pstatic.net/common/?autoRotate=true&type=w278_sharpen&src=https%3A%2F%2Fldb-phinf.pstatic.net%2F20190521_223%2F15584030138398NIkK_JPEG%2FTcSu47eB7skuLiB313glld6j.jpg', 'detail', 4);
INSERT INTO room (accommodations_id, room_name, price, min_guests, max_guests, room_description, main_image_url, bathroom_count, room_type, bed_count) VALUES (44, '도미토리6인실-여(1인) A', 25000, 2, 1, '일반객실, 기준 1인 (최대 1인) | 욕실 1, 최소 1박', 'https://search.pstatic.net/common/?autoRotate=true&quality=95&type=w750&src=https%3A%2F%2Fnaverbooking-phinf.pstatic.net%2F20190620_7%2F15610282119672d7W4_JPEG%2Fimage.jpg', 1, 'STANDARD', 0);
INSERT INTO room (accommodations_id, room_name, price, min_guests, max_guests, room_description, main_image_url, bathroom_count, room_type, bed_count) VALUES (44, '도미토리6인실-여(1인) B', 25000, 2, 1, '일반객실, 기준 1인 (최대 1인) | 욕실 1, 최소 1박', 'https://search.pstatic.net/common/?autoRotate=true&quality=95&type=w750&src=https%3A%2F%2Fnaverbooking-phinf.pstatic.net%2F20190620_7%2F15610282119672d7W4_JPEG%2Fimage.jpg', 1, 'STANDARD', 0);
INSERT INTO room (accommodations_id, room_name, price, min_guests, max_guests, room_description, main_image_url, bathroom_count, room_type, bed_count) VALUES (44, '도미토리6인실-여(1인) C', 25000, 2, 1, '일반객실, 기준 1인 (최대 1인) | 욕실 1, 최소 1박', 'https://search.pstatic.net/common/?autoRotate=true&quality=95&type=w750&src=https%3A%2F%2Fnaverbooking-phinf.pstatic.net%2F20190620_7%2F15610282119672d7W4_JPEG%2Fimage.jpg', 1, 'STANDARD', 0);
INSERT INTO room (accommodations_id, room_name, price, min_guests, max_guests, room_description, main_image_url, bathroom_count, room_type, bed_count) VALUES (44, '도미토리6인실-여(1인) D', 25000, 2, 1, '일반객실, 기준 1인 (최대 1인) | 욕실 1, 최소 1박', 'https://search.pstatic.net/common/?autoRotate=true&quality=95&type=w750&src=https%3A%2F%2Fnaverbooking-phinf.pstatic.net%2F20190620_7%2F15610282119672d7W4_JPEG%2Fimage.jpg', 1, 'STANDARD', 0);
INSERT INTO room (accommodations_id, room_name, price, min_guests, max_guests, room_description, main_image_url, bathroom_count, room_type, bed_count) VALUES (44, '도미토리6인실-여(1인) E', 25000, 2, 1, '일반객실, 기준 1인 (최대 1인) | 욕실 1, 최소 1박', 'https://search.pstatic.net/common/?autoRotate=true&quality=95&type=w750&src=https%3A%2F%2Fnaverbooking-phinf.pstatic.net%2F20190620_7%2F15610282119672d7W4_JPEG%2Fimage.jpg', 1, 'STANDARD', 0);
INSERT INTO room (accommodations_id, room_name, price, min_guests, max_guests, room_description, main_image_url, bathroom_count, room_type, bed_count) VALUES (44, '커플룸 복층독채 A', 120000, 2, 2, '독채, 기준 2인 (최대 2인) | 욕실 1, 최소 1박', 'https://search.pstatic.net/common/?autoRotate=true&quality=95&type=w750&src=https%3A%2F%2Fnaverbooking-phinf.pstatic.net%2F20190620_29%2F1561028233341eu2Bb_JPEG%2Fimage.jpg', 1, 'STANDARD', 0);
INSERT INTO room (accommodations_id, room_name, price, min_guests, max_guests, room_description, main_image_url, bathroom_count, room_type, bed_count) VALUES (44, '커플룸 복층독채 B', 120000, 2, 2, '독채, 기준 2인 (최대 2인) | 욕실 1, 최소 1박', 'https://search.pstatic.net/common/?autoRotate=true&quality=95&type=w750&src=https%3A%2F%2Fnaverbooking-phinf.pstatic.net%2F20190620_29%2F1561028233341eu2Bb_JPEG%2Fimage.jpg', 1, 'STANDARD', 0);
INSERT INTO room (accommodations_id, room_name, price, min_guests, max_guests, room_description, main_image_url, bathroom_count, room_type, bed_count) VALUES (44, '3인실 독채', 150000, 2, 3, '독채, 기준 3인 (최대 3인) | 욕실 1, 최소 1박', 'https://search.pstatic.net/common/?autoRotate=true&quality=95&type=w750&src=https%3A%2F%2Fnaverbooking-phinf.pstatic.net%2F20190620_110%2F1561028238036PKtdV_JPEG%2Fimage.jpg', 1, 'STANDARD', 0);

INSERT INTO accommodation (accommodations_id, accommodations_name, accommodations_category, accommodations_description, city, district, address_detail, latitude, longitude, transport_info, parking_info, phone, rating, review_count, source_url, source_platform, sns, check_in_time, check_out_time, short_description) VALUES (45, '제주 봄꽃 게스트하우스', 'GUESTHOUSE', '- 입실 : 오후3~ 오후 10시까지 이며 오후 5시 이전 입실을 원하실 때에는 전화 바랍니다.\n 010-3258-6008\n 퇴실 : 다음날 오전 11시 까지 이며, 연박을 원하실 경우 계속 머무르셔도 됩니다.\n- 조식: 오전 7~10시까지 이며 무료 셀프 서비스 입니다. 많이 많이 드세요^^\n 식빵, 라면, 계란, 누룽지 밥, 주스, 커피, 차, 잼, 물 제공\n- 세탁 : 셀프서비스 /1회 세탁(탈수포함) 1,000원 (세제+섬유 유연제 제공/건조는 별도3000원)\n- 여형친구와 파티 (오후 7:30~11시) : 봄꽃에서는 남.녀.노.소 국적 불문하여 여행하는 모두가 친구입니다. 각자 주류 또는 다과를 준비하여(준비하지 않아도 무관) 자유롭게 참여 합니다.\n- 여성용 도미토리는 2층에 있어 편안하고 조용히 지내실 수 있으며 전용 화장실, 샤워실이 있습니다.\n- 무선 와이파이: 무료(각 층 마다 있음)\n- 봄꽃에서 올레하기 : 올레9~14-1코스까지 버스 1번 30분안으로 모두 다니실 수 있기 때문에 베이스 캠프로 삼고 다니시기 편리합니다.\n- 봄꽃 주변에는 소문난 맛집이 많고, 대중 교통이 편하고(버스정류장 도보5분), 편의 시설(편의점,약국, 대형마트,해수사우나, 오일장 등)이 많아 지내시기 편리합니다.\n- 공항 2번 출구에서 모슬포가 종점인 755번 버스가 있어 공항 이용이 편리합니다.\n- 별도 무료 주차장이 있어 주차가 용이합니다. (도로변에 하셔도 무관합니다.-봄꽃 도로변 위치)\n- 컴퓨터 : 1.2층 각 1대씩 2대. 무료. 프린트, 복사 가능 (장당 200원)\n- 방 : 원목 침대이며 침대 마다 콘센트, 전기요가 있으며, 이불은 순면을 사용하며 겨울에는 따듯한 솜이불로 포근히 주무실 수 있습니다. 개인사물함, 커텐(각자 침대에 원할 시 셋팅)이 있습니다. 베게는 1인당 2개(큰것1.작은것1) 제공됩니다.\n- 매일 새 베게커버, 수건 2장을 드리며 욕실에는 샴푸, 바디 크렌저, 치약, 비누를 제공해 드립니다.\n- 점심용 주먹밥 : 3000원.(주먹크기 2덩어리) 전날 밤10시까지 신청하여 주시면 다음날 9시까지 1인당 주먹크기 두덩어리(고소,매운맛)를 싸 드립니다.\n- 맛집 안내 : 거실 대형 유리에 맛집 지도가 있어 자세히 안내해 드립니다.\n 모슬포에는 싸고, 맛있는 유명한 맛집이 많은 곳으로 소문이 나 있습니다.\n- 여행안내 : 봄꽃지기는 올레 전 코스, 한라산 전 등산 코스, 오름 200여개, 제주의 섬들, 계곡, 아름다운 숲길(곶자왈) 등을 쉼 없이 다니고 있습니다. 도보, 스쿠터, 자전거, 차로 제주도 한 바퀴를 여러차례 돌았습니다.\n관광지 또한 직접 가 보고 있습니다.\n 이런 경험을 바탕으로 맞춤형 여행 안내를 해 드리고 있습니다.\n외국인에게도 영어로 가이드 해 드립니다.', '제주', '서귀포시', '신영로 71-3 봄꽃게스트하우스', 33.2209898, 126.2504920, '봄꽃은 교통편이 아주 편리한 위치에 있습니다.\n-봄꽃 주변에 버스 정류장이 약8개 정도 있어서 어느 지역으로도 편리합니다.\n- 공항, 제주시, 서귀포시 어느 지역과도 버스 한 번에 연결 가능하며 배차도 20분 간격으로 잦은 편입니다. 또한 운진항(마라도, 가파도)과 1km만 떨어져 있어 버스1정류장, 도보 15분 정도 가능합니다.\n\n1. 제주공항 2번 출구 151,152번(70분소요,20분 배차)\n2. 제주버스터미널 : 151,152,102,202(70분소요,20분 배차)\n3. 서귀포버스터미널 : 102.202 외 다수 (30분 소요, 20분 배차)\n4. 운진항(마라도, 가파도 선착장) : 버스1정거장이동(다수), 도보15분\n5. 지역 택시도 활성화 되어 있어서 근처에 택시 대기 정류장이 있어 편리합니다.', NULL, '0507-1419-6012', null, 6, 'https://map.naver.com/p/entry/place/19796903?c=15.00,0,0,0,dh&placePath=/room?entry=bmp&fromPanelNum=1&additionalHeight=76&timestamp=202512181222&locale=ko&svcName=map_pcv5&businessCategory=guesthouse&fromPanelNum=1&additionalHeight=76&timestamp=202512181222&locale=ko&svcName=map_pcv5&businessCategory=guesthouse&from=map', 'NAVER', 'Instagram: https://www.instagram.com/springflower1119', '15:00', '11:00', NULL);
INSERT INTO accommodation_theme (theme_id, accommodations_id) VALUES (2, 45);
INSERT INTO accommodation_theme (theme_id, accommodations_id) VALUES (3, 45);
INSERT INTO accommodation_amenity (amenity_id, accommodations_id) VALUES (5, 45);
INSERT INTO accommodation_amenity (amenity_id, accommodations_id) VALUES (4, 45);
INSERT INTO accommodation_amenity (amenity_id, accommodations_id) VALUES (15, 45);
INSERT INTO accommodation_amenity (amenity_id, accommodations_id) VALUES (3, 45);
INSERT INTO accommodation_amenity (amenity_id, accommodations_id) VALUES (1, 45);
INSERT INTO accommodation_amenity (amenity_id, accommodations_id) VALUES (11, 45);
INSERT INTO accommodation_amenity (amenity_id, accommodations_id) VALUES (10, 45);
INSERT INTO accommodation_image (accommodations_id, image_url, image_type, sort_order) VALUES (45, 'https://search.pstatic.net/common/?autoRotate=true&type=w560_sharpen&src=https%3A%2F%2Fldb-phinf.pstatic.net%2F20170411_172%2F1491892520724Yj2N7_JPEG%2F186361556540470_0.jpeg', 'banner', 0);
INSERT INTO accommodation_image (accommodations_id, image_url, image_type, sort_order) VALUES (45, 'https://search.pstatic.net/common/?autoRotate=true&type=w278_sharpen&src=https%3A%2F%2Fldb-phinf.pstatic.net%2F20170411_145%2F1491892521446plRrg_JPEG%2F186361556540470_1.jpeg', 'detail', 1);
INSERT INTO accommodation_image (accommodations_id, image_url, image_type, sort_order) VALUES (45, 'https://search.pstatic.net/common/?autoRotate=true&type=w278_sharpen&src=https%3A%2F%2Fldb-phinf.pstatic.net%2F20170411_83%2F1491892521530jnYwv_JPEG%2F186361556540470_2.jpeg', 'detail', 2);
INSERT INTO accommodation_image (accommodations_id, image_url, image_type, sort_order) VALUES (45, 'https://search.pstatic.net/common/?autoRotate=true&type=w278_sharpen&src=https%3A%2F%2Fldb-phinf.pstatic.net%2F20170411_134%2F1491892521642404TF_JPEG%2F186361556540470_3.jpeg', 'detail', 3);
INSERT INTO accommodation_image (accommodations_id, image_url, image_type, sort_order) VALUES (45, 'https://search.pstatic.net/common/?autoRotate=true&type=w278_sharpen&src=https%3A%2F%2Fldb-phinf.pstatic.net%2F20170411_126%2F1491892521706CmVGk_JPEG%2F186361556540470_4.jpeg', 'detail', 4);
INSERT INTO room (accommodations_id, room_name, price, min_guests, max_guests, room_description, main_image_url, bathroom_count, room_type, bed_count) VALUES (45, '도미토리', 18000, 2, 6, '기준 1인 (최대 6인)', 'https://search.pstatic.net/common/?autoRotate=true&quality=95&type=w750&src=https%3A%2F%2Fldb-phinf.pstatic.net%2F20151123_161%2F1448263311428NKlIY_JPEG%2F51868d8e-1b8d-422f-9f3d-ce3520c25acc.jpeg', 0, 'STANDARD', 0);
INSERT INTO room (accommodations_id, room_name, price, min_guests, max_guests, room_description, main_image_url, bathroom_count, room_type, bed_count) VALUES (45, '연인방(2인실)', 40000, 2, 2, '기준 1인 (최대 2인)', 'https://search.pstatic.net/common/?autoRotate=true&quality=95&type=w750&src=https%3A%2F%2Fldb-phinf.pstatic.net%2F20151123_153%2F1448263355661iGsg6_JPEG%2Fdcc735ae-4a0e-496f-9dfb-1e82c122fd24.jpeg', 0, 'STANDARD', 0);
INSERT INTO room (accommodations_id, room_name, price, min_guests, max_guests, room_description, main_image_url, bathroom_count, room_type, bed_count) VALUES (45, '가족방(4인실)', 70000, 2, 4, '기준 1인 (최대 4인)', 'https://search.pstatic.net/common/?autoRotate=true&quality=95&type=w750&src=https%3A%2F%2Fldb-phinf.pstatic.net%2F20151123_227%2F14482633874455QbnM_JPEG%2Fdbabee1f-7927-4053-ac64-1e8129f3b569.jpeg', 0, 'STANDARD', 0);
INSERT INTO room (accommodations_id, room_name, price, min_guests, max_guests, room_description, main_image_url, bathroom_count, room_type, bed_count) VALUES (45, '단체방(6인실)', 100000, 2, 6, '기준 4인 (최대 6인)', 'https://search.pstatic.net/common/?autoRotate=true&quality=95&type=w750&src=https%3A%2F%2Fldb-phinf.pstatic.net%2F20151123_79%2F1448263421011StPPv_JPEG%2Ff288dc92-9e02-47eb-95b4-50245cab1e6c.jpeg', 0, 'STANDARD', 0);

INSERT INTO accommodation (accommodations_id, accommodations_name, accommodations_category, accommodations_description, city, district, address_detail, latitude, longitude, transport_info, parking_info, phone, rating, review_count, source_url, source_platform, sns, check_in_time, check_out_time, short_description) VALUES (46, '제주 한또바기 게스트하우스', 'GUESTHOUSE', '제주시 조천읍 조천리민박지 한또바기입니다.만세동산부근 올레길 18번끝이자 19번 시작지인근에 위치한 신축 민박, 3개의 객실 운영 주차장 완비된 조천리 민박집 입니다.', '제주', '제주시', '조천18길 65', 33.5376852, 126.6472963, '체험 : 천연염색 체험(유료) 사전문의 주차 : 가능 짐보 관 : 가능 와이파이 : 가능 공용부엌 및 공용공간 : 보 유 기타 : 개별욕실, BBQ, 연색체험 공방 이용...', NULL, '070-8833-3461', null, 13, 'https://map.naver.com/p/search/%EC%A0%9C%EC%A3%BC+%ED%95%9C%EB%98%90%EB%B0%94%EA%B8%B0+%EA%B2%8C%EC%8A%A4%ED%8A%B8%ED%95%98%EC%9A%B0%EC%8A%A4/place/1370407737?c=8.00,0,0,0,dh&placePath=/room?entry=pll&fromPanelNum=2&timestamp=202512181222&locale=ko&svcName=map_pcv5&searchText=%EC%A0%9C%EC%A3%BC%2B%ED%95%9C%EB%98%90%EB%B0%94%EA%B8%B0%2B%EA%B2%8C%EC%8A%A4%ED%8A%B8%ED%95%98%EC%9A%B0%EC%8A%A4&businessCategory=guesthouse&fromPanelNum=2&timestamp=202512181222&locale=ko&svcName=map_pcv5&searchText=%EC%A0%9C%EC%A3%BC%2B%ED%95%9C%EB%98%90%EB%B0%94%EA%B8%B0%2B%EA%B2%8C%EC%8A%A4%ED%8A%B8%ED%95%98%EC%9A%B0%EC%8A%A4&businessCategory=guesthouse&from=map', 'NAVER', 'Blog: https://blog.naver.com/hantobagi', NULL, NULL, NULL);
INSERT INTO accommodation_amenity (amenity_id, accommodations_id) VALUES (1, 46);
INSERT INTO accommodation_image (accommodations_id, image_url, image_type, sort_order) VALUES (46, 'https://search.pstatic.net/common/?autoRotate=true&type=w560_sharpen&src=https%3A%2F%2Fldb-phinf.pstatic.net%2F20221116_160%2F1668568648611Mq7se_JPEG%2FKakaoTalk_20221116_120537284.jpg', 'banner', 0);
INSERT INTO accommodation_image (accommodations_id, image_url, image_type, sort_order) VALUES (46, 'https://search.pstatic.net/common/?autoRotate=true&type=w278_sharpen&src=https%3A%2F%2Fldb-phinf.pstatic.net%2F20221116_82%2F1668568648539CjBzC_JPEG%2FKakaoTalk_20221116_120510094.jpg', 'detail', 1);
INSERT INTO accommodation_image (accommodations_id, image_url, image_type, sort_order) VALUES (46, 'https://search.pstatic.net/common/?autoRotate=true&type=w278_sharpen&src=https%3A%2F%2Fldb-phinf.pstatic.net%2F20221116_88%2F1668568648558Q2Hga_JPEG%2FKakaoTalk_20221116_120432969.jpg', 'detail', 2);
INSERT INTO accommodation_image (accommodations_id, image_url, image_type, sort_order) VALUES (46, 'https://search.pstatic.net/common/?autoRotate=true&type=w278_sharpen&src=https%3A%2F%2Fldb-phinf.pstatic.net%2F20170831_159%2F1504145460559xPSD9_JPEG%2F-VZo1vsNvJV1eZDlwoRTNSky.jpg', 'detail', 3);
INSERT INTO accommodation_image (accommodations_id, image_url, image_type, sort_order) VALUES (46, 'https://search.pstatic.net/common/?autoRotate=true&type=w278_sharpen&src=https%3A%2F%2Fnaverbooking-phinf.pstatic.net%2F20251111_179%2F1762804775304Uf0BF_JPEG%2Fimage.jpg', 'detail', 4);
INSERT INTO room (accommodations_id, room_name, price, min_guests, max_guests, room_description, main_image_url, bathroom_count, room_type, bed_count) VALUES (46, '201호', 70000, 2, 4, '일반객실, 기준 2인 (최대 4인)', 'https://search.pstatic.net/common/?autoRotate=true&quality=95&type=w750&src=https%3A%2F%2Fnaverbooking-phinf.pstatic.net%2F20251111_179%2F1762804775304Uf0BF_JPEG%2Fimage.jpg', 0, 'STANDARD', 0);
INSERT INTO room (accommodations_id, room_name, price, min_guests, max_guests, room_description, main_image_url, bathroom_count, room_type, bed_count) VALUES (46, '202호', 70000, 2, 4, '일반객실, 기준 2인 (최대 4인)', 'https://search.pstatic.net/common/?autoRotate=true&quality=95&type=w750&src=https%3A%2F%2Fnaverbooking-phinf.pstatic.net%2F20251111_69%2F1762804778361NbwET_JPEG%2Fimage.jpg', 0, 'STANDARD', 0);
INSERT INTO room (accommodations_id, room_name, price, min_guests, max_guests, room_description, main_image_url, bathroom_count, room_type, bed_count) VALUES (46, '203호', 70000, 2, 4, '일반객실, 기준 2인 (최대 4인)', 'https://search.pstatic.net/common/?autoRotate=true&quality=95&type=w750&src=https%3A%2F%2Fnaverbooking-phinf.pstatic.net%2F20251111_46%2F1762804781350ij9ur_JPEG%2Fimage.jpg', 0, 'STANDARD', 0);

INSERT INTO accommodation (accommodations_id, accommodations_name, accommodations_category, accommodations_description, city, district, address_detail, latitude, longitude, transport_info, parking_info, phone, rating, review_count, source_url, source_platform, sns, check_in_time, check_out_time, short_description) VALUES (47, '제주 코즈 게스트하우스', 'GUESTHOUSE', '* 코즈하우스는 교통이 편리합니다\n공항에서 30분, 동광버스환승센터와 인접해있어 주요관광지와 제주 전지역으로의 접근성이 매우 우수합니다.\n\n* 코즈하우스는 안전합니다\n전국 최초로 제주도에서 시행한 ''농어촌민박 안전인증제''의 엄격한 20여개 인증항목을 모두 충족한 안전한 숙소입니다.\n코즈는 ''제주 상위1% 게스트하우스'' 입니다\n\n* 코즈하우스는 조용하고 깨끗합니다\n아기자기한 예쁜집이 옹기종기 모여있는 이국적이면서 고즈넉한 동광문화마을에 위치해있고 숙소에는 돌담과 잔디마당이 있어 제주의 정취를 흠뻑 느끼실 수 있습니다.\n\n* 코즈하우스는 편안합니다\n객실마다 개별 욕실, 화장실이 있고 고급 세안 및 샤워용품 일체 준비되어 있습니다.\n- 커플룸에는 슈퍼싱글침대 2개, 대형TV, 냉장고, 에어컨, 티테이블과 의자 등이 비치되어 있고,\n- 패밀리룸에는 더블사이즈 침구와, 대형TV, 냉장고, 에어컨, 넓은 좌식탁자 등이 비치되어 있습니다.\n- 공용공간인 카페는 24시간 무인매점으로 운영되며 각종 음료와 간단한 간식거리를 저렴하게 제공합니다.\n\n* 코즈하우스는 조식이 맛있습니다\n전복죽, 볶음밥, 토스트, 샌드위치 등 원하시는 메뉴를 미리 말씀해주시면 정갈하고 정성스럽게 준비해드립니다.\n\n* 코즈하우스는 친절합니다\n체크인 전 냉난방 가동, 뚜벅이 여행객을 위한 픽업서비스, 전기차 충전, 소소한 간식제공 등 가족을 맞이하는 마음으로 운영합니다.', '제주', '서귀포시', '동광로100번길 20', 33.3042854, 126.3385577, '동광버스환승센터(동광육거리)에서 산방산 방향으로 700미터 내려오다보면 동광가든이 보이면 좌측으로 150미터 걸어오시면 됩니다.', '주차가능\n무료', NULL, null, 210, 'https://map.naver.com/p/search/%EC%A0%9C%EC%A3%BC+%EC%BD%94%EC%A6%88+%EA%B2%8C%EC%8A%A4%ED%8A%B8%ED%95%98%EC%9A%B0%EC%8A%A4/place/1494577199?isCorrectAnswer=true&c=15.00,0,0,0,dh&placePath=/room?fromPanelNum=1&additionalHeight=76&timestamp=202512181223&locale=ko&svcName=map_pcv5&searchText=%EC%A0%9C%EC%A3%BC%2B%EC%BD%94%EC%A6%88%2B%EA%B2%8C%EC%8A%A4%ED%8A%B8%ED%95%98%EC%9A%B0%EC%8A%A4&businessCategory=guesthouse&additionalHeight=76&timestamp=202512181223&locale=ko&svcName=map_pcv5&searchText=%EC%A0%9C%EC%A3%BC%2B%EC%BD%94%EC%A6%88%2B%EA%B2%8C%EC%8A%A4%ED%8A%B8%ED%95%98%EC%9A%B0%EC%8A%A4&businessCategory=guesthouse&fromPanelNum=1', 'NAVER', 'Blog: https://blog.naver.com/pol9633', '15:00', '11:00', '정갈한 서비스와 저렴한 패키지의 만남');
INSERT INTO accommodation_amenity (amenity_id, accommodations_id) VALUES (6, 47);
INSERT INTO accommodation_amenity (amenity_id, accommodations_id) VALUES (31, 47);
INSERT INTO accommodation_amenity (amenity_id, accommodations_id) VALUES (1, 47);
INSERT INTO accommodation_amenity (amenity_id, accommodations_id) VALUES (18, 47);
INSERT INTO accommodation_amenity (amenity_id, accommodations_id) VALUES (20, 47);
INSERT INTO accommodation_amenity (amenity_id, accommodations_id) VALUES (4, 47);
INSERT INTO accommodation_amenity (amenity_id, accommodations_id) VALUES (15, 47);
INSERT INTO accommodation_amenity (amenity_id, accommodations_id) VALUES (3, 47);
INSERT INTO accommodation_amenity (amenity_id, accommodations_id) VALUES (7, 47);
INSERT INTO accommodation_image (accommodations_id, image_url, image_type, sort_order) VALUES (47, 'https://search.pstatic.net/common/?autoRotate=true&type=w560_sharpen&src=https%3A%2F%2Fldb-phinf.pstatic.net%2F20180811_223%2F153395238979179VRi_JPEG%2FH6bu-_eVw6V-_Fkr0LrqQWWW.JPG.jpg', 'banner', 0);
INSERT INTO accommodation_image (accommodations_id, image_url, image_type, sort_order) VALUES (47, 'https://search.pstatic.net/common/?autoRotate=true&type=w278_sharpen&src=https%3A%2F%2Fldb-phinf.pstatic.net%2F20180407_6%2F1523094139024fw3KV_JPEG%2FSAM_5633.JPG', 'detail', 1);
INSERT INTO accommodation_image (accommodations_id, image_url, image_type, sort_order) VALUES (47, 'https://search.pstatic.net/common/?autoRotate=true&type=w278_sharpen&src=https%3A%2F%2Fldb-phinf.pstatic.net%2F20180809_266%2F1533823017170x6K6i_JPEG%2FDzl5K1Ys0QluvsMxT7SBLDYi.jpg', 'detail', 2);
INSERT INTO accommodation_image (accommodations_id, image_url, image_type, sort_order) VALUES (47, 'https://search.pstatic.net/common/?autoRotate=true&type=w278_sharpen&src=https%3A%2F%2Fldb-phinf.pstatic.net%2F20180407_6%2F1523091097969VrI1A_JPEG%2Fimage.JPEG', 'detail', 3);
INSERT INTO accommodation_image (accommodations_id, image_url, image_type, sort_order) VALUES (47, 'https://search.pstatic.net/common/?autoRotate=true&type=w278_sharpen&src=https%3A%2F%2Fldb-phinf.pstatic.net%2F20180811_162%2F15339524046857g2Ge_JPEG%2FX70lDvyEnWSq_b23kI0g92fv.JPG.jpg', 'detail', 4);
INSERT INTO room (accommodations_id, room_name, price, min_guests, max_guests, room_description, main_image_url, bathroom_count, room_type, bed_count) VALUES (47, '1인실 침대방(2박이상 예약가능)', 59900, 2, 1, '일반객실, 기준 1인 (최대 1인) | 침실 1, 침대 1, 욕실 1, 최소 2박', 'https://search.pstatic.net/common/?autoRotate=true&quality=95&type=w750&src=https%3A%2F%2Fnaverbooking-phinf.pstatic.net%2F20200903_196%2F1599120396452zibNL_JPEG%2FSAM_5882.JPG', 1, 'STANDARD', 1);
INSERT INTO room (accommodations_id, room_name, price, min_guests, max_guests, room_description, main_image_url, bathroom_count, room_type, bed_count) VALUES (47, '커플룸(트윈베드) - 네이버페이(카드)', 70000, 2, 3, '일반객실, 기준 2인 (최대 3인) | 침실 1, 침대 2, 욕실 1, 최소 1박', 'https://search.pstatic.net/common/?autoRotate=true&quality=95&type=w750&src=https%3A%2F%2Fnaverbooking-phinf.pstatic.net%2F20181013_276%2F15393955997840ymlY_JPEG%2FSAM_5881.JPG', 1, 'STANDARD', 2);
INSERT INTO room (accommodations_id, room_name, price, min_guests, max_guests, room_description, main_image_url, bathroom_count, room_type, bed_count) VALUES (47, '서귀포 코즈게스트하우스 커플룸(트윈배드)', 69900, 2, 3, '일반객실, 기준 2인 (최대 3인) | 침실 1, 침대 2, 욕실 1, 최소 1박', 'https://search.pstatic.net/common/?autoRotate=true&quality=95&type=w750&src=https%3A%2F%2Fnaverbooking-phinf.pstatic.net%2F20181013_276%2F15393955997840ymlY_JPEG%2FSAM_5881.JPG', 1, 'STANDARD', 2);
INSERT INTO room (accommodations_id, room_name, price, min_guests, max_guests, room_description, main_image_url, bathroom_count, room_type, bed_count) VALUES (47, '패밀리룸(온돌방) - 네이버페이(1박,카드가능)', 90000, 2, 5, '일반객실, 기준 4인 (최대 5인) | 침실 1, 욕실 1, 최소 1박', 'https://search.pstatic.net/common/?autoRotate=true&quality=95&type=w750&src=https%3A%2F%2Fnaverbooking-phinf.pstatic.net%2F20181013_120%2F1539397324048nEuXK_JPEG%2FSAM_5840.JPG', 1, 'STANDARD', 0);
INSERT INTO room (accommodations_id, room_name, price, min_guests, max_guests, room_description, main_image_url, bathroom_count, room_type, bed_count) VALUES (47, '패밀리룸(온돌방, 2박이상 가능)', 84900, 2, 5, '일반객실, 기준 4인 (최대 5인) | 침실 1, 욕실 1, 최소 2박', 'https://search.pstatic.net/common/?autoRotate=true&quality=95&type=w750&src=https%3A%2F%2Fnaverbooking-phinf.pstatic.net%2F20181013_120%2F1539397324048nEuXK_JPEG%2FSAM_5840.JPG', 1, 'STANDARD', 0);
INSERT INTO room (accommodations_id, room_name, price, min_guests, max_guests, room_description, main_image_url, bathroom_count, room_type, bed_count) VALUES (47, '카멜리아힐+커플룸 (한정)패키지', 77900, 2, 3, '일반객실, 기준 2인 (최대 3인) | 침실 1, 침대 2, 욕실 1, 최소 1박', 'https://search.pstatic.net/common/?autoRotate=true&quality=95&type=w750&src=https%3A%2F%2Fnaverbooking-phinf.pstatic.net%2F20200110_196%2F1578653715903hG8El_JPEG%2F12-1.jpg', 1, 'STANDARD', 2);
INSERT INTO room (accommodations_id, room_name, price, min_guests, max_guests, room_description, main_image_url, bathroom_count, room_type, bed_count) VALUES (47, '탄산온천 이용권 + 침대방 패키지(2박이상가능)', 78000, 2, 3, '일반객실, 기준 2인 (최대 3인) | 침실 1, 침대 2, 욕실 1, 최소 2박', 'https://search.pstatic.net/common/?autoRotate=true&quality=95&type=w750&src=https%3A%2F%2Fnaverbooking-phinf.pstatic.net%2F20200110_282%2F15786542866349ijKh_JPEG%2F%25C5%25BA%25BB%25EA%25BF%25C2%25C3%25B5.jpg', 1, 'STANDARD', 2);
INSERT INTO room (accommodations_id, room_name, price, min_guests, max_guests, room_description, main_image_url, bathroom_count, room_type, bed_count) VALUES (47, '탄산온천 이용권 + 패밀리룸 패키지(2박이상가능)', 93000, 2, 5, '일반객실, 기준 4인 (최대 5인) | 침실 1, 욕실 1, 최소 2박', 'https://search.pstatic.net/common/?autoRotate=true&quality=95&type=w750&src=https%3A%2F%2Fnaverbooking-phinf.pstatic.net%2F20200110_122%2F1578654431429geW4r_JPEG%2F%25C5%25BA%25BB%25EA%25BF%25C2%25C3%25B5.jpg', 1, 'STANDARD', 0);

INSERT INTO accommodation (accommodations_id, accommodations_name, accommodations_category, accommodations_description, city, district, address_detail, latitude, longitude, transport_info, parking_info, phone, rating, review_count, source_url, source_platform, sns, check_in_time, check_out_time, short_description) VALUES (48, '제주 배배 게스트하우스', 'GUESTHOUSE', '모든 객실은 개인실 입니다.\n아직 제주의 정취가 남아있는 조용한 동네 신창 해안 도로 옆에 위치하고 있습니다. 도시의 화려함과 번잡함에서 벗어나 나 홀로 생각을 정리하고, 조용히 독서도 할 수 있으며 ,가족,연인,친구들과 많은 얘기를 나눌 수 있는 공간입니다. 신창항 낚시 배 타는 곳까지 걸어서 1~2분 거리, 신창 해안 도로는 걸어서 2분 거리입니다.\n간단히 제공 되는 조식은 직접 공용 주방에서 해서 드시면 됩니다.\n냄새, 연기가 많이 나는 음식 및 생선 손질은 주방에서 조리 하실 수 없습니다.', '제주', '제주시', '신창1길 20', 33.3472925, 126.1809007, '*공항에서 버스 탑승\n공항 4번 출구>>4번 정류장>>102번 버스>>한경면 사무소 하차>>버스 진행 방향으로 이동\n\n*자동차 이용\n1. 신창리 다목적 회관(오른쪽) 보이면, 직진 50m, 쓰레기 분리 수거함(왼쪽) 지나서, 돌담 끝나는 곳에서(펜더레저 간판 앞) 좌회전>>숙소 바로 보임', '주차가능\n무료', '0507-1412-8259', null, 46, 'https://map.naver.com/p/entry/place/38233085?c=15.00,0,0,0,dh&placePath=/room?entry=bmp&fromPanelNum=1&additionalHeight=76&timestamp=202512181223&locale=ko&svcName=map_pcv5&businessCategory=guesthouse&fromPanelNum=1&additionalHeight=76&timestamp=202512181223&locale=ko&svcName=map_pcv5&businessCategory=guesthouse&from=map', 'NAVER', 'Blog: https://blog.naver.com/korasi', '16:00', '10:30', '깔끔한 방에서 즐기는 멋진 뷰');
INSERT INTO accommodation_theme (theme_id, accommodations_id) VALUES (1, 48);
INSERT INTO accommodation_amenity (amenity_id, accommodations_id) VALUES (3, 48);
INSERT INTO accommodation_amenity (amenity_id, accommodations_id) VALUES (6, 48);
INSERT INTO accommodation_amenity (amenity_id, accommodations_id) VALUES (15, 48);
INSERT INTO accommodation_amenity (amenity_id, accommodations_id) VALUES (4, 48);
INSERT INTO accommodation_amenity (amenity_id, accommodations_id) VALUES (1, 48);
INSERT INTO accommodation_image (accommodations_id, image_url, image_type, sort_order) VALUES (48, 'https://search.pstatic.net/common/?autoRotate=true&type=w560_sharpen&src=https%3A%2F%2Fldb-phinf.pstatic.net%2F20160620_33%2F1466412223682rd2wq_JPEG%2F176564617954419_0.jpeg', 'banner', 0);
INSERT INTO accommodation_image (accommodations_id, image_url, image_type, sort_order) VALUES (48, 'https://search.pstatic.net/common/?autoRotate=true&type=w278_sharpen&src=https%3A%2F%2Fldb-phinf.pstatic.net%2F20160620_69%2F1466412223827cvbp8_JPEG%2F176564617954419_1.jpeg', 'detail', 1);
INSERT INTO accommodation_image (accommodations_id, image_url, image_type, sort_order) VALUES (48, 'https://search.pstatic.net/common/?autoRotate=true&type=w278_sharpen&src=https%3A%2F%2Fldb-phinf.pstatic.net%2F20171201_204%2F1512059940392L6okB_JPEG%2FIMG_6725.jpg', 'detail', 2);
INSERT INTO accommodation_image (accommodations_id, image_url, image_type, sort_order) VALUES (48, 'https://search.pstatic.net/common/?autoRotate=true&type=w278_sharpen&src=https%3A%2F%2Fldb-phinf.pstatic.net%2F20160620_197%2F1466412224027szPfh_JPEG%2F176564617954419_3.jpeg', 'detail', 3);
INSERT INTO accommodation_image (accommodations_id, image_url, image_type, sort_order) VALUES (48, 'https://search.pstatic.net/common/?autoRotate=true&type=w278_sharpen&src=https%3A%2F%2Fldb-phinf.pstatic.net%2F20171201_270%2F1512059940821HEkp5_JPEG%2FP160425_141116_edit_2.jpeg', 'detail', 4);
INSERT INTO room (accommodations_id, room_name, price, min_guests, max_guests, room_description, main_image_url, bathroom_count, room_type, bed_count) VALUES (48, '2인실(더블침대, 개인실)', 50000, 2, 3, '일반객실, 기준 1인 (최대 3인) | 침실 1, 침대 2, 욕실 1, 최소 1박', 'https://search.pstatic.net/common/?autoRotate=true&quality=95&type=w750&src=https%3A%2F%2Fnaverbooking-phinf.pstatic.net%2F20170822_214%2F1503410696598EzSnj_JPEG%2FP160425_141116_edit_2.jpeg', 1, 'STANDARD', 2);
INSERT INTO room (accommodations_id, room_name, price, min_guests, max_guests, room_description, main_image_url, bathroom_count, room_type, bed_count) VALUES (48, '2~4인실(2층 침대 2개)(개인실, 가족실)', 65000, 2, 4, '일반객실, 기준 2인 (최대 4인) | 침실 1, 침대 2, 욕실 1, 최소 1박', 'https://search.pstatic.net/common/?autoRotate=true&quality=95&type=w750&src=https%3A%2F%2Fnaverbooking-phinf.pstatic.net%2F20170823_220%2F1503451703264jgWH1_JPEG%2FP160517_190408_edit_1.jpeg', 1, 'STANDARD', 2);

INSERT INTO accommodation (accommodations_id, accommodations_name, accommodations_category, accommodations_description, city, district, address_detail, latitude, longitude, transport_info, parking_info, phone, rating, review_count, source_url, source_platform, sns, check_in_time, check_out_time, short_description) VALUES (49, '미르 게스트하우스 제주점', 'GUESTHOUSE', '제주 게하 탑 클래스 미르,\n유명 건축가 문훈 (Moon Hoon)의 작품에서 하룻밤 묵는 멋진 경험을 해보세요. lol\n제주여행의 의미와 쉼과 편안한 휴식처를 원하시는 분께 추천드립니다. 제주여행의 시작과 끝은 깔끔하고 느낌있는 프리미엄 게하 미르에서 하세요.\n\n유럽에 지점이 있는 글로벌 숙소!\n미르를 찾아주세요!\n\n최근 건물 전체의 리모델링을 통해 새롭게 거듭 태어나고 있습니다.\n에어비앤비 형태의 미르스테이 (7-8인) 독채펜션과 미르테라스 (4인) 도 새롭게 오픈했습니다!\n다양한 룸이 여러분의 모든 구성원에게 적합한 숙소가 될 것입니다.\n\n미르 게스트 하우스는 공항에서 택시 이용시 7분, 버스 이용시 15분 가량 소요 됩니다. (택시 이용시 5000-6000원정도라 짐이 많으신 분들은 택시를 더 추천드려요!)\n\n제주여행 어디를 가시던지 편하게 출발가능한 위치입니다.\n숙소 앞 1분거리에 버스 정류 장이 있어서 어디든 대중 교통을 이용하여 동문시장 및 산굼부리, 제주시청, 노형 등 대중 교통 노선을 이용하실 수 있습니다.\n\n미르에서 할 수 있는 일\n1. 옥상 용머리 전망대에서 여유로운 시간 보내기\n2. 아침에 용두암 해안도로로 조깅하기\n3. 미르 중정에서 하늘보며 해먹타기\n4. 미르 2층 게하카페에서 동문시장에서 사온 회먹기\n5. 옥상 야외 영화관에서 영화보기\n6. 미르 1층 야외 테라스에서 흡연하기\n\n미르는 단순한 게하가 아닙니다. 건물 디자인 설계부터 오롯이 게스트를 위한 공간으로 만들어진 곳 입니다.\n아직 이용 안하셨다면 지금 신청하세요!!', '제주', '제주시', '4', 33.5128344, 126.5106237, '제주공항에서 차로 5분 이내 거리 !!\n용두암 근접하여 산책과 해안도로 조깅코스는 정말 매력적입니다. 제주여행의 첫날과 마지막날은 미르가 딱 좋습니다. ^^', '주차가능', '0507-1445-2270', null, 1045, 'https://map.naver.com/p/search/%EB%AF%B8%EB%A5%B4+%EA%B2%8C%EC%8A%A4%ED%8A%B8%ED%95%98%EC%9A%B0%EC%8A%A4+%EC%A0%9C%EC%A3%BC%EC%A0%90/place/35816106?isCorrectAnswer=true&c=15.00,0,0,0,dh&placePath=/room?fromPanelNum=1&additionalHeight=76&timestamp=202512181223&locale=ko&svcName=map_pcv5&searchText=%EB%AF%B8%EB%A5%B4%2B%EA%B2%8C%EC%8A%A4%ED%8A%B8%ED%95%98%EC%9A%B0%EC%8A%A4%2B%EC%A0%9C%EC%A3%BC%EC%A0%90&businessCategory=guesthouse&additionalHeight=76&timestamp=202512181223&locale=ko&svcName=map_pcv5&searchText=%EB%AF%B8%EB%A5%B4%2B%EA%B2%8C%EC%8A%A4%ED%8A%B8%ED%95%98%EC%9A%B0%EC%8A%A4%2B%EC%A0%9C%EC%A3%BC%EC%A0%90&businessCategory=guesthouse&fromPanelNum=1', 'NAVER', 'Instagram: http://www.instagram.com/mirguesthouse', '16:00', '10:00', '아름다운 건축 디자인의 좋은 분위기');
INSERT INTO accommodation_theme (theme_id, accommodations_id) VALUES (3, 49);
INSERT INTO accommodation_theme (theme_id, accommodations_id) VALUES (1, 49);
INSERT INTO accommodation_amenity (amenity_id, accommodations_id) VALUES (5, 49);
INSERT INTO accommodation_amenity (amenity_id, accommodations_id) VALUES (6, 49);
INSERT INTO accommodation_amenity (amenity_id, accommodations_id) VALUES (4, 49);
INSERT INTO accommodation_amenity (amenity_id, accommodations_id) VALUES (15, 49);
INSERT INTO accommodation_amenity (amenity_id, accommodations_id) VALUES (1, 49);
INSERT INTO accommodation_amenity (amenity_id, accommodations_id) VALUES (7, 49);
INSERT INTO accommodation_amenity (amenity_id, accommodations_id) VALUES (3, 49);
INSERT INTO accommodation_amenity (amenity_id, accommodations_id) VALUES (20, 49);
INSERT INTO accommodation_amenity (amenity_id, accommodations_id) VALUES (8, 49);
INSERT INTO accommodation_amenity (amenity_id, accommodations_id) VALUES (9, 49);
INSERT INTO accommodation_amenity (amenity_id, accommodations_id) VALUES (10, 49);
INSERT INTO accommodation_amenity (amenity_id, accommodations_id) VALUES (2, 49);
INSERT INTO accommodation_image (accommodations_id, image_url, image_type, sort_order) VALUES (49, 'https://search.pstatic.net/common/?autoRotate=true&type=w560_sharpen&src=https%3A%2F%2Fldb-phinf.pstatic.net%2F20190315_243%2F1552656618821tIXjn_JPEG%2FKakaoTalk_20190315_222811004.jpg', 'banner', 0);
INSERT INTO accommodation_image (accommodations_id, image_url, image_type, sort_order) VALUES (49, 'https://search.pstatic.net/common/?autoRotate=true&type=w278_sharpen&src=https%3A%2F%2Fldb-phinf.pstatic.net%2F20190315_33%2F1552657153229mYH7s_JPEG%2FKakaoTalk_20190315_223841345.jpg', 'detail', 1);
INSERT INTO accommodation_image (accommodations_id, image_url, image_type, sort_order) VALUES (49, 'https://search.pstatic.net/common/?autoRotate=true&type=w278_sharpen&src=https%3A%2F%2Fldb-phinf.pstatic.net%2F20151123_257%2F1448243930895lKUsr_JPEG%2F167073508868322_6.jpeg', 'detail', 2);
INSERT INTO accommodation_image (accommodations_id, image_url, image_type, sort_order) VALUES (49, 'https://search.pstatic.net/common/?autoRotate=true&type=w278_sharpen&src=https%3A%2F%2Fldb-phinf.pstatic.net%2F20171127_291%2F1511760999744pj3D9_JPEG%2F1448236376819_6569_SUB_2.jpg', 'detail', 3);
INSERT INTO accommodation_image (accommodations_id, image_url, image_type, sort_order) VALUES (49, 'https://search.pstatic.net/common/?autoRotate=true&type=w278_sharpen&src=https%3A%2F%2Fldb-phinf.pstatic.net%2F20151123_288%2F1448243931844SbeHR_JPEG%2F167073508868322_11.jpeg', 'detail', 4);
INSERT INTO room (accommodations_id, room_name, price, min_guests, max_guests, room_description, main_image_url, bathroom_count, room_type, bed_count) VALUES (49, '남성전용 도미토리룸', 27000, 2, 4, '기준 4인 (최대 4인)', 'https://search.pstatic.net/common/?autoRotate=true&quality=95&type=w750&src=https%3A%2F%2Fnaverbooking-phinf.pstatic.net%2F20200708_160%2F15942013012523xUUU_JPEG%2F_MG_8169.jpg', 0, 'STANDARD', 0);
INSERT INTO room (accommodations_id, room_name, price, min_guests, max_guests, room_description, main_image_url, bathroom_count, room_type, bed_count) VALUES (49, '여성전용 도미토리룸', 27000, 2, 4, '기준 4인 (최대 4인)', 'https://search.pstatic.net/common/?autoRotate=true&quality=95&type=w750&src=https%3A%2F%2Fnaverbooking-phinf.pstatic.net%2F20160114_140%2F1452756140747RLUKO_JPEG%2F1448239508876_10886.jpg', 0, 'STANDARD', 0);
INSERT INTO room (accommodations_id, room_name, price, min_guests, max_guests, room_description, main_image_url, bathroom_count, room_type, bed_count) VALUES (49, '2인실_프라이빗룸_개별욕실', 65000, 2, 2, '일반객실, 기준 2인 (최대 2인) | 침실 1, 침대 1, 욕실 1, 최소 1박', 'https://search.pstatic.net/common/?autoRotate=true&quality=95&type=w750&src=https%3A%2F%2Fnaverbooking-phinf.pstatic.net%2F20160114_214%2F1452756140808HRNRg_JPEG%2F1448241398638_10887.jpg', 1, 'STANDARD', 1);
INSERT INTO room (accommodations_id, room_name, price, min_guests, max_guests, room_description, main_image_url, bathroom_count, room_type, bed_count) VALUES (49, '1인실_프라이빗룸_개별욕실', 60000, 2, 1, '일반객실, 기준 1인 (최대 1인) | 침실 1, 침대 1, 욕실 1, 최소 1박', 'https://search.pstatic.net/common/?autoRotate=true&quality=95&type=w750&src=https%3A%2F%2Fnaverbooking-phinf.pstatic.net%2F20201224_193%2F16087805418445O5Kk_JPEG%2FP20141102_180141242_2965A0C6-F1B5-488F-B497-63645B5C5D96.JPG', 1, 'STANDARD', 1);
INSERT INTO room (accommodations_id, room_name, price, min_guests, max_guests, room_description, main_image_url, bathroom_count, room_type, bed_count) VALUES (49, '프렌즈/패밀리 4인실', 110000, 2, 4, '기준 4인 (최대 4인)', 'https://search.pstatic.net/common/?autoRotate=true&quality=95&type=w750&src=https%3A%2F%2Fnaverbooking-phinf.pstatic.net%2F20160114_225%2F1452756148038b5bVM_JPEG%2F1448241950583_10999.jpg', 0, 'STANDARD', 0);
INSERT INTO room (accommodations_id, room_name, price, min_guests, max_guests, room_description, main_image_url, bathroom_count, room_type, bed_count) VALUES (49, '미르스테이(독채/최대8인)', 240000, 2, 8, '독채, 기준 4인 (최대 8인) | 침실 4, 침대 6, 욕실 1, 최소 1박', 'https://search.pstatic.net/common/?autoRotate=true&quality=95&type=w750&src=https%3A%2F%2Fnaverbooking-phinf.pstatic.net%2F20200801_201%2F1596207702841N8zh2_JPEG%2FUQCB8217.JPG', 1, 'STANDARD', 6);
INSERT INTO room (accommodations_id, room_name, price, min_guests, max_guests, room_description, main_image_url, bathroom_count, room_type, bed_count) VALUES (49, '미르테라스(독채/단독정원/최대5인)', 220000, 2, 5, '독채, 기준 4인 (최대 5인) | 침실 2, 침대 3, 욕실 1, 최소 1박', 'https://search.pstatic.net/common/?autoRotate=true&quality=95&type=w750&src=https%3A%2F%2Fnaverbooking-phinf.pstatic.net%2F20230215_226%2F1676459319539lJCbl_JPEG%2F3472498316163327297_20230209094335716.jpg', 1, 'STANDARD', 3);

INSERT INTO accommodation (accommodations_id, accommodations_name, accommodations_category, accommodations_description, city, district, address_detail, latitude, longitude, transport_info, parking_info, phone, rating, review_count, source_url, source_platform, sns, check_in_time, check_out_time, short_description) VALUES (50, '뚜르드제주 게스트하우스', 'GUESTHOUSE', '-체 크 인 : PM 5:00\n-체크아웃 : AM 10:00\n-전체소등 : PM 11:00 (공용공간만 소등돼요)\n\n// 문의사항은\n문자 010-5007-5012\n카카오톡 @뚜르드제주\n\n!! 예약채널이 많아 달력의 숙박재고는 다를 수 있어\n문자 남겨주시면 숙박가능 여부와 추가할인 해드려요.\n(*문자 예약 시 연박하시면 연박할인 됩니다.)', '제주', '제주시', '종달로1길 38-2 뚜르드제주', 33.4958746, 126.8999343, '1. 자가용으로 오실 때 :\n(신주소) 제주시 구좌읍 종달로1길 38-2\n(구주소) 제주시 구좌읍 종달리 1032번지\n\n2. 버스 or 도보로 오실 때 :\n*간선버스 201번 버스를 타시거나\n올레 1코스, 올레 21코스쪽으로 걸어오시면 되세요\n\n*제주공항 2번출구 101번 급행버스 또는\n제주시외버스터미널 가는 버스 탑승 ->\n제주버스터미널하차 -> 201번 간선버스 탑승\n> 종달리역 하차\n\n[급행버스 이용방법]\n제주공항 101 번 급행버스 탑승 ->\n세화리 환승정류장 하차 -> 201번 간선버스 탑승\n-> 종달리역하차', NULL, '0507-1400-5012', null, 291, 'https://map.naver.com/p/entry/place/34332013?c=15.00,0,0,0,dh&placePath=/room?entry=bmp&fromPanelNum=1&additionalHeight=76&timestamp=202512181224&locale=ko&svcName=map_pcv5&businessCategory=guesthouse&fromPanelNum=1&additionalHeight=76&timestamp=202512181224&locale=ko&svcName=map_pcv5&businessCategory=guesthouse&from=map', 'NAVER', 'Blog: https://blog.naver.com/tourdejeju', '17:00', '10:00', '넓고 깨끗한 화장실과 따뜻한 휴식의 장소');
INSERT INTO accommodation_theme (theme_id, accommodations_id) VALUES (1, 50);
INSERT INTO accommodation_amenity (amenity_id, accommodations_id) VALUES (4, 50);
INSERT INTO accommodation_amenity (amenity_id, accommodations_id) VALUES (1, 50);
INSERT INTO accommodation_amenity (amenity_id, accommodations_id) VALUES (7, 50);
INSERT INTO accommodation_amenity (amenity_id, accommodations_id) VALUES (6, 50);
INSERT INTO accommodation_amenity (amenity_id, accommodations_id) VALUES (2, 50);
INSERT INTO accommodation_image (accommodations_id, image_url, image_type, sort_order) VALUES (50, 'https://search.pstatic.net/common/?autoRotate=true&type=w560_sharpen&src=https%3A%2F%2Fldb-phinf.pstatic.net%2F20180707_234%2F15309554239277Omp5_JPEG%2FResized_20180511_102749.jpeg', 'banner', 0);
INSERT INTO accommodation_image (accommodations_id, image_url, image_type, sort_order) VALUES (50, 'https://search.pstatic.net/common/?autoRotate=true&type=w278_sharpen&src=https%3A%2F%2Fldb-phinf.pstatic.net%2F20180707_208%2F15309554239159aWp3_JPEG%2FResized_20180511_102834.jpeg', 'detail', 1);
INSERT INTO accommodation_image (accommodations_id, image_url, image_type, sort_order) VALUES (50, 'https://search.pstatic.net/common/?autoRotate=true&type=w278_sharpen&src=https%3A%2F%2Fldb-phinf.pstatic.net%2F20180707_263%2F15309554239496QW3a_JPEG%2FResized_20180511_102853.jpeg', 'detail', 2);
INSERT INTO accommodation_image (accommodations_id, image_url, image_type, sort_order) VALUES (50, 'https://search.pstatic.net/common/?autoRotate=true&type=w278_sharpen&src=https%3A%2F%2Fldb-phinf.pstatic.net%2F20180707_73%2F1530955423937npRfW_JPEG%2FResized_20180511_102809.jpeg', 'detail', 3);
INSERT INTO accommodation_image (accommodations_id, image_url, image_type, sort_order) VALUES (50, 'https://search.pstatic.net/common/?autoRotate=true&type=w278_sharpen&src=https%3A%2F%2Fldb-phinf.pstatic.net%2F20200121_88%2F1579584638858RGkFq_JPEG%2F20190709_120641.jpg', 'detail', 4);
INSERT INTO room (accommodations_id, room_name, price, min_guests, max_guests, room_description, main_image_url, bathroom_count, room_type, bed_count) VALUES (50, '뚜르드제주 1-2인실 (*개인화장실)', 43000, 2, 2, '일반객실, 기준 1인 (최대 2인) | 침실 1, 침대 1, 욕실 1, 최소 1박', 'https://search.pstatic.net/common/?autoRotate=true&quality=95&type=w750&src=https%3A%2F%2Fnaverbooking-phinf.pstatic.net%2F20221111_104%2F1668129390993SVzrx_JPEG%2F20221110_094947.jpg', 1, 'STANDARD', 1);
INSERT INTO room (accommodations_id, room_name, price, min_guests, max_guests, room_description, main_image_url, bathroom_count, room_type, bed_count) VALUES (50, '뚜르드제주 1인실', 33000, 2, 1, '일반객실, 기준 1인 (최대 1인) | 침실 1, 침대 1, 최소 1박', 'https://search.pstatic.net/common/?autoRotate=true&quality=95&type=w750&src=https%3A%2F%2Fnaverbooking-phinf.pstatic.net%2F20210523_204%2F1621754634228NcIGY_JPEG%2F20210515_112158.jpg', 0, 'STANDARD', 1);
INSERT INTO room (accommodations_id, room_name, price, min_guests, max_guests, room_description, main_image_url, bathroom_count, room_type, bed_count) VALUES (50, '뚜르드제주 2인-3인실 (*개인화장실)', 53000, 2, 3, '일반객실, 기준 2인 (최대 3인) | 침실 1, 침대 2, 욕실 1, 최소 1박', 'https://search.pstatic.net/common/?autoRotate=true&quality=95&type=w750&src=https%3A%2F%2Fnaverbooking-phinf.pstatic.net%2F20220130_69%2F1643469447359mw34w_JPEG%2F20210828_184636.jpg', 1, 'STANDARD', 2);

INSERT INTO accommodation (accommodations_id, accommodations_name, accommodations_category, accommodations_description, city, district, address_detail, latitude, longitude, transport_info, parking_info, phone, rating, review_count, source_url, source_platform, sns, check_in_time, check_out_time, short_description) VALUES (51, '제주 함덕달자게스트하우스&펜션', 'GUESTHOUSE', '하얀 모래와 에메랄드빛 바다가 아름다운 월정리 해변에 위치한 게스트하우스입니다.\n자전거를 좋아하는 여자주인장이 만든 게스트하우스로 2인실한개, 4인실한개 뿐인 작은 게스트하우스입니다.\n\n달자게하는 11시 소등입니다. 소등없는 파티게스트하우스를 찾으셨다면 죄송하지만 다른곳을 찾아주세요.\n사람냄새나는 소소한 술자리는 언제나 환영하지만, 주사가 심하신분은 퇴실조치 될수 있습니다.\n\n따뜻하고 매너있는 사람은 좋아하지만, 예의없는 손님은 싫어합니다.\n실내에서 담배를 피시는분, 건물주변에 담배꽁초, 쓰레기를 던지는분, 주방에서 삼겹살이나 생선요리를 하시는분, 본인이 먹은 그릇을 설거지 안하는분, 해수욕장에서 논후 온몸에 소금물과 모래를 머금은채 실내로 들어오시는분 죄송하지만 다른곳을 찾아주세요.\n\n행복하고 싶어서, 사람이 좋아서, 자전거가 좋아서, 제주가 좋아서 만든 게스트하우스입니다.\n배려할줄 아는 사람이라면, 인연을 소중히 여길줄 아는 따뜻한 사람이라면 주인장의 좋은 인연이 되어주길 기다리고 있을께요.', '제주', '제주시', '신북로 661 달자게스트하우스', 33.5415896, 126.6796560, '간판을 바꾸지 않아 서우봉 펜션, 모텔로 되어있어요.\n티맵, 카카오맵, 네이버지도, 구글지도에는 제대로 된 위치가 나오지만,\n렌트카 네비에 달자게스트하우스 검색시 예전에 운영하던 월정리로 오안내 될수 있으니 주소확인 부탁드려요.\n(제주시 조천읍 신북로 661)', '주차가능\n무료', NULL, null, 319, 'https://map.naver.com/p/entry/place/1263538649?c=15.00,0,0,0,dh&placePath=/room?entry=bmp&fromPanelNum=1&additionalHeight=76&timestamp=202512181224&locale=ko&svcName=map_pcv5&businessCategory=guesthouse&fromPanelNum=1&additionalHeight=76&timestamp=202512181224&locale=ko&svcName=map_pcv5&businessCategory=guesthouse&from=map', 'NAVER', 'Instagram: http://instagram.com/jeju_dalja\nInstagram: http://www.instagram.com/daljaguesthouse', '16:00', '11:00', '넓고 편안한 방에서 즐기는 조용한 힐링');
INSERT INTO accommodation_theme (theme_id, accommodations_id) VALUES (3, 51);
INSERT INTO accommodation_theme (theme_id, accommodations_id) VALUES (1, 51);
INSERT INTO accommodation_amenity (amenity_id, accommodations_id) VALUES (5, 51);
INSERT INTO accommodation_amenity (amenity_id, accommodations_id) VALUES (4, 51);
INSERT INTO accommodation_amenity (amenity_id, accommodations_id) VALUES (6, 51);
INSERT INTO accommodation_amenity (amenity_id, accommodations_id) VALUES (1, 51);
INSERT INTO accommodation_amenity (amenity_id, accommodations_id) VALUES (7, 51);
INSERT INTO accommodation_amenity (amenity_id, accommodations_id) VALUES (20, 51);
INSERT INTO accommodation_amenity (amenity_id, accommodations_id) VALUES (10, 51);
INSERT INTO accommodation_image (accommodations_id, image_url, image_type, sort_order) VALUES (51, 'https://search.pstatic.net/common/?autoRotate=true&type=w560_sharpen&src=https%3A%2F%2Fnaverbooking-phinf.pstatic.net%2F20240728_121%2F1722168483887ByU7M_JPEG%2FKakaoTalk_20240716_120721738_03.jpg', 'banner', 0);
INSERT INTO accommodation_image (accommodations_id, image_url, image_type, sort_order) VALUES (51, 'https://search.pstatic.net/common/?autoRotate=true&type=w278_sharpen&src=https%3A%2F%2Fnaverbooking-phinf.pstatic.net%2F20240728_54%2F1722168243456Kt9gj_JPEG%2FKakaoTalk_20240725_160227672_01.jpg', 'detail', 1);
INSERT INTO accommodation_image (accommodations_id, image_url, image_type, sort_order) VALUES (51, 'https://search.pstatic.net/common/?autoRotate=true&type=w278_sharpen&src=https%3A%2F%2Fnaverbooking-phinf.pstatic.net%2F20240728_272%2F1722168244198DKM8W_JPEG%2FKakaoTalk_20240725_160227672_03.jpg', 'detail', 2);
INSERT INTO accommodation_image (accommodations_id, image_url, image_type, sort_order) VALUES (51, 'https://search.pstatic.net/common/?autoRotate=true&type=w278_sharpen&src=https%3A%2F%2Fnaverbooking-phinf.pstatic.net%2F20240728_59%2F1722168243854FYjAX_JPEG%2FKakaoTalk_20240725_160227672_02.jpg', 'detail', 3);
INSERT INTO accommodation_image (accommodations_id, image_url, image_type, sort_order) VALUES (51, 'https://search.pstatic.net/common/?autoRotate=true&type=w278_sharpen&src=https%3A%2F%2Fnaverbooking-phinf.pstatic.net%2F20240728_46%2F1722168244485tcDkS_JPEG%2FKakaoTalk_20240725_160227672.jpg', 'detail', 4);
INSERT INTO room (accommodations_id, room_name, price, min_guests, max_guests, room_description, main_image_url, bathroom_count, room_type, bed_count) VALUES (51, '독채원룸 (1인 단독사용. 숙소내외 음식물섭취X 할인)', 40000, 2, 2, '독채, 기준 1인 (최대 2인) | 침실 1, 침대 1, 욕실 1, 최소 1박', 'https://search.pstatic.net/common/?autoRotate=true&quality=95&type=w750&src=https%3A%2F%2Fnaverbooking-phinf.pstatic.net%2F20231228_25%2F1703730664499TGhyo_JPEG%2FP1076927.jpg', 1, 'STANDARD', 1);
INSERT INTO room (accommodations_id, room_name, price, min_guests, max_guests, room_description, main_image_url, bathroom_count, room_type, bed_count) VALUES (51, '독채원룸 (1인단독사용. 숙소내외 간편식만 섭취가능)', 45000, 2, 2, '독채, 기준 1인 (최대 2인) | 침실 1, 침대 1, 욕실 1, 최소 1박', 'https://search.pstatic.net/common/?autoRotate=true&quality=95&type=w750&src=https%3A%2F%2Fnaverbooking-phinf.pstatic.net%2F20231228_25%2F1703730664499TGhyo_JPEG%2FP1076927.jpg', 1, 'STANDARD', 1);
INSERT INTO room (accommodations_id, room_name, price, min_guests, max_guests, room_description, main_image_url, bathroom_count, room_type, bed_count) VALUES (51, '독채원룸(4박이상 간편식만 섭취시 할인)', 40000, 2, 2, '독채, 기준 1인 (최대 2인) | 침실 1, 침대 1, 욕실 1, 최소 4박', 'https://search.pstatic.net/common/?autoRotate=true&quality=95&type=w750&src=https%3A%2F%2Fnaverbooking-phinf.pstatic.net%2F20231228_25%2F1703730664499TGhyo_JPEG%2FP1076927.jpg', 1, 'STANDARD', 1);
INSERT INTO room (accommodations_id, room_name, price, min_guests, max_guests, room_description, main_image_url, bathroom_count, room_type, bed_count) VALUES (51, '랜덤도미토리(3인실 or 2인실 개인침대 1자리)', 25000, 2, 5, '공용객실, 기준 1인 (최대 5인) | 침실 2, 침대 3, 욕실 1, 최소 1박', 'https://search.pstatic.net/common/?autoRotate=true&quality=95&type=w750&src=https%3A%2F%2Fnaverbooking-phinf.pstatic.net%2F20231226_197%2F17035624077065G8DH_JPEG%2FP1076795.jpg', 1, 'STANDARD', 3);
INSERT INTO room (accommodations_id, room_name, price, min_guests, max_guests, room_description, main_image_url, bathroom_count, room_type, bed_count) VALUES (51, '개인실(도미토리 방 하나 단독사용. 화장실은 공용)', 35000, 2, 6, '일반객실, 기준 1인 (최대 6인) | 침실 2, 침대 3, 욕실 1, 최소 1박', 'https://search.pstatic.net/common/?autoRotate=true&quality=95&type=w750&src=https%3A%2F%2Fnaverbooking-phinf.pstatic.net%2F20240616_114%2F17185278893015EoIB_JPEG%2F01.jpg', 1, 'STANDARD', 3);
INSERT INTO room (accommodations_id, room_name, price, min_guests, max_guests, room_description, main_image_url, bathroom_count, room_type, bed_count) VALUES (51, '독채원룸 (2인사용. 숙소내외 음식물섭취X 할인)', 50000, 2, 2, '독채, 기준 2인 (최대 2인) | 침실 1, 침대 1, 욕실 1, 최소 1박', 'https://search.pstatic.net/common/?autoRotate=true&quality=95&type=w750&src=https%3A%2F%2Fnaverbooking-phinf.pstatic.net%2F20231228_25%2F1703730664499TGhyo_JPEG%2FP1076927.jpg', 1, 'STANDARD', 1);
INSERT INTO room (accommodations_id, room_name, price, min_guests, max_guests, room_description, main_image_url, bathroom_count, room_type, bed_count) VALUES (51, '독채원룸(2인사용. 숙소내외 간편식만 섭취가능)', 60000, 2, 2, '독채, 기준 2인 (최대 2인) | 침실 1, 침대 1, 욕실 1, 최소 1박', 'https://search.pstatic.net/common/?autoRotate=true&quality=95&type=w750&src=https%3A%2F%2Fnaverbooking-phinf.pstatic.net%2F20231228_25%2F1703730664499TGhyo_JPEG%2FP1076927.jpg', 1, 'STANDARD', 1);
INSERT INTO room (accommodations_id, room_name, price, min_guests, max_guests, room_description, main_image_url, bathroom_count, room_type, bed_count) VALUES (51, '독채원룸 펜션형사용', 100000, 2, 2, '독채, 기준 2인 (최대 2인) | 침실 1, 침대 1, 욕실 1, 최소 1박', 'https://search.pstatic.net/common/?autoRotate=true&quality=95&type=w750&src=https%3A%2F%2Fnaverbooking-phinf.pstatic.net%2F20231228_25%2F1703730664499TGhyo_JPEG%2FP1076927.jpg', 1, 'STANDARD', 1);
INSERT INTO room (accommodations_id, room_name, price, min_guests, max_guests, room_description, main_image_url, bathroom_count, room_type, bed_count) VALUES (51, '독채원룸 (트윈룸. 숙소내외 음식물섭취X 할인)', 60000, 2, 3, '독채, 기준 2인 (최대 3인) | 침실 1, 침대 2, 욕실 1, 최소 1박', 'https://search.pstatic.net/common/?autoRotate=true&quality=95&type=w750&src=https%3A%2F%2Fnaverbooking-phinf.pstatic.net%2F20240616_93%2F1718525010432vihaM_JPEG%2F01.jpg', 1, 'STANDARD', 2);
INSERT INTO room (accommodations_id, room_name, price, min_guests, max_guests, room_description, main_image_url, bathroom_count, room_type, bed_count) VALUES (51, '독채원룸 (트윈룸. 숙소내외 간편식만 섭취가능)', 68000, 2, 3, '독채, 기준 2인 (최대 3인) | 침실 1, 침대 2, 욕실 1, 최소 1박', 'https://search.pstatic.net/common/?autoRotate=true&quality=95&type=w750&src=https%3A%2F%2Fnaverbooking-phinf.pstatic.net%2F20240315_291%2F1710482254342OtTpx_JPEG%2FP1078491.jpg', 1, 'STANDARD', 2);
INSERT INTO room (accommodations_id, room_name, price, min_guests, max_guests, room_description, main_image_url, bathroom_count, room_type, bed_count) VALUES (51, '독채투룸 펜션형사용 (요리 가능)', 165000, 2, 6, '독채, 기준 3인 (최대 6인) | 침실 2, 침대 3, 욕실 1, 최소 1박', 'https://search.pstatic.net/common/?autoRotate=true&quality=95&type=w750&src=https%3A%2F%2Fnaverbooking-phinf.pstatic.net%2F20240726_28%2F1721982208209FsEuq_JPEG%2FKakaoTalk_20240725_160227672_01.jpg', 1, 'STANDARD', 3);
INSERT INTO room (accommodations_id, room_name, price, min_guests, max_guests, room_description, main_image_url, bathroom_count, room_type, bed_count) VALUES (51, '독채투룸(요리불가. 간편식만 섭취가능)', 130000, 2, 6, '독채, 기준 3인 (최대 6인) | 침실 2, 침대 3, 욕실 1, 최소 1박', 'https://search.pstatic.net/common/?autoRotate=true&quality=95&type=w750&src=https%3A%2F%2Fnaverbooking-phinf.pstatic.net%2F20240726_146%2F17219816874426MF1x_JPEG%2FKakaoTalk_20240725_160227672_01.jpg', 1, 'STANDARD', 3);
INSERT INTO room (accommodations_id, room_name, price, min_guests, max_guests, room_description, main_image_url, bathroom_count, room_type, bed_count) VALUES (51, '독채투룸 (음식물미섭취할인)', 110000, 2, 6, '독채, 기준 3인 (최대 6인) | 침실 2, 침대 3, 욕실 1, 최소 1박', 'https://search.pstatic.net/common/?autoRotate=true&quality=95&type=w750&src=https%3A%2F%2Fnaverbooking-phinf.pstatic.net%2F20240726_146%2F17219816874426MF1x_JPEG%2FKakaoTalk_20240725_160227672_01.jpg', 1, 'STANDARD', 3);

INSERT INTO accommodation (accommodations_id, accommodations_name, accommodations_category, accommodations_description, city, district, address_detail, latitude, longitude, transport_info, parking_info, phone, rating, review_count, source_url, source_platform, sns, check_in_time, check_out_time, short_description) VALUES (52, '제주 오르또 펜션 & 게스트하우스', 'GUESTHOUSE', NULL, '제주', '서귀포시', '한도로 117', 33.4689505, 126.9207235, '외국어 : 영어 주차 : 가능 짐보관 : 가능 와이파이 : 가 능 공용부엌 및 공용공간 : 보유(조리금지), 독채는 취 사 가능 기타 : 세탁실(무료), 야외바베큐, 마당 ...', '외국어 : 영어 주차 : 가능 짐보관 : 가능 와이파이 : 가 능 공용부엌 및 공용공간 : 보유(조리금지), 독채는 취 사 가능 기타 : 세탁실(무료), 야외바베큐, 마당 ...', NULL, null, 26, 'https://map.naver.com/p/entry/place/1303376531?c=15.00,0,0,0,dh&placePath=/room?entry=bmp&fromPanelNum=1&additionalHeight=76&timestamp=202512181225&locale=ko&svcName=map_pcv5&businessCategory=guesthouse&from=map&fromPanelNum=1&additionalHeight=76&timestamp=202512181225&locale=ko&svcName=map_pcv5&businessCategory=guesthouse', 'NAVER', NULL, NULL, NULL, '잠들기 전까지 편안한 숙박의 세계로');
INSERT INTO accommodation_image (accommodations_id, image_url, image_type, sort_order) VALUES (52, 'https://search.pstatic.net/common/?autoRotate=true&type=w560_sharpen&src=https%3A%2F%2Fnaverbooking-phinf.pstatic.net%2F20251111_265%2F1762842028053qhr0x_JPEG%2Fimage.jpg', 'banner', 0);
INSERT INTO accommodation_image (accommodations_id, image_url, image_type, sort_order) VALUES (52, 'https://search.pstatic.net/common/?autoRotate=true&type=w560_sharpen&src=https%3A%2F%2Fpup-review-phinf.pstatic.net%2FMjAyNTA0MDNfNzcg%2FMDAxNzQzNjUxNTc2NTgz.lswWIDCVhT4rp77mm0PuS3zcSGycggx-Dxc9JD-iOlcg.QWs9z9Jb-eMLTqauAoHIu2Y-nYUly7zV2dgPQEPQC84g.JPEG%2F7058C312-5C40-4627-9206-3CFF6D9F732D.jpeg', 'detail', 1);
INSERT INTO accommodation_image (accommodations_id, image_url, image_type, sort_order) VALUES (52, 'https://search.pstatic.net/common/?autoRotate=true&type=w278_sharpen&src=https%3A%2F%2Fpup-review-phinf.pstatic.net%2FMjAyNTA0MDNfODEg%2FMDAxNzQzNjUxNTc2NjM0.uDHZdFFqPB4vDVOxL_S3TfVopMfPLF_3u04WKojyoX0g.p6cJ9zdlFRiS0CKjLDV5lYjzSCGOMaqoMDP9PcrLUqUg.JPEG%2F69BB1D44-177A-47D7-BBE2-23F1945D5207.jpeg', 'detail', 2);
INSERT INTO accommodation_image (accommodations_id, image_url, image_type, sort_order) VALUES (52, 'https://search.pstatic.net/common/?autoRotate=true&type=w278_sharpen&src=https%3A%2F%2Fpup-review-phinf.pstatic.net%2FMjAyNTEyMDVfNjcg%2FMDAxNzY0OTA2NDY0MzI5.SN7ArSpCiXtg5RRECHhTFHE93NSKayf3VQqPG6ayDcsg.nNKjbCu6J-R9NXeGVL2UwW9kdi1XGQlQFTc7lND6Wcsg.JPEG%2F7CD95EB5-53B0-4EF4-A8FB-D38DF536A91B.jpeg', 'detail', 3);
INSERT INTO room (accommodations_id, room_name, price, min_guests, max_guests, room_description, main_image_url, bathroom_count, room_type, bed_count) VALUES (52, '독채형', 40000, 2, 4, '일반객실, 기준 2인 (최대 4인)', 'https://search.pstatic.net/common/?autoRotate=true&quality=95&type=w750&src=https%3A%2F%2Fnaverbooking-phinf.pstatic.net%2F20251111_265%2F1762842028053qhr0x_JPEG%2Fimage.jpg', 0, 'STANDARD', 0);

INSERT INTO accommodation (accommodations_id, accommodations_name, accommodations_category, accommodations_description, city, district, address_detail, latitude, longitude, transport_info, parking_info, phone, rating, review_count, source_url, source_platform, sns, check_in_time, check_out_time, short_description) VALUES (53, '제주 관덕스테이', 'GUESTHOUSE', '* 제주관덕스테이(구)미소게스트하우스 소개 *\n\n- 공항에서 10분거리 최적의 위치!\n- 체크인은 오후 3시 ~ 오후 10시\n- 체크아웃 익일 오전 11시까지 입니다.\n- 객실환경 남(2층) / 여(3층) 층 분리되어있으며\n 각 위치마다 CCTV가 설치 되어 있어, 안전하게 이용하실 수 있습니다.', '제주', '제주시', '41 2, 3층', null, null, '네이버 지도 앱 -> 관덕스테이로 검색하시면 버스노선, 네비정보 자세하게 알 수 있습니다 :)\n주차장은 제주시 일도일동1401\n-17로 검색하시어, 구.미소게하 간판보시고 주차하시면 되세요^^', '주차가능\n무료\n일도일동 1401-17로 검색하셔야합니다 (기존:미소게스트하우스)옆 골목 우회전 20m -미소게하주자장 찾으세요~', NULL, null, 1023, 'https://map.naver.com/p/search/%EC%A0%9C%EC%A3%BC+%EA%B4%80%EB%8D%95%EC%8A%A4%ED%85%8C%EC%9D%B4/place/38555882?isCorrectAnswer=true&c=15.00,0,0,0,dh&placePath=/room?fromPanelNum=1&additionalHeight=76&timestamp=202512181225&locale=ko&svcName=map_pcv5&searchText=%EC%A0%9C%EC%A3%BC%2B%EA%B4%80%EB%8D%95%EC%8A%A4%ED%85%8C%EC%9D%B4&businessCategory=guesthouse&additionalHeight=76&timestamp=202512181225&locale=ko&svcName=map_pcv5&searchText=%EC%A0%9C%EC%A3%BC%2B%EA%B4%80%EB%8D%95%EC%8A%A4%ED%85%8C%EC%9D%B4&businessCategory=guesthouse&fromPanelNum=1', 'NAVER', 'Instagram: https://www.instagram.com/gwandeokstay', '15:00', '11:00', '잘 갖춰진 시설과 넓은 방에서 편안한 휴식');
INSERT INTO accommodation_theme (theme_id, accommodations_id) VALUES (1, 53);
INSERT INTO accommodation_amenity (amenity_id, accommodations_id) VALUES (1, 53);
INSERT INTO accommodation_amenity (amenity_id, accommodations_id) VALUES (7, 53);
INSERT INTO accommodation_amenity (amenity_id, accommodations_id) VALUES (10, 53);
INSERT INTO accommodation_amenity (amenity_id, accommodations_id) VALUES (5, 53);
INSERT INTO accommodation_amenity (amenity_id, accommodations_id) VALUES (9, 53);
INSERT INTO accommodation_image (accommodations_id, image_url, image_type, sort_order) VALUES (53, 'https://search.pstatic.net/common/?autoRotate=true&type=w560_sharpen&src=https%3A%2F%2Fldb-phinf.pstatic.net%2F20250225_38%2F1740478730264EzGqz_PNG%2F0225.png', 'banner', 0);
INSERT INTO accommodation_image (accommodations_id, image_url, image_type, sort_order) VALUES (53, 'https://search.pstatic.net/common/?autoRotate=true&type=w278_sharpen&src=https%3A%2F%2Fnaverbooking-phinf.pstatic.net%2F20250222_86%2F17401910011452OcAy_JPEG%2FKakaoTalk_20250222_105049607_-_%25BA%25B9%25BB%25E7%25BA%25BB.jpg', 'detail', 1);
INSERT INTO accommodation_image (accommodations_id, image_url, image_type, sort_order) VALUES (53, 'https://search.pstatic.net/common/?autoRotate=true&type=w278_sharpen&src=https%3A%2F%2Fldb-phinf.pstatic.net%2F20250222_257%2F1740188795061RRHgA_JPEG%2FKakaoTalk_20250212_112038095_03.jpg', 'detail', 2);
INSERT INTO accommodation_image (accommodations_id, image_url, image_type, sort_order) VALUES (53, 'https://search.pstatic.net/common/?autoRotate=true&type=w278_sharpen&src=https%3A%2F%2Fldb-phinf.pstatic.net%2F20250222_192%2F1740188795102ywDO4_JPEG%2FKakaoTalk_20250212_112038095_04.jpg', 'detail', 3);
INSERT INTO accommodation_image (accommodations_id, image_url, image_type, sort_order) VALUES (53, 'https://search.pstatic.net/common/?autoRotate=true&type=w278_sharpen&src=https%3A%2F%2Fldb-phinf.pstatic.net%2F20201201_32%2F1606796287018jBLpW_JPEG%2F8GLzur1xLm2heQsGJCZLsvJD.jpg', 'detail', 4);
INSERT INTO room (accommodations_id, room_name, price, min_guests, max_guests, room_description, main_image_url, bathroom_count, room_type, bed_count) VALUES (53, '여성 8인 도미토리 조식 X', 17000, 2, 8, '기준 1인 (최대 8인)', 'https://search.pstatic.net/common/?autoRotate=true&quality=95&type=w750&src=https%3A%2F%2Fnaverbooking-phinf.pstatic.net%2F20180503_76%2F1525337156869tn68T_JPEG%2F8%25C0%25CE%25BD%25C72.jpg', 0, 'STANDARD', 0);
INSERT INTO room (accommodations_id, room_name, price, min_guests, max_guests, room_description, main_image_url, bathroom_count, room_type, bed_count) VALUES (53, '남성 8인 도미토리 조식 X', 17000, 2, 8, '기준 1인 (최대 8인)', 'https://search.pstatic.net/common/?autoRotate=true&quality=95&type=w750&src=https%3A%2F%2Fnaverbooking-phinf.pstatic.net%2F20180503_76%2F1525337156869tn68T_JPEG%2F8%25C0%25CE%25BD%25C72.jpg', 0, 'STANDARD', 0);
INSERT INTO room (accommodations_id, room_name, price, min_guests, max_guests, room_description, main_image_url, bathroom_count, room_type, bed_count) VALUES (53, '여성 6인 도미토리 조식 X', 19000, 2, 6, '기준 1인 (최대 6인)', 'https://search.pstatic.net/common/?autoRotate=true&quality=95&type=w750&src=https%3A%2F%2Fnaverbooking-phinf.pstatic.net%2F20180503_231%2F1525337014801OAE9J_JPEG%2F6%25C0%25CE%25BD%25C71.jpg', 0, 'STANDARD', 0);
INSERT INTO room (accommodations_id, room_name, price, min_guests, max_guests, room_description, main_image_url, bathroom_count, room_type, bed_count) VALUES (53, '남성 6인 도미토리 조식 X', 19000, 2, 6, '기준 1인 (최대 6인)', 'https://search.pstatic.net/common/?autoRotate=true&quality=95&type=w750&src=https%3A%2F%2Fnaverbooking-phinf.pstatic.net%2F20180503_231%2F1525337014801OAE9J_JPEG%2F6%25C0%25CE%25BD%25C71.jpg', 0, 'STANDARD', 0);
INSERT INTO room (accommodations_id, room_name, price, min_guests, max_guests, room_description, main_image_url, bathroom_count, room_type, bed_count) VALUES (53, '여성 4인 도미토리 조식 X', 22000, 2, 4, '기준 1인 (최대 4인)', 'https://search.pstatic.net/common/?autoRotate=true&quality=95&type=w750&src=https%3A%2F%2Fnaverbooking-phinf.pstatic.net%2F20180503_230%2F1525336516633bGWSf_JPEG%2F4%25C0%25CE%25BD%25C71.jpg', 0, 'STANDARD', 0);
INSERT INTO room (accommodations_id, room_name, price, min_guests, max_guests, room_description, main_image_url, bathroom_count, room_type, bed_count) VALUES (53, '남성 4인 도미토리 조식 X', 22000, 2, 4, '기준 1인 (최대 4인)', 'https://search.pstatic.net/common/?autoRotate=true&quality=95&type=w750&src=https%3A%2F%2Fnaverbooking-phinf.pstatic.net%2F20180503_230%2F1525336516633bGWSf_JPEG%2F4%25C0%25CE%25BD%25C71.jpg', 0, 'STANDARD', 0);
INSERT INTO room (accommodations_id, room_name, price, min_guests, max_guests, room_description, main_image_url, bathroom_count, room_type, bed_count) VALUES (53, '남/여 층별 2인실 개별 예약 가능', 50000, 2, 2, '일반객실, 기준 2인 (최대 2인) | 침실 1, 침대 1, 욕실 1, 최소 1박', 'https://search.pstatic.net/common/?autoRotate=true&quality=95&type=w750&src=https%3A%2F%2Fnaverbooking-phinf.pstatic.net%2F20240225_190%2F1708854637195QnSl3_JPEG%2FKakaoTalk_20240225_184900839_02.jpg', 1, 'STANDARD', 1);

INSERT INTO accommodation (accommodations_id, accommodations_name, accommodations_category, accommodations_description, city, district, address_detail, latitude, longitude, transport_info, parking_info, phone, rating, review_count, source_url, source_platform, sns, check_in_time, check_out_time, short_description) VALUES (54, '제주 오름 게스트하우스', 'GUESTHOUSE', '세화리 숲속 넓은 잔디마당에 귀여운 강아지 오름이가 살고있는 행복한 게스트하우스입니다. 아침에는 새소리 가득한 마당 잔디밭에서 요가나 스트레칭을 해도 좋고~ 낮에는 새소리 들으며 마당 평상에서 가볍고 여유롭게 낮술도 좋고 썬베드에 누워 독서도 낮잠자기 좋습니다.^^\n밤에는 해먹에 누워 쏟아지는 별을 보기도 하고 타닥타닥 모닥불의 불멍도 좋은 조금은 게으르고 느려도 아무것도 안해도 오롯이 편안한 쉼이 여행이 되는 곳~~\n쉼표가 필요한 분들의 숲속 힐링 공간입니다. 투어상품도 있어서 아무 계획이 없이 오셔도 즐겁고 알차게 여행할 수 있는 편안해지고 행복해지공간입니다.^^\n\n***오름게스트하우스만의 투어 상품이 있습니다.\n\n01) 오름투어: 매일 아침 진행되는 오름투어로 제주의 아름다운 일출을 감상할 수 있습니다.\n 오름 인생샷 서비스는 덤!\n02)별빛투어: 별이 빛나는 밤 떠나는 별빛 오름투어 제주 하늘의 쏟아지는 별을 보는 아름다운 낭만이 있는 야간 오름투어 입니다.\n운이 좋은날은 반딧불이도 볼 수 있습니다\n(별빛투어 운영기간 봄, 여름, 가을 계절 상품입니다)\n\n03)호스트투어: 오름 호스트와 함께하는 미니 호플투어: 소수인원(2~6인) 으로 진행되는 도민들만의 한적하고 풍경좋은 비밀장소로 떠나는 관광지 아닌 제주여행\n*계획없이 여행오신 분, 뚜벅이 여행자, 복잡한 관광지는 흥미없는 분에게 강추!! 드리는 옵션 상품입니다. (10:30 부터 약 2~3시간 소요)\n04)느영나영 숲길투어: 많이 알려져서 유명하고 관광객 붐비는 정비된 숲길이 아닌 제주스럽고 호젓한 도민 숲길로의 여유롭고 상쾌한 숲속 산책 상품입니다.\n\n***게스트하우스의 매력 포인트\n\n01) 제주 식재료를 이용한 한식조식: 구좌읍 특산물인 당근, 무, 톳, 감자 등 제철 식재료를 이용한 건강한 한식 아침 조식을 제공합니다.\n\n02) 편안한 휴식 : 조용하고 평화로운 마당 산책과 섬휘파람새의 아름다운 소리를 들으며 아침을 맞고 숲속 풍경이 가득한 숙소가 여행지가 되는 곳 입니다.\n\n03) 쾌적하고 깨끗한 객실: 게스트분들의 쾌적한 객실 이용을 위해 침구류는 햇빛 소독을, 객실은 스팀청소를 매일 하고있습니다\n\n04) 별빛 해먹: 밤에는 해먹에 누워 쏟아질 듯한 별을 감상할 수 있습니다.\n\n05) 별빛 불멍: 밤하늘의 별을 보며 불턱에서 즐기는 불멍 모닥불 ( 마시멜로 + 군고구마 )\n\n***픽업 서비스: 뚜벅이 여행자분들을 위해 입/퇴실시 세화리내에서 게스트하우스까지 픽업 서비스를 제공합니다.(공항 픽업 다른지역은 불가합니다.)\n***소정의 픽업료(입.퇴실2회/5000원)가 있으니 픽업은 객실예약시 옵션에서 체크해 주시기 바랍니다.\n\n체크인 16:00 체크아웃 11:00 입퇴실 기준으로 픽업 해드립니다.\n마지막 픽업은 9시까지만 가능합니다.(항공기 관련 늦을시 개별문의 주세요)\n\n오름게스트하우스는 편안한 힐링이 있는 숲속 쉼터입니다.\n부지런한 여행 보다는 쉼이 필요한 분들에게 더 잘 맞는 공간이 될 것 같습니다.\n\n체크인은16:00, 체크아웃은 11:00 입니다.\n** 반려동물과 함께 하는 보름살기, 한달살기 게스트도 받고 있으니 관심 있으신 분들은 전화로 문의 주시기 바랍니다\n\n전화문의 : 010-4902-3677', '제주', '제주시', '충렬로 147-19 오름게스트하우스', 33.5099301, 126.8465903, '오름게스트하우스 찾아오시는 방법\n\n편리한 픽업 서비스. 뚜벅이 이용자 분들의 편의를 위해서 하루2회\n체크인,체크아웃 입.퇴실시 버스 정류장과 세화리내에서 픽업서비스를 해드립니다. (기본2회 이용료-5000원)\n\n1) 대중교통 이용시 (공항 픽업은 불가합니다.)\n- 제주국제공항에서 : 101번 버스 탑승 후 세화환승정류장 하차 후 010-4902-3677 로 전화주시면 픽업해 드립니다.\n- 픽업서비스는 21시까지 진행합니다.(21시 이후 픽업서비스는 문의 바랍니다. 공항 픽업은 불가합니다.)\n\n2) 차량 이용시\n- 네비게이션 입력 주소 : 제주시 구좌읍 충렬로 147-19(구좌읍 세화리 1758 -41)\n- 오름게스트하우스 입간판이 있는 길로 들어오시면 됩니다.', '주차가능\n무료', '0507-1444-2701', null, 521, 'https://map.naver.com/p/search/%EC%A0%9C%EC%A3%BC+%EC%98%A4%EB%A6%84+%EA%B2%8C%EC%8A%A4%ED%8A%B8%ED%95%98%EC%9A%B0%EC%8A%A4/place/13518281?c=15.00,0,0,0,dh&placePath=/room?entry=bmp&fromPanelNum=2&timestamp=202512181225&locale=ko&svcName=map_pcv5&searchText=%EC%A0%9C%EC%A3%BC%2B%EC%98%A4%EB%A6%84%2B%EA%B2%8C%EC%8A%A4%ED%8A%B8%ED%95%98%EC%9A%B0%EC%8A%A4&businessCategory=guesthouse&fromPanelNum=2&timestamp=202512181225&locale=ko&svcName=map_pcv5&searchText=%EC%A0%9C%EC%A3%BC%2B%EC%98%A4%EB%A6%84%2B%EA%B2%8C%EC%8A%A4%ED%8A%B8%ED%95%98%EC%9A%B0%EC%8A%A4&businessCategory=guesthouse&from=map', 'NAVER', 'Instagram: https://www.instagram.com/oreum_official/\nBlog: https://blog.naver.com/kgh451116', '16:00', '11:00', '편안한 분위기와 친절한 서비스가 어우러진 휴식처');
INSERT INTO accommodation_theme (theme_id, accommodations_id) VALUES (3, 54);
INSERT INTO accommodation_amenity (amenity_id, accommodations_id) VALUES (6, 54);
INSERT INTO accommodation_amenity (amenity_id, accommodations_id) VALUES (3, 54);
INSERT INTO accommodation_amenity (amenity_id, accommodations_id) VALUES (1, 54);
INSERT INTO accommodation_amenity (amenity_id, accommodations_id) VALUES (9, 54);
INSERT INTO accommodation_amenity (amenity_id, accommodations_id) VALUES (18, 54);
INSERT INTO accommodation_amenity (amenity_id, accommodations_id) VALUES (31, 54);
INSERT INTO accommodation_amenity (amenity_id, accommodations_id) VALUES (4, 54);
INSERT INTO accommodation_amenity (amenity_id, accommodations_id) VALUES (5, 54);
INSERT INTO accommodation_amenity (amenity_id, accommodations_id) VALUES (15, 54);
INSERT INTO accommodation_amenity (amenity_id, accommodations_id) VALUES (10, 54);
INSERT INTO accommodation_amenity (amenity_id, accommodations_id) VALUES (20, 54);
INSERT INTO accommodation_amenity (amenity_id, accommodations_id) VALUES (11, 54);
INSERT INTO accommodation_amenity (amenity_id, accommodations_id) VALUES (7, 54);
INSERT INTO accommodation_amenity (amenity_id, accommodations_id) VALUES (14, 54);
INSERT INTO accommodation_image (accommodations_id, image_url, image_type, sort_order) VALUES (54, 'https://search.pstatic.net/common/?autoRotate=true&type=w560_sharpen&src=https%3A%2F%2Fnaverbooking-phinf.pstatic.net%2F20240317_74%2F1710658362007cyCu3_JPEG%2FKakaoTalk_20240317_153919740.jpg', 'banner', 0);
INSERT INTO accommodation_image (accommodations_id, image_url, image_type, sort_order) VALUES (54, 'https://search.pstatic.net/common/?autoRotate=true&type=w278_sharpen&src=https%3A%2F%2Fnaverbooking-phinf.pstatic.net%2F20240317_288%2F1710658362716ASFAT_JPEG%2FKakaoTalk_20240317_153919740_01.jpg', 'detail', 1);
INSERT INTO accommodation_image (accommodations_id, image_url, image_type, sort_order) VALUES (54, 'https://search.pstatic.net/common/?autoRotate=true&type=w278_sharpen&src=https%3A%2F%2Fldb-phinf.pstatic.net%2F20221024_109%2F1666616697672LEF2m_JPEG%2F%25BF%25DC%25B0%25FC1.jpg', 'detail', 2);
INSERT INTO accommodation_image (accommodations_id, image_url, image_type, sort_order) VALUES (54, 'https://search.pstatic.net/common/?autoRotate=true&type=w278_sharpen&src=https%3A%2F%2Fnaverbooking-phinf.pstatic.net%2F20240317_24%2F1710658290372DRzCz_JPEG%2FKakaoTalk_20240317_153919740_12.jpg', 'detail', 3);
INSERT INTO accommodation_image (accommodations_id, image_url, image_type, sort_order) VALUES (54, 'https://search.pstatic.net/common/?autoRotate=true&type=w278_sharpen&src=https%3A%2F%2Fnaverbooking-phinf.pstatic.net%2F20230501_58%2F16829176305981BP5N_JPEG%2FKakaoTalk_20230409_230519834_06.jpg', 'detail', 4);
INSERT INTO room (accommodations_id, room_name, price, min_guests, max_guests, room_description, main_image_url, bathroom_count, room_type, bed_count) VALUES (54, '1인실 (개인욕실 포함) + 한식 조식', 60000, 2, 1, '일반객실, 기준 1인 (최대 1인) | 침실 1, 침대 1, 욕실 1, 최소 1박', 'https://search.pstatic.net/common/?autoRotate=true&quality=95&type=w750&src=https%3A%2F%2Fnaverbooking-phinf.pstatic.net%2F20230427_228%2F16825808174987q4ba_JPEG%2FKakaoTalk_20230427_160322601.jpg', 1, 'STANDARD', 1);
INSERT INTO room (accommodations_id, room_name, price, min_guests, max_guests, room_description, main_image_url, bathroom_count, room_type, bed_count) VALUES (54, '1인실(1인기준요금) 최대2인+ 한식 조식', 50000, 2, 2, '일반객실, 기준 1인 (최대 2인) | 침실 1, 침대 2, 최소 1박', 'https://search.pstatic.net/common/?autoRotate=true&quality=95&type=w750&src=https%3A%2F%2Fnaverbooking-phinf.pstatic.net%2F20230515_272%2F168413950218792xW8_JPEG%2FKakaoTalk_20230430_104056915_01.jpg', 0, 'STANDARD', 2);
INSERT INTO room (accommodations_id, room_name, price, min_guests, max_guests, room_description, main_image_url, bathroom_count, room_type, bed_count) VALUES (54, '남자도미토리 4인실(1인기준요금) +한식조식', 35000, 2, 4, '공용객실, 기준 1인 (최대 4인) | 침실 1, 침대 4, 최소 1박', 'https://search.pstatic.net/common/?autoRotate=true&quality=95&type=w750&src=https%3A%2F%2Fnaverbooking-phinf.pstatic.net%2F20230227_141%2F1677506412407iIgbL_JPEG%2F1D21FFBD-26B7-43B2-85CC-DF89DAD7B0D9.jpg', 0, 'STANDARD', 4);
INSERT INTO room (accommodations_id, room_name, price, min_guests, max_guests, room_description, main_image_url, bathroom_count, room_type, bed_count) VALUES (54, '여자 도미토리4인실(1인기준요금) + 한식조식', 35000, 2, 4, '공용객실, 기준 1인 (최대 4인) | 침실 1, 침대 4, 최소 1박', 'https://search.pstatic.net/common/?autoRotate=true&quality=95&type=w750&src=https%3A%2F%2Fnaverbooking-phinf.pstatic.net%2F20230302_118%2F1677725898986Dac5P_JPEG%2FKakaoTalk_Photo_2023-03-02-11-56-18_006.jpeg', 0, 'STANDARD', 4);
INSERT INTO room (accommodations_id, room_name, price, min_guests, max_guests, room_description, main_image_url, bathroom_count, room_type, bed_count) VALUES (54, '독채 원룸형(2인기준요금) 최대3인', 95000, 2, 3, '독채, 기준 2인 (최대 3인) | 침실 1, 침대 2, 욕실 1, 최소 1박', 'https://search.pstatic.net/common/?autoRotate=true&quality=95&type=w750&src=https%3A%2F%2Fnaverbooking-phinf.pstatic.net%2F20240331_43%2F1711886294655VIKFl_JPEG%2FKakaoTalk_20240322_181919544_02.jpg', 1, 'STANDARD', 2);
INSERT INTO room (accommodations_id, room_name, price, min_guests, max_guests, room_description, main_image_url, bathroom_count, room_type, bed_count) VALUES (54, '본채 대관', 700000, 2, 15, '독채, 기준 10인 (최대 15인) | 침실 5, 침대 11, 욕실 5, 최소 1박', 'https://search.pstatic.net/common/?autoRotate=true&quality=95&type=w750&src=https%3A%2F%2Fnaverbooking-phinf.pstatic.net%2F20230301_44%2F1677655263421z8CmY_JPEG%2FKakaoTalk_20230301_160543273_01.jpg', 5, 'STANDARD', 11);
INSERT INTO room (accommodations_id, room_name, price, min_guests, max_guests, room_description, main_image_url, bathroom_count, room_type, bed_count) VALUES (54, '마당 대관(가격 협의)', 0, 2, 99, '독채, 기준 1인 (최대 99인) | 10시간 이용, 침실 1, 침대 11, 욕실 1', 'https://search.pstatic.net/common/?autoRotate=true&quality=95&type=w750&src=https%3A%2F%2Fnaverbooking-phinf.pstatic.net%2F20230427_154%2F1682581366236dHztz_JPEG%2FKakaoTalk_20230427_163712131_02.jpg', 1, 'STANDARD', 11);

INSERT INTO accommodation (accommodations_id, accommodations_name, accommodations_category, accommodations_description, city, district, address_detail, latitude, longitude, transport_info, parking_info, phone, rating, review_count, source_url, source_platform, sns, check_in_time, check_out_time, short_description) VALUES (55, '제주 모이라 무인텔', 'GUESTHOUSE', '제주 애월 가성비 숙소, 모이라 무인텔\n\n제주시 애월읍에 위치한 모이라무인텔은 합리적인 가격과 깔끔한 객실, 다양한 편의시설을 갖춘 제주 가성비 숙박시설입니다. 제주공항에서 차량으로 약 20분 거리로 가까워 비행기 도착 직후나 출발 전 1박 숙소로도 이용이 편리합니다.\n무인 체크인 시스템으로 프런트 없이 빠르고 간편하게 입실 가능하며, 1인 여행자부터 커플, 출장 고객까지 누구나 편안하게 머물 수 있도록 구성되어 있습니다.\n\n-전 객실 스파 욕조 및 안마의자 구비\n-초고속 와이파이 & 고사양 PC, VOD 무료 시청\n-무료 생수, 캔음료, 커피 제공\n-전용 주차공간 완비 & 비대면 입실 가능\n\n제주공항 근처 숙소, 애월 숙소 찾고 계신다면,\n조용하고 쾌적한 프라이빗 무인텔 모이라에서 편안한 하루를 보내세요.\n\n제주시 애월읍 광령평화8길 20\n064-744-4463\n[네이버 예약 가능]', '제주', '제주시', '광령평화8길 20 모이라 무인텔', 33.4500348, 126.4406542, '제주공항에서 자차로 19분거리 (9.9km)', '주차가능', '0507-1341-4463', null, 12, 'https://map.naver.com/p/search/%EC%A0%9C%EC%A3%BC+%EB%AA%A8%EC%9D%B4%EB%9D%BC+%EB%AC%B4%EC%9D%B8%ED%85%94/place/1750601109?isCorrectAnswer=true&c=15.00,0,0,0,dh&placePath=/room?fromPanelNum=1&additionalHeight=76&timestamp=202512181226&locale=ko&svcName=map_pcv5&searchText=%EC%A0%9C%EC%A3%BC%2B%EB%AA%A8%EC%9D%B4%EB%9D%BC%2B%EB%AC%B4%EC%9D%B8%ED%85%94&businessCategory=motel&additionalHeight=76&timestamp=202512181226&locale=ko&svcName=map_pcv5&searchText=%EC%A0%9C%EC%A3%BC%2B%EB%AA%A8%EC%9D%B4%EB%9D%BC%2B%EB%AC%B4%EC%9D%B8%ED%85%94&businessCategory=motel&fromPanelNum=1', 'NAVER', NULL, NULL, NULL, NULL);
INSERT INTO accommodation_theme (theme_id, accommodations_id) VALUES (3, 55);
INSERT INTO accommodation_amenity (amenity_id, accommodations_id) VALUES (22, 55);
INSERT INTO accommodation_amenity (amenity_id, accommodations_id) VALUES (35, 55);
INSERT INTO accommodation_amenity (amenity_id, accommodations_id) VALUES (1, 55);
INSERT INTO accommodation_image (accommodations_id, image_url, image_type, sort_order) VALUES (55, 'https://search.pstatic.net/common/?autoRotate=true&type=w560_sharpen&src=https%3A%2F%2Fldb-phinf.pstatic.net%2F20190103_46%2F1546491078513VWNBA_JPEG%2F%25BF%25DC%25B0%25FC1.jpg', 'banner', 0);
INSERT INTO accommodation_image (accommodations_id, image_url, image_type, sort_order) VALUES (55, 'https://search.pstatic.net/common/?autoRotate=true&type=w278_sharpen&src=https%3A%2F%2Fldb-phinf.pstatic.net%2F20201006_18%2F1601965197774HSFVv_PNG%2FvVgvGYBi5Ts4D1emLikjIhlR.png', 'detail', 1);
INSERT INTO accommodation_image (accommodations_id, image_url, image_type, sort_order) VALUES (55, 'https://search.pstatic.net/common/?autoRotate=true&type=w278_sharpen&src=https%3A%2F%2Fldb-phinf.pstatic.net%2F20201006_208%2F1601965197752UNCCO_PNG%2FFkeJd2LRhAJeL7_xJIIw2hcf.png', 'detail', 2);
INSERT INTO accommodation_image (accommodations_id, image_url, image_type, sort_order) VALUES (55, 'https://search.pstatic.net/common/?autoRotate=true&type=w278_sharpen&src=https%3A%2F%2Fldb-phinf.pstatic.net%2F20201006_100%2F1601965197863sxy8n_PNG%2FDnI2SfagoMisxGJJTABI920g.png', 'detail', 3);
INSERT INTO accommodation_image (accommodations_id, image_url, image_type, sort_order) VALUES (55, 'https://search.pstatic.net/common/?autoRotate=true&type=w278_sharpen&src=https%3A%2F%2Fldb-phinf.pstatic.net%2F20201006_289%2F16019651978761lT73_PNG%2FE7IbTuYPbLK5siLXTNTJVYSA.png', 'detail', 4);
INSERT INTO room (accommodations_id, room_name, price, min_guests, max_guests, room_description, main_image_url, bathroom_count, room_type, bed_count) VALUES (55, '드라이브인 특실', 52000, 2, 2, '기준 2인 (최대 2인)', 'https://search.pstatic.net/common/?autoRotate=true&quality=95&type=w750&src=https%3A%2F%2Fldb-phinf.pstatic.net%2F20201006_83%2F1601964931305AtkO8_PNG%2Fv1rTH5VMRhrkypfv5zJ3RKI2.png', 0, 'STANDARD', 0);
INSERT INTO room (accommodations_id, room_name, price, min_guests, max_guests, room_description, main_image_url, bathroom_count, room_type, bed_count) VALUES (55, '일반실', 37000, 2, 2, '기준 2인 (최대 2인)', 'https://search.pstatic.net/common/?autoRotate=true&quality=95&type=w750&src=https%3A%2F%2Fldb-phinf.pstatic.net%2F20201006_52%2F1601965110604g32hC_PNG%2FZ4lBHQhaTbXyfoNV2umVw37x.png', 0, 'STANDARD', 0);
INSERT INTO room (accommodations_id, room_name, price, min_guests, max_guests, room_description, main_image_url, bathroom_count, room_type, bed_count) VALUES (55, '준특실', 47000, 2, 2, '기준 2인 (최대 2인)', 'https://search.pstatic.net/common/?autoRotate=true&quality=95&type=w750&src=https%3A%2F%2Fldb-phinf.pstatic.net%2F20201022_255%2F1603356620275Gb04O_PNG%2FID53-tRiEF4NF__W_e-jr6bM.png', 0, 'STANDARD', 0);

INSERT INTO accommodation (accommodations_id, accommodations_name, accommodations_category, accommodations_description, city, district, address_detail, latitude, longitude, transport_info, parking_info, phone, rating, review_count, source_url, source_platform, sns, check_in_time, check_out_time, short_description) VALUES (56, '제주 해바라기 게스트하우스', 'GUESTHOUSE', '[1] 투숙객들이 많이 찾는 매력 포인트\n1. 저렴한 비용의 깨끗한 숙소\n2. 성산일출봉까지 도보 2분 거리, 새벽 일출 관광\n3. 우도항 도보 8분 거리, 해변가 산책/우도 관광\n4. 섭지코지, 비자림 등의 관광 명소 인근 위치\n5. 주인장의 친절함과 따뜻한 배려는 선물\n\n[2] 숙소 및 시설\n1. 1층 숙소(Wi-Fi, 에어컨, TV)\n - 도미토리형 침대방(2~6인), 온돌방\n - 원룸형 온돌방(욕실/화장실, 주방 단독)\n\n2. 2층 숙소(각 방 욕실/화장실, Wi-Fi, 에어컨, TV)\n - 더블침대 커플방, 복층침대 가족방(4인)\n - 더블침대 온돌방(2~3인), 커플 온돌방\n\n3. 1층/2층 시설\n - TV, Wi-Fi, 에어컨, 세탁기, 정수기, 냉장고\n - 가스렌지, 전자렌지, 토스트기, 주방 시설\n - 샴푸, 치약, 비누, 드라이기, 수건 무료 제공\n - 슈퍼 운영하고 있어 생활물품 구입 원활\n\n[3] 주인장 인사 \n성산포에서 한 평생 살면서 제주도에 여행 오시는 사람들에게 따뜻한 보금자리를 마련해 주고자 저희 부부가 해바라기 게스트 하우스를 운영하게 되었습니다. 저는 카톨릭 신자이며, 해군 출신으로 국가 유공자입니다. 그래서 더욱 신뢰를 바탕으로 한 친절과 따뜻한 미소로 손님들을 맞이하고 있습니다. \n\n제주도 푸른 밤,\n일상의 짐을 잠시 내려놓고 해를 바라보며\n희망과 꿈을 키워가는 해바라기 게스트하우스에\n머물다 가지 않으시렵니까?', '제주', '서귀포시', '성산등용로 10-1 해바라기 게스트하우스', 33.4649927, 126.9334100, '제주공항 1번 게이트에서 버스 111번(112번)을 타고, 성산일출봉입구에서 내리면 100m 부근에 위치함(성산파출소에서 수협 방향)', NULL, NULL, null, 65, 'https://map.naver.com/p/search/%EC%A0%9C%EC%A3%BC+%ED%95%B4%EB%B0%94%EB%9D%BC%EA%B8%B0+%EA%B2%8C%EC%8A%A4%ED%8A%B8%ED%95%98%EC%9A%B0%EC%8A%A4/place/21693197?c=15.00,0,0,0,dh&placePath=/room?entry=bmp&fromPanelNum=2&timestamp=202512181226&locale=ko&svcName=map_pcv5&searchText=%EC%A0%9C%EC%A3%BC%2B%ED%95%B4%EB%B0%94%EB%9D%BC%EA%B8%B0%2B%EA%B2%8C%EC%8A%A4%ED%8A%B8%ED%95%98%EC%9A%B0%EC%8A%A4&businessCategory=guesthouse&fromPanelNum=2&timestamp=202512181226&locale=ko&svcName=map_pcv5&searchText=%EC%A0%9C%EC%A3%BC%2B%ED%95%B4%EB%B0%94%EB%9D%BC%EA%B8%B0%2B%EA%B2%8C%EC%8A%A4%ED%8A%B8%ED%95%98%EC%9A%B0%EC%8A%A4&businessCategory=guesthouse&from=map', 'NAVER', 'Blog: https://blog.naver.com/myblueevent', '17:00', '10:00', NULL);
INSERT INTO accommodation_theme (theme_id, accommodations_id) VALUES (1, 56);
INSERT INTO accommodation_theme (theme_id, accommodations_id) VALUES (5, 56);
INSERT INTO accommodation_amenity (amenity_id, accommodations_id) VALUES (6, 56);
INSERT INTO accommodation_amenity (amenity_id, accommodations_id) VALUES (1, 56);
INSERT INTO accommodation_amenity (amenity_id, accommodations_id) VALUES (5, 56);
INSERT INTO accommodation_amenity (amenity_id, accommodations_id) VALUES (31, 56);
INSERT INTO accommodation_amenity (amenity_id, accommodations_id) VALUES (4, 56);
INSERT INTO accommodation_amenity (amenity_id, accommodations_id) VALUES (15, 56);
INSERT INTO accommodation_amenity (amenity_id, accommodations_id) VALUES (7, 56);
INSERT INTO accommodation_amenity (amenity_id, accommodations_id) VALUES (11, 56);
INSERT INTO accommodation_image (accommodations_id, image_url, image_type, sort_order) VALUES (56, 'https://search.pstatic.net/common/?autoRotate=true&type=w560_sharpen&src=https%3A%2F%2Fldb-phinf.pstatic.net%2F20200524_162%2F1590293526734xb4PJ_JPEG%2F%25C0%25FC%25B0%25E6%25BB%25E7%25C1%25F8.jpg', 'banner', 0);
INSERT INTO accommodation_image (accommodations_id, image_url, image_type, sort_order) VALUES (56, 'https://search.pstatic.net/common/?autoRotate=true&type=w278_sharpen&src=https%3A%2F%2Fldb-phinf.pstatic.net%2F20200524_173%2F1590292821532rqfah_JPEG%2F1%25C3%25FE-2%25C8%25A3%252C3%25C8%25A3%25BD%25C7%25281%2529-%25C8%25A8%25C7%25C7.jpg', 'detail', 1);
INSERT INTO accommodation_image (accommodations_id, image_url, image_type, sort_order) VALUES (56, 'https://search.pstatic.net/common/?autoRotate=true&type=w278_sharpen&src=https%3A%2F%2Fldb-phinf.pstatic.net%2F20200524_238%2F1590293023197w80M2_JPEG%2F%25B9%25E61.jpg', 'detail', 2);
INSERT INTO accommodation_image (accommodations_id, image_url, image_type, sort_order) VALUES (56, 'https://search.pstatic.net/common/?autoRotate=true&type=w278_sharpen&src=https%3A%2F%2Fldb-phinf.pstatic.net%2F20200524_189%2F1590293023016dUjog_JPEG%2F1%25C3%25FE2%25C8%25A3%252C3%25C8%25A3%25BD%25C7%25283%2529-%25C8%25A8%25C7%25C7.jpg', 'detail', 3);
INSERT INTO accommodation_image (accommodations_id, image_url, image_type, sort_order) VALUES (56, 'https://search.pstatic.net/common/?autoRotate=true&type=w278_sharpen&src=https%3A%2F%2Fldb-phinf.pstatic.net%2F20200524_218%2F1590293023035WX617_JPEG%2F1%25C3%25FE5%25C8%25A3%25B9%25E6%25281%2529-%25C8%25A8%25C7%25C7.jpg', 'detail', 4);
INSERT INTO room (accommodations_id, room_name, price, min_guests, max_guests, room_description, main_image_url, bathroom_count, room_type, bed_count) VALUES (56, '202호 더블침대 커플방', 45000, 2, 2, '기준 2인 (최대 2인)', 'https://search.pstatic.net/common/?autoRotate=true&quality=95&type=w750&src=https%3A%2F%2Fnaverbooking-phinf.pstatic.net%2F20200525_228%2F1590332428040dQI09_JPEG%2F202%25C8%25A3.jpg', 0, 'STANDARD', 0);
INSERT INTO room (accommodations_id, room_name, price, min_guests, max_guests, room_description, main_image_url, bathroom_count, room_type, bed_count) VALUES (56, '201호 더블침대 온돌방', 55000, 2, 3, '기준 2인 (최대 3인)', 'https://search.pstatic.net/common/?autoRotate=true&quality=95&type=w750&src=https%3A%2F%2Fnaverbooking-phinf.pstatic.net%2F20200524_86%2F1590332178509NaiMf_JPEG%2F201%25C8%25A3.jpg', 0, 'STANDARD', 0);
INSERT INTO room (accommodations_id, room_name, price, min_guests, max_guests, room_description, main_image_url, bathroom_count, room_type, bed_count) VALUES (56, '205호 커플 온돌방', 45000, 2, 3, '기준 2인 (최대 3인)', 'https://search.pstatic.net/common/?autoRotate=true&quality=95&type=w750&src=https%3A%2F%2Fnaverbooking-phinf.pstatic.net%2F20200525_9%2F1590333748643Jnt2K_JPEG%2F2%25C3%25FE%25C6%25AF%25BA%25B0%25BD%25C75%25C8%25A3%25B9%25E62-%25C8%25A8%25C7%25C7.jpg', 0, 'STANDARD', 0);
INSERT INTO room (accommodations_id, room_name, price, min_guests, max_guests, room_description, main_image_url, bathroom_count, room_type, bed_count) VALUES (56, '203호 복층침대 가족방', 80000, 2, 6, '기준 4인 (최대 6인)', 'https://search.pstatic.net/common/?autoRotate=true&quality=95&type=w750&src=https%3A%2F%2Fnaverbooking-phinf.pstatic.net%2F20200525_269%2F1590333108227gT25l_JPEG%2F203%25C8%25A31.jpg', 0, 'STANDARD', 0);

INSERT INTO accommodation (accommodations_id, accommodations_name, accommodations_category, accommodations_description, city, district, address_detail, latitude, longitude, transport_info, parking_info, phone, rating, review_count, source_url, source_platform, sns, check_in_time, check_out_time, short_description) VALUES (57, '제주 휴스테이 금호', 'GUESTHOUSE', '세계자연유산인 성산일출봉과 60m 거리에 위치하고 있으며, 특히 공항버스(111번,101번) 정류장과는 95m 정도 거리에 있습니다.\n\n성산일출봉, 오조해안, 우도, 광치기 해변을 도보로 산책할 수 있는 휴스테이금호에서 제주도 동부 여행을 계획해 보세요.\n\n전망 좋은 옥상에서 성산일출봉을 마주할 수 있고 시원한 바람을 맞으며 바라보는 바다일몰과 멀리보이는 한라산 또한 잊지 못할 추억을 남겨줄 것입니다.\n\n더블베드 객실타입의 호텔형 객실과\n펜션(더블베드 2개+싱글베드 2개+주방, 거실, 욕실, 세탁실)형 객실이 있습니다\n\n제주자치도에서 실시하는 숙소 위생평가에서 최우수업소로 지정되었습니다. 그만큼 객실의 청결, 위생을 중요시하며 편안함을 제공하려고 노력하고 있습니다.\n\n제주도 성산읍 성산중앙로30-11\n\n예약 및 소개 : http://hueStay.kr\n숙소 문의 : huestay_geumho@naver.com', '제주', '서귀포시', '성산중앙로 30-11 휴스테이금호', 33.4622458, 126.9338876, '공항1번게이트에서 30분 간격으로 출발하는 버스(111,112번 외)가 성산일출봉 버스정류장에서 95m거리에 있습니다.\n그외 제주 전역으로 이동하는 급행버스와 성산포항이 인접해있습니다.\n숙박 근처에 일출봉을 관람하거나 광치기해변, 오조로, 섭지코지 외 우도로 여행하기가 좋습니다.', '주차가능', '0507-1427-0069', null, 130, 'https://map.naver.com/p/entry/place/1145852247?c=15.00,0,0,0,dh&placePath=/information?entry=bmp&fromPanelNum=1&additionalHeight=76&timestamp=202512181227&locale=ko&svcName=map_pcv5&businessCategory=hotel&from=map&fromPanelNum=1&additionalHeight=76&timestamp=202512181227&locale=ko&svcName=map_pcv5&businessCategory=hotel', 'NAVER', 'Blog: https://blog.naver.com/leon3141', NULL, NULL, '깨끗한 방에서 먹는 맛있는 밥');
INSERT INTO accommodation_amenity (amenity_id, accommodations_id) VALUES (13, 57);
INSERT INTO accommodation_amenity (amenity_id, accommodations_id) VALUES (36, 57);
INSERT INTO accommodation_amenity (amenity_id, accommodations_id) VALUES (37, 57);
INSERT INTO accommodation_image (accommodations_id, image_url, image_type, sort_order) VALUES (57, 'https://search.pstatic.net/common/?autoRotate=true&type=w560_sharpen&src=https%3A%2F%2Fldb-phinf.pstatic.net%2F20210111_30%2F1610326340363MWmUh_JPEG%2FdANf8XmY9ibmRyY_w6NrNkhV.JPG.jpg', 'banner', 0);
INSERT INTO accommodation_image (accommodations_id, image_url, image_type, sort_order) VALUES (57, 'https://search.pstatic.net/common/?autoRotate=true&type=w278_sharpen&src=https%3A%2F%2Fldb-phinf.pstatic.net%2F20210111_142%2F1610326362114o6xOq_JPEG%2FYBRd1qJcsnEJEgSc4-MFn7lI.JPG.jpg', 'detail', 1);
INSERT INTO accommodation_image (accommodations_id, image_url, image_type, sort_order) VALUES (57, 'https://search.pstatic.net/common/?autoRotate=true&type=w278_sharpen&src=https%3A%2F%2Fldb-phinf.pstatic.net%2F20210111_161%2F161032630468049blQ_JPEG%2FEJ6FUtGdUFuYwfG3LfxoLkU8.jpg', 'detail', 2);
INSERT INTO accommodation_image (accommodations_id, image_url, image_type, sort_order) VALUES (57, 'https://search.pstatic.net/common/?autoRotate=true&type=w278_sharpen&src=https%3A%2F%2Fldb-phinf.pstatic.net%2F20201214_262%2F1607928368031NlbsR_JPEG%2FDP3X9A2E46c1JplBXfExHEim.jpg', 'detail', 3);
INSERT INTO accommodation_image (accommodations_id, image_url, image_type, sort_order) VALUES (57, 'https://search.pstatic.net/common/?autoRotate=true&type=w278_sharpen&src=https%3A%2F%2Fldb-phinf.pstatic.net%2F20201217_51%2F1608189808290XPrup_JPEG%2F20201129_152454.jpg', 'detail', 4);

INSERT INTO accommodation (accommodations_id, accommodations_name, accommodations_category, accommodations_description, city, district, address_detail, latitude, longitude, transport_info, parking_info, phone, rating, review_count, source_url, source_platform, sns, check_in_time, check_out_time, short_description) VALUES (58, '제주 바오젠 게스트하우스', 'GUESTHOUSE', '제주 전역 어디로든 편리한 대중교통으로 베이스캠프삼아서 이동할 수 있음. 주변에 편의점과 맛집 등이 즐비하여 저녁 늦은 시간에도 편안하게 생활할 수 있는 곳이에요~~^^\n건물 지하주차장(무료) 이 있으나, 자리가 협소하니, 자리가 없거나 늦은시간에는 도보로 1분거리에 신제주 공영주차장에 주차하시면 됩니다.\n주차요금 징수시간 : 12:00~22:00 (이 시간 외는 무료)\n\n체크인은 오후4시부터이고,체크인 마감시간은 오후10시30분까지이고, 부득이한 사정으로 늦으시는 분은 미리 전화를 주시기 바랍니다. (과도한 음주로 체크인 마감시간 이후에 오시는 분들은 환불없이 입실이 거부될수 있음을 알려드립니다.)\n\n입실(pm4시) 전이나 퇴실(am11) 이후에 카운터 안쪽에 짐보관 가능합니다.\n\n1달살기 가능 (문의바람)\n\n※ 주변 관광지 ※\n\n* 이호테우 해수욕장 차량 10분소요\n* 한라수목원 차량10분소요\n* 한라산 성판악주차장 차량 30분소요\n* 애월한담해안도로 차량25분 소요\n* 함덕해수욕장 차량30분 소요\n\n*무료조식제공\n전자렌지, 시리얼, 우유\n※ 조식종류는 숙소사정상 변경될수 있음을 알려드립니다.\n\n간단한 조식이 셀프서비스로 제공되오니. 체크아웃시간 (pm11시) 까지 아무때나 드시면 됩니다.\n거실에 시리얼이 준비되어 있고, 냉장고에 우유가 있으니 꺼내드시면 됩니다. 드시고 난후에는 뒷정리와 다음 손님을 위해서 세제를 이용하여 설거지 해주시는거 잊지 마세요~!!\n\n* 무료주방사용\n\n구비물품 - 가스렌지, 각종양념, 주방기구, 그릇 등 각종주방용품\n주방에 가스렌지와 주방기구, 그릇 등 집에서 사용하는 용품들이 구비되어 있으니, 사용하시고 뒷정리와 다음 손님을 위해서 세제를 이용하여 설거지 해주시는거 잊지 마세요~!!\n\n* 무료구비물품\n\n샤워실에 샴푸, 바디샤워, 비누, 치약이 구비되어 있고, 화장실에도 치약과 비누가 구비되어 있고, 샤워용 수건은 1박 1장 사용하시고, 세면용이나 나머지 용도는 별도의 수건으로 사용하셔도 됩니다.\n단, 칫솔(1회용품 아님, 일반마트판매품) , 면도기(도루코 1회포장품) 은 각 1,000원에 판매하고 있습니다.\n\n* 무료세탁실 운영\n\n세탁기를 무료로 운영하고 있으니, 세탁기 사용이 필요하신 분들은 직원에게 문의해주시기 바랍니다.\n\n* 포트락 파티\n\n소소한 파티 or 정신줄 놓는 파티 or 영어파티 or 3개국어 파티\n\n저희 게스트하우스는 상업적으로 파티를 하는 곳은 아니지만, 파티를 원하시는 손님들이 계시면, 각자 음식을 사갖고 오시거나, 주방에서 만들어서 손님들끼리 나눠먹으며 파티를 하곤 합니다.\n소소하게 담소를 나눌때도 있고, 여러명이서 왁자지껄 블록버스터 파티가 될때도 있고, 외국인들이 많이 찾는 게하 특성상, 외국인들과의 영어파티, 영어권과 비영어권과의 3개국어 파티 등 다양한 파티가 주최될때가 있습니다.\n\n단, 상업적으로 돈벌기 위한 파티가 아니기에, 참가자가 저조하거나, 저조한 시청율이 예상되면 파티가 없으니, 확인바랍니다.\n\n※ 유의사항 ※\n\n* 전객실, 게스트하우스 내 어떤 공간에도 금연입니다.\n* 12세미만 부모동반 아동 숙박여부 문의바람, 애완동물동반금지,\n\n* 거실 휴게공간이용\n\n저희 게하는 소등시간은 딱히 정하지 않아서, 거실에서 늦게까지 담소를 나눠도 되지만, 취침하시는 분들을 위해, 가능한 조용하게 대화해주시고, 소음이 발생하게 되면, 강제소등을 하게 되니. 다른 손님에게 방해되지 않는 선에서 간단한 식사,음주,배달음식 등 맘껏 즐겨주시기 바랍니다.\n\n* 객실이용\n\n객실에서는 다른 손님에게 방해되지 않도록, 큰 소리로 떠들면 안되고, 큰 소음을 발생시키지 말아주세요~\n\n객실에서는 물 이외에 음식섭취가 금지되오니, 거실휴게공간에서 즐겨주세요. 침구가 더럽혀지게 되면, 세탁비(10만원)를 청구할 것이니, 청결에 주의해 주시면 감사하겠습니다.\n\n* 상기사항들을 어길시에는 숙박비 및 예약금 환불없이 퇴실조치할 것임을 알려드립니다.\n\n※ 환불규정 ※\n* 체크인 7일 전 전액 환불\n* 체크인 5일 전 까지 50%환불\n* 체크인 4일 전부터 체크인 당일 환불 불가능', '제주', '제주시', '41 3층 바오젠게스트하우스', 33.4881610, 126.4912696, '택시 제주시방향 연동 로얄호텔 뒷편 (5~10분내 도착 요금 4~5천원)\n버스 신제주방향 325,326,332,370,454,455,3001, 삼무공원 하차,\n365번 재원아파트 하차 후\n누웨마루거리(구 바오젠거리) 쪽 로얄쇼핑 후문, 로얄호텔 후문쪽 길.', NULL, '0507-1419-8583', null, 77, 'https://map.naver.com/p/entry/place/37879889?c=15.00,0,0,0,dh&placePath=/room?entry=bmp&fromPanelNum=1&additionalHeight=76&timestamp=202512181227&locale=ko&svcName=map_pcv5&businessCategory=guesthouse&fromPanelNum=1&additionalHeight=76&timestamp=202512181227&locale=ko&svcName=map_pcv5&businessCategory=guesthouse&from=map', 'NAVER', 'Blog: https://blog.naver.com/world1ks\nInstagram: http://www.instagram.com/baozenguesthouse', '16:00', '11:00', '좋은 위치와 친절한 서비스가 빛나는 공간');
INSERT INTO accommodation_theme (theme_id, accommodations_id) VALUES (3, 58);
INSERT INTO accommodation_theme (theme_id, accommodations_id) VALUES (2, 58);
INSERT INTO accommodation_theme (theme_id, accommodations_id) VALUES (4, 58);
INSERT INTO accommodation_theme (theme_id, accommodations_id) VALUES (1, 58);
INSERT INTO accommodation_amenity (amenity_id, accommodations_id) VALUES (3, 58);
INSERT INTO accommodation_amenity (amenity_id, accommodations_id) VALUES (7, 58);
INSERT INTO accommodation_amenity (amenity_id, accommodations_id) VALUES (8, 58);
INSERT INTO accommodation_amenity (amenity_id, accommodations_id) VALUES (5, 58);
INSERT INTO accommodation_amenity (amenity_id, accommodations_id) VALUES (4, 58);
INSERT INTO accommodation_amenity (amenity_id, accommodations_id) VALUES (6, 58);
INSERT INTO accommodation_amenity (amenity_id, accommodations_id) VALUES (15, 58);
INSERT INTO accommodation_amenity (amenity_id, accommodations_id) VALUES (10, 58);
INSERT INTO accommodation_amenity (amenity_id, accommodations_id) VALUES (1, 58);
INSERT INTO accommodation_image (accommodations_id, image_url, image_type, sort_order) VALUES (58, 'https://search.pstatic.net/common/?autoRotate=true&type=w560_sharpen&src=https%3A%2F%2Fldb-phinf.pstatic.net%2F20220401_22%2F1648809595772KVhA1_JPEG%2F1.jpg', 'banner', 0);
INSERT INTO accommodation_image (accommodations_id, image_url, image_type, sort_order) VALUES (58, 'https://search.pstatic.net/common/?autoRotate=true&type=w278_sharpen&src=https%3A%2F%2Fldb-phinf.pstatic.net%2F20220402_134%2F16489036058914FNbs_JPEG%2F1.6%25C0%25CE%25BF%25A9%25C0%25DA_%25B8%25DE%25C0%25CE%25BB%25E7%25C1%25F8.JPG', 'detail', 1);
INSERT INTO accommodation_image (accommodations_id, image_url, image_type, sort_order) VALUES (58, 'https://search.pstatic.net/common/?autoRotate=true&type=w278_sharpen&src=https%3A%2F%2Fldb-phinf.pstatic.net%2F20220402_164%2F1648903662939qsOKU_JPEG%2F1.1%25C0%25CE%25BD%25C7_%25B8%25DE%25C0%25CE%25BB%25E7%25C1%25F8.JPG', 'detail', 2);
INSERT INTO accommodation_image (accommodations_id, image_url, image_type, sort_order) VALUES (58, 'https://search.pstatic.net/common/?autoRotate=true&type=w278_sharpen&src=https%3A%2F%2Fldb-phinf.pstatic.net%2F20220402_185%2F16489036290573GcXr_JPEG%2F1._2%25C0%25CE%25B0%25B4%25BD%25C7_%25B8%25DE%25C0%25CE%25BB%25E7%25C1%25F8_-_%25BA%25B9%25BB%25E7%25BA%25BB.JPG', 'detail', 3);
INSERT INTO accommodation_image (accommodations_id, image_url, image_type, sort_order) VALUES (58, 'https://search.pstatic.net/common/?autoRotate=true&type=w278_sharpen&src=https%3A%2F%2Fldb-phinf.pstatic.net%2F20220402_211%2F1648903688484vQDQ6_JPEG%2F1.%25B4%25F5%25BA%25ED%25B7%25EB_%25B8%25DE%25C0%25CE%25BB%25E7%25C1%25F8.JPG', 'detail', 4);
INSERT INTO room (accommodations_id, room_name, price, min_guests, max_guests, room_description, main_image_url, bathroom_count, room_type, bed_count) VALUES (58, '싱글룸(1인실)', 35000, 2, 1, '일반객실, 기준 1인 (최대 1인) | 침실 1, 침대 1, 최소 1박', 'https://search.pstatic.net/common/?autoRotate=true&quality=95&type=w750&src=https%3A%2F%2Fnaverbooking-phinf.pstatic.net%2F20210316_269%2F1615878186129L0XVs_JPEG%2F1.1%25C0%25CE%25BD%25C7_%25B8%25DE%25C0%25CE%25BB%25E7%25C1%25F8.JPG', 0, 'STANDARD', 1);
INSERT INTO room (accommodations_id, room_name, price, min_guests, max_guests, room_description, main_image_url, bathroom_count, room_type, bed_count) VALUES (58, '트윈룸(2인실)', 45000, 2, 2, '일반객실, 기준 2인 (최대 2인) | 침실 1, 침대 2, 최소 1박', 'https://search.pstatic.net/common/?autoRotate=true&quality=95&type=w750&src=https%3A%2F%2Fnaverbooking-phinf.pstatic.net%2F20220401_269%2F16488103693521raxJ_JPEG%2F1.%25C6%25AE%25C0%25A9%25B7%25EB%25B8%25DE%25C0%25CE.jpg', 0, 'STANDARD', 2);
INSERT INTO room (accommodations_id, room_name, price, min_guests, max_guests, room_description, main_image_url, bathroom_count, room_type, bed_count) VALUES (58, '여성전용 2인 도미토리', 30000, 2, 2, '공용객실, 기준 1인 (최대 2인) | 침실 1, 침대 2, 최소 1박', 'https://search.pstatic.net/common/?autoRotate=true&quality=95&type=w750&src=https%3A%2F%2Fnaverbooking-phinf.pstatic.net%2F20210316_206%2F1615880046425T8vFE_JPEG%2F1._2%25C0%25CE%25B0%25B4%25BD%25C7_%25B8%25DE%25C0%25CE%25BB%25E7%25C1%25F8.JPG', 0, 'STANDARD', 2);
INSERT INTO room (accommodations_id, room_name, price, min_guests, max_guests, room_description, main_image_url, bathroom_count, room_type, bed_count) VALUES (58, '더블룸&싱글룸', 38500, 2, 2, '일반객실, 기준 1인 (최대 2인) | 침실 1, 침대 1, 최소 1박', 'https://search.pstatic.net/common/?autoRotate=true&quality=95&type=w750&src=https%3A%2F%2Fnaverbooking-phinf.pstatic.net%2F20210316_163%2F1615880659651FqQWG_JPEG%2F1.%25B4%25F5%25BA%25ED%25B7%25EB_%25B8%25DE%25C0%25CE%25BB%25E7%25C1%25F8.JPG', 0, 'STANDARD', 1);
INSERT INTO room (accommodations_id, room_name, price, min_guests, max_guests, room_description, main_image_url, bathroom_count, room_type, bed_count) VALUES (58, '여성전용 6인실 도미토리', 25000, 2, 6, '공용객실, 기준 1인 (최대 6인) | 침실 1, 침대 3, 최소 1박', 'https://search.pstatic.net/common/?autoRotate=true&quality=95&type=w750&src=https%3A%2F%2Fnaverbooking-phinf.pstatic.net%2F20210316_83%2F1615881006659LycUd_JPEG%2F1.6%25C0%25CE%25BF%25A9%25C0%25DA_%25B8%25DE%25C0%25CE%25BB%25E7%25C1%25F8.JPG', 0, 'STANDARD', 3);
INSERT INTO room (accommodations_id, room_name, price, min_guests, max_guests, room_description, main_image_url, bathroom_count, room_type, bed_count) VALUES (58, '남성전용 6인실 도미토리', 25000, 2, 6, '공용객실, 기준 1인 (최대 6인) | 침실 1, 침대 3, 최소 1박', 'https://search.pstatic.net/common/?autoRotate=true&quality=95&type=w750&src=https%3A%2F%2Fnaverbooking-phinf.pstatic.net%2F20210316_18%2F1615881382900OFTCE_JPEG%2F2.JPG', 0, 'STANDARD', 3);

INSERT INTO accommodation (accommodations_id, accommodations_name, accommodations_category, accommodations_description, city, district, address_detail, latitude, longitude, transport_info, parking_info, phone, rating, review_count, source_url, source_platform, sns, check_in_time, check_out_time, short_description) VALUES (59, '제주 느영나영 게스트하우스', 'GUESTHOUSE', '소소하고 푸짐한 파티가 있는 서귀포 남원 게스트하우스\n낭만파들 대환영!!\n\n-주소 : 제주 서귀포시 남원읍 신흥리 168-8\n-체크인 : 17:00 ~\n-체크아웃 : 11:00\n-파티 : 19:30~23:00\n\n*도미토리 연박 손님은 청소 시간에 자리에 짐은 두시되 청소 후 재입실 부탁드립니다.\n\n-숙박 유의 사항-\n\n*다른 여행자분들의 수면을 위해 파티시간 이후로는 큰 소음은 자제 부탁드립니다\n*객실 내 주류, 음식 반입은 불가하고 구옥내에서 절대 금연입니다.\n\n-환불 규정 안내\n*숙박 당일~3일 전-환불 불가\n*방문 4~7일 전-50% 환불\n*방문 8일 이후-전액 환불 입니다.', '제주', '서귀포시', '신흥로13번길 23 제주도게스트하우스파티 느영나영', 33.3007497, 126.7666999, '[ 차량 이용 시 ]\n\n네비게이션에 ''신흥로 13번길 23'' 검색하시어 오시면 숙소에 주차 가능하십니다 :)\n\n[ 대중교통 이용 시 ]\n\n공항 2번게이트 남원방면 버스탑승 (택시 or 131 버스)\n남원방면 131번(남원행) 탑승 후 ''남원읍사무소''하차'' 201번 버스탑승 ''신흥교차로'' 하차', '주차가능\n무료\n느영나영 게스트하우스 마당에 주차 가능하며, 주차 못하시는분들은 말씀 주시면 주차 도와드리도록 하겠습니다 : )', NULL, null, 7542, 'https://map.naver.com/p/search/%EC%A0%9C%EC%A3%BC+%EB%8A%90%EC%98%81%EB%82%98%EC%98%81+%EA%B2%8C%EC%8A%A4%ED%8A%B8%ED%95%98%EC%9A%B0%EC%8A%A4/place/36655176?isCorrectAnswer=true&c=15.00,0,0,0,dh&placePath=/room?fromPanelNum=1&additionalHeight=76&timestamp=202512181227&locale=ko&svcName=map_pcv5&searchText=%EC%A0%9C%EC%A3%BC%2B%EB%8A%90%EC%98%81%EB%82%98%EC%98%81%2B%EA%B2%8C%EC%8A%A4%ED%8A%B8%ED%95%98%EC%9A%B0%EC%8A%A4&businessCategory=guesthouse&additionalHeight=76&timestamp=202512181227&locale=ko&svcName=map_pcv5&searchText=%EC%A0%9C%EC%A3%BC%2B%EB%8A%90%EC%98%81%EB%82%98%EC%98%81%2B%EA%B2%8C%EC%8A%A4%ED%8A%B8%ED%95%98%EC%9A%B0%EC%8A%A4&businessCategory=guesthouse&fromPanelNum=1', 'NAVER', 'Blog: https://blog.naver.com/nuyounghouse\nInstagram: https://www.instagram.com/nuyoungnayoung_jeju', '17:00', '12:00', '맛있는 파티 음식과 친절한 스탭의 조화');
INSERT INTO accommodation_theme (theme_id, accommodations_id) VALUES (4, 59);
INSERT INTO accommodation_theme (theme_id, accommodations_id) VALUES (3, 59);
INSERT INTO accommodation_theme (theme_id, accommodations_id) VALUES (1, 59);
INSERT INTO accommodation_amenity (amenity_id, accommodations_id) VALUES (7, 59);
INSERT INTO accommodation_amenity (amenity_id, accommodations_id) VALUES (5, 59);
INSERT INTO accommodation_amenity (amenity_id, accommodations_id) VALUES (1, 59);
INSERT INTO accommodation_amenity (amenity_id, accommodations_id) VALUES (6, 59);
INSERT INTO accommodation_amenity (amenity_id, accommodations_id) VALUES (18, 59);
INSERT INTO accommodation_amenity (amenity_id, accommodations_id) VALUES (8, 59);
INSERT INTO accommodation_amenity (amenity_id, accommodations_id) VALUES (21, 59);
INSERT INTO accommodation_amenity (amenity_id, accommodations_id) VALUES (19, 59);
INSERT INTO accommodation_amenity (amenity_id, accommodations_id) VALUES (10, 59);
INSERT INTO accommodation_amenity (amenity_id, accommodations_id) VALUES (29, 59);
INSERT INTO accommodation_image (accommodations_id, image_url, image_type, sort_order) VALUES (59, 'https://search.pstatic.net/common/?autoRotate=true&type=w560_sharpen&src=https%3A%2F%2Fnaverbooking-phinf.pstatic.net%2F20250626_163%2F1750916047479nVBaS_JPEG%2FKakaoTalk_20250626_142845036_01.jpg', 'banner', 0);
INSERT INTO accommodation_image (accommodations_id, image_url, image_type, sort_order) VALUES (59, 'https://search.pstatic.net/common/?autoRotate=true&type=w278_sharpen&src=https%3A%2F%2Fnaverbooking-phinf.pstatic.net%2F20250626_35%2F1750916050486XmM2j_JPEG%2FKakaoTalk_20250626_143221128_05.jpg', 'detail', 1);
INSERT INTO accommodation_image (accommodations_id, image_url, image_type, sort_order) VALUES (59, 'https://search.pstatic.net/common/?autoRotate=true&type=w278_sharpen&src=https%3A%2F%2Fnaverbooking-phinf.pstatic.net%2F20250626_104%2F1750916050227Wv1iJ_JPEG%2FKakaoTalk_20250626_143221128_04.jpg', 'detail', 2);
INSERT INTO accommodation_image (accommodations_id, image_url, image_type, sort_order) VALUES (59, 'https://search.pstatic.net/common/?autoRotate=true&type=w278_sharpen&src=https%3A%2F%2Fnaverbooking-phinf.pstatic.net%2F20250626_190%2F1750916048666dI62k_JPEG%2FKakaoTalk_20250626_142845036_03.jpg', 'detail', 3);
INSERT INTO accommodation_image (accommodations_id, image_url, image_type, sort_order) VALUES (59, 'https://search.pstatic.net/common/?autoRotate=true&type=w278_sharpen&src=https%3A%2F%2Fnaverbooking-phinf.pstatic.net%2F20250626_88%2F1750916049784afJlc_JPEG%2FKakaoTalk_20250626_142845036_05.jpg', 'detail', 4);
INSERT INTO room (accommodations_id, room_name, price, min_guests, max_guests, room_description, main_image_url, bathroom_count, room_type, bed_count) VALUES (59, '4인 도미토리 (여성전용)', 20000, 2, 4, '공용객실, 기준 4인 (최대 4인) | 침실 1, 침대 2, 최소 1박', 'https://search.pstatic.net/common/?autoRotate=true&quality=95&type=w750&src=https%3A%2F%2Fnaverbooking-phinf.pstatic.net%2F20250610_260%2F1749547415173U6Mmc_JPEG%2FKakaoTalk_20250610_182124246_02.jpg', 0, 'STANDARD', 2);
INSERT INTO room (accommodations_id, room_name, price, min_guests, max_guests, room_description, main_image_url, bathroom_count, room_type, bed_count) VALUES (59, '4인 도미토리 (여성전용)', 20000, 2, 4, '공용객실, 기준 4인 (최대 4인) | 침실 1, 침대 2, 최소 1박', 'https://search.pstatic.net/common/?autoRotate=true&quality=95&type=w750&src=https%3A%2F%2Fnaverbooking-phinf.pstatic.net%2F20220417_232%2F1650207251517c7GdP_JPEG%2FKakaoTalk_20220312_010309099_04.jpg', 0, 'STANDARD', 2);
INSERT INTO room (accommodations_id, room_name, price, min_guests, max_guests, room_description, main_image_url, bathroom_count, room_type, bed_count) VALUES (59, '6인 도미토리 (남성전용)', 20000, 2, 7, '공용객실, 기준 6인 (최대 7인) | 침실 1, 침대 3, 최소 1박', 'https://search.pstatic.net/common/?autoRotate=true&quality=95&type=w750&src=https%3A%2F%2Fnaverbooking-phinf.pstatic.net%2F20220326_279%2F164828121659980IjE_JPEG%2FKakaoTalk_20220326_163158763.jpg', 0, 'STANDARD', 3);
INSERT INTO room (accommodations_id, room_name, price, min_guests, max_guests, room_description, main_image_url, bathroom_count, room_type, bed_count) VALUES (59, '4인 도미토리 (남성전용)', 20000, 2, 4, '공용객실, 기준 4인 (최대 4인) | 침실 1, 침대 2, 욕실 1, 최소 1박', 'https://search.pstatic.net/common/?autoRotate=true&quality=95&type=w750&src=https%3A%2F%2Fnaverbooking-phinf.pstatic.net%2F20250610_80%2F17495474724148ECiP_JPEG%2FKakaoTalk_20250610_182124246_01.jpg', 1, 'STANDARD', 2);

INSERT INTO accommodation (accommodations_id, accommodations_name, accommodations_category, accommodations_description, city, district, address_detail, latitude, longitude, transport_info, parking_info, phone, rating, review_count, source_url, source_platform, sns, check_in_time, check_out_time, short_description) VALUES (60, '제주 써니허니 게스트하우스', 'GUESTHOUSE', '안녕하세요 ^^ 써니허니 게스트하우스 입니다~!\n\n- 편리한 교통편과 도로\n: 해안가 보다 교통편이 잘되어 있어서 동부 인기 여행지 대부분을 편하게 버스 여행할 수 있습니다. 물론 도로가 좋아서 제주시내, 함덕, 김녕, 월정리, 평대, 세화, 성산, 표선 모두 자동차로도 접근이 용이합니다. ^^\n\n- 깨끗한 숙소\n: 주인이 직접 관리하고 청소하는 곳이라, 정말 깨끗합니다~!\n\n- 개별 샤워실\n: 커텐으로 분리된 샤워실이 아닌, 별도의 독립 개별 샤워실로 편하게 이용하실 수 있습니다.\n\n- 편안한 주차\n: 넓은 주차장에 렌터카 차량 관리 걱정이 없고요.\n\n- 일정 서비스 제공\n방문 전에, 필요하시다면, 일정도 짜드립니다~!\n\n- 공항에 급행버스로 한번에 접근\n: 제주 시내에서 렌터카로도, 버스로도 가깝기 때문에, 여행을 시작하기에도 좋고, 급행버스가 다니는 거점 마을이기 때문에, 버스 하나로 공항과 저희 집 사이를 편하게 오고 가실 수 있습니다.\n\n- 제주 여행이 처음이시거나, 혼자 여행이 처음이신 분들에게 많은 정보를 드려 여행을 편하고 안전하게 즐기실 수 있게 도와드리고 있습니다.\n\n- 많은 이용 바랍니다~! 감사합니다 ^^', '제주', '제주시', '중산간동로 2234', 33.4717953, 126.7813438, '제주도에서 가장 교통편이 좋은 곳에 위치하고 있습니다.\n공항에서 버스 하나로 빠르게 이동가능하며, 제주시내, 함덕, 김녕, 평대, 세화, 성산 등 모두 15분 정도로 이동 가능하여, 동부 여기저기를 다니시기에 최적의 장소입니다. 가장 제주스러운 여행지인 멋진 오름들이 모두 가까이에 있습니다.\n\n- 예약하시면, 각 버스와 교통편에 대한 안내 그리고 렌터카 및 주차장, 주소 등이 안내됩니다. ^^\n\n- 이용가능 버스\n* 110-1번 급행버스\n* 110-2번 급행버스\n* 210-1번 일반/간선버스\n* 210-2번 일반/간선버스\n* 260번 일반/간선버스\n* 704-4번 읍면/지선버스\n* 711-1번 읍면/지선버스\n* 810-1번 관광지/순환버스\n* 810-2번 관광지/순환버스', NULL, '0507-1302-6640', null, 174, 'https://map.naver.com/p/entry/place/38282164?c=15.00,0,0,0,dh&placePath=/room?entry=bmp&fromPanelNum=1&additionalHeight=76&timestamp=202512181228&locale=ko&svcName=map_pcv5&businessCategory=guesthouse&fromPanelNum=1&additionalHeight=76&timestamp=202512181228&locale=ko&svcName=map_pcv5&businessCategory=guesthouse&from=map', 'NAVER', 'Blog: https://blog.naver.com/sunny-hunny\nInstagram: http://www.instagram.com/jejusunnyhunny', '15:00', '11:00', NULL);
INSERT INTO accommodation_theme (theme_id, accommodations_id) VALUES (3, 60);
INSERT INTO accommodation_theme (theme_id, accommodations_id) VALUES (4, 60);
INSERT INTO accommodation_amenity (amenity_id, accommodations_id) VALUES (9, 60);
INSERT INTO accommodation_amenity (amenity_id, accommodations_id) VALUES (1, 60);
INSERT INTO accommodation_amenity (amenity_id, accommodations_id) VALUES (5, 60);
INSERT INTO accommodation_amenity (amenity_id, accommodations_id) VALUES (14, 60);
INSERT INTO accommodation_amenity (amenity_id, accommodations_id) VALUES (2, 60);
INSERT INTO accommodation_amenity (amenity_id, accommodations_id) VALUES (10, 60);
INSERT INTO accommodation_amenity (amenity_id, accommodations_id) VALUES (6, 60);
INSERT INTO accommodation_amenity (amenity_id, accommodations_id) VALUES (15, 60);
INSERT INTO accommodation_amenity (amenity_id, accommodations_id) VALUES (8, 60);
INSERT INTO accommodation_image (accommodations_id, image_url, image_type, sort_order) VALUES (60, 'https://search.pstatic.net/common/?autoRotate=true&type=w560_sharpen&src=https%3A%2F%2Fnaverbooking-phinf.pstatic.net%2F20221012_55%2F1665573971292C5nTA_JPEG%2F%25B0%25C5%25BD%25C7.JPG', 'banner', 0);
INSERT INTO accommodation_image (accommodations_id, image_url, image_type, sort_order) VALUES (60, 'https://search.pstatic.net/common/?autoRotate=true&type=w278_sharpen&src=https%3A%2F%2Fnaverbooking-phinf.pstatic.net%2F20221012_21%2F16655740437255aBFr_JPEG%2FIMG_4603.JPG', 'detail', 1);
INSERT INTO accommodation_image (accommodations_id, image_url, image_type, sort_order) VALUES (60, 'https://search.pstatic.net/common/?autoRotate=true&type=w278_sharpen&src=https%3A%2F%2Fnaverbooking-phinf.pstatic.net%2F20221007_125%2F1665107668296x21om_JPEG%2F%25C1%25D6%25B9%25E6_1.jpeg', 'detail', 2);
INSERT INTO accommodation_image (accommodations_id, image_url, image_type, sort_order) VALUES (60, 'https://search.pstatic.net/common/?autoRotate=true&type=w278_sharpen&src=https%3A%2F%2Fnaverbooking-phinf.pstatic.net%2F20221007_187%2F1665107668596kHsMP_JPEG%2F%25C5%25AB_%25B9%25E6_4.jpeg', 'detail', 3);
INSERT INTO accommodation_image (accommodations_id, image_url, image_type, sort_order) VALUES (60, 'https://search.pstatic.net/common/?autoRotate=true&type=w278_sharpen&src=https%3A%2F%2Fnaverbooking-phinf.pstatic.net%2F20221012_41%2F1665574225194q28kj_JPEG%2F%25C0%25DB%25C0%25BA_%25B9%25E6_2.jpeg', 'detail', 4);
INSERT INTO room (accommodations_id, room_name, price, min_guests, max_guests, room_description, main_image_url, bathroom_count, room_type, bed_count) VALUES (60, '''저''방(4인실)', 25000, 2, 4, '기준 1인 (최대 4인)', 'https://search.pstatic.net/common/?autoRotate=true&quality=95&type=w750&src=https%3A%2F%2Fldb-phinf.pstatic.net%2F20200328_174%2F1585367516792XVD8u_JPEG%2F_2ulG3iss8BBbjSYQFq059jE.jpg', 0, 'STANDARD', 0);
INSERT INTO room (accommodations_id, room_name, price, min_guests, max_guests, room_description, main_image_url, bathroom_count, room_type, bed_count) VALUES (60, '''이''방 (4인실)', 25000, 2, 4, '기준 1인 (최대 4인)', 'https://search.pstatic.net/common/?autoRotate=true&quality=95&type=w750&src=https%3A%2F%2Fldb-phinf.pstatic.net%2F20200327_19%2F1585297838836iwH0x_JPEG%2F2HNb_qSM_l4AKaBLGlESjZ20.jpg', 0, 'STANDARD', 0);

INSERT INTO accommodation (accommodations_id, accommodations_name, accommodations_category, accommodations_description, city, district, address_detail, latitude, longitude, transport_info, parking_info, phone, rating, review_count, source_url, source_platform, sns, check_in_time, check_out_time, short_description) VALUES (61, '제주 세화리움 게스트하우스', 'GUESTHOUSE', '세화리움은 게스트하우스와 플라워카페를 함께 운영하고 있습니다.', '제주', '제주시', '해녀박물관길 29', 33.5235554, 126.8622222, '대중교통 이용시, 101번 버스를 타고 세화환승정류장에서 하차하여 도보 10분정도 소요되며 201번 버스를 타고 해녀박물관입구에서 하차할 경우에는 도보 3분정도 소요됩니다.\n\n자가용 이용시, 해녀박물관 주차장 맞은 편에 위치해 있습니다.', NULL, NULL, null, 211, 'https://map.naver.com/p/search/%EC%A0%9C%EC%A3%BC+%EC%84%B8%ED%99%94%EB%A6%AC%EC%9B%80+%EA%B2%8C%EC%8A%A4%ED%8A%B8%ED%95%98%EC%9A%B0%EC%8A%A4/place/37687260?isCorrectAnswer=true&c=15.00,0,0,0,dh&placePath=/room?fromPanelNum=1&additionalHeight=76&timestamp=202512181228&locale=ko&svcName=map_pcv5&searchText=%EC%A0%9C%EC%A3%BC%2B%EC%84%B8%ED%99%94%EB%A6%AC%EC%9B%80%2B%EA%B2%8C%EC%8A%A4%ED%8A%B8%ED%95%98%EC%9A%B0%EC%8A%A4&businessCategory=guesthouse&additionalHeight=76&timestamp=202512181228&locale=ko&svcName=map_pcv5&searchText=%EC%A0%9C%EC%A3%BC%2B%EC%84%B8%ED%99%94%EB%A6%AC%EC%9B%80%2B%EA%B2%8C%EC%8A%A4%ED%8A%B8%ED%95%98%EC%9A%B0%EC%8A%A4&businessCategory=guesthouse&fromPanelNum=1', 'NAVER', 'Blog: https://blog.naver.com/mia1894', '16:00', '10:30', '다양한 객실에서 즐기는 아름다운 바다 전망');
INSERT INTO accommodation_theme (theme_id, accommodations_id) VALUES (3, 61);
INSERT INTO accommodation_theme (theme_id, accommodations_id) VALUES (1, 61);
INSERT INTO accommodation_amenity (amenity_id, accommodations_id) VALUES (3, 61);
INSERT INTO accommodation_amenity (amenity_id, accommodations_id) VALUES (4, 61);
INSERT INTO accommodation_amenity (amenity_id, accommodations_id) VALUES (6, 61);
INSERT INTO accommodation_amenity (amenity_id, accommodations_id) VALUES (1, 61);
INSERT INTO accommodation_amenity (amenity_id, accommodations_id) VALUES (15, 61);
INSERT INTO accommodation_amenity (amenity_id, accommodations_id) VALUES (2, 61);
INSERT INTO accommodation_amenity (amenity_id, accommodations_id) VALUES (14, 61);
INSERT INTO accommodation_image (accommodations_id, image_url, image_type, sort_order) VALUES (61, 'https://search.pstatic.net/common/?autoRotate=true&type=w560_sharpen&src=https%3A%2F%2Fldb-phinf.pstatic.net%2F20180705_35%2F1530761126630RBAhW_JPEG%2FkT9dHc9mT0moOsKRIVCYGbPf.jpg', 'banner', 0);
INSERT INTO accommodation_image (accommodations_id, image_url, image_type, sort_order) VALUES (61, 'https://search.pstatic.net/common/?autoRotate=true&type=w278_sharpen&src=https%3A%2F%2Fldb-phinf.pstatic.net%2F20160323_269%2F1458699066752IdBb4_JPEG%2F176271585269028_0.jpeg', 'detail', 1);
INSERT INTO accommodation_image (accommodations_id, image_url, image_type, sort_order) VALUES (61, 'https://search.pstatic.net/common/?autoRotate=true&type=w278_sharpen&src=https%3A%2F%2Fldb-phinf.pstatic.net%2F20180705_246%2F1530761125008qJL3Q_JPEG%2FikX2UjqmEs5sdI_vc05ALsPa.jpg', 'detail', 2);
INSERT INTO accommodation_image (accommodations_id, image_url, image_type, sort_order) VALUES (61, 'https://search.pstatic.net/common/?autoRotate=true&type=w278_sharpen&src=https%3A%2F%2Fldb-phinf.pstatic.net%2F20160323_262%2F1458699066906htX4u_JPEG%2F176271585269028_1.jpeg', 'detail', 3);
INSERT INTO accommodation_image (accommodations_id, image_url, image_type, sort_order) VALUES (61, 'https://search.pstatic.net/common/?autoRotate=true&type=w278_sharpen&src=https%3A%2F%2Fldb-phinf.pstatic.net%2F20170212_116%2F1486889258271XCYHT_JPEG%2F186162577757303_6.jpeg', 'detail', 4);
INSERT INTO room (accommodations_id, room_name, price, min_guests, max_guests, room_description, main_image_url, bathroom_count, room_type, bed_count) VALUES (61, '세화룸', 70000, 2, 2, '일반객실, 기준 2인 (최대 2인) | 침실 1, 침대 1, 욕실 1, 최소 1박', 'https://search.pstatic.net/common/?autoRotate=true&quality=95&type=w750&src=https%3A%2F%2Fnaverbooking-phinf.pstatic.net%2F20180705_108%2F153076331056024nGT_JPEG%2F%25BC%25BC%25C8%25AD%25B7%25EB1.jpg', 1, 'STANDARD', 1);
INSERT INTO room (accommodations_id, room_name, price, min_guests, max_guests, room_description, main_image_url, bathroom_count, room_type, bed_count) VALUES (61, '구좌룸', 120000, 2, 4, '일반객실, 기준 2인 (최대 4인) | 침실 1, 침대 2, 욕실 1, 최소 1박', 'https://search.pstatic.net/common/?autoRotate=true&quality=95&type=w750&src=https%3A%2F%2Fnaverbooking-phinf.pstatic.net%2F20180705_179%2F15307637335282SeFP_JPEG%2F%25B1%25B8%25C1%25C2%25B7%25EB1.jpg', 1, 'STANDARD', 2);
INSERT INTO room (accommodations_id, room_name, price, min_guests, max_guests, room_description, main_image_url, bathroom_count, room_type, bed_count) VALUES (61, '스테이세화리움(침실3+욕실3+거실+주방)', 240000, 2, 8, '일반객실, 기준 4인 (최대 8인) | 침실 3, 침대 4, 욕실 3, 최소 1박', 'https://search.pstatic.net/common/?autoRotate=true&quality=95&type=w750&src=https%3A%2F%2Fnaverbooking-phinf.pstatic.net%2F20231127_194%2F17010535199032FRjA_JPEG%2FIMG_20221129_141704_059.jpg', 3, 'STANDARD', 4);

INSERT INTO accommodation (accommodations_id, accommodations_name, accommodations_category, accommodations_description, city, district, address_detail, latitude, longitude, transport_info, parking_info, phone, rating, review_count, source_url, source_platform, sns, check_in_time, check_out_time, short_description) VALUES (62, '성산에오거들랑 게스트하우스', 'GUESTHOUSE', '성산일출봉, 섭지코지, 제주한화아쿠아플레넷 차량5분\n우도선착장 차량 10분 유명관광지 인접하여 관광이 편리하며\n2016년 10월 신축으로 깨끗하고 모던한 인테리어를 자랑합니다.', '제주', '서귀포시', '고성동서로 13-7', 33.4503120, 126.9083330, '조식 : 08:00~09:00 / 토스트, 오렌지주스, 커피 여성 전용 : 여성전용객실 있음 짐보관 : 가능 기타: 개별욕 실 이용안내 당일예약은 특성상 환불 및 취소가...', NULL, '064-784-2692', null, 290, 'https://map.naver.com/p/search/%EC%84%B1%EC%82%B0%EC%97%90%EC%98%A4%EA%B1%B0%EB%93%A4%EB%9E%91+%EA%B2%8C%EC%8A%A4%ED%8A%B8%ED%95%98%EC%9A%B0%EC%8A%A4/place/46780755?isCorrectAnswer=true&c=15.00,0,0,0,dh&placePath=/room?fromPanelNum=1&additionalHeight=76&timestamp=202512181229&locale=ko&svcName=map_pcv5&searchText=%EC%84%B1%EC%82%B0%EC%97%90%EC%98%A4%EA%B1%B0%EB%93%A4%EB%9E%91%2B%EA%B2%8C%EC%8A%A4%ED%8A%B8%ED%95%98%EC%9A%B0%EC%8A%A4&businessCategory=guesthouse&additionalHeight=76&timestamp=202512181229&locale=ko&svcName=map_pcv5&searchText=%EC%84%B1%EC%82%B0%EC%97%90%EC%98%A4%EA%B1%B0%EB%93%A4%EB%9E%91%2B%EA%B2%8C%EC%8A%A4%ED%8A%B8%ED%95%98%EC%9A%B0%EC%8A%A4&businessCategory=guesthouse&fromPanelNum=1', 'NAVER', NULL, '16:00', '11:00', '행정안전부 선정\n착한가격업소');
INSERT INTO accommodation_theme (theme_id, accommodations_id) VALUES (1, 62);
INSERT INTO accommodation_amenity (amenity_id, accommodations_id) VALUES (3, 62);
INSERT INTO accommodation_amenity (amenity_id, accommodations_id) VALUES (1, 62);
INSERT INTO accommodation_amenity (amenity_id, accommodations_id) VALUES (7, 62);
INSERT INTO accommodation_amenity (amenity_id, accommodations_id) VALUES (5, 62);
INSERT INTO accommodation_amenity (amenity_id, accommodations_id) VALUES (4, 62);
INSERT INTO accommodation_amenity (amenity_id, accommodations_id) VALUES (6, 62);
INSERT INTO accommodation_amenity (amenity_id, accommodations_id) VALUES (15, 62);
INSERT INTO accommodation_amenity (amenity_id, accommodations_id) VALUES (10, 62);
INSERT INTO accommodation_amenity (amenity_id, accommodations_id) VALUES (2, 62);
INSERT INTO accommodation_image (accommodations_id, image_url, image_type, sort_order) VALUES (62, 'https://search.pstatic.net/common/?autoRotate=true&type=w560_sharpen&src=https%3A%2F%2Fldb-phinf.pstatic.net%2F20161129_108%2F1480397002444Hc4zH_JPEG%2F177079545342.jpg', 'banner', 0);
INSERT INTO accommodation_image (accommodations_id, image_url, image_type, sort_order) VALUES (62, 'https://search.pstatic.net/common/?autoRotate=true&type=w278_sharpen&src=https%3A%2F%2Fldb-phinf.pstatic.net%2F20161202_286%2F1480654292063XUbxb_JPEG%2F177152538151914_1.jpeg', 'detail', 1);
INSERT INTO accommodation_image (accommodations_id, image_url, image_type, sort_order) VALUES (62, 'https://search.pstatic.net/common/?autoRotate=true&type=w278_sharpen&src=https%3A%2F%2Fldb-phinf.pstatic.net%2F20161202_65%2F1480654292166zvm7Q_JPEG%2F177152538151914_2.jpeg', 'detail', 2);
INSERT INTO accommodation_image (accommodations_id, image_url, image_type, sort_order) VALUES (62, 'https://search.pstatic.net/common/?autoRotate=true&type=w278_sharpen&src=https%3A%2F%2Fldb-phinf.pstatic.net%2F20161202_15%2F1480654292273Uzvr6_JPEG%2F177152538151914_3.jpeg', 'detail', 3);
INSERT INTO accommodation_image (accommodations_id, image_url, image_type, sort_order) VALUES (62, 'https://search.pstatic.net/common/?autoRotate=true&type=w278_sharpen&src=https%3A%2F%2Fldb-phinf.pstatic.net%2F20161202_45%2F1480654292347jro1o_JPEG%2F177152538151914_4.jpeg', 'detail', 4);
INSERT INTO room (accommodations_id, room_name, price, min_guests, max_guests, room_description, main_image_url, bathroom_count, room_type, bed_count) VALUES (62, '가족룸/커플룸1 (22시입실마감)', 42000, 2, 2, '일반객실, 기준 2인 (최대 2인)', 'https://search.pstatic.net/common/?autoRotate=true&quality=95&type=w750&src=https%3A%2F%2Fnaverbooking-phinf.pstatic.net%2F20251111_77%2F1762811346375ttryO_JPEG%2Fimage.jpg', 0, 'STANDARD', 0);
INSERT INTO room (accommodations_id, room_name, price, min_guests, max_guests, room_description, main_image_url, bathroom_count, room_type, bed_count) VALUES (62, '가족룸/커플룸2 (22시입실마감)', 59000, 2, 3, '일반객실, 기준 3인 (최대 3인)', 'https://search.pstatic.net/common/?autoRotate=true&quality=95&type=w750&src=https%3A%2F%2Fnaverbooking-phinf.pstatic.net%2F20251111_67%2F1762811347050XNOYW_JPEG%2Fimage.jpg', 0, 'STANDARD', 0);
INSERT INTO room (accommodations_id, room_name, price, min_guests, max_guests, room_description, main_image_url, bathroom_count, room_type, bed_count) VALUES (62, '4인 남성도미 (22시입실마감)', 19000, 2, 1, '일반객실, 기준 1인 (최대 1인)', 'https://search.pstatic.net/common/?autoRotate=true&quality=95&type=w750&src=https%3A%2F%2Fnaverbooking-phinf.pstatic.net%2F20251111_270%2F1762811350203QEkhS_JPEG%2Fimage.jpg', 0, 'STANDARD', 0);
INSERT INTO room (accommodations_id, room_name, price, min_guests, max_guests, room_description, main_image_url, bathroom_count, room_type, bed_count) VALUES (62, '4인 여성도미 (22시입실마감)', 19000, 2, 1, '일반객실, 기준 1인 (최대 1인)', 'https://search.pstatic.net/common/?autoRotate=true&quality=95&type=w750&src=https%3A%2F%2Fnaverbooking-phinf.pstatic.net%2F20251111_115%2F1762811350902V0iX7_JPEG%2Fimage.jpg', 0, 'STANDARD', 0);

INSERT INTO accommodation (accommodations_id, accommodations_name, accommodations_category, accommodations_description, city, district, address_detail, latitude, longitude, transport_info, parking_info, phone, rating, review_count, source_url, source_platform, sns, check_in_time, check_out_time, short_description) VALUES (63, '제주 준하우스 게스트하우스', 'GUESTHOUSE', '제주공항 오션뷰를 자랑하는 예스준 게스트하우스에 오신걸 진심으로 환영합니다.\n호주 워홀의 행복을 잊지 않으려 퇴사 후 세계일주를 떠난 여행자가 만든 게스트하우스\n그러기에 클럽분위기의 파티게스트하우스와는 다른 게스트하우스입니다.\n게스트하우스의 본질인 ''잠자리'' 와 여행 이야기를 나누는 ''소통'' 의 공간으로 운영되고 있습니다.\n\n그럼 예스준의 공간은 어떤것 들이 있는지 소개 해드릴께요!!\n\n1. 제주 최대 넓은 객실 및 컨디션\n- 옆사람의 숨소리를 들을 수 있는 공간이 아닌 넓은 객실, 쾌적한 침구류, 와이파이\n\n2. 소통을 위해 준비된 넓은 공용공간\n- 여행이야기를 나눌 수 있는 넓은 공용공간, 간단한 요리도 할 수 있는 공용주방까지\n(음식 포장 및 배달도 가능한 자유로운 포틀럭 공간 [11pm까지]), (무료 조식 제공)\n\n3. 제주 고급 레스토랑에서 맛보는 디너테이블\n- 1층 제주 레스토랑과 제휴되어 만찬과 함께 여행이야기를 나눌 수 있는 디너테이블\n\n4. 오션뷰 루프탑\n- 넓은 루프탑에서 바라보는 일출 부터 저녁 노을까지.\n\n5. 제주 사진명소\n- 제주여행에 빠질 수 없는 제주 무지개해안도로, 도두봉 키세스존이 바로 앞!!\n\n6. 세계여행 스토리\n- 운영자의 호주Life 부터 세계여행까지 들여다 볼 수 있는 사진 갤러리.\n(세계여행 및 워홀 상담, 여행 이야기도 나눌 수 있어요^0^)\n\n7. 개별 화장실 및 샤워실\n- 남여공용이 아닌 남,여 각각 화장실이 나눠져 있으며 샤워실 또한 개별 샤워실로 운영.\n(샴푸, 바디워시, 치약, 드라이기, 고데기 구비)\n\n8. 넓은 주차장.\n- 바로앞 전용 주차장 및 도로 주차라인, 건너편 넓은 주차공간 모두 가능합니다.\n\n9. 부대시설\n- 코인 세탁기&건조기, 안전한 공간(룸 내부 제외 전구역 CCTV), 편의점, 버스정류장, 방역업체 관리업소.\n\n연박및 재방문이 가장 많은 게스트하우스입니다!! ^0^\n\n- 예스준 디너 테이블 - 8pm ~ 11pm // 제주에서 제대로된 저녁을 먹쟈 !!\n@ 음주가무 및 이성과의 만남이 목적이신 분들은 파티 게스트하우스를 추천드립니다.@\n- 성비문의, 오늘밤을 마지막인 것처럼 보내실 분은 정중히 사양하겠습니다.\n\n** 제주 흑돼지와 제주 특산물로 맛보는 이색적인 유럽 요리.\n저희 디너테이블은 게스트하우스에서 제공하는 음식이 아닌\n제주공항 오션뷰 레스토랑에서 제공하는 고퀄리티 요리입니다.\n\n디너 - 제주흑돼지 학센, 제주 파스타, 로코모코, 쉬림프 샐러드, 가라아게 등등( 인원에 따라 메뉴는 변동될 수 있음 )\n레드와인, 스텔라 생맥주, 제주 소주 (테이블당 한정제공)\n1인 29,000원 -> 네이버 예약 할인 26,000원\n신청방법 : 당일 7pm까지 입금시 자동 완료. (신청 인원 3~4인이상 진행)\n\n- 제주 스티븐 투어 여행사 제휴 이벤트 -\n 체험다이빙, 서핑 등등 할인 & 혜택 제공\n렌터카 최저가 보장 할인 이벤트\n제주패스 사이트에서 차량 검색후 결제창에 프로모션 코드\n/ 스티븐투어 / 입력시 추가할인. (3시간 마다 커피 쿠폰제공)\n문의사항 010-2287-1590\n\n제공서비스 조식 (토스트, 잼, 시리얼, 우유, 커피) (8am ~ 9:30am)\n\n환불규정**\n일반환불규정\n비성수기\n2일전부터 환불 불가\n3~7일전 50%환불 그 이후 100%환불\n\n성수기(7~9월)\n7일전부터 환불 불가\n8~13일전 50% 환불 그이후 100%환불\n\n분실물 및 보관 규정**\n분실물은 체크아웃일로부터 30일간 보관합니다.\n보관 기간이 경과되면 보관공간 및 안전관리 사유로 인해\n운영자는 해당 물품을 임의로 폐기 또는 처분할 수 있습니다.\n\n**보관료(캐리어 1일 5,000원, 자전거 및 대형 물품은 1일 5,000원 이상 협의)**로 발생할 수 있으며,\n보관료가 물품의 시가를 초과할 경우 폐기 또는 처분으로 대체할 수 있습니다.\n이용객이 별도 보관 요청이나 회수 연락을 하지 않은 경우,\n운영자는 처분에 대한 책임이나 손해배상 의무를 지지 않습니다.\n\n체크인 : 4pm ~ 11pm\n체크아웃 : 10:30am', '제주', '제주시', '232 2층', 33.5084762, 126.4707407, '제주시 공항근처 도두봉 동쪽정류장 (제주공항 3번 게이트앞) 453번버스 탑승 후 15분 도두봉 동쪽정류장 하차 도보 1분, 근처 도두봉 키세스존, 무지개해안도로, 빽다방, 연돈볼카츠, 흑돼지 구이, 네비게이션 제주시 서해안로 232 검색하시면 제이학센 건물 2층 입니다. 공항에서 택시 이용시 10분 정도 소요됩니다.\n게스트하우스 앞 넓은 주차장 보유.\n\n제주공항 게스트하우스 , 제주오션뷰, 제주도 게스트하우스로 알려진 게스트하우스 인 만큼 주변 편의시설 및 관광지가 많습니다.\n\n차로 10분 거리에 제주공항, 제주연동 술집, 노형동 맛집등이 있어 편리하고 공항 위에 위치해 있어서 제주 서쪽, 동쪽, 남쪽 여행이 자유롭습니다.', '주차가능', '0507-1423-1590', null, 3241, 'https://map.naver.com/p/search/%EC%A0%9C%EC%A3%BC+%EC%A4%80%ED%95%98%EC%9A%B0%EC%8A%A4+%EA%B2%8C%EC%8A%A4%ED%8A%B8%ED%95%98%EC%9A%B0%EC%8A%A4/place/744697612?c=8.00,0,0,0,dh&placePath=/room?entry=pll&fromPanelNum=2&timestamp=202512181229&locale=ko&svcName=map_pcv5&searchText=%EC%A0%9C%EC%A3%BC%2B%EC%A4%80%ED%95%98%EC%9A%B0%EC%8A%A4%2B%EA%B2%8C%EC%8A%A4%ED%8A%B8%ED%95%98%EC%9A%B0%EC%8A%A4&businessCategory=guesthouse&fromPanelNum=2&timestamp=202512181229&locale=ko&svcName=map_pcv5&searchText=%EC%A0%9C%EC%A3%BC%2B%EC%A4%80%ED%95%98%EC%9A%B0%EC%8A%A4%2B%EA%B2%8C%EC%8A%A4%ED%8A%B8%ED%95%98%EC%9A%B0%EC%8A%A4&businessCategory=guesthouse&from=map', 'NAVER', 'Instagram: https://www.instagram.com/yesjunguesthouse/\nBlog: https://blog.naver.com/yesjuns', '16:00', '10:30', '행정안전부 선정\n착한가격업소');
INSERT INTO accommodation_theme (theme_id, accommodations_id) VALUES (1, 63);
INSERT INTO accommodation_theme (theme_id, accommodations_id) VALUES (3, 63);
INSERT INTO accommodation_theme (theme_id, accommodations_id) VALUES (4, 63);
INSERT INTO accommodation_amenity (amenity_id, accommodations_id) VALUES (3, 63);
INSERT INTO accommodation_amenity (amenity_id, accommodations_id) VALUES (4, 63);
INSERT INTO accommodation_amenity (amenity_id, accommodations_id) VALUES (15, 63);
INSERT INTO accommodation_amenity (amenity_id, accommodations_id) VALUES (5, 63);
INSERT INTO accommodation_amenity (amenity_id, accommodations_id) VALUES (9, 63);
INSERT INTO accommodation_amenity (amenity_id, accommodations_id) VALUES (10, 63);
INSERT INTO accommodation_amenity (amenity_id, accommodations_id) VALUES (1, 63);
INSERT INTO accommodation_amenity (amenity_id, accommodations_id) VALUES (14, 63);
INSERT INTO accommodation_amenity (amenity_id, accommodations_id) VALUES (7, 63);
INSERT INTO accommodation_amenity (amenity_id, accommodations_id) VALUES (6, 63);
INSERT INTO accommodation_amenity (amenity_id, accommodations_id) VALUES (8, 63);
INSERT INTO accommodation_image (accommodations_id, image_url, image_type, sort_order) VALUES (63, 'https://search.pstatic.net/common/?autoRotate=true&type=w560_sharpen&src=https%3A%2F%2Fldb-phinf.pstatic.net%2F20200911_116%2F1599820209697nz9BB_PNG%2FQJ6hzLgZkWdNtF5-uF7Y21Hq.png', 'banner', 0);
INSERT INTO accommodation_image (accommodations_id, image_url, image_type, sort_order) VALUES (63, 'https://search.pstatic.net/common/?autoRotate=true&type=w278_sharpen&src=https%3A%2F%2Fldb-phinf.pstatic.net%2F20220725_16%2F1658738367954z9QO2_JPEG%2FIMG_1309.JPG', 'detail', 1);
INSERT INTO accommodation_image (accommodations_id, image_url, image_type, sort_order) VALUES (63, 'https://search.pstatic.net/common/?autoRotate=true&type=w278_sharpen&src=https%3A%2F%2Fldb-phinf.pstatic.net%2F20200904_272%2F1599205644346Ct5ac_JPEG%2Fv2kB1tb6GkVlGc5B7DFk5ge5.JPG.jpg', 'detail', 2);
INSERT INTO accommodation_image (accommodations_id, image_url, image_type, sort_order) VALUES (63, 'https://search.pstatic.net/common/?autoRotate=true&type=w278_sharpen&src=https%3A%2F%2Fldb-phinf.pstatic.net%2F20200904_157%2F1599205543887dMBQs_JPEG%2Fhc-oXKU3ZAhLDGNd5x2NU-yv.jpg', 'detail', 3);
INSERT INTO accommodation_image (accommodations_id, image_url, image_type, sort_order) VALUES (63, 'https://search.pstatic.net/common/?autoRotate=true&type=w278_sharpen&src=https%3A%2F%2Fldb-phinf.pstatic.net%2F20200922_141%2F1600764571398FpO8g_JPEG%2FTOC6CjjbPM2UD1jZqeSKBgOn.jpg', 'detail', 4);
INSERT INTO room (accommodations_id, room_name, price, min_guests, max_guests, room_description, main_image_url, bathroom_count, room_type, bed_count) VALUES (63, '여성 넓은 도미토리 A', 25000, 2, 8, '기준 1인 (최대 8인)', 'https://search.pstatic.net/common/?autoRotate=true&quality=95&type=w750&src=https%3A%2F%2Fnaverbooking-phinf.pstatic.net%2F20220725_269%2F1658752334618RcR7M_JPEG%2F%25C1%25A6%25C1%25D6%25B0%25D4%25C7%25CF_%25BD%25BA%25C5%25DC_%25BF%25B9%25BD%25BA%25C1%25D8_%25B0%25D4%25BD%25BA%25C6%25AE%25C7%25CF%25BF%25EC%25BD%25BA_%25288%2529.JPG', 0, 'STANDARD', 0);
INSERT INTO room (accommodations_id, room_name, price, min_guests, max_guests, room_description, main_image_url, bathroom_count, room_type, bed_count) VALUES (63, '남성 넓은 도미토리 A', 25000, 2, 8, '기준 1인 (최대 8인)', 'https://search.pstatic.net/common/?autoRotate=true&quality=95&type=w750&src=https%3A%2F%2Fnaverbooking-phinf.pstatic.net%2F20220725_257%2F1658752444223rqsT2_JPEG%2F%25C1%25A6%25C1%25D6%25B0%25D4%25C7%25CF_%25BD%25BA%25C5%25DC_%25BF%25B9%25BD%25BA%25C1%25D8_%25B0%25D4%25BD%25BA%25C6%25AE%25C7%25CF%25BF%25EC%25BD%25BA_%252810%2529.JPG', 0, 'STANDARD', 0);
INSERT INTO room (accommodations_id, room_name, price, min_guests, max_guests, room_description, main_image_url, bathroom_count, room_type, bed_count) VALUES (63, '여성 넓은 도미토리 B', 25000, 2, 8, '기준 1인 (최대 8인)', 'https://search.pstatic.net/common/?autoRotate=true&quality=95&type=w750&src=https%3A%2F%2Fnaverbooking-phinf.pstatic.net%2F20220725_220%2F16587523996451QoPc_JPEG%2F%25C1%25A6%25C1%25D6%25B0%25D4%25C7%25CF_%25BD%25BA%25C5%25DC_%25BF%25B9%25BD%25BA%25C1%25D8_%25B0%25D4%25BD%25BA%25C6%25AE%25C7%25CF%25BF%25EC%25BD%25BA_%25288%2529.JPG', 0, 'STANDARD', 0);
INSERT INTO room (accommodations_id, room_name, price, min_guests, max_guests, room_description, main_image_url, bathroom_count, room_type, bed_count) VALUES (63, '남성 넓은 도미토리 B', 25000, 2, 8, '기준 1인 (최대 8인)', 'https://search.pstatic.net/common/?autoRotate=true&quality=95&type=w750&src=https%3A%2F%2Fnaverbooking-phinf.pstatic.net%2F20220725_113%2F1658752490135UwyBO_JPEG%2F%25C1%25A6%25C1%25D6%25B0%25D4%25C7%25CF_%25BD%25BA%25C5%25DC_%25BF%25B9%25BD%25BA%25C1%25D8_%25B0%25D4%25BD%25BA%25C6%25AE%25C7%25CF%25BF%25EC%25BD%25BA_%252810%2529.JPG', 0, 'STANDARD', 0);
INSERT INTO room (accommodations_id, room_name, price, min_guests, max_guests, room_description, main_image_url, bathroom_count, room_type, bed_count) VALUES (63, '오션뷰 Private Room', 65000, 2, 4, '일반객실, 기준 2인 (최대 4인) | 침실 1, 침대 2, 최소 1박', 'https://search.pstatic.net/common/?autoRotate=true&quality=95&type=w750&src=https%3A%2F%2Fnaverbooking-phinf.pstatic.net%2F20190926_186%2F1569492649314grJEw_JPEG%2F20190926_104849.jpg', 0, 'STANDARD', 2);

INSERT INTO accommodation (accommodations_id, accommodations_name, accommodations_category, accommodations_description, city, district, address_detail, latitude, longitude, transport_info, parking_info, phone, rating, review_count, source_url, source_platform, sns, check_in_time, check_out_time, short_description) VALUES (64, '제주 아지 호스텔', 'GUESTHOUSE', NULL, '제주', '제주시', '16-13', 33.5142328, 126.5210196, NULL, NULL, '064-722-1296', null, 61, 'https://map.naver.com/p/search/%EC%A0%9C%EC%A3%BC+%EC%95%84%EC%A7%80+%ED%98%B8%EC%8A%A4%ED%85%94/place/35457977?isCorrectAnswer=true&c=15.00,0,0,0,dh&placePath=/home?from=map&fromPanelNum=1&additionalHeight=76&timestamp=202512181230&locale=ko&svcName=map_pcv5&searchText=%EC%A0%9C%EC%A3%BC%2B%EC%95%84%EC%A7%80%2B%ED%98%B8%EC%8A%A4%ED%85%94&businessCategory=guesthouse', 'NAVER', NULL, NULL, NULL, '친절한 서비스와 맛집 볼 거리의 만남');
INSERT INTO accommodation_image (accommodations_id, image_url, image_type, sort_order) VALUES (64, 'https://search.pstatic.net/common/?autoRotate=true&quality=95&type=w750&src=https%3A%2F%2Fapis.naver.com%2Fplace%2Fpanorama%2Fthumbnail%2F35457977%2F0%3Fwidth%3D800%26height%3D400%26msgpad%3D1766028620811%26md%3DHcpiNUsRgvKs1AlCDpbhtkVOY8E%253D', 'banner', 0);

INSERT INTO accommodation (accommodations_id, accommodations_name, accommodations_category, accommodations_description, city, district, address_detail, latitude, longitude, transport_info, parking_info, phone, rating, review_count, source_url, source_platform, sns, check_in_time, check_out_time, short_description) VALUES (65, '제주 백패커스홈 게스트하우스', 'GUESTHOUSE', '[객실 안내]\n- 모든 침대는 편안한 라텍스 입니다.\n- 도미토리 내 개별 암막커튼으로 숙면 가능.\n- 붙박이 벙커형 도미토리 운영(흔들림이 없어요)\n- 객실 내 화장실과 샤워실이 있으며, 칸막이가 설치.\n- 모든 욕실용품 비치\n\n[정통 그릴바베큐파티 안내]\n- 무제한 그릴바베큐\n- 프라이빗 야외마당에서 즐기는 파티\n- 하절기(4월~9월) 19시\n- 동절기(10월~3월) 18시30분\n- 사전예약제 시행, 당일 문자예약 가능 (16시 이전)\n- 최소인원 5명\n\n[야외 불멍]\n- 날이 아두워지면 야외마당에 모닥불 피웁니다.\n (너무 덥거나 비오는 날은 불가)\n- 불멍은 누구나 즐길수 있습니다.\n\n[조식 안내]\n- 조식은 숙박요금에 포함됩니다.\n- 식빵, 시리얼, 계란, 감자튀김, 커피, 오렌지주스 등\n- 위치 : Backpackers PUB 지하 1층\n- 운영시간 : 07:30 ~ 09:00\n\n[Backpackers 비어가든 & PUB 이용 안내]\n- 취급주류 : 맥주\n- 각종 안주\n- 운영 시간 : 17시 ~ 23시\n\n[공용공간 운용]\n- 야외마당 (자유롭게 음식과 주류를 가져와 드실수 있습니다.)\n- 주방 (자유롭게 취사 가능. 단, 고기, 생선 등 구이는 불가)\n- 3층 라운지\n- 바다뷰 루프탑\n- 모든 공용공간은 23시 소등합니다.\n\n[주변지역정보]\n매일올레시장(먹거리)-제주최대, 이중섭거리(주점), 새연교(야경), 천지연폭포(야경), 아랑조을거리(맛집), 정방폭포, 외돌개, 쇠소깍\n- 중문관광단지 (차량 20분/ 버스 30분)\n- 한라산 (성판악입구까지 버스 30분) - 중앙로터리 탑승\n\n[백패커스홈 시설]\n- 무료 WiFi (암호없음)\n- 신관 16대, 본관 11대 CCTV 24시간 운용\n- 넓은 주차공간 보유 (최대 15대), 오토바이 전용 주차장 운용\n- 프라이빗 야외마당\n- 바다가 보이는 루프탑\n\n※ 도미토리 객실 내 냄새나는 음식 취식은 금지 되어 있어요.\n※ 객실 내 흡연 및 소란(취객) 금지.\n※ 입실 후 환불(부분환불)은 불가합니다.\n\n**지속적인 운영 비용의 상승으로 인해 부득이하게 2025년 12월 1일부터 숙박 요금을 일부 조정하게 되었습니다. 고객님의 넓은 이해를 부탁드리며 앞으로도 변함없는 서비스 품질을 유지하고 개선하는데 최선을 다하겠습니다. 감사합니다.\n\nhttps://www.instagram.com/backpackers_home/', '제주', '서귀포시', '24-7 1층', 33.2470172, 126.5589786, '차량소유자는 위 주소를 검색하여 오시기 바랍니다. /\n공항버스 600번(공항 5번출구), 셋기정공원 하차, 도보 2분 /\n공항버스 801(공항 2번출구), 중앙로터리 하차, 도보 10분', '주차가능\n무료\n주소 검색 " 서귀포시 중정로 24-7 ", 주차장과 연결 됩니다.', '0507-1444-4009', null, 2555, 'https://map.naver.com/p/entry/place/34345716?c=15.00,0,0,0,dh&placePath=/room?entry=bmp&fromPanelNum=1&additionalHeight=76&timestamp=202512181231&locale=ko&svcName=map_pcv5&businessCategory=guesthouse&fromPanelNum=1&additionalHeight=76&timestamp=202512181231&locale=ko&svcName=map_pcv5&businessCategory=guesthouse&from=map', 'NAVER', 'Blog: https://blog.naver.com/backpackershome\nInstagram: https://www.instagram.com/backpackers_home/', '16:00', '11:00', '활기찬 분위기에서 즐거운 바베큐 파티');
INSERT INTO accommodation_theme (theme_id, accommodations_id) VALUES (3, 65);
INSERT INTO accommodation_theme (theme_id, accommodations_id) VALUES (1, 65);
INSERT INTO accommodation_theme (theme_id, accommodations_id) VALUES (2, 65);
INSERT INTO accommodation_theme (theme_id, accommodations_id) VALUES (6, 65);
INSERT INTO accommodation_theme (theme_id, accommodations_id) VALUES (4, 65);
INSERT INTO accommodation_amenity (amenity_id, accommodations_id) VALUES (5, 65);
INSERT INTO accommodation_amenity (amenity_id, accommodations_id) VALUES (6, 65);
INSERT INTO accommodation_amenity (amenity_id, accommodations_id) VALUES (4, 65);
INSERT INTO accommodation_amenity (amenity_id, accommodations_id) VALUES (1, 65);
INSERT INTO accommodation_amenity (amenity_id, accommodations_id) VALUES (7, 65);
INSERT INTO accommodation_amenity (amenity_id, accommodations_id) VALUES (2, 65);
INSERT INTO accommodation_amenity (amenity_id, accommodations_id) VALUES (3, 65);
INSERT INTO accommodation_amenity (amenity_id, accommodations_id) VALUES (38, 65);
INSERT INTO accommodation_image (accommodations_id, image_url, image_type, sort_order) VALUES (65, 'https://search.pstatic.net/common/?autoRotate=true&type=w560_sharpen&src=https%3A%2F%2Fldb-phinf.pstatic.net%2F20251115_168%2F1763180838973bCl4A_PNG%2F%25BB%25E7%25C1%25F81.png', 'banner', 0);
INSERT INTO accommodation_image (accommodations_id, image_url, image_type, sort_order) VALUES (65, 'https://search.pstatic.net/common/?autoRotate=true&type=w278_sharpen&src=https%3A%2F%2Fldb-phinf.pstatic.net%2F20251115_21%2F1763180877485aCNFQ_PNG%2F%25BB%25E7%25C1%25F82.png', 'detail', 1);
INSERT INTO accommodation_image (accommodations_id, image_url, image_type, sort_order) VALUES (65, 'https://search.pstatic.net/common/?autoRotate=true&type=w278_sharpen&src=https%3A%2F%2Fldb-phinf.pstatic.net%2F20251115_151%2F17631814558226JoV7_PNG%2F%25BB%25E7%25C1%25F83.png', 'detail', 2);
INSERT INTO accommodation_image (accommodations_id, image_url, image_type, sort_order) VALUES (65, 'https://search.pstatic.net/common/?autoRotate=true&type=w278_sharpen&src=https%3A%2F%2Fldb-phinf.pstatic.net%2F20251115_169%2F1763181738728UCwz0_JPEG%2FKakaoTalk_20251115_134106807.jpg', 'detail', 3);
INSERT INTO accommodation_image (accommodations_id, image_url, image_type, sort_order) VALUES (65, 'https://search.pstatic.net/common/?autoRotate=true&type=w278_sharpen&src=https%3A%2F%2Fldb-phinf.pstatic.net%2F20211210_186%2F16391376563571tGXK_JPEG%2F%25BA%25B8%25C1%25A4%25BA%25BB_%25BA%25CE%25B4%25EB%25BD%25C3%25BC%25B3_5%25C3%25FE_%25B7%25E7%25C7%25C1%25C5%25BE_%25C0%25FA%25B3%25E1_%25281%2529.jpg', 'detail', 4);
INSERT INTO room (accommodations_id, room_name, price, min_guests, max_guests, room_description, main_image_url, bathroom_count, room_type, bed_count) VALUES (65, '여자도미토리 6인실 컨티넨탈 조식', 23000, 2, 6, '공용객실, 기준 1인 (최대 6인) | 침실 1, 침대 3, 욕실 1, 최소 1박', 'https://search.pstatic.net/common/?autoRotate=true&quality=95&type=w750&src=https%3A%2F%2Fnaverbooking-phinf.pstatic.net%2F20210808_179%2F1628404165819g2Ftq_JPEG%2F%25BA%25B8%25C1%25A4%25BA%25BB_6%25C0%25CE_%25B5%25B5%25B9%25CC%25C5%25E4%25B8%25AE_%25282%2529.jpg', 1, 'STANDARD', 3);
INSERT INTO room (accommodations_id, room_name, price, min_guests, max_guests, room_description, main_image_url, bathroom_count, room_type, bed_count) VALUES (65, '남자도미토리 6인실 컨티넨탈 조식', 23000, 2, 6, '공용객실, 기준 1인 (최대 6인) | 침실 1, 침대 3, 욕실 1, 최소 1박', 'https://search.pstatic.net/common/?autoRotate=true&quality=95&type=w750&src=https%3A%2F%2Fnaverbooking-phinf.pstatic.net%2F20210808_172%2F16284047201946lmau_JPEG%2F%25BA%25B8%25C1%25A4%25BA%25BB_6%25C0%25CE_%25B5%25B5%25B9%25CC%25C5%25E4%25B8%25AE_%252813%2529.jpg', 1, 'STANDARD', 3);
INSERT INTO room (accommodations_id, room_name, price, min_guests, max_guests, room_description, main_image_url, bathroom_count, room_type, bed_count) VALUES (65, '여자도미토리 4인실-컨티넨탈 조식', 27000, 2, 4, '공용객실, 기준 1인 (최대 4인) | 침실 1, 침대 2, 욕실 1, 최소 1박', 'https://search.pstatic.net/common/?autoRotate=true&quality=95&type=w750&src=https%3A%2F%2Fnaverbooking-phinf.pstatic.net%2F20210808_249%2F1628404383380dsBIK_JPEG%2F%25BA%25B8%25C1%25A4%25BA%25BB_4%25C0%25CE_%25B5%25B5%25B9%25CC%25C5%25E4%25B8%25AE_%25284%2529.jpg', 1, 'STANDARD', 2);
INSERT INTO room (accommodations_id, room_name, price, min_guests, max_guests, room_description, main_image_url, bathroom_count, room_type, bed_count) VALUES (65, '남자도미토리 4인실 - 컨티넨탈 조식', 27000, 2, 4, '공용객실, 기준 1인 (최대 4인) | 침실 1, 침대 2, 욕실 1, 최소 1박', 'https://search.pstatic.net/common/?autoRotate=true&quality=95&type=w750&src=https%3A%2F%2Fnaverbooking-phinf.pstatic.net%2F20210808_272%2F162840494510425c9u_JPEG%2F%25BA%25B8%25C1%25A4%25BA%25BB_4%25C0%25CE_%25B5%25B5%25B9%25CC%25C5%25E4%25B8%25AE_%25285%2529.jpg', 1, 'STANDARD', 2);
INSERT INTO room (accommodations_id, room_name, price, min_guests, max_guests, room_description, main_image_url, bathroom_count, room_type, bed_count) VALUES (65, 'Standard 1인실-컨티넨탈 조식', 41000, 2, 1, '일반객실, 기준 1인 (최대 1인) | 침실 1, 침대 1, 욕실 1, 최소 1박', 'https://search.pstatic.net/common/?autoRotate=true&quality=95&type=w750&src=https%3A%2F%2Fnaverbooking-phinf.pstatic.net%2F20210614_127%2F1623658406558W7bbM_JPEG%2F%25282021%2529_%25BD%25CC%25B1%25DB%25B7%25EB_401%25C8%25A3_1.jpg', 1, 'STANDARD', 1);
INSERT INTO room (accommodations_id, room_name, price, min_guests, max_guests, room_description, main_image_url, bathroom_count, room_type, bed_count) VALUES (65, 'Standard Double Room - 컨티넨탈 조식', 51000, 2, 2, '일반객실, 기준 2인 (최대 2인) | 침실 1, 침대 1, 욕실 1, 최소 1박', 'https://search.pstatic.net/common/?autoRotate=true&quality=95&type=w750&src=https%3A%2F%2Fnaverbooking-phinf.pstatic.net%2F20210720_269%2F1626773395394Pk99A_JPEG%2F%25282021%2529_%25B5%25F0%25B7%25B0%25BD%25BA_%25B4%25F5%25BA%25ED%25B7%25EB_202%25C8%25A3_2.jpg', 1, 'STANDARD', 1);
INSERT INTO room (accommodations_id, room_name, price, min_guests, max_guests, room_description, main_image_url, bathroom_count, room_type, bed_count) VALUES (65, 'Standard Twin Room(2인)-컨티넨탈 조식', 54000, 2, 2, '일반객실, 기준 2인 (최대 2인) | 침실 1, 침대 2, 욕실 1, 최소 1박', 'https://search.pstatic.net/common/?autoRotate=true&quality=95&type=w750&src=https%3A%2F%2Fnaverbooking-phinf.pstatic.net%2F20210614_5%2F1623657486760i9W9K_JPEG%2F%25282021%2529_%25C6%25AE%25C0%25A9%25B7%25EB_402%25C8%25A3_14.jpg', 1, 'STANDARD', 2);
INSERT INTO room (accommodations_id, room_name, price, min_guests, max_guests, room_description, main_image_url, bathroom_count, room_type, bed_count) VALUES (65, 'Premium Double Room(2인) 컨티넨탈조식', 54000, 2, 2, '일반객실, 기준 2인 (최대 2인) | 침실 1, 침대 1, 욕실 1, 최소 1박', 'https://search.pstatic.net/common/?autoRotate=true&quality=95&type=w750&src=https%3A%2F%2Fnaverbooking-phinf.pstatic.net%2F20210614_75%2F1623657078323I5mh0_JPEG%2F%25282021%2529_%25C7%25C1%25B8%25AE%25B9%25CC%25BE%25F6%25B4%25F5%25BA%25ED%25B7%25EB_407%25C8%25A3_29.jpg', 1, 'STANDARD', 1);
INSERT INTO room (accommodations_id, room_name, price, min_guests, max_guests, room_description, main_image_url, bathroom_count, room_type, bed_count) VALUES (65, 'Standard Triple Room3인-컨티넨탈 조식', 73000, 2, 3, '일반객실, 기준 3인 (최대 3인) | 침실 1, 침대 2, 욕실 1, 최소 1박', 'https://search.pstatic.net/common/?autoRotate=true&quality=95&type=w750&src=https%3A%2F%2Fnaverbooking-phinf.pstatic.net%2F20210614_256%2F1623657896834CzQ6k_JPEG%2F%25282021%2529_%25C6%25AE%25B8%25AE%25C7%25C3%25B7%25EB_206%25C8%25A3_3.jpg', 1, 'STANDARD', 2);

INSERT INTO accommodation (accommodations_id, accommodations_name, accommodations_category, accommodations_description, city, district, address_detail, latitude, longitude, transport_info, parking_info, phone, rating, review_count, source_url, source_platform, sns, check_in_time, check_out_time, short_description) VALUES (66, '제주공항 해나 게스트하우스', 'GUESTHOUSE', '*각방 와이파이 완비\n*각방 개별 난방, 냉방 시설 완비\n*공항, 애월한담해안, 이호테우해수욕장 인근\n*뚜벅이들에게 좋은 위치 (버스 정류장과 노선 다양)\n*주차하기 좋은 위치 (공영주차장 인근)\n*남, 여 개별 전용층 사용\n*가족단위 숙박 가능\n*여러 악기와 무대가 세팅된 분위기 좋은 카페\n\n취소/환불 규정\n7일 이전 취소 시 : 전액 환불\n3일~6일 이전 취소 시 : 50% 환불\n전날~2일 이전 취소 시 : 30% 환불\n당일 취소 시 : 환불 불가', '제주', '제주시', '하귀동남1길 50-4', null, null, '제주공항에서 차로 이동할 경우 : 15분 소요 예상\n제주공항에서 버스로 이동할 경우 :\n1. 제주공항에서 신제주방면으로 가는 370번 타서 비석동 하차 (40분 소요)\n2. 제주공항에서 대정,화순,일주서로 방면으로 가는 102번(빨강) 탑승 하귀환승정류장 하차 (30분 소요)\n3. 제주공항에서 제주도청 신제주로터리로 가서 355번 승차, 하귀휴먼시아 입구 하차 (40분 소요)', NULL, '0507-1414-5037', null, 428, 'https://map.naver.com/p/search/%EC%A0%9C%EC%A3%BC%EA%B3%B5%ED%95%AD+%ED%95%B4%EB%82%98+%EA%B2%8C%EC%8A%A4%ED%8A%B8%ED%95%98%EC%9A%B0%EC%8A%A4/place/407879303?isCorrectAnswer=true&c=15.00,0,0,0,dh&placePath=/room?fromPanelNum=1&additionalHeight=76&timestamp=202512181231&locale=ko&svcName=map_pcv5&searchText=%EC%A0%9C%EC%A3%BC%EA%B3%B5%ED%95%AD%2B%ED%95%B4%EB%82%98%2B%EA%B2%8C%EC%8A%A4%ED%8A%B8%ED%95%98%EC%9A%B0%EC%8A%A4&businessCategory=guesthouse&additionalHeight=76&timestamp=202512181231&locale=ko&svcName=map_pcv5&searchText=%EC%A0%9C%EC%A3%BC%EA%B3%B5%ED%95%AD%2B%ED%95%B4%EB%82%98%2B%EA%B2%8C%EC%8A%A4%ED%8A%B8%ED%95%98%EC%9A%B0%EC%8A%A4&businessCategory=guesthouse&fromPanelNum=1', 'NAVER', 'Blog: https://blog.naver.com/jejuhannah\nInstagram: https://www.instagram.com/hannah_guesthouse/', '16:00', '10:00', '편리한 위치와 넓은 깔끔한 내부의 편안함');
INSERT INTO accommodation_theme (theme_id, accommodations_id) VALUES (1, 66);
INSERT INTO accommodation_theme (theme_id, accommodations_id) VALUES (3, 66);
INSERT INTO accommodation_amenity (amenity_id, accommodations_id) VALUES (1, 66);
INSERT INTO accommodation_amenity (amenity_id, accommodations_id) VALUES (7, 66);
INSERT INTO accommodation_amenity (amenity_id, accommodations_id) VALUES (5, 66);
INSERT INTO accommodation_amenity (amenity_id, accommodations_id) VALUES (6, 66);
INSERT INTO accommodation_amenity (amenity_id, accommodations_id) VALUES (16, 66);
INSERT INTO accommodation_amenity (amenity_id, accommodations_id) VALUES (10, 66);
INSERT INTO accommodation_amenity (amenity_id, accommodations_id) VALUES (4, 66);
INSERT INTO accommodation_image (accommodations_id, image_url, image_type, sort_order) VALUES (66, 'https://search.pstatic.net/common/?autoRotate=true&type=w560_sharpen&src=https%3A%2F%2Fldb-phinf.pstatic.net%2F20170622_213%2F1498097381388AR4NG_JPEG%2F186571436576898_0.jpeg', 'banner', 0);
INSERT INTO accommodation_image (accommodations_id, image_url, image_type, sort_order) VALUES (66, 'https://search.pstatic.net/common/?autoRotate=true&type=w278_sharpen&src=https%3A%2F%2Fldb-phinf.pstatic.net%2F20170625_155%2F149836705954687abp_JPEG%2F186575543437724_2.jpeg', 'detail', 1);
INSERT INTO accommodation_image (accommodations_id, image_url, image_type, sort_order) VALUES (66, 'https://search.pstatic.net/common/?autoRotate=true&type=w278_sharpen&src=https%3A%2F%2Fldb-phinf.pstatic.net%2F20190314_40%2F15525369794609DRve_JPEG%2FP3140291.JPG', 'detail', 2);
INSERT INTO accommodation_image (accommodations_id, image_url, image_type, sort_order) VALUES (66, 'https://search.pstatic.net/common/?autoRotate=true&type=w278_sharpen&src=https%3A%2F%2Fldb-phinf.pstatic.net%2F20190314_48%2F15525369792980nj1h_JPEG%2FP3140292.JPG', 'detail', 3);
INSERT INTO accommodation_image (accommodations_id, image_url, image_type, sort_order) VALUES (66, 'https://search.pstatic.net/common/?autoRotate=true&type=w278_sharpen&src=https%3A%2F%2Fldb-phinf.pstatic.net%2F20170625_220%2F1498367059121LUXot_JPEG%2F186575543437724_1.jpeg', 'detail', 4);
INSERT INTO room (accommodations_id, room_name, price, min_guests, max_guests, room_description, main_image_url, bathroom_count, room_type, bed_count) VALUES (66, '여성 전용 4인 도미토리', 26000, 2, 4, '기준 1인 (최대 4인)', 'https://search.pstatic.net/common/?autoRotate=true&quality=95&type=w750&src=https%3A%2F%2Fnaverbooking-phinf.pstatic.net%2F20170624_221%2F1498293638640OhGzM_JPEG%2F_DSC3534.JPG', 0, 'STANDARD', 0);
INSERT INTO room (accommodations_id, room_name, price, min_guests, max_guests, room_description, main_image_url, bathroom_count, room_type, bed_count) VALUES (66, '여성 전용 6인 도미토리', 24000, 2, 6, '기준 1인 (최대 6인)', 'https://search.pstatic.net/common/?autoRotate=true&quality=95&type=w750&src=https%3A%2F%2Fnaverbooking-phinf.pstatic.net%2F20170624_267%2F1498294835459mi7sH_JPEG%2F_DSC3531.JPG', 0, 'STANDARD', 0);
INSERT INTO room (accommodations_id, room_name, price, min_guests, max_guests, room_description, main_image_url, bathroom_count, room_type, bed_count) VALUES (66, '남성전용 5인 도미토리', 26000, 2, 5, '기준 1인 (최대 5인)', 'https://search.pstatic.net/common/?autoRotate=true&quality=95&type=w750&src=https%3A%2F%2Fnaverbooking-phinf.pstatic.net%2F20170624_218%2F14982939817289DM8B_JPEG%2F_DSC3553_-_%25BA%25B9%25BB%25E7%25BA%25BB.JPG', 0, 'STANDARD', 0);
INSERT INTO room (accommodations_id, room_name, price, min_guests, max_guests, room_description, main_image_url, bathroom_count, room_type, bed_count) VALUES (66, '남성 5인 도미토리 (가변형)', 26000, 2, 5, '기준 1인 (최대 5인)', 'https://search.pstatic.net/common/?autoRotate=true&quality=95&type=w750&src=https%3A%2F%2Fnaverbooking-phinf.pstatic.net%2F20170624_117%2F1498294611296Po2YN_JPEG%2F_DSC3557.JPG', 0, 'STANDARD', 0);

INSERT INTO accommodation (accommodations_id, accommodations_name, accommodations_category, accommodations_description, city, district, address_detail, latitude, longitude, transport_info, parking_info, phone, rating, review_count, source_url, source_platform, sns, check_in_time, check_out_time, short_description) VALUES (67, '제주 마로호스텔', 'GUESTHOUSE', '* 호스텔 규칙\n1. 매우 엄격한 금연정책을 가지고 있습니다.\n건물내 전체 금연이며 흡연적발시 강제 퇴실 및 벌금 5만원이 부과됩니다.\n\n2. 건물내 엘리베이터가 없고 객실 규모가 작아서 소음문제로 인해 12세 미만 어린이에겐 적합하지 않습니다.\n\n3. 다른 투숙객들을 위해서 반려동물 동반은 금지되어 있습니다.\n\n4. 투숙객외 방문객은 객실 출입이 제한돼있습니다. 방문객은 투숙객과 함께 라운지 이용 부탁드립니다. [라운지 오픈 ~23:00] 인원추가 예정시 입실 전 숙소측에 알려주세요.\n\n※ 규칙 위반시 미환불 예약취소가 가능합니다.\n\n- 입실시간 15시 부터\n- 퇴실시간 11시 까지\n\n숙소에 일찍 도착하시면 1층 로비 계단 옆에 캐리어를 놓으시고 외출하시거나 리운지에서 기다리실 수 있습니다.\n\n입실 당일 오전 11경 확인 문자 먼저 드리고 방 번호 포함 입실 안내는 청소 마친 후 오후 3시 전에 알려드리겠습니다. 입력된 전화번호로 문자드립니다.\n\n- 취소 및 환불 기준\n- 체크인일 기준 4일 전 : 100% 환불\n- 체크인일 기준 2 ~ 3일 전 : 50% 환불\n- 체크인일 기준 1일 전 : 20% 환불\n- 체크인당일 취소 및 노쇼 : 환불불가\n\n※ 예약 변경 수수료와 취소 수수료는 동일합니다.\n[예약 변경은 숙소 측에 요청 부탁드립니다.]\n※ 예약 확인은 네이버 로그인 후 프로필>최근예약에서 확인하실 수 있습니다.', '제주', '제주시', '5', 33.5097617, 126.5422198, '제주공항에서 급행(101,121,131) 일반(332) 타시고 천수동에서 내리셔서 건너편 LG 베스트샾 골목으로 살짝 들어오시면 됩니다.', '주차가능\n무료\n건물 뒤 주차장에 이중주차 시 최대 4대까지 가능합니다. 자리가 없을 시 골목 주차나 영락 교회 앞 모로왓 제1,2 공영주차장을 이용하실 수 있습니다. (평일 18:00-9:00, 토, 일요일, 공휴일 무료)', '0507-1350-3560', null, 514, 'https://map.naver.com/p/search/%EC%A0%9C%EC%A3%BC+%EB%A7%88%EB%A1%9C%ED%98%B8%EC%8A%A4%ED%85%94/place/36648596?isCorrectAnswer=true&c=15.00,0,0,0,dh&placePath=/room?fromPanelNum=1&additionalHeight=76&timestamp=202512181232&locale=ko&svcName=map_pcv5&searchText=%EC%A0%9C%EC%A3%BC%2B%EB%A7%88%EB%A1%9C%ED%98%B8%EC%8A%A4%ED%85%94&businessCategory=guesthouse&additionalHeight=76&timestamp=202512181232&locale=ko&svcName=map_pcv5&searchText=%EC%A0%9C%EC%A3%BC%2B%EB%A7%88%EB%A1%9C%ED%98%B8%EC%8A%A4%ED%85%94&businessCategory=guesthouse&fromPanelNum=1', 'NAVER', 'Instagram: http://www.instagram.com/marohostel', '15:00', '11:00', '넓고 쾌적한 방에서 편안한 휴식');
INSERT INTO accommodation_amenity (amenity_id, accommodations_id) VALUES (6, 67);
INSERT INTO accommodation_image (accommodations_id, image_url, image_type, sort_order) VALUES (67, 'https://search.pstatic.net/common/?autoRotate=true&type=w560_sharpen&src=https%3A%2F%2Fldb-phinf.pstatic.net%2F20181219_154%2F1545219455253JlRRV_JPEG%2FIMG_2242.jpg', 'banner', 0);
INSERT INTO accommodation_image (accommodations_id, image_url, image_type, sort_order) VALUES (67, 'https://search.pstatic.net/common/?autoRotate=true&type=w278_sharpen&src=https%3A%2F%2Fldb-phinf.pstatic.net%2F20181219_105%2F15452194572252XbKo_JPEG%2FIMG_2243.jpg', 'detail', 1);
INSERT INTO accommodation_image (accommodations_id, image_url, image_type, sort_order) VALUES (67, 'https://search.pstatic.net/common/?autoRotate=true&type=w278_sharpen&src=https%3A%2F%2Fldb-phinf.pstatic.net%2F20220105_12%2F16413589981140V7Qd_JPEG%2F0716056D-1144-43FF-91E3-ACA65211D4A3.jpeg', 'detail', 2);
INSERT INTO accommodation_image (accommodations_id, image_url, image_type, sort_order) VALUES (67, 'https://search.pstatic.net/common/?autoRotate=true&type=w278_sharpen&src=https%3A%2F%2Fldb-phinf.pstatic.net%2F20181219_84%2F1545219455233c7OCS_JPEG%2FIMG_2244.jpg', 'detail', 3);
INSERT INTO accommodation_image (accommodations_id, image_url, image_type, sort_order) VALUES (67, 'https://search.pstatic.net/common/?autoRotate=true&type=w278_sharpen&src=https%3A%2F%2Fldb-phinf.pstatic.net%2F20181219_128%2F1545219455339my7Ee_JPEG%2FIMG_2246.jpg', 'detail', 4);
INSERT INTO room (accommodations_id, room_name, price, min_guests, max_guests, room_description, main_image_url, bathroom_count, room_type, bed_count) VALUES (67, '할인가_더블/트윈룸(개인실, 개인욕실)', 30000, 2, 2, '일반객실, 기준 2인 (최대 2인) | 침실 1, 침대 2, 욕실 1, 최소 1박', 'https://search.pstatic.net/common/?autoRotate=true&quality=95&type=w750&src=https%3A%2F%2Fnaverbooking-phinf.pstatic.net%2F20181219_94%2F1545219156104k3z2y_JPEG%2FIMG_2242.jpg', 1, 'STANDARD', 2);
INSERT INTO room (accommodations_id, room_name, price, min_guests, max_guests, room_description, main_image_url, bathroom_count, room_type, bed_count) VALUES (67, '정상가_더블/트윈룸(개인실, 개인욕실)', 35000, 2, 2, '일반객실, 기준 2인 (최대 2인) | 침실 1, 침대 2, 욕실 1, 최소 1박', 'https://search.pstatic.net/common/?autoRotate=true&quality=95&type=w750&src=https%3A%2F%2Fnaverbooking-phinf.pstatic.net%2F20181219_94%2F1545219156104k3z2y_JPEG%2FIMG_2242.jpg', 1, 'STANDARD', 2);
INSERT INTO room (accommodations_id, room_name, price, min_guests, max_guests, room_description, main_image_url, bathroom_count, room_type, bed_count) VALUES (67, '할인가_3인실(개인실, 개인욕실)', 45000, 2, 3, '일반객실, 기준 3인 (최대 3인) | 침실 1, 침대 2, 욕실 1, 최소 1박', 'https://search.pstatic.net/common/?autoRotate=true&quality=95&type=w750&src=https%3A%2F%2Fnaverbooking-phinf.pstatic.net%2F20220105_58%2F1641392732001ErOVD_JPEG%2F647BDD2D-9BC9-45F4-ABF1-D693CF673BBE.jpeg', 1, 'STANDARD', 2);
INSERT INTO room (accommodations_id, room_name, price, min_guests, max_guests, room_description, main_image_url, bathroom_count, room_type, bed_count) VALUES (67, '정상가_3인실(개인실, 개인욕실)', 45000, 2, 3, '일반객실, 기준 3인 (최대 3인) | 침실 1, 침대 2, 욕실 1, 최소 1박', 'https://search.pstatic.net/common/?autoRotate=true&quality=95&type=w750&src=https%3A%2F%2Fnaverbooking-phinf.pstatic.net%2F20220105_58%2F1641392732001ErOVD_JPEG%2F647BDD2D-9BC9-45F4-ABF1-D693CF673BBE.jpeg', 1, 'STANDARD', 2);

INSERT INTO accommodation (accommodations_id, accommodations_name, accommodations_category, accommodations_description, city, district, address_detail, latitude, longitude, transport_info, parking_info, phone, rating, review_count, source_url, source_platform, sns, check_in_time, check_out_time, short_description) VALUES (68, '제주 표리네', 'GUESTHOUSE', '안녕하세요:)\n제주 표선에 읍내권 중심에 있는 횰이 언니 눈매 0000.1초 닮은 쥔장\n표리네 게스트하우스입니다.\n\n저희 표리네는 (개별 욕실.개별 냉장고/ 1인실. 2인실.4인실,도미토리)룸 4개로 나뉘어져 편안한 휴식을 취하실수 있습니다.\n\n 제주의 힐링 여행 ( 올레길/ 해안길 자전거/ 바다의 서핑/대중교통)이용 하시는 분들에 편히가 잘 되어 있습니다.\n\n표리네는 조용히 쉬다가 가시는곳이라 파티가 없습니다.\n\n꼭 게스트하우스라 나이제한 어렵게 생각하시는데, 일반 숙박이라 생각하시면 더욱더 편안한 표리네 게스트하우스를 사랑하실꺼라 생각이 듭니다.\n당일 예약도 가능하니 언제나 문의 주세요 *^^*\n\n백사장이 이쁘기로 유명한 표선해수욕장도 도보로 5분거리에\n있어 여름에 물놀이 /모래놀이하기 좋습니다.\n\n주변 맛집 또한 도보 5분 거리에 있어 가볍게 다니시기에 좋은 ( 표리네 게스트하우스) 랍니다', '제주', '서귀포시', '표선중앙로 73-9 표리네게스트하우스', 33.3270994, 126.8330854, '표선면사무소, 표선환승정류장 맞은편 골목으로 들어오시면 돼요', NULL, '0507-1340-0286', null, 113, 'https://map.naver.com/p/entry/place/1446825452?c=15.00,0,0,0,dh&placePath=/room?entry=bmp&fromPanelNum=1&additionalHeight=76&timestamp=202512181232&locale=ko&svcName=map_pcv5&businessCategory=guesthouse&fromPanelNum=1&additionalHeight=76&timestamp=202512181232&locale=ko&svcName=map_pcv5&businessCategory=guesthouse&from=map', 'NAVER', NULL, '15:00', '11:00', '좋은 위치와 가성비를 자랑하는 편안한 숙소');
INSERT INTO accommodation_theme (theme_id, accommodations_id) VALUES (3, 68);
INSERT INTO accommodation_theme (theme_id, accommodations_id) VALUES (1, 68);
INSERT INTO accommodation_amenity (amenity_id, accommodations_id) VALUES (1, 68);
INSERT INTO accommodation_amenity (amenity_id, accommodations_id) VALUES (7, 68);
INSERT INTO accommodation_amenity (amenity_id, accommodations_id) VALUES (5, 68);
INSERT INTO accommodation_amenity (amenity_id, accommodations_id) VALUES (4, 68);
INSERT INTO accommodation_amenity (amenity_id, accommodations_id) VALUES (15, 68);
INSERT INTO accommodation_amenity (amenity_id, accommodations_id) VALUES (6, 68);
INSERT INTO accommodation_image (accommodations_id, image_url, image_type, sort_order) VALUES (68, 'https://search.pstatic.net/common/?autoRotate=true&type=w560_sharpen&src=https%3A%2F%2Fldb-phinf.pstatic.net%2F20250508_139%2F1746688083938Unn0W_JPEG%2F1000013672.jpg', 'banner', 0);
INSERT INTO accommodation_image (accommodations_id, image_url, image_type, sort_order) VALUES (68, 'https://search.pstatic.net/common/?autoRotate=true&type=w278_sharpen&src=https%3A%2F%2Fldb-phinf.pstatic.net%2F20250508_105%2F17466880631201r9yE_JPEG%2F1000013674.jpg', 'detail', 1);
INSERT INTO accommodation_image (accommodations_id, image_url, image_type, sort_order) VALUES (68, 'https://search.pstatic.net/common/?autoRotate=true&type=w278_sharpen&src=https%3A%2F%2Fldb-phinf.pstatic.net%2F20230516_129%2F1684216960369HGIOe_JPEG%2FScreenshot_20230516_142116_KakaoTalk_6.jpg', 'detail', 2);
INSERT INTO accommodation_image (accommodations_id, image_url, image_type, sort_order) VALUES (68, 'https://search.pstatic.net/common/?autoRotate=true&type=w278_sharpen&src=https%3A%2F%2Fnaverbooking-phinf.pstatic.net%2F20230525_294%2F1685022533020qj2oX_JPEG%2FSNOW_20230525_161640_953.jpg', 'detail', 3);
INSERT INTO accommodation_image (accommodations_id, image_url, image_type, sort_order) VALUES (68, 'https://search.pstatic.net/common/?autoRotate=true&type=w278_sharpen&src=https%3A%2F%2Fnaverbooking-phinf.pstatic.net%2F20230525_145%2F1685022780046BfmE6_JPEG%2FSNOW_20230524_185911_449.jpg', 'detail', 4);
INSERT INTO room (accommodations_id, room_name, price, min_guests, max_guests, room_description, main_image_url, bathroom_count, room_type, bed_count) VALUES (68, '1인실(기준1인,최대2인,추가10,000원)', 35000, 2, 2, '일반객실, 기준 1인 (최대 2인) | 침실 1, 침대 1, 욕실 1, 최소 1박', 'https://search.pstatic.net/common/?autoRotate=true&quality=95&type=w750&src=https%3A%2F%2Fnaverbooking-phinf.pstatic.net%2F20230525_136%2F1685023811691BJHJr_JPEG%2F20230524_175310.jpg', 1, 'STANDARD', 1);
INSERT INTO room (accommodations_id, room_name, price, min_guests, max_guests, room_description, main_image_url, bathroom_count, room_type, bed_count) VALUES (68, '2인실(기준2인,최대2인)', 45000, 2, 2, '일반객실, 기준 2인 (최대 2인) | 침실 1, 침대 1, 욕실 1, 최소 1박', 'https://search.pstatic.net/common/?autoRotate=true&quality=95&type=w750&src=https%3A%2F%2Fnaverbooking-phinf.pstatic.net%2F20230525_57%2F16850241903190bhyB_JPEG%2FSNOW_20230524_182135_014.jpg', 1, 'STANDARD', 1);
INSERT INTO room (accommodations_id, room_name, price, min_guests, max_guests, room_description, main_image_url, bathroom_count, room_type, bed_count) VALUES (68, '2인실(싱글침대2개,기준2인,최대2인)', 45000, 2, 2, '일반객실, 기준 2인 (최대 2인) | 침실 1, 침대 2, 욕실 1, 최소 1박', 'https://search.pstatic.net/common/?autoRotate=true&quality=95&type=w750&src=https%3A%2F%2Fnaverbooking-phinf.pstatic.net%2F20241004_266%2F1728021452271UfmTj_JPEG%2F%25B3%25B2%25C0%25DA%25B5%25B5%25B9%25CC%25C5%25E4%25B8%25AE2%25C0%25CE%25BD%25C7.jpg', 1, 'STANDARD', 2);
INSERT INTO room (accommodations_id, room_name, price, min_guests, max_guests, room_description, main_image_url, bathroom_count, room_type, bed_count) VALUES (68, '남자도미토리(공용객실), 2인실(기준1인,최대2인)', 23000, 2, 2, '공용객실, 기준 1인 (최대 2인) | 침실 1, 침대 2, 욕실 1, 최소 1박', 'https://search.pstatic.net/common/?autoRotate=true&quality=95&type=w750&src=https%3A%2F%2Fnaverbooking-phinf.pstatic.net%2F20230525_110%2F1685024488259VQbhr_JPEG%2FSNOW_20230524_164304_582.jpg', 1, 'STANDARD', 2);
INSERT INTO room (accommodations_id, room_name, price, min_guests, max_guests, room_description, main_image_url, bathroom_count, room_type, bed_count) VALUES (68, '디럭스룸(기준2인,최대4인)', 55000, 2, 4, '일반객실, 기준 2인 (최대 4인) | 침실 1, 침대 2, 욕실 1, 최소 1박', 'https://search.pstatic.net/common/?autoRotate=true&quality=95&type=w750&src=https%3A%2F%2Fnaverbooking-phinf.pstatic.net%2F20230525_181%2F1685024891447WkPYa_JPEG%2FSNOW_20230524_152309_958.jpg', 1, 'STANDARD', 2);

INSERT INTO accommodation (accommodations_id, accommodations_name, accommodations_category, accommodations_description, city, district, address_detail, latitude, longitude, transport_info, parking_info, phone, rating, review_count, source_url, source_platform, sns, check_in_time, check_out_time, short_description) VALUES (69, '제주R호텔&게스트하우스', 'GUESTHOUSE', '공항, 터미널과 가까운 게스트하우스입니다. \n\n대중교통이 편리한 만큼 렌트카 없이 제주도를 여행하기에 최적이 게스트 하우스라 할 수 있겠어요. \n\n 양식과 한식으로 조식을 제공하고, 2인실(더블룸, 트윈룸), 3인실(디럭스룸), 4인실(패밀리룸), 도미토리 5인실, 8인실, 10인실로 객실이 다양히 구성되어 있어 여행타입과 인원에 따라 다양한 예약이 가능합니다. 도미토리는 남녀 구분되어 있습니다. \n\n 주변에 여러 메뉴의 식당가와 편의시설들도 있어 준비가 소홀한 여행일지라도 큰 어려움이 없게 됩니다. 임직원들은 손님들에게 편의를 제공하고자 프론트에서 준비하고 있습니다. 제주여행에 대해 궁금하신 것이 있으면 자세히 대답해 드립니다. 근처에 종합경기장과 스포츠 단지가 있어 각종 운동부의 전지훈련이나 각종 시합의 베이스 캠프로도 좋습니다. 제주시외버스터미널이 도보 3-4분 거리에 있어 한라산 등산의 베이스 캠프로도 적격입니다. 근처에 사우나/목욕탕도 있으니 몸을 푸시면서 여러 코스를 섬렵하시는 것도 가능합니다. 등산객 여러분의 편의를 위하여 아이젠도 대여해드리고 있습니다. \n\n 체력에 여유가 있으시면 용두암 용연까지 운동 다녀오시는 것도 가능합니다. 제주에서 가장 아름다운 바닷가중 하나이지요. 시기를 잘 맞춰 오시면 도보 5분 거리에 있는, 제주에서 가장 아름다운 벚꽃지대인 전농로 벚꽃터널을 일주일 정도 만끽하실 수도 있습니다. \n\n 1층 로비에서는 향이 좋기로 소문난 이탈리아 Illy사의 원두커피를 머신에서 즉시 내림으로 판매하고 있습니다. 지나가시는 분들도 커피숍같은 기분으로 들르기도 하는 분위기 좋은 로비지요. 노트북 컴퓨터도 있어 인터넷 카페라고도 할 수 있겠네요. 여행을 마치시고 공항으로 가기전 정리하는 곳으로도 좋습니다. 여행중 계획수립에는 더 할 나위없이 편리하구요. \n\n노래방도 있어 개인/단체 친교의 시간을 가지는 것도 편리합니다. 소형 세미나실도 있어 작은 규모의 제주답사에도 좋습니다. \n\n제주 R 호텔이 여러분을 기다리고 있습니다.', '제주', '제주시', '5', 33.4993968, 126.5179137, '[필수 확인사항] 이벤트 기간 및 객실에 따라 체크인 시간이 다를 수가 있습니다. 객실 정보에 노출 되어있 는 체크인 시간을 예약 전 반드시 확인하여 주...', NULL, '064-757-7734', null, 333, 'https://map.naver.com/p/search/%EC%A0%9C%EC%A3%BCR%ED%98%B8%ED%85%94%26%EA%B2%8C%EC%8A%A4%ED%8A%B8%ED%95%98%EC%9A%B0%EC%8A%A4/place/34433181?isCorrectAnswer=true&c=15.00,0,0,0,dh&placePath=/room?fromPanelNum=1&additionalHeight=76&timestamp=202512181233&locale=ko&svcName=map_pcv5&searchText=%EC%A0%9C%EC%A3%BCR%ED%98%B8%ED%85%94%26%EA%B2%8C%EC%8A%A4%ED%8A%B8%ED%95%98%EC%9A%B0%EC%8A%A4&businessCategory=guesthouse&additionalHeight=76&timestamp=202512181233&locale=ko&svcName=map_pcv5&searchText=%EC%A0%9C%EC%A3%BCR%ED%98%B8%ED%85%94%26%EA%B2%8C%EC%8A%A4%ED%8A%B8%ED%95%98%EC%9A%B0%EC%8A%A4&businessCategory=guesthouse&fromPanelNum=1', 'NAVER', NULL, '16:00', '11:00', '편리한 위치와 청결한 방에서 편안한 휴식');
INSERT INTO accommodation_theme (theme_id, accommodations_id) VALUES (3, 69);
INSERT INTO accommodation_theme (theme_id, accommodations_id) VALUES (4, 69);
INSERT INTO accommodation_amenity (amenity_id, accommodations_id) VALUES (28, 69);
INSERT INTO accommodation_amenity (amenity_id, accommodations_id) VALUES (3, 69);
INSERT INTO accommodation_amenity (amenity_id, accommodations_id) VALUES (6, 69);
INSERT INTO accommodation_amenity (amenity_id, accommodations_id) VALUES (4, 69);
INSERT INTO accommodation_amenity (amenity_id, accommodations_id) VALUES (15, 69);
INSERT INTO accommodation_amenity (amenity_id, accommodations_id) VALUES (5, 69);
INSERT INTO accommodation_amenity (amenity_id, accommodations_id) VALUES (1, 69);
INSERT INTO accommodation_amenity (amenity_id, accommodations_id) VALUES (7, 69);
INSERT INTO accommodation_amenity (amenity_id, accommodations_id) VALUES (10, 69);
INSERT INTO accommodation_amenity (amenity_id, accommodations_id) VALUES (25, 69);
INSERT INTO accommodation_image (accommodations_id, image_url, image_type, sort_order) VALUES (69, 'https://search.pstatic.net/common/?autoRotate=true&type=w560_sharpen&src=https%3A%2F%2Fldb-phinf.pstatic.net%2F20160310_197%2F1457578596510iYkGH_JPEG%2F1448675978611_7339_REPR.JPG', 'banner', 0);
INSERT INTO accommodation_image (accommodations_id, image_url, image_type, sort_order) VALUES (69, 'https://search.pstatic.net/common/?autoRotate=true&type=w278_sharpen&src=https%3A%2F%2Fldb-phinf.pstatic.net%2F20160310_202%2F14575785965592UfQN_JPEG%2F1448676214784_13555.JPG', 'detail', 1);
INSERT INTO accommodation_image (accommodations_id, image_url, image_type, sort_order) VALUES (69, 'https://search.pstatic.net/common/?autoRotate=true&type=w278_sharpen&src=https%3A%2F%2Fldb-phinf.pstatic.net%2F20160310_90%2F1457578596610UBDCh_JPEG%2F1448676811745_13557.JPG', 'detail', 2);
INSERT INTO accommodation_image (accommodations_id, image_url, image_type, sort_order) VALUES (69, 'https://search.pstatic.net/common/?autoRotate=true&type=w278_sharpen&src=https%3A%2F%2Fldb-phinf.pstatic.net%2F20160310_83%2F1457578596656k4X5n_JPEG%2F1448677087455_13558.JPG', 'detail', 3);
INSERT INTO accommodation_image (accommodations_id, image_url, image_type, sort_order) VALUES (69, 'https://search.pstatic.net/common/?autoRotate=true&type=w278_sharpen&src=https%3A%2F%2Fldb-phinf.pstatic.net%2F20160310_242%2F14575785966997TFh7_JPEG%2F1448815995127_7339_SUB_0.JPG', 'detail', 4);
INSERT INTO room (accommodations_id, room_name, price, min_guests, max_guests, room_description, main_image_url, bathroom_count, room_type, bed_count) VALUES (69, '트윈룸 (조식불포함)', 39900, 2, 2, '일반객실, 기준 2인 (최대 2인)', 'https://search.pstatic.net/common/?autoRotate=true&quality=95&type=w750&src=https%3A%2F%2Fnaverbooking-phinf.pstatic.net%2F20241023_161%2F172966620549977T5q_JPEG%2Fimage.jpg', 0, 'STANDARD', 0);
INSERT INTO room (accommodations_id, room_name, price, min_guests, max_guests, room_description, main_image_url, bathroom_count, room_type, bed_count) VALUES (69, '트리플룸 (조식불포함)', 54000, 2, 3, '일반객실, 기준 3인 (최대 3인)', 'https://search.pstatic.net/common/?autoRotate=true&quality=95&type=w750&src=https%3A%2F%2Fnaverbooking-phinf.pstatic.net%2F20241023_36%2F1729666205524Rab3U_JPEG%2Fimage.jpg', 0, 'STANDARD', 0);
INSERT INTO room (accommodations_id, room_name, price, min_guests, max_guests, room_description, main_image_url, bathroom_count, room_type, bed_count) VALUES (69, '더블룸 (조식불포함)', 39900, 2, 2, '일반객실, 기준 2인 (최대 2인)', 'https://search.pstatic.net/common/?autoRotate=true&quality=95&type=w750&src=https%3A%2F%2Fnaverbooking-phinf.pstatic.net%2F20241023_261%2F17296662054758j7Uv_JPEG%2Fimage.jpg', 0, 'STANDARD', 0);
INSERT INTO room (accommodations_id, room_name, price, min_guests, max_guests, room_description, main_image_url, bathroom_count, room_type, bed_count) VALUES (69, '도미토리(남)1층배정,조식없음', 20000, 2, 4, '일반객실, 기준 1인 (최대 4인)', 'https://search.pstatic.net/common/?autoRotate=true&quality=95&type=w750&src=https%3A%2F%2Fnaverbooking-phinf.pstatic.net%2F20190418_231%2F1555576444096UvI01_JPEG%2Fimage.jpg', 0, 'STANDARD', 0);

INSERT INTO accommodation (accommodations_id, accommodations_name, accommodations_category, accommodations_description, city, district, address_detail, latitude, longitude, transport_info, parking_info, phone, rating, review_count, source_url, source_platform, sns, check_in_time, check_out_time, short_description) VALUES (70, '제주 더하우스 펜션&게스트하우스', 'GUESTHOUSE', '넓은 365평의 대지에 신규 오픈한 2층 목조주택 독채사용\n\n * 방3개, 화장실3개, 주방, 넓은거실, 야외테라스, 바베큐 ,불멍 OK\n\n * 욕실안에 무료로 사용할 수 있는 건식 사우나설치\n\n* 가족여행 또는 소그룹이 지내시기에 매우 적합하며, 넓은야외 테라스에서 바베큐 또는 식사 OK\n\n * 시내 마트나 편의점 도보 OK\n\n * 도보 10분이내 산책로를 통해 바닷가 산책 OK\n\n * 1층 2층 오션뷰', '제주', '서귀포시', '표선백사로58번길 48 1층', 33.5094966, 126.9029516, '렌터카나 개인차량으로 이동해서 오실경우 :\n네비게이션에 표선백사로 58번길48을 검색하신후 네비게이션에서 안내하는데로 오시면됨.\n\n대중교통을 이용해서 오실경우:\n공항에서 직접 공항버스를 이용하셔서 오시는 투숙객께서는 표선면사무소에서 하차하셔서 구글지도나 카카오지도로 표선백사로58번길48을 검색하셔서 안내하는데로 오시면됨. 대략 숙소까지 15분소요.\n\n일반 버스를 이용하신 투숙객은 표신파출소에서 하차하셔서 표선백사로58번길48을 검색하셔서 안내하는데로 오시면됨. 대략 숙소까지 10분소요.', '주차가능\n무료\n태양광이 설치된 밑쪽에 주차구역이 있습니다.', '0507-1371-2343', null, 1, 'https://map.naver.com/p/search/%EC%A0%9C%EC%A3%BC+%EB%8D%94%ED%95%98%EC%9A%B0%EC%8A%A4+%ED%8E%9C%EC%85%98%26%EA%B2%8C%EC%8A%A4%ED%8A%B8%ED%95%98%EC%9A%B0%EC%8A%A4/place/1057557100?c=15.00,0,0,0,dh&placePath=/room?entry=bmp&fromPanelNum=2&timestamp=202512181233&locale=ko&svcName=map_pcv5&searchText=%EC%A0%9C%EC%A3%BC%2B%EB%8D%94%ED%95%98%EC%9A%B0%EC%8A%A4%2B%ED%8E%9C%EC%85%98%26%EA%B2%8C%EC%8A%A4%ED%8A%B8%ED%95%98%EC%9A%B0%EC%8A%A4&businessCategory=guesthouse&fromPanelNum=2&timestamp=202512181233&locale=ko&svcName=map_pcv5&searchText=%EC%A0%9C%EC%A3%BC%2B%EB%8D%94%ED%95%98%EC%9A%B0%EC%8A%A4%2B%ED%8E%9C%EC%85%98%26%EA%B2%8C%EC%8A%A4%ED%8A%B8%ED%95%98%EC%9A%B0%EC%8A%A4&businessCategory=guesthouse&from=map', 'NAVER', NULL, '16:00', '10:00', NULL);
INSERT INTO accommodation_theme (theme_id, accommodations_id) VALUES (3, 70);
INSERT INTO accommodation_theme (theme_id, accommodations_id) VALUES (1, 70);
INSERT INTO accommodation_amenity (amenity_id, accommodations_id) VALUES (10, 70);
INSERT INTO accommodation_amenity (amenity_id, accommodations_id) VALUES (20, 70);
INSERT INTO accommodation_amenity (amenity_id, accommodations_id) VALUES (1, 70);
INSERT INTO accommodation_amenity (amenity_id, accommodations_id) VALUES (17, 70);
INSERT INTO accommodation_amenity (amenity_id, accommodations_id) VALUES (11, 70);
INSERT INTO accommodation_image (accommodations_id, image_url, image_type, sort_order) VALUES (70, 'https://search.pstatic.net/common/?autoRotate=true&type=w560_sharpen&src=https%3A%2F%2Fnaverbooking-phinf.pstatic.net%2F20250509_105%2F1746800532664hviXY_JPEG%2F1.jpg', 'banner', 0);
INSERT INTO accommodation_image (accommodations_id, image_url, image_type, sort_order) VALUES (70, 'https://search.pstatic.net/common/?autoRotate=true&type=w278_sharpen&src=https%3A%2F%2Fnaverbooking-phinf.pstatic.net%2F20250509_124%2F1746800533242YaGJy_JPEG%2F2.jpg', 'detail', 1);
INSERT INTO accommodation_image (accommodations_id, image_url, image_type, sort_order) VALUES (70, 'https://search.pstatic.net/common/?autoRotate=true&type=w278_sharpen&src=https%3A%2F%2Fnaverbooking-phinf.pstatic.net%2F20250509_164%2F1746800533836aRpNU_JPEG%2F8.jpg', 'detail', 2);
INSERT INTO accommodation_image (accommodations_id, image_url, image_type, sort_order) VALUES (70, 'https://search.pstatic.net/common/?autoRotate=true&type=w278_sharpen&src=https%3A%2F%2Fnaverbooking-phinf.pstatic.net%2F20250509_151%2F1746800534487uwAuv_JPEG%2F10.jpg', 'detail', 3);
INSERT INTO accommodation_image (accommodations_id, image_url, image_type, sort_order) VALUES (70, 'https://search.pstatic.net/common/?autoRotate=true&type=w278_sharpen&src=https%3A%2F%2Fnaverbooking-phinf.pstatic.net%2F20250509_142%2F1746800535325q0Ms0_JPEG%2F11.jpg', 'detail', 4);
INSERT INTO room (accommodations_id, room_name, price, min_guests, max_guests, room_description, main_image_url, bathroom_count, room_type, bed_count) VALUES (70, '독채 / 기준 8인 최대 8인(편백향 가득한 사우나가', 300000, 2, 8, '일반객실, 기준 8인 (최대 8인)', 'https://search.pstatic.net/common/?autoRotate=true&quality=95&type=w750&src=https%3A%2F%2Fnaverbooking-phinf.pstatic.net%2F20251112_179%2F1762874198269Nxna5_JPEG%2Fimage.jpg', 0, 'STANDARD', 0);
INSERT INTO room (accommodations_id, room_name, price, min_guests, max_guests, room_description, main_image_url, bathroom_count, room_type, bed_count) VALUES (70, '독채 / 기준 3인 최대 8인(편백향 가득한 사우나가', 200000, 2, 8, '일반객실, 기준 3인 (최대 8인)', 'https://search.pstatic.net/common/?autoRotate=true&quality=95&type=w750&src=https%3A%2F%2Fnaverbooking-phinf.pstatic.net%2F20251112_35%2F17628742121704ws79_JPEG%2Fimage.jpg', 0, 'STANDARD', 0);

INSERT INTO accommodation (accommodations_id, accommodations_name, accommodations_category, accommodations_description, city, district, address_detail, latitude, longitude, transport_info, parking_info, phone, rating, review_count, source_url, source_platform, sns, check_in_time, check_out_time, short_description) VALUES (71, '제주 스테이 어라운드', 'GUESTHOUSE', '제주의 운치와 아름다움을 느낄 수 있는 곳, 스테이 어라운드를 소개합니다.\n\n바다의 푸른 물결이 부드럽게 밀려오는 도두봉 앞에 자리한 이 곳은 제주의 숨은 보석입니다. 바닷가를 따라 펼쳐진 무지개해안도로는 마치 자연이 그린 아름다운 수채화 같습니다. 아침이슬이 깃든 풀이 매듭처럼 감성을 자극하며, 도두봉 산책길은 마음의 여유를 선사합니다.\n\n바쁜 도심을 떠나 한적한 제주의 자연 속으로 빠져들어보세요. 스테이 어라운드에서는 고요한 제주의 풍경과 함께 힐링의 시간을 만끽할 수 있습니다. 여행의 피로를 풀어주는 따뜻한 숙소, 스테이 어라운드에서 당신을 기다립니다.', '제주', '제주시', '212', 33.5071563, 126.4699050, '외국어: 영어 짐보관: 가능 와이파이: 가능 기타 부대 시설 정보: 카페테리아(조리x, 취식가능) 주변 명소: 무지개 해안도로, 키세스존 주변 맛집: 순옥이...', '주차가능\n무료', '0507-1435-8943', null, 131, 'https://map.naver.com/p/search/%EC%A0%9C%EC%A3%BC+%EC%8A%A4%ED%85%8C%EC%9D%B4+%EC%96%B4%EB%9D%BC%EC%9A%B4%EB%93%9C/place/1875759726?isCorrectAnswer=true&c=15.00,0,0,0,dh&placePath=/room?fromPanelNum=1&additionalHeight=76&timestamp=202512181234&locale=ko&svcName=map_pcv5&searchText=%EC%A0%9C%EC%A3%BC%2B%EC%8A%A4%ED%85%8C%EC%9D%B4%2B%EC%96%B4%EB%9D%BC%EC%9A%B4%EB%93%9C&businessCategory=pension&additionalHeight=76&timestamp=202512181234&locale=ko&svcName=map_pcv5&searchText=%EC%A0%9C%EC%A3%BC%2B%EC%8A%A4%ED%85%8C%EC%9D%B4%2B%EC%96%B4%EB%9D%BC%EC%9A%B4%EB%93%9C&businessCategory=pension&fromPanelNum=1', 'NAVER', 'Instagram: https://www.instagram.com/stay_around_jeju', '16:00', '11:00', '아름다운 인테리어와 편리한 주변 시설');
INSERT INTO accommodation_image (accommodations_id, image_url, image_type, sort_order) VALUES (71, 'https://search.pstatic.net/common/?autoRotate=true&type=w560_sharpen&src=https%3A%2F%2Fldb-phinf.pstatic.net%2F20210608_108%2F1623140428060blJP9_JPEG%2FbF_H5Gb6HwCKzwtzMDxYWRVK.jpg', 'banner', 0);
INSERT INTO accommodation_image (accommodations_id, image_url, image_type, sort_order) VALUES (71, 'https://search.pstatic.net/common/?autoRotate=true&type=w278_sharpen&src=https%3A%2F%2Fldb-phinf.pstatic.net%2F20240502_293%2F1714576650302R9xQL_JPEG%2FInShot_20240501_144057490.jpg', 'detail', 1);
INSERT INTO accommodation_image (accommodations_id, image_url, image_type, sort_order) VALUES (71, 'https://search.pstatic.net/common/?autoRotate=true&type=w278_sharpen&src=https%3A%2F%2Fldb-phinf.pstatic.net%2F20240502_296%2F17145767581127kzTr_JPEG%2FInShot_20240426_010956930.jpg', 'detail', 2);
INSERT INTO accommodation_image (accommodations_id, image_url, image_type, sort_order) VALUES (71, 'https://search.pstatic.net/common/?autoRotate=true&type=w278_sharpen&src=https%3A%2F%2Fldb-phinf.pstatic.net%2F20240502_51%2F17145767428011dMRa_JPEG%2FInShot_20240426_013536288.jpg', 'detail', 3);
INSERT INTO accommodation_image (accommodations_id, image_url, image_type, sort_order) VALUES (71, 'https://search.pstatic.net/common/?autoRotate=true&type=w278_sharpen&src=https%3A%2F%2Fldb-phinf.pstatic.net%2F20240502_279%2F1714576736443301G5_JPEG%2FInShot_20240430_175228771.jpg', 'detail', 4);
INSERT INTO room (accommodations_id, room_name, price, min_guests, max_guests, room_description, main_image_url, bathroom_count, room_type, bed_count) VALUES (71, '스테이 어라운드(랜덤배정)', 60000, 2, 2, '일반객실, 기준 2인 (최대 2인)', 'https://search.pstatic.net/common/?autoRotate=true&quality=95&type=w750&src=https%3A%2F%2Fnaverbooking-phinf.pstatic.net%2F20251111_27%2F1762840211763yQbv1_JPEG%2Fimage.jpg', 0, 'STANDARD', 0);
INSERT INTO room (accommodations_id, room_name, price, min_guests, max_guests, room_description, main_image_url, bathroom_count, room_type, bed_count) VALUES (71, '스테이 어라운드 스위트', 90000, 2, 2, '일반객실, 기준 2인 (최대 2인)', 'https://search.pstatic.net/common/?autoRotate=true&quality=95&type=w750&src=https%3A%2F%2Fnaverbooking-phinf.pstatic.net%2F20251111_165%2F1762840214051J6B4k_JPEG%2Fimage.jpg', 0, 'STANDARD', 0);

INSERT INTO accommodation (accommodations_id, accommodations_name, accommodations_category, accommodations_description, city, district, address_detail, latitude, longitude, transport_info, parking_info, phone, rating, review_count, source_url, source_platform, sns, check_in_time, check_out_time, short_description) VALUES (72, '제주 고궁 펜션형 게스트하우스', 'GUESTHOUSE', '안녕하세요 제주도 성산포에 위치한 성산 고궁펜션형게스트.식당입니다.\n저희는 10월말에 오픈한 신축건물이며 몇없는 실제 제주도민이 운영하는곳입니다.\n1층은 식당 겸 휴게실 2~3층은 펜션4 게스트객실3 구조되어있으며\n1층식당에서는 숙박손님에 한하여 책,커피보면서 휴식을 취할수있으며\n원하시는분들은 주방에서 요리도 가능하십니다.\n아침은 다른곳과는 다르게 토스트나 죽이 아닌 간단한 한식뷔페로 무료로제공해드리며\n저녘은 바베큐파티장으로 쓰이며 그외 시간에는 제주도음식들은 판매하고있습니다.\n숙박손님들은 모든음식메뉴를 10%가격할인을 받으셔서 착한가격으로 제주도음식을 드실수있습니다\n2층은 남자 도미토리실 14인 , 4인(2층침대 2대)으로 구성된 펜션이 있습니다.\n3층은 여쟈 도미토리실 7인 방2개, 7인(2층침대 2대, 복층3인)으로 구성되있습니다.\n 오픈기념으로 3개월간 모든 숙박비는 20%가격인하해드리며, \n 100% 1인숙박권을 증정해드리는 이벤트를 하고있으니 많은관심부탁드립니다.\n 예약. 자세한설명과 사진은 블로그에서 확인가능하십니다.\n\n머물고 싶은 평안한 Healing Stay,\n자연의 아름다움이 가득한 고궁펜션형게스트에서 이용하시는 모든분들께서\n좋은 인연을 만들고 예쁜추억을 만들어 머무는 공간에 작은 이야기와 행복함이 가득하길 바라겠습니다. 감사합니다.', '제주', '서귀포시', '성산중앙로 54', null, null, '근처에 계시는데 찾아오시지 못하시는경우 연락을 주시면 상세히 알려드리겠습니다.\n근처 픽업도 가능합니다(바쁠때는.. 죄송해요 ㅠ)\n\n성산일출봉입구 버스정류장에서 내리셔서 주위를 둘러보시면 성산파출소가 눈에 보이십니다. 바로 맞은편입니다 ^^\n\n핸드폰으로 성산파출소 검색하시면 쉽게 찾아오실수있습니다. 감사합니다.', NULL, '064-782-7199', null, 81, 'https://map.naver.com/p/search/%EC%A0%9C%EC%A3%BC+%EA%B3%A0%EA%B6%81+%ED%8E%9C%EC%85%98%ED%98%95+%EA%B2%8C%EC%8A%A4%ED%8A%B8%ED%95%98%EC%9A%B0%EC%8A%A4/place/37257067?isCorrectAnswer=true&c=15.00,0,0,0,dh&placePath=/room?fromPanelNum=1&additionalHeight=76&timestamp=202512181234&locale=ko&svcName=map_pcv5&searchText=%EC%A0%9C%EC%A3%BC%2B%EA%B3%A0%EA%B6%81%2B%ED%8E%9C%EC%85%98%ED%98%95%2B%EA%B2%8C%EC%8A%A4%ED%8A%B8%ED%95%98%EC%9A%B0%EC%8A%A4&businessCategory=guesthouse&additionalHeight=76&timestamp=202512181234&locale=ko&svcName=map_pcv5&searchText=%EC%A0%9C%EC%A3%BC%2B%EA%B3%A0%EA%B6%81%2B%ED%8E%9C%EC%85%98%ED%98%95%2B%EA%B2%8C%EC%8A%A4%ED%8A%B8%ED%95%98%EC%9A%B0%EC%8A%A4&businessCategory=guesthouse&fromPanelNum=1', 'NAVER', NULL, '15:00', '10:00', '맛있는 조식과 합리적인 가격의 만남');
INSERT INTO accommodation_amenity (amenity_id, accommodations_id) VALUES (18, 72);
INSERT INTO accommodation_amenity (amenity_id, accommodations_id) VALUES (1, 72);
INSERT INTO accommodation_amenity (amenity_id, accommodations_id) VALUES (3, 72);
INSERT INTO accommodation_amenity (amenity_id, accommodations_id) VALUES (7, 72);
INSERT INTO accommodation_amenity (amenity_id, accommodations_id) VALUES (5, 72);
INSERT INTO accommodation_amenity (amenity_id, accommodations_id) VALUES (16, 72);
INSERT INTO accommodation_amenity (amenity_id, accommodations_id) VALUES (15, 72);
INSERT INTO accommodation_amenity (amenity_id, accommodations_id) VALUES (4, 72);
INSERT INTO accommodation_amenity (amenity_id, accommodations_id) VALUES (31, 72);
INSERT INTO accommodation_amenity (amenity_id, accommodations_id) VALUES (6, 72);
INSERT INTO accommodation_image (accommodations_id, image_url, image_type, sort_order) VALUES (72, 'https://search.pstatic.net/common/?autoRotate=true&type=w560_sharpen&src=https%3A%2F%2Fldb-phinf.pstatic.net%2F20151104_288%2F1446612349950EP4LU_JPEG%2F166979533836815_0.jpeg', 'banner', 0);
INSERT INTO accommodation_image (accommodations_id, image_url, image_type, sort_order) VALUES (72, 'https://search.pstatic.net/common/?autoRotate=true&type=w278_sharpen&src=https%3A%2F%2Fldb-phinf.pstatic.net%2F20151104_275%2F14466123500251FdDx_JPEG%2F166979533836815_1.jpeg', 'detail', 1);
INSERT INTO accommodation_image (accommodations_id, image_url, image_type, sort_order) VALUES (72, 'https://search.pstatic.net/common/?autoRotate=true&type=w278_sharpen&src=https%3A%2F%2Fldb-phinf.pstatic.net%2F20151104_150%2F1446612350098rIxxS_JPEG%2F166979533836815_2.jpeg', 'detail', 2);
INSERT INTO accommodation_image (accommodations_id, image_url, image_type, sort_order) VALUES (72, 'https://search.pstatic.net/common/?autoRotate=true&type=w278_sharpen&src=https%3A%2F%2Fldb-phinf.pstatic.net%2F20151104_243%2F144661235016492KHA_JPEG%2F166979533836815_3.jpeg', 'detail', 3);
INSERT INTO accommodation_image (accommodations_id, image_url, image_type, sort_order) VALUES (72, 'https://search.pstatic.net/common/?autoRotate=true&type=w278_sharpen&src=https%3A%2F%2Fldb-phinf.pstatic.net%2F20151104_244%2F1446612350211noTRF_JPEG%2F166979533836815_4.jpeg', 'detail', 4);
INSERT INTO room (accommodations_id, room_name, price, min_guests, max_guests, room_description, main_image_url, bathroom_count, room_type, bed_count) VALUES (72, '1인실 1', 30000, 2, 1, '일반객실, 기준 1인 (최대 1인) | 침실 1, 침대 1, 욕실 1, 최소 1박', 'https://search.pstatic.net/common/?autoRotate=true&quality=95&type=w750&src=https%3A%2F%2Fnaverbooking-phinf.pstatic.net%2F20220726_34%2F1658828994971SiFIK_JPEG%2Fimage.jpg', 1, 'STANDARD', 1);
INSERT INTO room (accommodations_id, room_name, price, min_guests, max_guests, room_description, main_image_url, bathroom_count, room_type, bed_count) VALUES (72, '1인실 2', 30000, 2, 1, '일반객실, 기준 1인 (최대 1인) | 침실 1, 침대 1, 욕실 1, 최소 1박', 'https://search.pstatic.net/common/?autoRotate=true&quality=95&type=w750&src=https%3A%2F%2Fnaverbooking-phinf.pstatic.net%2F20220726_266%2F16588289968156fCLe_JPEG%2Fimage.jpg', 1, 'STANDARD', 1);
INSERT INTO room (accommodations_id, room_name, price, min_guests, max_guests, room_description, main_image_url, bathroom_count, room_type, bed_count) VALUES (72, '2인실 1', 60000, 2, 2, '일반객실, 기준 2인 (최대 2인) | 침실 1, 침대 2, 욕실 1, 최소 1박', 'https://search.pstatic.net/common/?autoRotate=true&quality=95&type=w750&src=https%3A%2F%2Fnaverbooking-phinf.pstatic.net%2F20220726_295%2F1658828992312H0b3C_JPEG%2Fimage.jpg', 1, 'STANDARD', 2);
INSERT INTO room (accommodations_id, room_name, price, min_guests, max_guests, room_description, main_image_url, bathroom_count, room_type, bed_count) VALUES (72, '노블레스2', 90000, 2, 7, '일반객실, 기준 4인 (최대 7인) | 침실 1, 침대 2, 욕실 1, 최소 1박', 'https://search.pstatic.net/common/?autoRotate=true&quality=95&type=w750&src=https%3A%2F%2Fnaverbooking-phinf.pstatic.net%2F20220726_167%2F1658832595287cTP8K_JPEG%2Fimage.jpg', 1, 'STANDARD', 2);

INSERT INTO accommodation (accommodations_id, accommodations_name, accommodations_category, accommodations_description, city, district, address_detail, latitude, longitude, transport_info, parking_info, phone, rating, review_count, source_url, source_platform, sns, check_in_time, check_out_time, short_description) VALUES (73, '오션뷰제주 게스트하우스', 'GUESTHOUSE', '제주에서 뷰가 가장 좋은 게하에 모여서 다함께 놀 수 있는 ''오션뷰 제주 게스트하우스'' 입니다.\n\n[오션뷰 제주 게스트하우스 POINT]\nㅁ 게하를 이용해 주시는 모든 분들의 눈호강을 시키기 충분한 게하, 아침엔 일출 저녁엔 석양, 운좋은 날 돌고래가 나타나는 게하, 오른 쪽은 박수기정, 산방산, 마라도, 가파도, 왼쪽은 범섬 뒤에는 한라산이 파노라마 처럼 펼쳐지는 게하입니다.\n\nㅁ 투숙객분들에 편안한 쉼터가 되기 위해 합리적인 가격으로\n 최고의 시설을 제공해드리고 있습니다.\n\nㅁ 개별 화장실/샤워실이 있어 시간에 방해 받지 않고 이용하실 수 있습니다.\n\n[오션뷰 제주 게스트하우스 PARTY]\nㅁ 술에 집중하는 파티가 아닌 편안한 분위기 속에서 여행객들이 만나\n 맛있는 음식과 함께 여러가지 이야기를 즐기실 수 있는 자리입니다!\n\nㅁ 4명 이상 신청시 파티가 시작되며 근처 투숙객분들도 참여가 가능합니다!\n 혹여 파티가 취소 되어도 스탭분들이 항상 공용공간에 있어 대화를 즐기실 수 있습니다.\n (파티 취소시 안내문자가 별도로 발송됩니다)\n\nㅁ 파티는 오후 4시까지 신청 가능하며 이후로는 음식준비로 환불이 불가합니다.\n\nㅁ 파티 진행시간 : 19:00~23:00 (4시간) 파티 후에도 01:00시까지 펍이용 가능합니다!\n\nㅁ 파티를 신청안하신분들은 혼술바도 겸하고 있으니 이용 하시면 됩니다!\n\n[오션뷰 제주 게스트 하우스 PRECAUTIONS]\nㅁ 연박 이용시 11:00~14:00 까지 객실정비 시간으로 2층 라운지를 이용해주시면 감사하겠습니다 :)\n\nㅁ 도미토리 특성상 다소간의 소음이 발생 할 수도 있으니 양해 바랍니다.\n\nㅁ 먼저 예약하신 순서대로 자리를 배정해드리고 있습니다.\n (창가1층, 문쪽1층, 창가2층, 문쪽2층 순으로 배정)\n 요청사항에 적어주셔도 반영이 불가 할 수 있으니 양해 부탁드립니다.\n\nㅁ 도미토리 내에서는 주류반입금지 및 취식금지 입니다 꼭 지켜주세요!\n (2인실, 4인실 제외)\n\nㅁ 다이닝 참석을 안하셔도 음식을 포장해오시거나 펍 안주를 드실 수 있습니다!\n (주류판매 등록 업체라 외부에서 들여오는 주류는 반입불가 입니다)\n\nㅁ 지나친 음주로인해 다른 게스트들에 대한 피해 및 그 외 상식에서 벗어난 행동을\n 하시는분들은 환불없이 즉각 퇴실 조치가 가능합니다.\n\nㅁ 태풍과 같은 천재지변 및 자연재해는 100%환불이 불가하며, 정해진 환불규정에 따라 취소가 가능합니다.\n 다만, 체크인 당일 비행기나 선박이 결항된 경우 결항 확인서 제시 시 100%환불처리 해드리고 있습니다.\n\nㅁ 게하 바로 앞에 넓은 주차장이 있으며 전체 시설물에 대해 CCTV 및 관리자가 항시 상주하고 있습니다.\n\nㅁ 샴푸, 린스, 바디워시, 치약, 드라이기, 수건2장, 물 등 기본 어메니티가 구비되어 있습니다.', '제주', '서귀포시', '난드르로 49-71 오션뷰 제주 게스트하우스', 33.2322187, 126.3670313, '[대중교통 이용시]\n제주공항 5번 게이트에서 600번, 601번 버스를 타고 예래입구에서 내려 길건너 531번을 타세요. 돔뱅이왓 정류소에서 내려 스카브로호텔 방향으로 내려와 바닷가 오른쪽방향으로 오시면 됩니다.\n\n[자차 이용시]\n네비게이션에 ''제주 서귀포시 안덕면 난드르로 49-71 오션뷰 제주 게스트하우스'' 를 검색하시고 오시면 됩니다.', '주차가능\n무료', '0507-1360-7180', null, 1126, 'https://map.naver.com/p/search/%EC%98%A4%EC%85%98%EB%B7%B0%EC%A0%9C%EC%A3%BC+%EA%B2%8C%EC%8A%A4%ED%8A%B8%ED%95%98%EC%9A%B0%EC%8A%A4/place/1005067191?c=15.00,0,0,0,dh&placePath=/room?entry=bmp&fromPanelNum=2&timestamp=202512181235&locale=ko&svcName=map_pcv5&searchText=%EC%98%A4%EC%85%98%EB%B7%B0%EC%A0%9C%EC%A3%BC%2B%EA%B2%8C%EC%8A%A4%ED%8A%B8%ED%95%98%EC%9A%B0%EC%8A%A4&businessCategory=guesthouse&fromPanelNum=2&timestamp=202512181235&locale=ko&svcName=map_pcv5&searchText=%EC%98%A4%EC%85%98%EB%B7%B0%EC%A0%9C%EC%A3%BC%2B%EA%B2%8C%EC%8A%A4%ED%8A%B8%ED%95%98%EC%9A%B0%EC%8A%A4&businessCategory=guesthouse&from=map', 'NAVER', 'Blog: https://blog.naver.com/ocean_view_jeju\nInstagram: https://www.instagram.com/oceanview__jeju/', '16:00', '11:00', '쾌적한 방에서 즐기는 아름다운 바다 뷰');
INSERT INTO accommodation_theme (theme_id, accommodations_id) VALUES (3, 73);
INSERT INTO accommodation_theme (theme_id, accommodations_id) VALUES (1, 73);
INSERT INTO accommodation_theme (theme_id, accommodations_id) VALUES (4, 73);
INSERT INTO accommodation_amenity (amenity_id, accommodations_id) VALUES (5, 73);
INSERT INTO accommodation_amenity (amenity_id, accommodations_id) VALUES (4, 73);
INSERT INTO accommodation_amenity (amenity_id, accommodations_id) VALUES (15, 73);
INSERT INTO accommodation_amenity (amenity_id, accommodations_id) VALUES (3, 73);
INSERT INTO accommodation_amenity (amenity_id, accommodations_id) VALUES (1, 73);
INSERT INTO accommodation_amenity (amenity_id, accommodations_id) VALUES (7, 73);
INSERT INTO accommodation_amenity (amenity_id, accommodations_id) VALUES (8, 73);
INSERT INTO accommodation_amenity (amenity_id, accommodations_id) VALUES (9, 73);
INSERT INTO accommodation_image (accommodations_id, image_url, image_type, sort_order) VALUES (73, 'https://search.pstatic.net/common/?autoRotate=true&type=w560_sharpen&src=https%3A%2F%2Fldb-phinf.pstatic.net%2F20251208_2%2F1765187913460FVA90_PNG%2FKakaoTalk_20251208_182946121.png', 'banner', 0);
INSERT INTO accommodation_image (accommodations_id, image_url, image_type, sort_order) VALUES (73, 'https://search.pstatic.net/common/?autoRotate=true&type=w278_sharpen&src=https%3A%2F%2Fldb-phinf.pstatic.net%2F20251208_236%2F17651878418093VU4s_JPEG%2FKakaoTalk_20251208_182052965_02.jpg', 'detail', 1);
INSERT INTO accommodation_image (accommodations_id, image_url, image_type, sort_order) VALUES (73, 'https://search.pstatic.net/common/?autoRotate=true&type=w278_sharpen&src=https%3A%2F%2Fldb-phinf.pstatic.net%2F20251208_112%2F1765187833445ptSMp_JPEG%2FKakaoTalk_20251208_184508758.jpg', 'detail', 2);
INSERT INTO accommodation_image (accommodations_id, image_url, image_type, sort_order) VALUES (73, 'https://search.pstatic.net/common/?autoRotate=true&type=w278_sharpen&src=https%3A%2F%2Fldb-phinf.pstatic.net%2F20251208_195%2F1765187824183pJ9XN_JPEG%2FKakaoTalk_20251208_181953274_03.jpg', 'detail', 3);
INSERT INTO accommodation_image (accommodations_id, image_url, image_type, sort_order) VALUES (73, 'https://search.pstatic.net/common/?autoRotate=true&type=w278_sharpen&src=https%3A%2F%2Fldb-phinf.pstatic.net%2F20251025_215%2F1761394216936wgoIL_JPEG%2FKakaoTalk_20251025_210030511_03.jpg', 'detail', 4);
INSERT INTO room (accommodations_id, room_name, price, min_guests, max_guests, room_description, main_image_url, bathroom_count, room_type, bed_count) VALUES (73, '[특가] 파티필참 도미토리 남자', 10000, 2, 8, '공용객실, 기준 1인 (최대 8인) | 7시간 이용, 침실 1, 침대 4, 욕실 1', 'https://search.pstatic.net/common/?autoRotate=true&quality=95&type=w750&src=https%3A%2F%2Fnaverbooking-phinf.pstatic.net%2F20251030_183%2F1761820699268Hyh95_JPEG%2FKakaoTalk_20251025_205657028.jpg', 1, 'STANDARD', 4);
INSERT INTO room (accommodations_id, room_name, price, min_guests, max_guests, room_description, main_image_url, bathroom_count, room_type, bed_count) VALUES (73, '[특가] 파티필참 도미토리 여자', 10000, 2, 8, '공용객실, 기준 1인 (최대 8인) | 침실 1, 침대 4, 욕실 1, 최소 1박', 'https://search.pstatic.net/common/?autoRotate=true&quality=95&type=w750&src=https%3A%2F%2Fnaverbooking-phinf.pstatic.net%2F20251030_188%2F1761820943967XHxp9_JPEG%2FKakaoTalk_20251025_205657028.jpg', 1, 'STANDARD', 4);
INSERT INTO room (accommodations_id, room_name, price, min_guests, max_guests, room_description, main_image_url, bathroom_count, room_type, bed_count) VALUES (73, '[오션뷰 도미토리] 여성 8인실', 30000, 2, 8, '공용객실, 기준 1인 (최대 8인) | 침실 1, 침대 4, 욕실 1, 최소 1박', 'https://search.pstatic.net/common/?autoRotate=true&quality=95&type=w750&src=https%3A%2F%2Fnaverbooking-phinf.pstatic.net%2F20220806_147%2F1659788548609LvVBv_JPEG%2F%25BF%25C0%25BC%25C7%25BA%25E4%25C1%25A6%25C1%25D6%2528%25BF%25C3%25BC%25A6%25C6%25F7%25C5%25E4%2529-04-_ASP0250.jpg', 1, 'STANDARD', 4);
INSERT INTO room (accommodations_id, room_name, price, min_guests, max_guests, room_description, main_image_url, bathroom_count, room_type, bed_count) VALUES (73, '[오션뷰 도미토리] 남성 8인실', 30000, 2, 8, '공용객실, 기준 1인 (최대 8인) | 침실 1, 침대 4, 욕실 1, 최소 1박', 'https://search.pstatic.net/common/?autoRotate=true&quality=95&type=w750&src=https%3A%2F%2Fnaverbooking-phinf.pstatic.net%2F20220806_54%2F1659788428134xGkpe_JPEG%2F%25BF%25C0%25BC%25C7%25BA%25E4%25C1%25A6%25C1%25D6%2528%25BF%25C3%25BC%25A6%25C6%25F7%25C5%25E4%2529-02-_ASP0241.jpg', 1, 'STANDARD', 4);
INSERT INTO room (accommodations_id, room_name, price, min_guests, max_guests, room_description, main_image_url, bathroom_count, room_type, bed_count) VALUES (73, '[오션뷰 단독룸] 디럭스 1 - 2인실', 89000, 2, 2, '일반객실, 기준 2인 (최대 2인) | 침실 1, 침대 1, 욕실 1, 최소 1박', 'https://search.pstatic.net/common/?autoRotate=true&quality=95&type=w750&src=https%3A%2F%2Fnaverbooking-phinf.pstatic.net%2F20220806_284%2F16597886330684fKk5_JPEG%2F%25BF%25C0%25BC%25C7%25BA%25E4%25C1%25A6%25C1%25D6%2528%25BF%25C3%25BC%25A6%25C6%25F7%25C5%25E4%2529-02-_ASP1341.jpg', 1, 'STANDARD', 1);
INSERT INTO room (accommodations_id, room_name, price, min_guests, max_guests, room_description, main_image_url, bathroom_count, room_type, bed_count) VALUES (73, '[오션뷰 단독룸] 디럭스 4인실', 119000, 2, 6, '일반객실, 기준 4인 (최대 6인) | 침실 1, 침대 2, 욕실 1, 최소 1박', 'https://search.pstatic.net/common/?autoRotate=true&quality=95&type=w750&src=https%3A%2F%2Fnaverbooking-phinf.pstatic.net%2F20220709_184%2F1657328831783A6JiW_JPEG%2FKakaoTalk_20220708_170628017_04.jpg', 1, 'STANDARD', 2);
INSERT INTO room (accommodations_id, room_name, price, min_guests, max_guests, room_description, main_image_url, bathroom_count, room_type, bed_count) VALUES (73, '[우리끼리만] 단독룸 8인실', 200000, 2, 8, '공용객실, 기준 1인 (최대 8인) | 침실 1, 침대 4, 욕실 1, 최소 1박', 'https://search.pstatic.net/common/?autoRotate=true&quality=95&type=w750&src=https%3A%2F%2Fnaverbooking-phinf.pstatic.net%2F20220806_22%2F1659788928199SWmaQ_JPEG%2F%25BF%25C0%25BC%25C7%25BA%25E4%25C1%25A6%25C1%25D6%2528%25BF%25C3%25BC%25A6%25C6%25F7%25C5%25E4%2529-02-_ASP0241.jpg', 1, 'STANDARD', 4);

INSERT INTO accommodation (accommodations_id, accommodations_name, accommodations_category, accommodations_description, city, district, address_detail, latitude, longitude, transport_info, parking_info, phone, rating, review_count, source_url, source_platform, sns, check_in_time, check_out_time, short_description) VALUES (74, '제주 이큐스테이', 'GUESTHOUSE', '제주 서쪽, 협재와 금능해변 가까이 숨겨진 감성 숙소, 이큐스테이호텔.\n\n가성비 좋은 객실에서 불멍과 바비큐를 즐기고, 트레킹으로 하루를 채워보세요.\n반려견과 함께 머물 수 있는 따뜻한 공간, 캠핑 감성까지 그대로 담았습니다.\n\n''이큐스테이''는 ''바베큐 & 불멍''을 즐길 수 있는 재미있는 호텔입니다.\n왜 제주 서쪽 여행 숙소는 ''이큐스테이호텔''일까요?\n\n게스트들의 호텔 추천 8가지 이유가 있습니다.\n\n1.제주 가성비 호텔\n- 최저가 숙박: 협재해수욕장과 금능해수욕장 근처 동급호텔중 거의 항상 최저가 유지\n- 가성비 캠핑 감성: 1등급 흑돼지 바비큐를 캠핑감성으로 즐기고 불멍도 할 수 있는 캠핑감성테이블 이용료가 1만원. 체크아웃 또는 체크인시 점심고기가 가능한 해피아워에는 이용료 무료 (메뉴는 현장 주문)\n- 구내 마켓: 편의점과 소품샵\n- 게스트 할인: 프릳츠원두 커피와 셀프 토스트바 5천원에 이용가능, 그 외 카페 음료 30% 할인\n\n2. 근처 맛집, 근처 핫플레이스, 근처 해수욕장\n- 금능 해수욕장 도보 5분 거리\n- 싱싱잇 도보 5분 거리\n- 제주뚜벅이여행 환영! 버스 정류장 도보 5분\n- 금능해수욕장맛집들 도보 5분거리\n\n3. 제주혼자여행을 위한 제주1인숙소\n- 혼자여행하는 분들을 위한 게스트하우스 도미토리룸 운영\n- 1인여행자들을 위한 바비큐와 불멍 소셜다이닝\n- 파티 필참 No!No!\n- 이국적이고 자연스러운 캠핑 분위기의 소셜다이닝\n- 제주협재, 제주금능, 제주서쪽 혼자여행하는 분들을 위한 조용한 도미토리룸선택 가능\n\n4. 제주도 패키지 투어 호텔\n- 제주트레킹+온천+바베큐 패키지 운영 (전화 문의 또는 객실 예약시 옵션 선택)\n- 제주의 잊혀진 옛길을 찾아 알려지지 않은 제주의 절경에서 인생샷!\n- 겨울시즌 한라산 눈꽃 트레킹&영실일출트레킹\n- 캠핑용품대여/피크닉대여\n- 금능해수욕장, 월령포구,협재해수욕장으로 피크닉\n- 매일 밤 하는 불멍\n- 다양한 액티비티의 가성비 좋은 제주도 호캉스 호텔\n- 감성 넘치는 단체모임을 위한 액티비티와 단체회식공간\n\n5. 제주도 한달살기 숙소\n- 가성비 최고의 한달 살기 비용\n- 코인 세탁기,건조기\n- 조식,점심,저녁,야식,룸서비스 가능\n- 원할때마다 소셜다이닝 참석 가능\n\n6. 제주 애견동반 여행\n- 반려견 동반 가능한 객실 운영\n- 애견과 함께 캠핑감성으로 바베큐와 불멍 가능\n- 애견 용품 객실 비치, 애견 바베큐 메뉴 및 스낵 판매\n- 애견 1마리당 추가 비용 2만원\n\n7. 호텔 룸서비스\n- 떡볶이,라면,치킨등 야식은 물론, 찌게,덮밥등 식사 룸서비스 가능\n\n8. 제주 협재 펜션, 제주 금능 펜션과 연계\n- 에퀴녹스 그룹이 운영하는 다른 펜션들과 연계 혜택 가능\n- www.eqstay.com\n\n------------------------------------------------\n\n[편의 시설]\n야외 바베큐 식당\n불멍 서비스\n편의점\n카페\n호텔포차\n코인세탁실\n\n[서비스]\n캠핑 바베큐 X 불멍 소셜다이닝\n모닝커피 + 셀프 토스트바\n음료 게스트할인 30%\n캠핑용품대여 / 피크닉대여\n룸서비스\n\n[객실구성]\n개인실 퀸베드2인실\n개인실 트윈베드2인실\n페밀리룸 3인실\n애견 동반 전용 객실\n도미토리 여성전용\n도미토리 남성전용\n\n*입실 :15:00 / 퇴실 :11:00\n게스트의 보다 여유로운 여행을 위해 early check-in (11:00 입실) 과 late check-out (15:00 퇴실) 옵션도 선택하실 수 있게 준비했습니다. (옵션가격 2만원)\n입실마감 22시30분(노쇼처리 되실수있습니다.)\n22시30분 이후 입실 고객은 호텔로 전화 주세요\n저희 에퀴녹스에 머무시는 동안 저희 이름, ''에퀴녹스''(춘분/추분_낮과 밤의 길이가 똑같은 날), 처럼 삶의 밸런스를 느껴 보시기 바랍니다.', '제주', '제주시', '금능남1길 6-1 금능 이큐 스테이 호텔', 33.3852638, 126.2299083, '[제주 가성비 최고 호텔, 이큐스테이호텔 오시...', '주차가능\n무료\n[제주 가성비 최고 호텔, 이큐스테이호텔 오시는 길] - 도 보 이용 시 금능석물원 도보 5분 금능해수욕장 도보 10분 협재해수욕장 도보 15분 - 버스 이용 시 간선[202] 일반[ 784-1],[784-2] 금늠리[남] 정거장 하차 - 차량 이...', '0507-1497-5007', null, 410, 'https://map.naver.com/p/entry/place/1043568467?c=15.00,0,0,0,dh&placePath=/information?entry=bmp&fromPanelNum=1&additionalHeight=76&timestamp=202512181235&locale=ko&svcName=map_pcv5&businessCategory=hotel&from=map&fromPanelNum=1&additionalHeight=76&timestamp=202512181235&locale=ko&svcName=map_pcv5&businessCategory=hotel', 'NAVER', 'Blog: https://blog.naver.com/jt_home\nInstagram: https://www.instagram.com/equinoxegroup', '15:00', '11:00', '좋은 분위기와 맛있는 음식이 어우러진 공간');
INSERT INTO accommodation_amenity (amenity_id, accommodations_id) VALUES (12, 74);
INSERT INTO accommodation_amenity (amenity_id, accommodations_id) VALUES (13, 74);
INSERT INTO accommodation_amenity (amenity_id, accommodations_id) VALUES (36, 74);
INSERT INTO accommodation_amenity (amenity_id, accommodations_id) VALUES (39, 74);
INSERT INTO accommodation_amenity (amenity_id, accommodations_id) VALUES (40, 74);
INSERT INTO accommodation_amenity (amenity_id, accommodations_id) VALUES (41, 74);
INSERT INTO accommodation_amenity (amenity_id, accommodations_id) VALUES (38, 74);
INSERT INTO accommodation_amenity (amenity_id, accommodations_id) VALUES (42, 74);
INSERT INTO accommodation_amenity (amenity_id, accommodations_id) VALUES (30, 74);
INSERT INTO accommodation_amenity (amenity_id, accommodations_id) VALUES (1, 74);
INSERT INTO accommodation_amenity (amenity_id, accommodations_id) VALUES (43, 74);
INSERT INTO accommodation_amenity (amenity_id, accommodations_id) VALUES (12, 74);
INSERT INTO accommodation_amenity (amenity_id, accommodations_id) VALUES (44, 74);
INSERT INTO accommodation_amenity (amenity_id, accommodations_id) VALUES (45, 74);
INSERT INTO accommodation_amenity (amenity_id, accommodations_id) VALUES (46, 74);
INSERT INTO accommodation_amenity (amenity_id, accommodations_id) VALUES (47, 74);
INSERT INTO accommodation_image (accommodations_id, image_url, image_type, sort_order) VALUES (74, 'https://search.pstatic.net/common/?autoRotate=true&type=w560_sharpen&src=https%3A%2F%2Fldb-phinf.pstatic.net%2F20240327_86%2F17115493104101hhyC_JPEG%2F%25C0%25CC%25C5%25A5%25C5%25D7%25C0%25CC%25BA%25ED_%25B0%25F8%25B0%25A3_30.jpg', 'banner', 0);
INSERT INTO accommodation_image (accommodations_id, image_url, image_type, sort_order) VALUES (74, 'https://search.pstatic.net/common/?autoRotate=true&type=w278_sharpen&src=https%3A%2F%2Fldb-phinf.pstatic.net%2F20230412_110%2F1681226693357mch8A_JPEG%2FIMG_9916s.jpg', 'detail', 1);
INSERT INTO accommodation_image (accommodations_id, image_url, image_type, sort_order) VALUES (74, 'https://search.pstatic.net/common/?autoRotate=true&type=w278_sharpen&src=https%3A%2F%2Fldb-phinf.pstatic.net%2F20240601_23%2F1717181717544Nhxcz_JPEG%2FG_%25C0%25CC%25C5%25A5%25C5%25D7%25C0%25CC%25BA%25ED_%25B0%25F8%25B0%25A3_31.jpg', 'detail', 2);
INSERT INTO accommodation_image (accommodations_id, image_url, image_type, sort_order) VALUES (74, 'https://search.pstatic.net/common/?autoRotate=true&type=w278_sharpen&src=https%3A%2F%2Fldb-phinf.pstatic.net%2F20240415_32%2F1713110911861hccos_JPEG%2FFIM_1098_R.jpg', 'detail', 3);
INSERT INTO accommodation_image (accommodations_id, image_url, image_type, sort_order) VALUES (74, 'https://search.pstatic.net/common/?autoRotate=true&type=w278_sharpen&src=https%3A%2F%2Fldb-phinf.pstatic.net%2F20240415_268%2F1713110911909anYXD_JPEG%2FFIM_1103_R.jpg', 'detail', 4);

INSERT INTO accommodation (accommodations_id, accommodations_name, accommodations_category, accommodations_description, city, district, address_detail, latitude, longitude, transport_info, parking_info, phone, rating, review_count, source_url, source_platform, sns, check_in_time, check_out_time, short_description) VALUES (75, '제주 산방산탄산온천 펜션', 'GUESTHOUSE', '좌측에는 산방산, 우측에는 단산, 남쪽 바다의 형제섬, 남서쪽 끝에는 송악산까지 보이는 멋진 곳에 위치해있는 산방보누스 입니다. 편안하고 느긋하게 쉬면서 재충전도 하시고 제주 여행이 줄 수 있는 아름다운 풍경과 바람, 눈부시게 빛나는 별들까지 고스란히 담아 가세요. 머무는 곳이 편할 수 있도록 늘 노력하는 산방보누스가 되겠습니다.^^', '제주', '서귀포시', '사계로 115-48', 33.2490208, 126.2993306, NULL, NULL, NULL, null, 12, 'https://map.naver.com/p/search/%EC%A0%9C%EC%A3%BC+%EC%82%B0%EB%B0%A9%EC%82%B0%ED%83%84%EC%82%B0%EC%98%A8%EC%B2%9C+%ED%8E%9C%EC%85%98/place/938880773?c=8.00,0,0,0,dh&placePath=/information?entry=pbl&fromPanelNum=2&timestamp=202512181235&locale=ko&svcName=map_pcv5&searchText=%EC%A0%9C%EC%A3%BC%2B%EC%82%B0%EB%B0%A9%EC%82%B0%ED%83%84%EC%82%B0%EC%98%A8%EC%B2%9C%2B%ED%8E%9C%EC%85%98&businessCategory=pension&from=map&fromPanelNum=2&timestamp=202512181235&locale=ko&svcName=map_pcv5&searchText=%EC%A0%9C%EC%A3%BC%2B%EC%82%B0%EB%B0%A9%EC%82%B0%ED%83%84%EC%82%B0%EC%98%A8%EC%B2%9C%2B%ED%8E%9C%EC%85%98&businessCategory=pension', 'NAVER', NULL, '04:00', '11:00', NULL);
INSERT INTO accommodation_amenity (amenity_id, accommodations_id) VALUES (20, 75);
INSERT INTO accommodation_amenity (amenity_id, accommodations_id) VALUES (6, 75);
INSERT INTO accommodation_amenity (amenity_id, accommodations_id) VALUES (15, 75);
INSERT INTO accommodation_amenity (amenity_id, accommodations_id) VALUES (1, 75);
INSERT INTO accommodation_image (accommodations_id, image_url, image_type, sort_order) VALUES (75, 'https://search.pstatic.net/common/?autoRotate=true&type=w560_sharpen&src=https%3A%2F%2Fldb-phinf.pstatic.net%2F20170203_294%2F14860812912395PTX7_JPEG%2F186081638457389_1.jpeg', 'banner', 0);
INSERT INTO accommodation_image (accommodations_id, image_url, image_type, sort_order) VALUES (75, 'https://search.pstatic.net/common/?autoRotate=true&type=w278_sharpen&src=https%3A%2F%2Fldb-phinf.pstatic.net%2F20180109_225%2F1515478903197B0TQR_JPEG%2FPcTsRyxaNkNsa9pLT-H556oO.jpg', 'detail', 1);
INSERT INTO accommodation_image (accommodations_id, image_url, image_type, sort_order) VALUES (75, 'https://search.pstatic.net/common/?autoRotate=true&type=w278_sharpen&src=https%3A%2F%2Fldb-phinf.pstatic.net%2F20180109_132%2F1515478954560aNxst_JPEG%2Fbw2I8GVPvypmrqdUXDW2s6eU.jpg', 'detail', 2);
INSERT INTO accommodation_image (accommodations_id, image_url, image_type, sort_order) VALUES (75, 'https://search.pstatic.net/common/?autoRotate=true&type=w278_sharpen&src=https%3A%2F%2Fldb-phinf.pstatic.net%2F20180109_242%2F1515478956434VVYb9_JPEG%2FQHYKEfjdOdo_XqpioLTyPp9N.jpg', 'detail', 3);
INSERT INTO accommodation_image (accommodations_id, image_url, image_type, sort_order) VALUES (75, 'https://search.pstatic.net/common/?autoRotate=true&type=w278_sharpen&src=https%3A%2F%2Fldb-phinf.pstatic.net%2F20180109_109%2F1515478957123zYlii_JPEG%2F-5kBgxgKWNHv0JJ2a8ti94v7.jpg', 'detail', 4);

INSERT INTO accommodation (accommodations_id, accommodations_name, accommodations_category, accommodations_description, city, district, address_detail, latitude, longitude, transport_info, parking_info, phone, rating, review_count, source_url, source_platform, sns, check_in_time, check_out_time, short_description) VALUES (76, '제주 휴안스테이', 'GUESTHOUSE', '성산포에 위치한 휴안스테이 호텔에 머무실 경우 5~10분 정도 걸으면 성산 일출봉 및 광치기 해변에 가실 수 있습니다.', '제주', '서귀포시', '성산중앙로37번길 9', 33.4635956, 126.9323935, '급행 111(성산항)(제주국제공항(표선. 성산. 남원)) 성산일출봉입구정류장 하차 \n보도 1분거리에 휴안스테이호텔 있습니다 : )', NULL, '064-786-1500', null, 135, 'https://map.naver.com/p/search/%EC%A0%9C%EC%A3%BC+%ED%9C%B4%EC%95%88%EC%8A%A4%ED%85%8C%EC%9D%B4/place/37622432?c=15.00,0,0,0,dh&placePath=/information?entry=bmp&fromPanelNum=2&timestamp=202512181236&locale=ko&svcName=map_pcv5&searchText=%EC%A0%9C%EC%A3%BC%2B%ED%9C%B4%EC%95%88%EC%8A%A4%ED%85%8C%EC%9D%B4&businessCategory=hotel&from=map&fromPanelNum=2&timestamp=202512181236&locale=ko&svcName=map_pcv5&searchText=%EC%A0%9C%EC%A3%BC%2B%ED%9C%B4%EC%95%88%EC%8A%A4%ED%85%8C%EC%9D%B4&businessCategory=hotel', 'NAVER', NULL, '15:00', '11:00', '아름다운 일출을 감상하기 좋은 위치');
INSERT INTO accommodation_amenity (amenity_id, accommodations_id) VALUES (1, 76);
INSERT INTO accommodation_amenity (amenity_id, accommodations_id) VALUES (44, 76);
INSERT INTO accommodation_amenity (amenity_id, accommodations_id) VALUES (45, 76);
INSERT INTO accommodation_amenity (amenity_id, accommodations_id) VALUES (48, 76);
INSERT INTO accommodation_amenity (amenity_id, accommodations_id) VALUES (46, 76);
INSERT INTO accommodation_image (accommodations_id, image_url, image_type, sort_order) VALUES (76, 'https://search.pstatic.net/common/?autoRotate=true&type=w560_sharpen&src=https%3A%2F%2Fldb-phinf.pstatic.net%2F20200824_122%2F1598252982879OlUlj_JPEG%2F%25B8%25DE%25C0%25CE_%25C0%25FA%25C0%25E51.jpg', 'banner', 0);
INSERT INTO accommodation_image (accommodations_id, image_url, image_type, sort_order) VALUES (76, 'https://search.pstatic.net/common/?autoRotate=true&type=w278_sharpen&src=https%3A%2F%2Fldb-phinf.pstatic.net%2F20200824_144%2F1598252983746uLUwQ_JPEG%2FJW3A9800.jpg', 'detail', 1);
INSERT INTO accommodation_image (accommodations_id, image_url, image_type, sort_order) VALUES (76, 'https://search.pstatic.net/common/?autoRotate=true&type=w278_sharpen&src=https%3A%2F%2Fldb-phinf.pstatic.net%2F20200824_118%2F15982529831250rI4y_JPEG%2FLBS_7356.jpg', 'detail', 2);
INSERT INTO accommodation_image (accommodations_id, image_url, image_type, sort_order) VALUES (76, 'https://search.pstatic.net/common/?autoRotate=true&type=w278_sharpen&src=https%3A%2F%2Fldb-phinf.pstatic.net%2F20200824_169%2F1598252983170IuOkN_JPEG%2FLBS_6817.jpg', 'detail', 3);
INSERT INTO accommodation_image (accommodations_id, image_url, image_type, sort_order) VALUES (76, 'https://search.pstatic.net/common/?autoRotate=true&type=w278_sharpen&src=https%3A%2F%2Fldb-phinf.pstatic.net%2F20200824_97%2F1598252983019AoWui_JPEG%2FLBS_7245.jpg', 'detail', 4);

INSERT INTO accommodation (accommodations_id, accommodations_name, accommodations_category, accommodations_description, city, district, address_detail, latitude, longitude, transport_info, parking_info, phone, rating, review_count, source_url, source_platform, sns, check_in_time, check_out_time, short_description) VALUES (77, '제주 펄 호텔', 'GUESTHOUSE', '진주 보다 빛나는 행복을 전하는\n펄호텔제주\n\n연동 중심가에 위치하여 제주국제공항 4km(자동차 8분),\n신라, 롯데 면세점이 2km지점에 위치하고 있습니다\n제주의 아름다운 야경 이호테우 해변(5km)과\n제주도 원주민의 발상지인 삼성혈과 용연 계곡이 (6km) 있습니다.\n\n펄호텔 제주는 투어 데스크 안내를 통해 관광 일정을 예약하실 수 있습니다.\n그 밖에 게스트 라운지, 컨퍼런스룸,레스토랑을 편리하게 이용하실 수 있습니다.\n\n편안한 휴식처 객실은 에어컨, 주문형 영화 서비스, 냉장고,\n평면 TV, 헤어드라이기 등이 갖춰져 있습니다.\n호텔 내의 레스토랑에서 가족과 연인, 친구와 특별한 저녁을 보내실 수 있습니다\n\n1988년부터 오로지 고객님의 행복을 위해 호텔을 오픈한 그날부터 오늘에 이르기까지 진정성 있는 서비스를 위해 노력하고 있습니다\n감사합니다.', '제주', '제주시', '49', 33.4834697, 126.4909603, NULL, '주차가능', '064-742-8871', null, 180, 'https://map.naver.com/p/search/%EC%A0%9C%EC%A3%BC+%ED%8E%84+%ED%98%B8%ED%85%94/place/13223452?c=15.00,0,0,0,dh&placePath=/information?entry=bmp&fromPanelNum=2&timestamp=202512181236&locale=ko&svcName=map_pcv5&searchText=%EC%A0%9C%EC%A3%BC%2B%ED%8E%84%2B%ED%98%B8%ED%85%94&businessCategory=hotel&from=map&fromPanelNum=2&timestamp=202512181236&locale=ko&svcName=map_pcv5&searchText=%EC%A0%9C%EC%A3%BC%2B%ED%8E%84%2B%ED%98%B8%ED%85%94&businessCategory=hotel', 'NAVER', NULL, '15:00', '11:00', NULL);
INSERT INTO accommodation_amenity (amenity_id, accommodations_id) VALUES (36, 77);
INSERT INTO accommodation_amenity (amenity_id, accommodations_id) VALUES (39, 77);
INSERT INTO accommodation_amenity (amenity_id, accommodations_id) VALUES (1, 77);
INSERT INTO accommodation_amenity (amenity_id, accommodations_id) VALUES (49, 77);
INSERT INTO accommodation_amenity (amenity_id, accommodations_id) VALUES (43, 77);
INSERT INTO accommodation_amenity (amenity_id, accommodations_id) VALUES (44, 77);
INSERT INTO accommodation_amenity (amenity_id, accommodations_id) VALUES (45, 77);
INSERT INTO accommodation_amenity (amenity_id, accommodations_id) VALUES (50, 77);
INSERT INTO accommodation_amenity (amenity_id, accommodations_id) VALUES (51, 77);
INSERT INTO accommodation_amenity (amenity_id, accommodations_id) VALUES (52, 77);
INSERT INTO accommodation_image (accommodations_id, image_url, image_type, sort_order) VALUES (77, 'https://search.pstatic.net/common/?autoRotate=true&type=w560_sharpen&src=https%3A%2F%2Fldb-phinf.pstatic.net%2F20190509_208%2F1557388581543r4RDI_JPEG%2F2gvfwdVhXxyVi6gZGbEk3Srz.JPG.jpg', 'banner', 0);
INSERT INTO accommodation_image (accommodations_id, image_url, image_type, sort_order) VALUES (77, 'https://search.pstatic.net/common/?autoRotate=true&type=w278_sharpen&src=https%3A%2F%2Fldb-phinf.pstatic.net%2F20190509_243%2F1557388580263lhYgf_JPEG%2FMu5rEPEfkbxOIM9j01M6P0Zu.JPG.jpg', 'detail', 1);
INSERT INTO accommodation_image (accommodations_id, image_url, image_type, sort_order) VALUES (77, 'https://search.pstatic.net/common/?autoRotate=true&type=w278_sharpen&src=https%3A%2F%2Fldb-phinf.pstatic.net%2F20190509_267%2F15573885799917XTXW_JPEG%2Fn4uCAzcT6Xz0eRRQO2O_ZfMC.JPG.jpg', 'detail', 2);
INSERT INTO accommodation_image (accommodations_id, image_url, image_type, sort_order) VALUES (77, 'https://search.pstatic.net/common/?autoRotate=true&type=w278_sharpen&src=https%3A%2F%2Fldb-phinf.pstatic.net%2F20190509_155%2F1557388580761g4uhY_JPEG%2Fn9ooZ4pmWig0VlgRbmvrcJqc.jpg', 'detail', 3);
INSERT INTO accommodation_image (accommodations_id, image_url, image_type, sort_order) VALUES (77, 'https://search.pstatic.net/common/?autoRotate=true&type=w278_sharpen&src=https%3A%2F%2Fldb-phinf.pstatic.net%2F20190509_61%2F1557388648940pLnRB_JPEG%2FE3nzgaFabxndb_BX3mdQk01E.JPG.jpg', 'detail', 4);

INSERT INTO accommodation (accommodations_id, accommodations_name, accommodations_category, accommodations_description, city, district, address_detail, latitude, longitude, transport_info, parking_info, phone, rating, review_count, source_url, source_platform, sns, check_in_time, check_out_time, short_description) VALUES (78, '제주 오션하우스', 'GUESTHOUSE', '※해변에서 직선거리로 200m 가량 되지만 전 객실 바다가 보이지 않습니다.\n\n타 객실 이용객을 위해 무분별한 오락 및 고성방가 등 다른 이용객에게 불쾌감을 주는 행동을 금지하고 있습니다.\n\n※가격은 객실 타입과 날짜에 따라 다릅니다. 직접 확인 가능하니 전화로 가격 문의는 받지 않습니다. 부탁드립니다.\n\n문의전화는 오전 11시부터 오후 8시까지 연락 부탁드립니다.\n늦은시간 전화는 받지 않습니다.\n예약 : 온라인예약 (www.oceanhouse.co.kr)\n시설 및 제공서비스 : 냉방시설 침대 냉장고 TV 드라이기 샤워시설 세면용품 수건 인터넷 취사가능\n\n※반드시 체크인 시간을 지켜 주시기 바랍니다. (오후 4시전 입실은 절대 불가) 늦은 체크아웃은 10만원(오후 1시까지) 추가금이 발생합니다. 늦은 체크아웃은 다음 손님을 받을수 없습니다.\n\n업체 사정에 의해 체크인 시간이 다소 지연될 수 있습니다.\n\n반려동물을 동반한 입실은 절대 불가합니다.\n위반 시 환불 없는 퇴실 조치가 이루어지니 많은 협조 부탁드립니다.\n\n-각 객실별 기준인원 추가시 인원 추가비(침구 포함)가 발생합니다.\n1인 추가 15,000원\n추가비는 성인, 소아 구분없이 전연령 일괄적용 됩니다.\n(24개월 미만도 추가비용 발생합니다)\n침구 추가시 1세트(바닥 매트, 베게, 덮는 이불)\n10,000원이 추가됩니다.\n모든 추가 비용은 1박당 비용이 발생합니다.\n-생수는 드리지 않습니다.\n-세탁기 이용 X\n- 수량이 부족하여 예약이 안될 경우 홈페이지 (oceanhousejeju.imweb.me) 실시간예약 확인 부탁 드립니다.\n\n-무분별한 음주 및 고성방가(블루투스 마이크를 비롯 객실내에서 큰 소리로 노래를 부르는 행위) 반려동물 동반 , 객실 내 생선, 육류와 같은 냄새가 심한 음식조리 등 타인에게 불쾌감을 주는 행동은 엄격히 금지되며 환불 없이 강제 퇴실 조치됩니다.\n\n※최근 들어 특급 호텔에도 없는 과도한 서비스 요구와 객실 내 물품을 파손, 오염 시키고 입실 할 때부터 그랬다면서 발뺌하시는 분들이 많이 있습니다. 저희 펜션은 절대 파손되어 고장난 물건을 드리거나 오염된 침구류를 드리지 않습니다. 저희는 가성비가 좋은펜션이지 7성급 특급호텔이 아닙니다. 마치 직원들을 노예인듯 막대하시는 분 리뷰 좋게 작성해줄테니 인원추가 비용 바베큐 비용을 무료로 해달라고 요구하는 분 아무런 이유없이 객실 업그레이드를 요구하시는 분 거절하니 없는 말도 지어내고 생트집 잡아 악성 리뷰 작성하시는 분들 이러한 생각을 가지신 분 이시라면 제발 예약을 해주시지 말아주세요. 다른 손님께 피해를 끼치지 않도록 저희가 정중히 거절합니다.\n\n무통장 입금 예약은 1시간 내에 미입금 시 예약이 자동 취소됩니다.\n\n-바베큐 그릴은 오후 5시 전까지 당일 신청해주셔야 합니다.\n그릴 + 숯 + 석쇠 20,000원 (신청해주시면 그릴을 옮겨만 드리고 손님들 편한 시간에 토치로 불을 직접 피우시고 이용하시면 됩니다. 그 외 호일이나 기타 양념들은 드리지 않습니다)\n드시는건 편하실때까지 드시면 되지만 신청 시간 만큼은 꼭 지켜주시기 바랍니다. 오후 5시 이후 바베큐 신청은 받지 않습니다. 미리 신청 부탁드립니다. 간혹 늦은 시간에 바베큐 연락이 오는데 저희는 고기집이 아닙니다. 늦은 시간 신청하시면 준비해드릴수 없습니다. 전화가 불편하다면 문자만 남겨주셔도 됩니다.\n\n-그릴 수량이 제한적입니다. 예약 하실 때 신청하고 당일 이용하시지 않는 분들이 많습니다. 사용 여부는 당일 전화로 신청해주시기 바랍니다.\n-바베큐 그릴은 인원수와 상관없이 그릴 한 세트 20,000원 입니다. 6명~8명 인원이 많다고 이용하시는데 숯이나 석쇠를 리필 해드리지 않습니다. 인원이 많다면 그릴을 2개로 이용하시기를 추천 드립니다. 그릴 1개로 이용하셔도 되지만 그로 인한 불편함은 저희가 책임지지 않습니다.\n\n예약 손님 외 외부손님은 어떠한 사유로도 객실 출입을 엄격히 금합니다. (위반 시 퇴실 조치하며 환불 사유가 될 수 없습니다.\n\n 객실 정보가 수시로 변경될 수 있습니다. 이로 인한 불이익은 책임지지 않습니다.', '제주', '서귀포시', '사계남로216번길 42', 33.2348125, 126.3101845, NULL, '주차가능\n무료', '0507-1304-4541', null, 676, 'https://map.naver.com/p/search/%EC%A0%9C%EC%A3%BC+%EC%98%A4%EC%85%98%ED%95%98%EC%9A%B0%EC%8A%A4/place/10990851?c=15.00,0,0,0,dh&placePath=/room?entry=bmp&fromPanelNum=2&timestamp=202512181237&locale=ko&svcName=map_pcv5&searchText=%EC%A0%9C%EC%A3%BC%2B%EC%98%A4%EC%85%98%ED%95%98%EC%9A%B0%EC%8A%A4&businessCategory=pension&fromPanelNum=2&timestamp=202512181237&locale=ko&svcName=map_pcv5&searchText=%EC%A0%9C%EC%A3%BC%2B%EC%98%A4%EC%85%98%ED%95%98%EC%9A%B0%EC%8A%A4&businessCategory=pension&from=map', 'NAVER', NULL, '16:00', '11:00', '친절한 서비스와 가까운 해변의 매력');
INSERT INTO accommodation_theme (theme_id, accommodations_id) VALUES (1, 78);
INSERT INTO accommodation_theme (theme_id, accommodations_id) VALUES (3, 78);
INSERT INTO accommodation_amenity (amenity_id, accommodations_id) VALUES (2, 78);
INSERT INTO accommodation_amenity (amenity_id, accommodations_id) VALUES (1, 78);
INSERT INTO accommodation_amenity (amenity_id, accommodations_id) VALUES (4, 78);
INSERT INTO accommodation_amenity (amenity_id, accommodations_id) VALUES (15, 78);
INSERT INTO accommodation_amenity (amenity_id, accommodations_id) VALUES (16, 78);
INSERT INTO accommodation_amenity (amenity_id, accommodations_id) VALUES (10, 78);
INSERT INTO accommodation_amenity (amenity_id, accommodations_id) VALUES (6, 78);
INSERT INTO accommodation_amenity (amenity_id, accommodations_id) VALUES (23, 78);
INSERT INTO accommodation_image (accommodations_id, image_url, image_type, sort_order) VALUES (78, 'https://search.pstatic.net/common/?autoRotate=true&type=w560_sharpen&src=https%3A%2F%2Fldb-phinf.pstatic.net%2F20220211_4%2F1644508272533Nuhx1_JPEG%2FKakaoTalk_20220203_231424490.jpg', 'banner', 0);
INSERT INTO accommodation_image (accommodations_id, image_url, image_type, sort_order) VALUES (78, 'https://search.pstatic.net/common/?autoRotate=true&type=w278_sharpen&src=https%3A%2F%2Fldb-phinf.pstatic.net%2F20251107_77%2F1762519813411Q0VCB_JPEG%2FE%25C5%25B8%25C0%25D41.jpg', 'detail', 1);
INSERT INTO accommodation_image (accommodations_id, image_url, image_type, sort_order) VALUES (78, 'https://search.pstatic.net/common/?autoRotate=true&type=w278_sharpen&src=https%3A%2F%2Fldb-phinf.pstatic.net%2F20251107_99%2F1762519791637nMSHt_JPEG%2FF%25C5%25B8%25C0%25D42.jpg', 'detail', 2);
INSERT INTO accommodation_image (accommodations_id, image_url, image_type, sort_order) VALUES (78, 'https://search.pstatic.net/common/?autoRotate=true&type=w278_sharpen&src=https%3A%2F%2Fnaverbooking-phinf.pstatic.net%2F20230622_209%2F1687414813706nIYjC_JPEG%2F1.jpg', 'detail', 3);
INSERT INTO accommodation_image (accommodations_id, image_url, image_type, sort_order) VALUES (78, 'https://search.pstatic.net/common/?autoRotate=true&type=w278_sharpen&src=https%3A%2F%2Fnaverbooking-phinf.pstatic.net%2F20230622_269%2F1687414813895LcTre_JPEG%2FG%25C5%25B8%25C0%25D41.jpg', 'detail', 4);
INSERT INTO room (accommodations_id, room_name, price, min_guests, max_guests, room_description, main_image_url, bathroom_count, room_type, bed_count) VALUES (78, 'A타입 (기준 2인실) 연박 할인 10,000원', 65000, 2, 3, '일반객실, 기준 2인 (최대 3인) | 침실 1, 침대 1, 욕실 1, 최소 1박', 'https://search.pstatic.net/common/?autoRotate=true&quality=95&type=w750&src=https%3A%2F%2Fnaverbooking-phinf.pstatic.net%2F20190706_227%2F1562415203517GBD7X_JPEG%2FDSC00538.JPG', 1, 'STANDARD', 1);
INSERT INTO room (accommodations_id, room_name, price, min_guests, max_guests, room_description, main_image_url, bathroom_count, room_type, bed_count) VALUES (78, 'B타입 (기준/최대 4인실) 연박 할인 30,000원', 130000, 2, 4, '일반객실, 기준 4인 (최대 4인) | 침실 1, 침대 1, 욕실 1, 최소 1박', 'https://search.pstatic.net/common/?autoRotate=true&quality=95&type=w750&src=https%3A%2F%2Fnaverbooking-phinf.pstatic.net%2F20230601_44%2F1685598650377miztu_JPEG%2FB%25C5%25B8%25C0%25D4.jpg', 1, 'STANDARD', 1);
INSERT INTO room (accommodations_id, room_name, price, min_guests, max_guests, room_description, main_image_url, bathroom_count, room_type, bed_count) VALUES (78, 'C타입 (기준 4인실) 연박 할인 30,000원', 150000, 2, 6, '일반객실, 기준 4인 (최대 6인) | 침실 1, 침대 1, 욕실 1, 최소 1박', 'https://search.pstatic.net/common/?autoRotate=true&quality=95&type=w750&src=https%3A%2F%2Fnaverbooking-phinf.pstatic.net%2F20220211_267%2F1644508126679Jepe6_JPEG%2FKakaoTalk_20220203_231424490.jpg', 1, 'STANDARD', 1);
INSERT INTO room (accommodations_id, room_name, price, min_guests, max_guests, room_description, main_image_url, bathroom_count, room_type, bed_count) VALUES (78, 'E타입 (기준 4인실) 연박 할인 30,000원', 150000, 2, 8, '일반객실, 기준 4인 (최대 8인) | 침실 1, 침대 1, 욕실 1, 최소 1박', 'https://search.pstatic.net/common/?autoRotate=true&quality=95&type=w750&src=https%3A%2F%2Fnaverbooking-phinf.pstatic.net%2F20220528_140%2F1653674358555DanLD_JPEG%2FKakaoTalk_20220524_001624937.jpg', 1, 'STANDARD', 1);
INSERT INTO room (accommodations_id, room_name, price, min_guests, max_guests, room_description, main_image_url, bathroom_count, room_type, bed_count) VALUES (78, 'F타입 (기준 2인실, 인원추가X, 침구추가X)', 75000, 2, 2, '일반객실, 기준 2인 (최대 2인) | 침실 1, 침대 1, 욕실 1, 최소 1박', 'https://search.pstatic.net/common/?autoRotate=true&quality=95&type=w750&src=https%3A%2F%2Fnaverbooking-phinf.pstatic.net%2F20220603_85%2F1654241463743LEXhs_JPEG%2FB102-1.jpg', 1, 'STANDARD', 1);
INSERT INTO room (accommodations_id, room_name, price, min_guests, max_guests, room_description, main_image_url, bathroom_count, room_type, bed_count) VALUES (78, 'G타입 (기준 3인실) 연박할인 10,000원', 110000, 2, 6, '일반객실, 기준 3인 (최대 6인) | 침실 1, 침대 1, 욕실 1, 최소 1박', 'https://search.pstatic.net/common/?autoRotate=true&quality=95&type=w750&src=https%3A%2F%2Fnaverbooking-phinf.pstatic.net%2F20220528_189%2F1653699079637buhNF_JPEG%2FKakaoTalk_20220528_002833929_03.jpg', 1, 'STANDARD', 1);

INSERT INTO accommodation (accommodations_id, accommodations_name, accommodations_category, accommodations_description, city, district, address_detail, latitude, longitude, transport_info, parking_info, phone, rating, review_count, source_url, source_platform, sns, check_in_time, check_out_time, short_description) VALUES (79, '제주 오조숙녀sea', 'GUESTHOUSE', '오조숙녀sea는 유네스코 세계자연유산 [성산일출봉]과 제주 안의 또 다른 제주, 산호 섬 [우도]가는 길목에 있으며, 가까운 곳에는 아름다운 자연과 비일상의 여유로움이 공존하는 [섭지코지]가 있습니다.\n\n[성산일출봉]의 아침 햇살이 비추어질 때는 오조숙녀sea의 앞마당인 푸른 바다가 은빛 물드는 풍경을 통창의 침실에서 감상 하실 수 있습니다\n.제주에서 보기드문 아름다운 뷰이며 숙소앞에는 아름다운 오조포구 산책로가 있습니다.', '제주', '서귀포시', '오조로 122 오조숙녀sea', 33.4645761, 126.9141785, '제주공항 에서 111 ,101번 성산방향 직행버스(빨강)이용\n성산항 혹은 고성리 환승정류장 (구 한국물류)에서 하차.\n숙소까지 택시(기본요금) 이용이 가장 빠릅니다:)\n카카오택시 혹은 콜택시(064-782-8200)', '주차가능\n무료', '0507-1324-8833', null, 682, 'https://map.naver.com/p/search/%EC%A0%9C%EC%A3%BC+%EC%98%A4%EC%A1%B0%EC%88%99%EB%85%80sea/place/1964276450?isCorrectAnswer=true&c=15.00,0,0,0,dh&placePath=/room?fromPanelNum=1&additionalHeight=76&timestamp=202512181237&locale=ko&svcName=map_pcv5&searchText=%EC%A0%9C%EC%A3%BC%2B%EC%98%A4%EC%A1%B0%EC%88%99%EB%85%80sea&businessCategory=guesthouse&additionalHeight=76&timestamp=202512181237&locale=ko&svcName=map_pcv5&searchText=%EC%A0%9C%EC%A3%BC%2B%EC%98%A4%EC%A1%B0%EC%88%99%EB%85%80sea&businessCategory=guesthouse&fromPanelNum=1', 'NAVER', 'Blog: https://blog.naver.com/ojosophie\nInstagram: https://www.instagram.com/ojoladysea_jeju/profilecard/?igsh=eGxuM245aHVrZzR4', '16:00', '11:00', '아름다운 풍경 속 청결한 조용한 휴식처');
INSERT INTO accommodation_theme (theme_id, accommodations_id) VALUES (1, 79);
INSERT INTO accommodation_amenity (amenity_id, accommodations_id) VALUES (6, 79);
INSERT INTO accommodation_amenity (amenity_id, accommodations_id) VALUES (4, 79);
INSERT INTO accommodation_amenity (amenity_id, accommodations_id) VALUES (1, 79);
INSERT INTO accommodation_amenity (amenity_id, accommodations_id) VALUES (2, 79);
INSERT INTO accommodation_image (accommodations_id, image_url, image_type, sort_order) VALUES (79, 'https://search.pstatic.net/common/?autoRotate=true&type=w560_sharpen&src=https%3A%2F%2Fnaverbooking-phinf.pstatic.net%2F20230404_85%2F1680593804500uphPs_JPEG%2FIMG_1368.JPG', 'banner', 0);
INSERT INTO accommodation_image (accommodations_id, image_url, image_type, sort_order) VALUES (79, 'https://search.pstatic.net/common/?autoRotate=true&type=w278_sharpen&src=https%3A%2F%2Fnaverbooking-phinf.pstatic.net%2F20240529_46%2F1716941320639sq6Pm_JPEG%2F123.jpg', 'detail', 1);
INSERT INTO accommodation_image (accommodations_id, image_url, image_type, sort_order) VALUES (79, 'https://search.pstatic.net/common/?autoRotate=true&type=w278_sharpen&src=https%3A%2F%2Fnaverbooking-phinf.pstatic.net%2F20241028_13%2F1730100966361x0Cmy_JPEG%2FIMG_0589.jpeg', 'detail', 2);
INSERT INTO accommodation_image (accommodations_id, image_url, image_type, sort_order) VALUES (79, 'https://search.pstatic.net/common/?autoRotate=true&type=w278_sharpen&src=https%3A%2F%2Fldb-phinf.pstatic.net%2F20230126_247%2F1674695598520vepp3_JPEG%2FIMG_1303.JPG', 'detail', 3);
INSERT INTO accommodation_image (accommodations_id, image_url, image_type, sort_order) VALUES (79, 'https://search.pstatic.net/common/?autoRotate=true&type=w278_sharpen&src=https%3A%2F%2Fnaverbooking-phinf.pstatic.net%2F20230404_129%2F1680593804151nw9Td_JPEG%2FIMG_1365.JPG', 'detail', 4);
INSERT INTO room (accommodations_id, room_name, price, min_guests, max_guests, room_description, main_image_url, bathroom_count, room_type, bed_count) VALUES (79, '더블베드 커플룸', 135000, 2, 2, '일반객실, 기준 2인 (최대 2인) | 침실 1, 침대 1, 욕실 1, 최소 1박', 'https://search.pstatic.net/common/?autoRotate=true&quality=95&type=w750&src=https%3A%2F%2Fnaverbooking-phinf.pstatic.net%2F20230216_127%2F1676514738606XKUtE_JPEG%2F%25B4%25F5%25BA%25ED%25B7%25EB_%25BB%25E7%25C1%25F8.jpg', 1, 'STANDARD', 1);
INSERT INTO room (accommodations_id, room_name, price, min_guests, max_guests, room_description, main_image_url, bathroom_count, room_type, bed_count) VALUES (79, '트윈베드 커플룸', 135000, 2, 2, '일반객실, 기준 2인 (최대 2인) | 침실 1, 침대 2, 욕실 1, 최소 1박', 'https://search.pstatic.net/common/?autoRotate=true&quality=95&type=w750&src=https%3A%2F%2Fnaverbooking-phinf.pstatic.net%2F20180421_186%2F1524289356407LIyeL_PNG%2FIMG_9596-%25C6%25AE%25C0%25A9.png', 1, 'STANDARD', 2);

INSERT INTO accommodation (accommodations_id, accommodations_name, accommodations_category, accommodations_description, city, district, address_detail, latitude, longitude, transport_info, parking_info, phone, rating, review_count, source_url, source_platform, sns, check_in_time, check_out_time, short_description) VALUES (80, '서귀포 모멘토 하우스', 'GUESTHOUSE', '제주서쪽 , 제주도동쪽 딱 서귀포 중간에 위치해 있어 어딜 이동해도 편리한 제주도한달살이 숙소로도 좋고, 제주도뚜벅이여행 으로도 좋고, 제주도숙소로 적합한 서귀포 가성비 숙소, 제주도관광에 전략적 요충지 최적의 베이스 캠프!!\n\n제주 여행은 모멘토와 함께 !!\n안녕하세요 모멘토하우스입니다 :)\n\n저희 게하(게스트하우스)는 서귀포 중심, 이중섭 거리 내에\n올레길 6,7코스가 만나는 지점에 위치해 있으며,\n\n먹거리가 풍부한 서귀포올레시장이 도보로 3분, 천지연폭포, 새연교\n제주여행추천하면 무조건 추천하는 관광지가 도보로 10분 !\n\n그리고 주변에 서귀포 맛집과 다양한 볼거리, 즐길 거리가 즐비해 있습니다.\n\n전 객실 무료Wi-Fi가 준비돼 있고, 여행객들이 편하게 휴식을 취하고 맛있는 음식을 먹을 수 있는 라운지와 공용 주방이 설치돼 있습니다.\n\n라운지에서는 무료조식과 저녁에는 제주게스트하우스 하면 빠질 수 없는 제주게스트하우스파티 중 하나인 포트럭 파티도 준비돼 있습니다.\n파티에 특징? 이 있다면 저희는 다른 게스트하우스와 달리 클럽 분위기 파티가 아닌 각 지역에서 온 여행자들과 함께 담소를 나누고 즐길 수 있는 차분한 분위기 파티입니다 :)\n\n또한, 저희 게하는 여러분에 특별하고, 기억남는 제주 여행을 위해\n제주도 대표 액티비티 스킨스쿠버 다이빙 샵 '' 야야다이브 ''와\n전기스쿠터 '' 제주올레길 바이크 오로오로 '' 까지 !\n\n모멘토하우스 이용하신 분들 모두 최대 20% 할인 !\n\n이 모든게 모멘토하우스 건물 내 상주하고 있어, 이용하는데 전혀 불편함이 없습니다 !\n\n단순히 머물다 가는 장소가 아닌, 여러분의 제주도여행을 더 기억 남도록 도와드리겠습니다 :)', '제주', '서귀포시', '21 모멘토하우스', 33.2465060, 126.5648764, '*공항 리무진 이용 : 600번 버스 승차->''샛기정 공원'' 정류장 하차 후 도보로 5분\n\n*렌트카 이용시 : ''모멘토 하우스'' 검색\n 주소 검색시 _ 서귀포시 태평로439번길 21\n 검색 후 오시면 됩니다 :)\n\n올레 시장 도보 3분\n이중섭거리 도보 1분\n올레길 6,7코스 인접\n천지연폭포/정방폭포/자구리공원 도보 10분\n성판악 입구까지 40분', '주차가능\n무료\n선착순으로 3대 가능 (만차시 주변 무료주차장 이용) 도미 토리 이용객은 건물 내 주차이용 제한적입니다._주변 무 료주차장 이용해주세요 ! (자전거/오토바이 제외) *입실 당일 날 안내문자를 보내드립니다 ! 주차관련 정보 ...', '0507-1315-2716', null, 93, 'https://map.naver.com/p/entry/place/1880715113?c=15.00,0,0,0,dh&placePath=/room?entry=bmp&fromPanelNum=1&additionalHeight=76&timestamp=202512181237&locale=ko&svcName=map_pcv5&businessCategory=guesthouse&fromPanelNum=1&additionalHeight=76&timestamp=202512181237&locale=ko&svcName=map_pcv5&businessCategory=guesthouse&from=map', 'NAVER', 'Instagram: https://www.instagram.com/momento_house_\nBlog: https://blog.naver.com/momento_house', '16:00', '11:00', '쾌적한 방에서 즐기는 맛있는 조식');
INSERT INTO accommodation_theme (theme_id, accommodations_id) VALUES (4, 80);
INSERT INTO accommodation_theme (theme_id, accommodations_id) VALUES (1, 80);
INSERT INTO accommodation_theme (theme_id, accommodations_id) VALUES (3, 80);
INSERT INTO accommodation_amenity (amenity_id, accommodations_id) VALUES (5, 80);
INSERT INTO accommodation_amenity (amenity_id, accommodations_id) VALUES (4, 80);
INSERT INTO accommodation_amenity (amenity_id, accommodations_id) VALUES (6, 80);
INSERT INTO accommodation_amenity (amenity_id, accommodations_id) VALUES (1, 80);
INSERT INTO accommodation_amenity (amenity_id, accommodations_id) VALUES (3, 80);
INSERT INTO accommodation_amenity (amenity_id, accommodations_id) VALUES (8, 80);
INSERT INTO accommodation_amenity (amenity_id, accommodations_id) VALUES (14, 80);
INSERT INTO accommodation_amenity (amenity_id, accommodations_id) VALUES (7, 80);
INSERT INTO accommodation_amenity (amenity_id, accommodations_id) VALUES (31, 80);
INSERT INTO accommodation_amenity (amenity_id, accommodations_id) VALUES (19, 80);
INSERT INTO accommodation_image (accommodations_id, image_url, image_type, sort_order) VALUES (80, 'https://search.pstatic.net/common/?autoRotate=true&type=w560_sharpen&src=https%3A%2F%2Fldb-phinf.pstatic.net%2F20250828_206%2F1756335418406lD6Rv_JPEG%2F%25B2%25D9%25B9%25CC%25B1%25E2KakaoTalk_20250713_192535893.jpg', 'banner', 0);
INSERT INTO accommodation_image (accommodations_id, image_url, image_type, sort_order) VALUES (80, 'https://search.pstatic.net/common/?autoRotate=true&type=w278_sharpen&src=https%3A%2F%2Fldb-phinf.pstatic.net%2F20250904_34%2F1756975293578CwE9O_JPEG%2F%25B2%25D9%25B9%25CC%25B1%25E2KakaoTalk_20250901_200407161_01.jpg', 'detail', 1);
INSERT INTO accommodation_image (accommodations_id, image_url, image_type, sort_order) VALUES (80, 'https://search.pstatic.net/common/?autoRotate=true&type=w278_sharpen&src=https%3A%2F%2Fldb-phinf.pstatic.net%2F20250828_112%2F1756335418437vwTei_JPEG%2F%25B2%25D9%25B9%25CC%25B1%25E2KakaoTalk_20250713_192535893_01.jpg', 'detail', 2);
INSERT INTO accommodation_image (accommodations_id, image_url, image_type, sort_order) VALUES (80, 'https://search.pstatic.net/common/?autoRotate=true&type=w278_sharpen&src=https%3A%2F%2Fldb-phinf.pstatic.net%2F20250828_39%2F1756335418416WJyDr_JPEG%2F%25B2%25D9%25B9%25CC%25B1%25E2KakaoTalk_20250804_192803384.jpg', 'detail', 3);
INSERT INTO accommodation_image (accommodations_id, image_url, image_type, sort_order) VALUES (80, 'https://search.pstatic.net/common/?autoRotate=true&type=w278_sharpen&src=https%3A%2F%2Fldb-phinf.pstatic.net%2F20250602_172%2F1748833729601BTolB_JPEG%2FKSH_7091.JPG', 'detail', 4);
INSERT INTO room (accommodations_id, room_name, price, min_guests, max_guests, room_description, main_image_url, bathroom_count, room_type, bed_count) VALUES (80, '도미토리 여자4인실_무료조식', 28000, 2, 4, '공용객실, 기준 1인 (최대 4인) | 침실 1, 침대 2, 욕실 1, 최소 1박', 'https://search.pstatic.net/common/?autoRotate=true&quality=95&type=w750&src=https%3A%2F%2Fnaverbooking-phinf.pstatic.net%2F20250219_125%2F1739920297559g7jhD_JPEG%2FDSC08032.jpg', 1, 'STANDARD', 2);
INSERT INTO room (accommodations_id, room_name, price, min_guests, max_guests, room_description, main_image_url, bathroom_count, room_type, bed_count) VALUES (80, '도미토리 남자4인실_무료조식', 28000, 2, 4, '공용객실, 기준 1인 (최대 4인) | 침실 1, 침대 2, 욕실 1, 최소 1박', 'https://search.pstatic.net/common/?autoRotate=true&quality=95&type=w750&src=https%3A%2F%2Fnaverbooking-phinf.pstatic.net%2F20250206_92%2F1738823555808R1759_JPEG%2F5%25B9%25F8.jpg', 1, 'STANDARD', 2);
INSERT INTO room (accommodations_id, room_name, price, min_guests, max_guests, room_description, main_image_url, bathroom_count, room_type, bed_count) VALUES (80, '우리끼리_4인실 여자', 100000, 2, 4, '일반객실, 기준 4인 (최대 4인) | 침실 1, 침대 2, 욕실 1, 최소 1박', 'https://search.pstatic.net/common/?autoRotate=true&quality=95&type=w750&src=https%3A%2F%2Fnaverbooking-phinf.pstatic.net%2F20250315_54%2F1742024814189bNDw5_JPEG%2FDSC08032.jpg', 1, 'STANDARD', 2);
INSERT INTO room (accommodations_id, room_name, price, min_guests, max_guests, room_description, main_image_url, bathroom_count, room_type, bed_count) VALUES (80, '우리끼리_4인실 남자', 100000, 2, 4, '일반객실, 기준 4인 (최대 4인) | 침실 1, 침대 2, 욕실 1, 최소 1박', 'https://search.pstatic.net/common/?autoRotate=true&quality=95&type=w750&src=https%3A%2F%2Fnaverbooking-phinf.pstatic.net%2F20250315_129%2F1742025145895JrOWD_JPEG%2FDSC08053.jpg', 1, 'STANDARD', 2);
INSERT INTO room (accommodations_id, room_name, price, min_guests, max_guests, room_description, main_image_url, bathroom_count, room_type, bed_count) VALUES (80, '제주 일주일 살이_도미토리 여자 / 1박만 예약해주세요', 140000, 2, 1, '공용객실, 기준 1인 (최대 1인) | 침실 1, 침대 2, 욕실 1, 최소 1박', 'https://search.pstatic.net/common/?autoRotate=true&quality=95&type=w750&src=https%3A%2F%2Fnaverbooking-phinf.pstatic.net%2F20250702_290%2F1751449191747jcibR_JPEG%2FDSC08032.jpg', 1, 'STANDARD', 2);
INSERT INTO room (accommodations_id, room_name, price, min_guests, max_guests, room_description, main_image_url, bathroom_count, room_type, bed_count) VALUES (80, '제주 일주일 살이_도미토리 남자 / 1박만 예약해주세요', 140000, 2, 1, '공용객실, 기준 1인 (최대 1인) | 침실 1, 침대 2, 욕실 1, 최소 1박', 'https://search.pstatic.net/common/?autoRotate=true&quality=95&type=w750&src=https%3A%2F%2Fnaverbooking-phinf.pstatic.net%2F20250702_177%2F1751448903489FhMq3_JPEG%2FDSC08053.jpg', 1, 'STANDARD', 2);
INSERT INTO room (accommodations_id, room_name, price, min_guests, max_guests, room_description, main_image_url, bathroom_count, room_type, bed_count) VALUES (80, '제주 한 달 살기_도미토리 여자 / 1박만 예약해주세요', 450000, 2, 1, '공용객실, 기준 1인 (최대 1인) | 침실 1, 침대 2, 욕실 1, 최소 1박', 'https://search.pstatic.net/common/?autoRotate=true&quality=95&type=w750&src=https%3A%2F%2Fnaverbooking-phinf.pstatic.net%2F20250727_55%2F1753597662294AAjs7_JPEG%2FDSC08034.jpg', 1, 'STANDARD', 2);
INSERT INTO room (accommodations_id, room_name, price, min_guests, max_guests, room_description, main_image_url, bathroom_count, room_type, bed_count) VALUES (80, '제주 한 달 살기_도미토리 남자 / 1박만 예약해주세요', 450000, 2, 1, '공용객실, 기준 1인 (최대 1인) | 침실 1, 침대 2, 욕실 1, 최소 1박', 'https://search.pstatic.net/common/?autoRotate=true&quality=95&type=w750&src=https%3A%2F%2Fnaverbooking-phinf.pstatic.net%2F20250727_215%2F1753597355000IuH2P_JPEG%2F5%25B9%25F8.jpg', 1, 'STANDARD', 2);
INSERT INTO room (accommodations_id, room_name, price, min_guests, max_guests, room_description, main_image_url, bathroom_count, room_type, bed_count) VALUES (80, '더블룸_도보 & 싱글', 51000, 2, 1, '일반객실, 기준 1인 (최대 1인) | 침실 1, 침대 1, 욕실 1, 최소 1박', 'https://search.pstatic.net/common/?autoRotate=true&quality=95&type=w750&src=https%3A%2F%2Fnaverbooking-phinf.pstatic.net%2F20250726_137%2F1753515799073Yq8Gx_JPEG%2F1.jpg', 1, 'STANDARD', 1);
INSERT INTO room (accommodations_id, room_name, price, min_guests, max_guests, room_description, main_image_url, bathroom_count, room_type, bed_count) VALUES (80, '더블룸_무료조식', 60000, 2, 2, '일반객실, 기준 2인 (최대 2인) | 침실 1, 침대 1, 욕실 1, 최소 1박', 'https://search.pstatic.net/common/?autoRotate=true&quality=95&type=w750&src=https%3A%2F%2Fnaverbooking-phinf.pstatic.net%2F20250206_81%2F1738820143339CxWJD_JPEG%2F1.jpg', 1, 'STANDARD', 1);
INSERT INTO room (accommodations_id, room_name, price, min_guests, max_guests, room_description, main_image_url, bathroom_count, room_type, bed_count) VALUES (80, '더블룸_도보전용', 55000, 2, 2, '일반객실, 기준 2인 (최대 2인) | 침실 1, 침대 1, 욕실 1, 최소 1박', 'https://search.pstatic.net/common/?autoRotate=true&quality=95&type=w750&src=https%3A%2F%2Fnaverbooking-phinf.pstatic.net%2F20250302_100%2F1740879986588FqCN4_JPEG%2F1.jpg', 1, 'STANDARD', 1);
INSERT INTO room (accommodations_id, room_name, price, min_guests, max_guests, room_description, main_image_url, bathroom_count, room_type, bed_count) VALUES (80, '더블룸 오션뷰_무료조식', 65000, 2, 2, '일반객실, 기준 2인 (최대 2인) | 침실 1, 침대 1, 욕실 1, 최소 1박', 'https://search.pstatic.net/common/?autoRotate=true&quality=95&type=w750&src=https%3A%2F%2Fnaverbooking-phinf.pstatic.net%2F20250219_261%2F1739925164196P76Tj_JPEG%2F1.jpg', 1, 'STANDARD', 1);
INSERT INTO room (accommodations_id, room_name, price, min_guests, max_guests, room_description, main_image_url, bathroom_count, room_type, bed_count) VALUES (80, '트윈룸_무료조식', 75000, 2, 3, '일반객실, 기준 2인 (최대 3인) | 침실 1, 침대 2, 욕실 1, 최소 1박', 'https://search.pstatic.net/common/?autoRotate=true&quality=95&type=w750&src=https%3A%2F%2Fnaverbooking-phinf.pstatic.net%2F20250219_243%2F1739920125517cWKwl_JPEG%2FKSH_2681.jpg', 1, 'STANDARD', 2);
INSERT INTO room (accommodations_id, room_name, price, min_guests, max_guests, room_description, main_image_url, bathroom_count, room_type, bed_count) VALUES (80, '트윈룸_ 도보전용', 71000, 2, 3, '공용객실, 기준 2인 (최대 3인) | 침실 1, 침대 2, 욕실 1, 최소 1박', 'https://search.pstatic.net/common/?autoRotate=true&quality=95&type=w750&src=https%3A%2F%2Fnaverbooking-phinf.pstatic.net%2F20250726_72%2F17535169394967MjxL_JPEG%2FKSH_2681.jpg', 1, 'STANDARD', 2);
INSERT INTO room (accommodations_id, room_name, price, min_guests, max_guests, room_description, main_image_url, bathroom_count, room_type, bed_count) VALUES (80, '트리플룸_무료조식', 85000, 2, 3, '일반객실, 기준 3인 (최대 3인) | 침실 1, 침대 3, 욕실 1, 최소 1박', 'https://search.pstatic.net/common/?autoRotate=true&quality=95&type=w750&src=https%3A%2F%2Fnaverbooking-phinf.pstatic.net%2F20250206_37%2F173882234763839unQ_JPEG%2F1.jpg', 1, 'STANDARD', 3);
INSERT INTO room (accommodations_id, room_name, price, min_guests, max_guests, room_description, main_image_url, bathroom_count, room_type, bed_count) VALUES (80, '트리플룸_도보전용', 81000, 2, 3, '일반객실, 기준 3인 (최대 3인) | 침실 1, 침대 3, 욕실 1, 최소 1박', 'https://search.pstatic.net/common/?autoRotate=true&quality=95&type=w750&src=https%3A%2F%2Fnaverbooking-phinf.pstatic.net%2F20250726_69%2F1753517230535BdL2X_JPEG%2FDSC08065.jpg', 1, 'STANDARD', 3);
INSERT INTO room (accommodations_id, room_name, price, min_guests, max_guests, room_description, main_image_url, bathroom_count, room_type, bed_count) VALUES (80, '! 제주 소품 감귤모자 대여 !', 2000, 2, 10, '공용객실, 기준 1인 (최대 10인) | 침실 1, 최소 1박', 'https://search.pstatic.net/common/?autoRotate=true&quality=95&type=w750&src=https%3A%2F%2Fnaverbooking-phinf.pstatic.net%2F20250713_226%2F1752380107035gyI8b_JPEG%2FKakaoTalk_20250407_203003156.jpg', 0, 'STANDARD', 0);

INSERT INTO accommodation (accommodations_id, accommodations_name, accommodations_category, accommodations_description, city, district, address_detail, latitude, longitude, transport_info, parking_info, phone, rating, review_count, source_url, source_platform, sns, check_in_time, check_out_time, short_description) VALUES (81, '제주 월정리 소낭스테이', 'GUESTHOUSE', '제주도 동쪽 예쁜 그림 같은\n월정리 먼 바다와 전원 마을이 보이는\n소낭 스테이 & 게스트하우스 입니다.\n소낭 스테이 와 소낭 게스트하우스는\n4층 건물 2층과 3층에서\n통합 운영하고 있습니다\n\n전 객실 월정리 먼 바다와\n전원 마을이 보이는\n테라스가 있는 오션뷰\n객실로 배정됩니다\n\n전 객실 넷플릭스, 유튜브 시청이\n가능한 엘지 룸 앤 스마트\n티브이와 블루투스 스피커\n\n전 객실 내 욕실 용품이 준비된 욕실\n\n건물 1층은 전용 주차장과\n엘리베이터가 있으며\n신속하고 편안한\n셀프 체크인 시스템으로 운영\n\n짐 보관은 소낭게스트하우스\n(1호점)에서\n편안하게 보관 가능\n\n쓩쓩 렌탈 월정점 이용 시 2천원\n현금 할인\n\n초밥공장 식사 시 음료수 제공\n\n월정리 서핑강습 희망 시\n할인 제공\n\n소낭스테이 환불규정\n\n숙박일로부터 8일 전 전액환불\n숙박일로부터 7일 이내 환불불가\n\n항공기 결항에 관한 환불 규정\n- 숙박일 당일 결항 편에 대해서 결항확인서를 보내주시면\n환불이 가능합니다\n- 숙박일 외의 결항확인서는 유효하지 않습니다', '제주', '제주시', '월정3길 7', null, null, '제주공항에서 소낭스테이 오는 방법\n\n제주 공항에서 101번 탑승\n월정리 해수욕장 하차\n세븐일레븐 월정점 바로 뒷 건물', '주차가능\n무료', '0507-1359-4540', null, 18, 'https://map.naver.com/p/search/%EC%A0%9C%EC%A3%BC+%EC%9B%94%EC%A0%95%EB%A6%AC+%EC%86%8C%EB%82%AD%EC%8A%A4%ED%85%8C%EC%9D%B4/place/607569797?isCorrectAnswer=true&c=15.00,0,0,0,dh&placePath=/room?fromPanelNum=1&additionalHeight=76&timestamp=202512181238&locale=ko&svcName=map_pcv5&searchText=%EC%A0%9C%EC%A3%BC%2B%EC%9B%94%EC%A0%95%EB%A6%AC%2B%EC%86%8C%EB%82%AD%EC%8A%A4%ED%85%8C%EC%9D%B4&businessCategory=pension&additionalHeight=76&timestamp=202512181238&locale=ko&svcName=map_pcv5&searchText=%EC%A0%9C%EC%A3%BC%2B%EC%9B%94%EC%A0%95%EB%A6%AC%2B%EC%86%8C%EB%82%AD%EC%8A%A4%ED%85%8C%EC%9D%B4&businessCategory=pension&fromPanelNum=1', 'NAVER', 'Blog: https://blog.naver.com/sonangstay', '16:00', '10:30', '깨끗한 내부에서 즐기는 아름다운 뷰');
INSERT INTO accommodation_theme (theme_id, accommodations_id) VALUES (3, 81);
INSERT INTO accommodation_theme (theme_id, accommodations_id) VALUES (1, 81);
INSERT INTO accommodation_amenity (amenity_id, accommodations_id) VALUES (4, 81);
INSERT INTO accommodation_amenity (amenity_id, accommodations_id) VALUES (6, 81);
INSERT INTO accommodation_amenity (amenity_id, accommodations_id) VALUES (10, 81);
INSERT INTO accommodation_amenity (amenity_id, accommodations_id) VALUES (15, 81);
INSERT INTO accommodation_amenity (amenity_id, accommodations_id) VALUES (7, 81);
INSERT INTO accommodation_amenity (amenity_id, accommodations_id) VALUES (1, 81);
INSERT INTO accommodation_amenity (amenity_id, accommodations_id) VALUES (9, 81);
INSERT INTO accommodation_amenity (amenity_id, accommodations_id) VALUES (53, 81);
INSERT INTO accommodation_amenity (amenity_id, accommodations_id) VALUES (14, 81);
INSERT INTO accommodation_amenity (amenity_id, accommodations_id) VALUES (2, 81);
INSERT INTO accommodation_image (accommodations_id, image_url, image_type, sort_order) VALUES (81, 'https://search.pstatic.net/common/?autoRotate=true&type=w560_sharpen&src=https%3A%2F%2Fnaverbooking-phinf.pstatic.net%2F20250326_200%2F1742998964519tJddO_JPEG%2FDSC04846-%25C7%25E2%25BB%25F3%25B5%25CA-%25B3%25EB%25C0%25CC%25C1%25EE_%25B0%25A8%25BC%25D2.jpg', 'banner', 0);
INSERT INTO accommodation_image (accommodations_id, image_url, image_type, sort_order) VALUES (81, 'https://search.pstatic.net/common/?autoRotate=true&type=w278_sharpen&src=https%3A%2F%2Fnaverbooking-phinf.pstatic.net%2F20250326_258%2F1742998963503iKmfC_JPEG%2FDSC04864-%25C7%25E2%25BB%25F3%25B5%25CA-%25B3%25EB%25C0%25CC%25C1%25EE_%25B0%25A8%25BC%25D2.jpg', 'detail', 1);
INSERT INTO accommodation_image (accommodations_id, image_url, image_type, sort_order) VALUES (81, 'https://search.pstatic.net/common/?autoRotate=true&type=w278_sharpen&src=https%3A%2F%2Fnaverbooking-phinf.pstatic.net%2F20250326_2%2F1742998964739OdUzK_JPEG%2FDSC04878-%25C7%25E2%25BB%25F3%25B5%25CA-%25B3%25EB%25C0%25CC%25C1%25EE_%25B0%25A8%25BC%25D2.jpg', 'detail', 2);
INSERT INTO accommodation_image (accommodations_id, image_url, image_type, sort_order) VALUES (81, 'https://search.pstatic.net/common/?autoRotate=true&type=w278_sharpen&src=https%3A%2F%2Fldb-phinf.pstatic.net%2F20170726_49%2F1501065616817qQ58l_JPEG%2F186671568025096_1.jpeg', 'detail', 3);
INSERT INTO accommodation_image (accommodations_id, image_url, image_type, sort_order) VALUES (81, 'https://search.pstatic.net/common/?autoRotate=true&type=w278_sharpen&src=https%3A%2F%2Fnaverbooking-phinf.pstatic.net%2F20250326_172%2F1742998963241SRPw9_JPEG%2FDSC04869-%25C7%25E2%25BB%25F3%25B5%25CA-%25B3%25EB%25C0%25CC%25C1%25EE_%25B0%25A8%25BC%25D2.jpg', 'detail', 4);
INSERT INTO room (accommodations_id, room_name, price, min_guests, max_guests, room_description, main_image_url, bathroom_count, room_type, bed_count) VALUES (81, '더블룸(1인기준)', 50000, 2, 1, '일반객실, 기준 1인 (최대 1인) | 침실 1, 침대 1, 욕실 1, 최소 1박', 'https://search.pstatic.net/common/?autoRotate=true&quality=95&type=w750&src=https%3A%2F%2Fnaverbooking-phinf.pstatic.net%2F20250326_128%2F174297866684472rk1_JPEG%2FDSC04726-%25C7%25E2%25BB%25F3%25B5%25CA-%25B3%25EB%25C0%25CC%25C1%25EE_%25B0%25A8%25BC%25D2.jpg', 1, 'STANDARD', 1);
INSERT INTO room (accommodations_id, room_name, price, min_guests, max_guests, room_description, main_image_url, bathroom_count, room_type, bed_count) VALUES (81, '더블룸 (2인 기준)', 60000, 2, 2, '일반객실, 기준 2인 (최대 2인) | 침실 1, 침대 1, 욕실 1, 최소 1박', 'https://search.pstatic.net/common/?autoRotate=true&quality=95&type=w750&src=https%3A%2F%2Fnaverbooking-phinf.pstatic.net%2F20250326_128%2F174297866684472rk1_JPEG%2FDSC04726-%25C7%25E2%25BB%25F3%25B5%25CA-%25B3%25EB%25C0%25CC%25C1%25EE_%25B0%25A8%25BC%25D2.jpg', 1, 'STANDARD', 1);
INSERT INTO room (accommodations_id, room_name, price, min_guests, max_guests, room_description, main_image_url, bathroom_count, room_type, bed_count) VALUES (81, '2인실 (트윈룸-2인기준)', 62000, 2, 2, '일반객실, 기준 2인 (최대 2인) | 침실 1, 침대 1, 욕실 1, 최소 1박', 'https://search.pstatic.net/common/?autoRotate=true&quality=95&type=w750&src=https%3A%2F%2Fnaverbooking-phinf.pstatic.net%2F20250709_116%2F1752040899557Tt5Kg_JPEG%2FDSC04964.jpg', 1, 'STANDARD', 1);
INSERT INTO room (accommodations_id, room_name, price, min_guests, max_guests, room_description, main_image_url, bathroom_count, room_type, bed_count) VALUES (81, '2인실 (더블베드1+싱글베드1 - 2인기준)', 62000, 2, 2, '일반객실, 기준 2인 (최대 2인) | 침실 1, 침대 1, 욕실 1, 최소 1박', 'https://search.pstatic.net/common/?autoRotate=true&quality=95&type=w750&src=https%3A%2F%2Fnaverbooking-phinf.pstatic.net%2F20250413_44%2F17445444805584I6uN_JPEG%2FDSC04869-%25C7%25E2%25BB%25F3%25B5%25CA-%25B3%25EB%25C0%25CC%25C1%25EE_%25B0%25A8%25BC%25D2.jpg', 1, 'STANDARD', 1);

INSERT INTO accommodation (accommodations_id, accommodations_name, accommodations_category, accommodations_description, city, district, address_detail, latitude, longitude, transport_info, parking_info, phone, rating, review_count, source_url, source_platform, sns, check_in_time, check_out_time, short_description) VALUES (82, '서귀포 풍경 호텔', 'GUESTHOUSE', '제주도 서귀포시에 위치한 휴양형 호텔입니다.\nCozy 스타일 호텔로 모던하고 깔끔한 객실 디자인과\n본관 전객실 아름다운 공원도시뷰 조망과 한라산이 보이는 마운틴 뷰 조망을\n별관 전객실 아름다운 오션뷰를 자랑합니다.\n\n진정한 힐링과 가족여행의 추억을\n서귀포 풍경호텔에서 만들어 보세요\n\n오랜 시간 고객님을 맞이하기 위해 분주히 준비하고, 저희 호텔을 만족해하실 고객님을 생각하며\n큰 희망에 찬 꿈을 꾸어 온 시간이 지나고 이제 꿈이 현실이 될 시간이 왔습니다.\n\n다양한 부대시설과 고객님들 한 분 한 분을 위한 특별한 이벤트, 차별화된 객실 서비스로 고객분들을 맞이하겠습니다.\n객실에 포함된 스킨스쿠버,승마, ATV같은 다양한 익스트림상품을 경험하면서 제주의 특별함을 즐겨 보세요.\n1키로거리의 서귀포 올레시장과 800미터거리의 아랑조을거리(먹자골목), 서귀포잠수함,서귀포유람선,새연교,외돌개,천지연폭포,이중섭거리등 근거리에 위치해있어서 다양한 먹거리와 볼거리즐길수 있습니다.', '제주', '서귀포시', '147 풍경호텔', 33.2447876, 126.5534616, '네이버 검색: 제주공항5번출구에서 600번공항리무진버스승차후 1시간30분정도소요(버스비용대략5500원),샛기정공원하차 후 걸어서500미터에 위치함', '주차가능', '0507-1342-3355', null, 86, 'https://map.naver.com/p/search/%EC%84%9C%EA%B7%80%ED%8F%AC+%ED%92%8D%EA%B2%BD+%ED%98%B8%ED%85%94/place/37421363?c=15.00,0,0,0,dh&placePath=/information?entry=bmp&fromPanelNum=2&timestamp=202512181238&locale=ko&svcName=map_pcv5&searchText=%EC%84%9C%EA%B7%80%ED%8F%AC%2B%ED%92%8D%EA%B2%BD%2B%ED%98%B8%ED%85%94&businessCategory=hotel&from=map&fromPanelNum=2&timestamp=202512181238&locale=ko&svcName=map_pcv5&searchText=%EC%84%9C%EA%B7%80%ED%8F%AC%2B%ED%92%8D%EA%B2%BD%2B%ED%98%B8%ED%85%94&businessCategory=hotel', 'NAVER', 'Blog: https://blog.naver.com/skjejudo', '15:00', '11:00', '조용하고 안락한 분위기의 호텔');
INSERT INTO accommodation_amenity (amenity_id, accommodations_id) VALUES (40, 82);
INSERT INTO accommodation_amenity (amenity_id, accommodations_id) VALUES (36, 82);
INSERT INTO accommodation_amenity (amenity_id, accommodations_id) VALUES (13, 82);
INSERT INTO accommodation_amenity (amenity_id, accommodations_id) VALUES (39, 82);
INSERT INTO accommodation_amenity (amenity_id, accommodations_id) VALUES (1, 82);
INSERT INTO accommodation_amenity (amenity_id, accommodations_id) VALUES (44, 82);
INSERT INTO accommodation_amenity (amenity_id, accommodations_id) VALUES (50, 82);
INSERT INTO accommodation_amenity (amenity_id, accommodations_id) VALUES (51, 82);
INSERT INTO accommodation_amenity (amenity_id, accommodations_id) VALUES (52, 82);
INSERT INTO accommodation_image (accommodations_id, image_url, image_type, sort_order) VALUES (82, 'https://search.pstatic.net/common/?autoRotate=true&type=w560_sharpen&src=https%3A%2F%2Fldb-phinf.pstatic.net%2F20191230_277%2F15776628406930DoXk_JPEG%2FOWlAUhyPCp0h9OA7Ym0aWDVi.jpg', 'banner', 0);
INSERT INTO accommodation_image (accommodations_id, image_url, image_type, sort_order) VALUES (82, 'https://search.pstatic.net/common/?autoRotate=true&type=w278_sharpen&src=https%3A%2F%2Fldb-phinf.pstatic.net%2F20200505_224%2F1588665988247YrRc6_JPEG%2FNmIag9B-tc2ukNdBQK56bCl5.jpg', 'detail', 1);
INSERT INTO accommodation_image (accommodations_id, image_url, image_type, sort_order) VALUES (82, 'https://search.pstatic.net/common/?autoRotate=true&type=w278_sharpen&src=https%3A%2F%2Fldb-phinf.pstatic.net%2F20200505_213%2F1588665990531Qg8jI_JPEG%2FXCG4Fl62ruYKIi7Uxp6ebTmh.jpg', 'detail', 2);
INSERT INTO accommodation_image (accommodations_id, image_url, image_type, sort_order) VALUES (82, 'https://search.pstatic.net/common/?autoRotate=true&type=w278_sharpen&src=https%3A%2F%2Fldb-phinf.pstatic.net%2F20191230_50%2F1577662839955RrF8v_JPEG%2FFstGQ2r2BcQcgAbheQH7lH_k.jpg', 'detail', 3);
INSERT INTO accommodation_image (accommodations_id, image_url, image_type, sort_order) VALUES (82, 'https://search.pstatic.net/common/?autoRotate=true&type=w278_sharpen&src=https%3A%2F%2Fldb-phinf.pstatic.net%2F20200505_83%2F15886659900128rsAw_JPEG%2FKpfNgmDBfKcwYc6bMc0rCf68.jpg', 'detail', 4);

INSERT INTO accommodation (accommodations_id, accommodations_name, accommodations_category, accommodations_description, city, district, address_detail, latitude, longitude, transport_info, parking_info, phone, rating, review_count, source_url, source_platform, sns, check_in_time, check_out_time, short_description) VALUES (83, '제주 부띠크스테이 스놉', 'GUESTHOUSE', '오션뷰, 바베큐파티, 세미나, 브라인덜샤워, 베이비샤워등의 스몰파티, 커플여행, 가족여행에 최적의 장소입니다', '제주', '서귀포시', '17 스놉', 33.2332776, 126.3695856, '제주공항->평화로 타고 이동-> 대평리로 진입', '주차가능', '0507-1351-3555', null, 424, 'https://map.naver.com/p/entry/place/1538117932?c=15.00,0,0,0,dh&placePath=/information?entry=bmp&fromPanelNum=1&additionalHeight=76&timestamp=202512181239&locale=ko&svcName=map_pcv5&businessCategory=hotel&from=map&fromPanelNum=1&additionalHeight=76&timestamp=202512181239&locale=ko&svcName=map_pcv5&businessCategory=hotel', 'NAVER', NULL, '15:00', '11:00', '아름다운 바다 뷰와 깨끗한 숙소에서의 휴식');
INSERT INTO accommodation_amenity (amenity_id, accommodations_id) VALUES (40, 83);
INSERT INTO accommodation_amenity (amenity_id, accommodations_id) VALUES (36, 83);
INSERT INTO accommodation_amenity (amenity_id, accommodations_id) VALUES (13, 83);
INSERT INTO accommodation_amenity (amenity_id, accommodations_id) VALUES (39, 83);
INSERT INTO accommodation_amenity (amenity_id, accommodations_id) VALUES (1, 83);
INSERT INTO accommodation_amenity (amenity_id, accommodations_id) VALUES (43, 83);
INSERT INTO accommodation_amenity (amenity_id, accommodations_id) VALUES (54, 83);
INSERT INTO accommodation_amenity (amenity_id, accommodations_id) VALUES (47, 83);
INSERT INTO accommodation_amenity (amenity_id, accommodations_id) VALUES (51, 83);
INSERT INTO accommodation_image (accommodations_id, image_url, image_type, sort_order) VALUES (83, 'https://search.pstatic.net/common/?autoRotate=true&type=w560_sharpen&src=https%3A%2F%2Fldb-phinf.pstatic.net%2F20181030_157%2F1540887840455QhbRm_JPEG%2F4W2A2921-HDR.jpg', 'banner', 0);
INSERT INTO accommodation_image (accommodations_id, image_url, image_type, sort_order) VALUES (83, 'https://search.pstatic.net/common/?autoRotate=true&type=w278_sharpen&src=https%3A%2F%2Fldb-phinf.pstatic.net%2F20181030_136%2F1540887842485P6GQ5_JPEG%2F4W2A2896-HDR.jpg', 'detail', 1);
INSERT INTO accommodation_image (accommodations_id, image_url, image_type, sort_order) VALUES (83, 'https://search.pstatic.net/common/?autoRotate=true&type=w278_sharpen&src=https%3A%2F%2Fldb-phinf.pstatic.net%2F20181030_283%2F15408878404441U6Rh_JPEG%2F4W2A2916-HDR-2.jpg', 'detail', 2);
INSERT INTO accommodation_image (accommodations_id, image_url, image_type, sort_order) VALUES (83, 'https://search.pstatic.net/common/?autoRotate=true&type=w278_sharpen&src=https%3A%2F%2Fldb-phinf.pstatic.net%2F20220512_41%2F165233870301835Wgu_JPEG%2F%25BA%25CE%25B6%25EC%25B2%25F4%25BD%25BA%25C5%25D7%25C0%25CC%25BD%25BA%25B3%25F1%2528%25BF%25C3%25BC%25A6%25C6%25F7%25C5%25E4%2529-01-_ASP7684.jpg', 'detail', 3);
INSERT INTO accommodation_image (accommodations_id, image_url, image_type, sort_order) VALUES (83, 'https://search.pstatic.net/common/?autoRotate=true&type=w278_sharpen&src=https%3A%2F%2Fldb-phinf.pstatic.net%2F20220512_141%2F1652338696231WirTB_JPEG%2F%25BA%25CE%25B6%25EC%25B2%25F4%25BD%25BA%25C5%25D7%25C0%25CC%25BD%25BA%25B3%25F1%2528%25BF%25C3%25BC%25A6%25C6%25F7%25C5%25E4%2529-03-_ASP7694.jpg', 'detail', 4);

INSERT INTO accommodation (accommodations_id, accommodations_name, accommodations_category, accommodations_description, city, district, address_detail, latitude, longitude, transport_info, parking_info, phone, rating, review_count, source_url, source_platform, sns, check_in_time, check_out_time, short_description) VALUES (84, '제주 산방산애 펜션', 'GUESTHOUSE', '주변 경관이 아름다운 산방산 자락에 위치한 저희 산방산愛 리조트 & 펜션 은 모던한 독채 복층형 숙소로써\n고객님들 편의를 고려한 다양한 부대시설과 안락한 잠자리 &\n 친절로써 고객 여러분을 맞이하고자 합니다.\n서귀포 남쪽 먼바다에서 불어오는 싱그러운 바람과 형제섬을 비롯한 마라도,가파도의 전경을 볼 수 있고,\n저희 산방산愛 리조트 & 펜션에서 제주여행의 멋지고 아름다운 추억을 만들어가시길 바랍니다.', '제주', '서귀포시', '사계로114번길 53-19', 33.2439520, 126.3035246, '거멍국수 맞은편 GS25랑 순대국밥집 사이 샛길로 들어오시면 됩니다', '주차가능\n무료', '064-794-0040', null, 328, 'https://map.naver.com/p/entry/place/36340873?c=15.00,0,0,0,dh&placePath=/room?entry=bmp&fromPanelNum=1&additionalHeight=76&timestamp=202512181239&locale=ko&svcName=map_pcv5&businessCategory=pension&fromPanelNum=1&additionalHeight=76&timestamp=202512181239&locale=ko&svcName=map_pcv5&businessCategory=pension&from=map', 'NAVER', NULL, '15:00', '11:00', '넓은 객실에서 즐기는 아름다운 주변 경관');
INSERT INTO accommodation_theme (theme_id, accommodations_id) VALUES (3, 84);
INSERT INTO accommodation_theme (theme_id, accommodations_id) VALUES (1, 84);
INSERT INTO accommodation_theme (theme_id, accommodations_id) VALUES (6, 84);
INSERT INTO accommodation_theme (theme_id, accommodations_id) VALUES (2, 84);
INSERT INTO accommodation_amenity (amenity_id, accommodations_id) VALUES (11, 84);
INSERT INTO accommodation_amenity (amenity_id, accommodations_id) VALUES (15, 84);
INSERT INTO accommodation_amenity (amenity_id, accommodations_id) VALUES (2, 84);
INSERT INTO accommodation_amenity (amenity_id, accommodations_id) VALUES (1, 84);
INSERT INTO accommodation_amenity (amenity_id, accommodations_id) VALUES (25, 84);
INSERT INTO accommodation_amenity (amenity_id, accommodations_id) VALUES (28, 84);
INSERT INTO accommodation_amenity (amenity_id, accommodations_id) VALUES (29, 84);
INSERT INTO accommodation_amenity (amenity_id, accommodations_id) VALUES (4, 84);
INSERT INTO accommodation_amenity (amenity_id, accommodations_id) VALUES (31, 84);
INSERT INTO accommodation_amenity (amenity_id, accommodations_id) VALUES (6, 84);
INSERT INTO accommodation_amenity (amenity_id, accommodations_id) VALUES (16, 84);
INSERT INTO accommodation_amenity (amenity_id, accommodations_id) VALUES (10, 84);
INSERT INTO accommodation_amenity (amenity_id, accommodations_id) VALUES (38, 84);
INSERT INTO accommodation_image (accommodations_id, image_url, image_type, sort_order) VALUES (84, 'https://search.pstatic.net/common/?autoRotate=true&type=w560_sharpen&src=https%3A%2F%2Fldb-phinf.pstatic.net%2F20160317_6%2F1458181982139rq7S7_JPEG%2F____1.jpg', 'banner', 0);
INSERT INTO accommodation_image (accommodations_id, image_url, image_type, sort_order) VALUES (84, 'https://search.pstatic.net/common/?autoRotate=true&type=w278_sharpen&src=https%3A%2F%2Fldb-phinf.pstatic.net%2F20160317_18%2F1458181982219KCsEk_JPEG%2F____2.jpg', 'detail', 1);
INSERT INTO accommodation_image (accommodations_id, image_url, image_type, sort_order) VALUES (84, 'https://search.pstatic.net/common/?autoRotate=true&type=w278_sharpen&src=https%3A%2F%2Fldb-phinf.pstatic.net%2F20160317_187%2F1458181982302kNPKA_JPEG%2F____3.jpg', 'detail', 2);
INSERT INTO accommodation_image (accommodations_id, image_url, image_type, sort_order) VALUES (84, 'https://search.pstatic.net/common/?autoRotate=true&type=w278_sharpen&src=https%3A%2F%2Fldb-phinf.pstatic.net%2F20200423_241%2F1587630158452qX0WK_JPEG%2FCbJJKl88lH1Vlb7jOS9zNIIW.jpg', 'detail', 3);
INSERT INTO accommodation_image (accommodations_id, image_url, image_type, sort_order) VALUES (84, 'https://search.pstatic.net/common/?autoRotate=true&type=w278_sharpen&src=https%3A%2F%2Fldb-phinf.pstatic.net%2F20160317_260%2F1458181982383apcBN_JPEG%2F____4.jpg', 'detail', 4);
INSERT INTO room (accommodations_id, room_name, price, min_guests, max_guests, room_description, main_image_url, bathroom_count, room_type, bed_count) VALUES (84, '세미형', 91100, 2, 3, '일반객실, 기준 2인 (최대 3인) | 침실 1, 침대 1, 욕실 1, 최소 1박', 'https://search.pstatic.net/common/?autoRotate=true&quality=95&type=w750&src=https%3A%2F%2Fnaverbooking-phinf.pstatic.net%2F20160725_144%2F1469436516376bJ04Y_JPEG%2FLBS_0087.jpg', 1, 'STANDARD', 1);
INSERT INTO room (accommodations_id, room_name, price, min_guests, max_guests, room_description, main_image_url, bathroom_count, room_type, bed_count) VALUES (84, '누루형(객실랜덤) 연박 특가', 106100, 2, 8, '일반객실, 기준 4인 (최대 8인) | 침실 2, 침대 1, 욕실 1, 최소 1박', 'https://search.pstatic.net/common/?autoRotate=true&quality=95&type=w750&src=https%3A%2F%2Fnaverbooking-phinf.pstatic.net%2F20180831_297%2F153570236214512a6F_JPEG%2F%25B0%25C5%25BD%25C7_%25281%2529.jpg', 1, 'STANDARD', 1);
INSERT INTO room (accommodations_id, room_name, price, min_guests, max_guests, room_description, main_image_url, bathroom_count, room_type, bed_count) VALUES (84, '누루(객실 랜덤)', 106100, 2, 8, '일반객실, 기준 4인 (최대 8인) | 침실 2, 침대 1, 욕실 1, 최소 1박', 'https://search.pstatic.net/common/?autoRotate=true&quality=95&type=w750&src=https%3A%2F%2Fnaverbooking-phinf.pstatic.net%2F20160725_152%2F1469438918246DaFXh_JPEG%2FLBS_0104.jpg', 1, 'STANDARD', 1);
INSERT INTO room (accommodations_id, room_name, price, min_guests, max_guests, room_description, main_image_url, bathroom_count, room_type, bed_count) VALUES (84, '일반형(28평)', 116100, 2, 6, '일반객실, 기준 4인 (최대 6인) | 침실 2, 침대 2, 욕실 1, 최소 1박', 'https://search.pstatic.net/common/?autoRotate=true&quality=95&type=w750&src=https%3A%2F%2Fnaverbooking-phinf.pstatic.net%2F20160223_146%2F1456192570902hBsMT_JPEG%2Fwww_sbslove_com_20160223_104103.jpg', 1, 'STANDARD', 2);
INSERT INTO room (accommodations_id, room_name, price, min_guests, max_guests, room_description, main_image_url, bathroom_count, room_type, bed_count) VALUES (84, '복층형(33평)', 116100, 2, 6, '일반객실, 기준 4인 (최대 6인) | 침실 2, 침대 2, 욕실 1, 최소 1박', 'https://search.pstatic.net/common/?autoRotate=true&quality=95&type=w750&src=https%3A%2F%2Fnaverbooking-phinf.pstatic.net%2F20160223_232%2F1456192985844OCoV9_JPEG%2Fwww_sbslove_com_20160223_104247.jpg', 1, 'STANDARD', 2);

INSERT INTO accommodation (accommodations_id, accommodations_name, accommodations_category, accommodations_description, city, district, address_detail, latitude, longitude, transport_info, parking_info, phone, rating, review_count, source_url, source_platform, sns, check_in_time, check_out_time, short_description) VALUES (85, '제주 삼다호스텔', 'GUESTHOUSE', '~ 제주 삼다호스텔 특별함 ~\n\n1) 제주 국제 공항 차량 8분 거리\n\n2) 주차장\n주차 가능 공간 마련 (최대 6대까지 가능)\n\n3) 인터넷\n펜션 내 Wi-Fi 사용이 가능\n\n4) 마트/편의점\n도보 1분 CU\n차량 10분 이마트', '제주', '제주시', '456-6', 33.5181704, 126.4888552, '# 객실금액은 기준인원에 대한 금액으로 기준인원 초 과 시 추가요금이 발생합니다. 예약 시 예약인원을 꼭 확인해주세요. - 당일 예약 후 당일 이용하는 ...', '주차가능\n무료', '064-745-4456', null, 125, 'https://map.naver.com/p/search/%EC%A0%9C%EC%A3%BC+%EC%82%BC%EB%8B%A4%ED%98%B8%EC%8A%A4%ED%85%94/place/37181629?isCorrectAnswer=true&c=15.00,0,0,0,dh&placePath=/room?fromPanelNum=1&additionalHeight=76&timestamp=202512181240&locale=ko&svcName=map_pcv5&searchText=%EC%A0%9C%EC%A3%BC%2B%EC%82%BC%EB%8B%A4%ED%98%B8%EC%8A%A4%ED%85%94&businessCategory=pension&additionalHeight=76&timestamp=202512181240&locale=ko&svcName=map_pcv5&searchText=%EC%A0%9C%EC%A3%BC%2B%EC%82%BC%EB%8B%A4%ED%98%B8%EC%8A%A4%ED%85%94&businessCategory=pension&fromPanelNum=1', 'NAVER', NULL, '16:00', '11:00', '편리한 위치와 깨끗한 숙소의 조화');
INSERT INTO accommodation_amenity (amenity_id, accommodations_id) VALUES (4, 85);
INSERT INTO accommodation_amenity (amenity_id, accommodations_id) VALUES (6, 85);
INSERT INTO accommodation_amenity (amenity_id, accommodations_id) VALUES (31, 85);
INSERT INTO accommodation_amenity (amenity_id, accommodations_id) VALUES (1, 85);
INSERT INTO accommodation_image (accommodations_id, image_url, image_type, sort_order) VALUES (85, 'https://search.pstatic.net/common/?autoRotate=true&type=w560_sharpen&src=https%3A%2F%2Fldb-phinf.pstatic.net%2F20220718_157%2F1658138688932YAGRG_JPEG%2F2.jpg', 'banner', 0);
INSERT INTO accommodation_image (accommodations_id, image_url, image_type, sort_order) VALUES (85, 'https://search.pstatic.net/common/?autoRotate=true&type=w278_sharpen&src=https%3A%2F%2Fldb-phinf.pstatic.net%2F20220718_193%2F1658138689049VzmKC_JPEG%2F4.jpg', 'detail', 1);
INSERT INTO accommodation_image (accommodations_id, image_url, image_type, sort_order) VALUES (85, 'https://search.pstatic.net/common/?autoRotate=true&type=w278_sharpen&src=https%3A%2F%2Fldb-phinf.pstatic.net%2F20210611_154%2F1623396932965YMPvz_JPEG%2FsTtuF70TQ0hoyjf7eTvbk2R9.jpg', 'detail', 2);
INSERT INTO accommodation_image (accommodations_id, image_url, image_type, sort_order) VALUES (85, 'https://search.pstatic.net/common/?autoRotate=true&type=w278_sharpen&src=https%3A%2F%2Fldb-phinf.pstatic.net%2F20210830_140%2F1630308981355Y8JYC_JPEG%2FZlXit1sO6v5truVwp_T3Zgdt.jpg', 'detail', 3);
INSERT INTO accommodation_image (accommodations_id, image_url, image_type, sort_order) VALUES (85, 'https://search.pstatic.net/common/?autoRotate=true&type=w278_sharpen&src=https%3A%2F%2Fldb-phinf.pstatic.net%2F20210830_146%2F16303089647778wsez_JPEG%2F1Dim_9gcA0VoS-H8xrwfp2ER.jpg', 'detail', 4);
INSERT INTO room (accommodations_id, room_name, price, min_guests, max_guests, room_description, main_image_url, bathroom_count, room_type, bed_count) VALUES (85, '디럭스 온돌-1', 55000, 2, 6, '일반객실, 기준 2인 (최대 6인) | 침실 1, 욕실 1, 최소 1박', 'https://search.pstatic.net/common/?autoRotate=true&quality=95&type=w750&src=https%3A%2F%2Fnaverbooking-phinf.pstatic.net%2F20211208_60%2F1638941788449Bo1ki_JPEG%2Fimage.jpg', 1, 'STANDARD', 0);
INSERT INTO room (accommodations_id, room_name, price, min_guests, max_guests, room_description, main_image_url, bathroom_count, room_type, bed_count) VALUES (85, '디럭스 온돌-2', 55000, 2, 6, '일반객실, 기준 2인 (최대 6인) | 침실 1, 욕실 1, 최소 1박', 'https://search.pstatic.net/common/?autoRotate=true&quality=95&type=w750&src=https%3A%2F%2Fnaverbooking-phinf.pstatic.net%2F20211208_177%2F1638941879759S2VwJ_JPEG%2Fimage.jpg', 1, 'STANDARD', 0);
INSERT INTO room (accommodations_id, room_name, price, min_guests, max_guests, room_description, main_image_url, bathroom_count, room_type, bed_count) VALUES (85, '디럭스 온돌-3', 55000, 2, 6, '일반객실, 기준 2인 (최대 6인) | 침실 1, 욕실 1, 최소 1박', 'https://search.pstatic.net/common/?autoRotate=true&quality=95&type=w750&src=https%3A%2F%2Fnaverbooking-phinf.pstatic.net%2F20211208_137%2F1638941882148oc9To_JPEG%2Fimage.jpg', 1, 'STANDARD', 0);
INSERT INTO room (accommodations_id, room_name, price, min_guests, max_guests, room_description, main_image_url, bathroom_count, room_type, bed_count) VALUES (85, '디럭스 온돌-4', 55000, 2, 6, '일반객실, 기준 2인 (최대 6인) | 침실 1, 욕실 1, 최소 1박', 'https://search.pstatic.net/common/?autoRotate=true&quality=95&type=w750&src=https%3A%2F%2Fnaverbooking-phinf.pstatic.net%2F20211208_289%2F1638941965189bes5v_JPEG%2Fimage.jpg', 1, 'STANDARD', 0);
INSERT INTO room (accommodations_id, room_name, price, min_guests, max_guests, room_description, main_image_url, bathroom_count, room_type, bed_count) VALUES (85, '디럭스 트윈-1', 42000, 2, 3, '일반객실, 기준 2인 (최대 3인) | 침실 1, 침대 2, 욕실 1, 최소 1박', 'https://search.pstatic.net/common/?autoRotate=true&quality=95&type=w750&src=https%3A%2F%2Fnaverbooking-phinf.pstatic.net%2F20211208_158%2F1638942044448VarRy_JPEG%2Fimage.jpg', 1, 'STANDARD', 2);
INSERT INTO room (accommodations_id, room_name, price, min_guests, max_guests, room_description, main_image_url, bathroom_count, room_type, bed_count) VALUES (85, '디럭스 트윈-2', 42000, 2, 3, '일반객실, 기준 2인 (최대 3인) | 침실 1, 침대 2, 욕실 1, 최소 1박', 'https://search.pstatic.net/common/?autoRotate=true&quality=95&type=w750&src=https%3A%2F%2Fnaverbooking-phinf.pstatic.net%2F20211208_293%2F1638942044643FvdT8_JPEG%2Fimage.jpg', 1, 'STANDARD', 2);
INSERT INTO room (accommodations_id, room_name, price, min_guests, max_guests, room_description, main_image_url, bathroom_count, room_type, bed_count) VALUES (85, '디럭스 트윈-3', 42000, 2, 3, '일반객실, 기준 2인 (최대 3인) | 침실 1, 침대 2, 욕실 1, 최소 1박', 'https://search.pstatic.net/common/?autoRotate=true&quality=95&type=w750&src=https%3A%2F%2Fnaverbooking-phinf.pstatic.net%2F20211208_10%2F1638942044354nAmF5_JPEG%2Fimage.jpg', 1, 'STANDARD', 2);
INSERT INTO room (accommodations_id, room_name, price, min_guests, max_guests, room_description, main_image_url, bathroom_count, room_type, bed_count) VALUES (85, '디럭스 트윈-4', 42000, 2, 3, '일반객실, 기준 2인 (최대 3인) | 침실 1, 침대 2, 욕실 1, 최소 1박', 'https://search.pstatic.net/common/?autoRotate=true&quality=95&type=w750&src=https%3A%2F%2Fnaverbooking-phinf.pstatic.net%2F20211208_77%2F1638942119613hmG8t_JPEG%2Fimage.jpg', 1, 'STANDARD', 2);
INSERT INTO room (accommodations_id, room_name, price, min_guests, max_guests, room_description, main_image_url, bathroom_count, room_type, bed_count) VALUES (85, '디럭스 트윈-5', 42000, 2, 3, '일반객실, 기준 2인 (최대 3인) | 침실 1, 침대 2, 욕실 1, 최소 1박', 'https://search.pstatic.net/common/?autoRotate=true&quality=95&type=w750&src=https%3A%2F%2Fnaverbooking-phinf.pstatic.net%2F20211208_193%2F1638942120798EWvt8_JPEG%2Fimage.jpg', 1, 'STANDARD', 2);
INSERT INTO room (accommodations_id, room_name, price, min_guests, max_guests, room_description, main_image_url, bathroom_count, room_type, bed_count) VALUES (85, '디럭스 트윈-6', 42000, 2, 3, '일반객실, 기준 2인 (최대 3인) | 침실 1, 침대 2, 욕실 1, 최소 1박', 'https://search.pstatic.net/common/?autoRotate=true&quality=95&type=w750&src=https%3A%2F%2Fnaverbooking-phinf.pstatic.net%2F20211208_53%2F1638942121135tz3AJ_JPEG%2Fimage.jpg', 1, 'STANDARD', 2);
INSERT INTO room (accommodations_id, room_name, price, min_guests, max_guests, room_description, main_image_url, bathroom_count, room_type, bed_count) VALUES (85, '디럭스 트윈-7', 42000, 2, 3, '일반객실, 기준 2인 (최대 3인) | 침실 1, 침대 2, 욕실 1, 최소 1박', 'https://search.pstatic.net/common/?autoRotate=true&quality=95&type=w750&src=https%3A%2F%2Fnaverbooking-phinf.pstatic.net%2F20211208_246%2F1638942202521xAC5h_JPEG%2Fimage.jpg', 1, 'STANDARD', 2);
INSERT INTO room (accommodations_id, room_name, price, min_guests, max_guests, room_description, main_image_url, bathroom_count, room_type, bed_count) VALUES (85, '디럭스 트윈-8', 42000, 2, 3, '일반객실, 기준 2인 (최대 3인) | 침실 1, 침대 2, 욕실 1, 최소 1박', 'https://search.pstatic.net/common/?autoRotate=true&quality=95&type=w750&src=https%3A%2F%2Fnaverbooking-phinf.pstatic.net%2F20211208_80%2F16389422044814aaLA_JPEG%2Fimage.jpg', 1, 'STANDARD', 2);
INSERT INTO room (accommodations_id, room_name, price, min_guests, max_guests, room_description, main_image_url, bathroom_count, room_type, bed_count) VALUES (85, '디럭스 트윈-9', 42000, 2, 3, '일반객실, 기준 2인 (최대 3인) | 침실 1, 침대 2, 욕실 1, 최소 1박', 'https://search.pstatic.net/common/?autoRotate=true&quality=95&type=w750&src=https%3A%2F%2Fnaverbooking-phinf.pstatic.net%2F20211208_232%2F1638942205340mxV0i_JPEG%2Fimage.jpg', 1, 'STANDARD', 2);
INSERT INTO room (accommodations_id, room_name, price, min_guests, max_guests, room_description, main_image_url, bathroom_count, room_type, bed_count) VALUES (85, '디럭스 트윈-10', 42000, 2, 3, '일반객실, 기준 2인 (최대 3인) | 침실 1, 침대 2, 욕실 1, 최소 1박', 'https://search.pstatic.net/common/?autoRotate=true&quality=95&type=w750&src=https%3A%2F%2Fnaverbooking-phinf.pstatic.net%2F20211208_5%2F1638942280263l3e2W_JPEG%2Fimage.jpg', 1, 'STANDARD', 2);
INSERT INTO room (accommodations_id, room_name, price, min_guests, max_guests, room_description, main_image_url, bathroom_count, room_type, bed_count) VALUES (85, '쓰리베드-1', 53000, 2, 4, '일반객실, 기준 2인 (최대 4인) | 침실 1, 침대 3, 욕실 1, 최소 1박', 'https://search.pstatic.net/common/?autoRotate=true&quality=95&type=w750&src=https%3A%2F%2Fnaverbooking-phinf.pstatic.net%2F20211208_14%2F1638942446380HfP5X_JPEG%2Fimage.jpg', 1, 'STANDARD', 3);
INSERT INTO room (accommodations_id, room_name, price, min_guests, max_guests, room_description, main_image_url, bathroom_count, room_type, bed_count) VALUES (85, '쓰리베드-2', 53000, 2, 4, '일반객실, 기준 2인 (최대 4인) | 침실 1, 침대 3, 욕실 1, 최소 1박', 'https://search.pstatic.net/common/?autoRotate=true&quality=95&type=w750&src=https%3A%2F%2Fnaverbooking-phinf.pstatic.net%2F20211208_138%2F1638942446134B5dEP_JPEG%2Fimage.jpg', 1, 'STANDARD', 3);
INSERT INTO room (accommodations_id, room_name, price, min_guests, max_guests, room_description, main_image_url, bathroom_count, room_type, bed_count) VALUES (85, '더블 더블-1', 53000, 2, 4, '일반객실, 기준 2인 (최대 4인) | 침실 1, 침대 2, 욕실 1, 최소 1박', 'https://search.pstatic.net/common/?autoRotate=true&quality=95&type=w750&src=https%3A%2F%2Fnaverbooking-phinf.pstatic.net%2F20220217_116%2F1645092672863HCE2p_JPEG%2Fimage.jpg', 1, 'STANDARD', 2);
INSERT INTO room (accommodations_id, room_name, price, min_guests, max_guests, room_description, main_image_url, bathroom_count, room_type, bed_count) VALUES (85, '더블 더블-2', 53000, 2, 4, '일반객실, 기준 2인 (최대 4인) | 침실 1, 침대 2, 욕실 1, 최소 1박', 'https://search.pstatic.net/common/?autoRotate=true&quality=95&type=w750&src=https%3A%2F%2Fnaverbooking-phinf.pstatic.net%2F20220217_177%2F164509289975012UKr_JPEG%2Fimage.jpg', 1, 'STANDARD', 2);

INSERT INTO accommodation (accommodations_id, accommodations_name, accommodations_category, accommodations_description, city, district, address_detail, latitude, longitude, transport_info, parking_info, phone, rating, review_count, source_url, source_platform, sns, check_in_time, check_out_time, short_description) VALUES (86, '제주 팀버하우스', 'GUESTHOUSE', '팀버하우스는 제주에서 가장 아름다운 곽지해수욕장 근처에 위치한 신축 펜션입니다.\n\n몸에 좋은 편백나무를 이용해 아늑하고도 편안한 공간을 마련해 두었습니다.\n\n근처엔 제주도 대표 관광지인 곽지해수욕장, 애월한담해변, 한림공원 등과 근접해 있어\n\n아름다운 풍경들을 제대로 감상할 수 있는 즐거운 제주 여행이 되실 거예요.\n\n펜션 지하에는 스크린 골프장이 마련되어 있어 전혀 지루하지 않은\n\n특별한 경험을 선사합니다. 사계절 이용 가능한 바베큐장에서 도란 도란 즐기며\n\n서로 좋은 추억을 쌓으시기를 바랍니다. 최고급 시설과 친절한 사장님이 항상\n\n고객님들을 맞이할 준비를 하고 있겠습니다. 감사합니다.\n\n제주도 애월,곽지 지역 펜션 숙박 찾으시는분들은 많은문의부탁드립니다.', '제주', '제주시', '곽지7길 11', 33.4509098, 126.3078687, '자가용 이용 시 ''곽지해수욕장'' 네비 검색 후 골목 진입하여 첫번째 골목에서 좌회전해서 100m 정도 들어오시면 됩니다.', NULL, '0507-1339-4241', null, 102, 'https://map.naver.com/p/entry/place/1684082833?c=15.00,0,0,0,dh&placePath=/room?entry=bmp&fromPanelNum=1&additionalHeight=76&timestamp=202512181240&locale=ko&svcName=map_pcv5&businessCategory=pension&fromPanelNum=1&additionalHeight=76&timestamp=202512181240&locale=ko&svcName=map_pcv5&businessCategory=pension&from=map', 'NAVER', 'Instagram: http://www.instagram.com/timber_house', '15:00', '11:00', '가까운 해변과 청결한 시설에서의 휴식');
INSERT INTO accommodation_theme (theme_id, accommodations_id) VALUES (1, 86);
INSERT INTO accommodation_theme (theme_id, accommodations_id) VALUES (3, 86);
INSERT INTO accommodation_amenity (amenity_id, accommodations_id) VALUES (1, 86);
INSERT INTO accommodation_amenity (amenity_id, accommodations_id) VALUES (11, 86);
INSERT INTO accommodation_amenity (amenity_id, accommodations_id) VALUES (6, 86);
INSERT INTO accommodation_amenity (amenity_id, accommodations_id) VALUES (10, 86);
INSERT INTO accommodation_amenity (amenity_id, accommodations_id) VALUES (16, 86);
INSERT INTO accommodation_amenity (amenity_id, accommodations_id) VALUES (15, 86);
INSERT INTO accommodation_amenity (amenity_id, accommodations_id) VALUES (28, 86);
INSERT INTO accommodation_amenity (amenity_id, accommodations_id) VALUES (7, 86);
INSERT INTO accommodation_image (accommodations_id, image_url, image_type, sort_order) VALUES (86, 'https://search.pstatic.net/common/?autoRotate=true&type=w560_sharpen&src=https%3A%2F%2Fnaverbooking-phinf.pstatic.net%2F20230604_58%2F1685841693577lFeeN_JPEG%2F1685606236851.jpg', 'banner', 0);
INSERT INTO accommodation_image (accommodations_id, image_url, image_type, sort_order) VALUES (86, 'https://search.pstatic.net/common/?autoRotate=true&type=w278_sharpen&src=https%3A%2F%2Fnaverbooking-phinf.pstatic.net%2F20230604_19%2F1685841659149LxzEN_JPEG%2F1685606236701.jpg', 'detail', 1);
INSERT INTO accommodation_image (accommodations_id, image_url, image_type, sort_order) VALUES (86, 'https://search.pstatic.net/common/?autoRotate=true&type=w278_sharpen&src=https%3A%2F%2Fnaverbooking-phinf.pstatic.net%2F20230604_183%2F16858416574351dyzl_JPEG%2F1685606236409.jpg', 'detail', 2);
INSERT INTO accommodation_image (accommodations_id, image_url, image_type, sort_order) VALUES (86, 'https://search.pstatic.net/common/?autoRotate=true&type=w278_sharpen&src=https%3A%2F%2Fldb-phinf.pstatic.net%2F20190519_182%2F1558195152083wH6Iy_JPEG%2FSssjmvQA9WuVHqK2WGedcwVt.jpg', 'detail', 3);
INSERT INTO accommodation_image (accommodations_id, image_url, image_type, sort_order) VALUES (86, 'https://search.pstatic.net/common/?autoRotate=true&type=w278_sharpen&src=https%3A%2F%2Fldb-phinf.pstatic.net%2F20191001_71%2F1569900366675PF00g_JPEG%2FEIPXoPWqNOsHBiwW2bNhCWEm.jpg', 'detail', 4);
INSERT INTO room (accommodations_id, room_name, price, min_guests, max_guests, room_description, main_image_url, bathroom_count, room_type, bed_count) VALUES (86, '원룸방', 69000, 2, 3, '기준 2인 (최대 3인)', 'https://search.pstatic.net/common/?autoRotate=true&quality=95&type=w750&src=https%3A%2F%2Fnaverbooking-phinf.pstatic.net%2F20191213_131%2F1576213764080pM1LT_JPEG%2FKakaoTalk_20191027_204015562_11.jpg', 0, 'STANDARD', 0);
INSERT INTO room (accommodations_id, room_name, price, min_guests, max_guests, room_description, main_image_url, bathroom_count, room_type, bed_count) VALUES (86, '1.5룸방', 98000, 2, 6, '기준 4인 (최대 6인)', 'https://search.pstatic.net/common/?autoRotate=true&quality=95&type=w750&src=https%3A%2F%2Fnaverbooking-phinf.pstatic.net%2F20191213_131%2F1576213764080pM1LT_JPEG%2FKakaoTalk_20191027_204015562_11.jpg', 0, 'STANDARD', 0);
INSERT INTO room (accommodations_id, room_name, price, min_guests, max_guests, room_description, main_image_url, bathroom_count, room_type, bed_count) VALUES (86, '복층방', 158000, 2, 6, '기준 4인 (최대 6인)', 'https://search.pstatic.net/common/?autoRotate=true&quality=95&type=w750&src=https%3A%2F%2Fnaverbooking-phinf.pstatic.net%2F20191213_131%2F1576213764080pM1LT_JPEG%2FKakaoTalk_20191027_204015562_11.jpg', 0, 'STANDARD', 0);
INSERT INTO room (accommodations_id, room_name, price, min_guests, max_guests, room_description, main_image_url, bathroom_count, room_type, bed_count) VALUES (86, '지하단체방', 198000, 2, 10, '기준 4인 (최대 10인)', 'https://search.pstatic.net/common/?autoRotate=true&quality=95&type=w750&src=https%3A%2F%2Fnaverbooking-phinf.pstatic.net%2F20220228_254%2F16460349799663HI52_JPEG%2F20220227_184805.jpg', 0, 'STANDARD', 0);

INSERT INTO accommodation (accommodations_id, accommodations_name, accommodations_category, accommodations_description, city, district, address_detail, latitude, longitude, transport_info, parking_info, phone, rating, review_count, source_url, source_platform, sns, check_in_time, check_out_time, short_description) VALUES (87, '제주 오션패밀리', 'GUESTHOUSE', '오션패밀리 호텔은 공항에서 7분 거리에 있으며 바로 앞 길건너에 빌리카(렌트카)와 버스 정류장이 있어 접근성이 좋습니다.\n이호테우 해수욕장이 100미터 거리에 위치에 있으며 호텔 바로 옆에는 CU와 GS 편의점이 위치해 있어 매우 편리합니다.\n\n노형로타리 제주 드림 타워 차로 10분거리 입니다.\n\nCOZY, CLEAN, CONVENIENCE(안락함, 청결함, 편리함)의 슬로건을 걸고 고객 만족을 위하여 최선을 다해 모시고 있습니다.\n\n끝으로 저희 호텔은 조식을 제공하지 않사오니 많은 양해 부탁드립니다.', '제주', '제주시', '7531 줌비치타운', 33.4952798, 126.4508768, NULL, '주차가능\n무료', '0507-1383-3900', null, 189, 'https://map.naver.com/p/search/%EC%A0%9C%EC%A3%BC+%EC%98%A4%EC%85%98%ED%8C%A8%EB%B0%80%EB%A6%AC/place/33158255?c=15.00,0,0,0,dh&placePath=/information?entry=bmp&fromPanelNum=2&timestamp=202512181240&locale=ko&svcName=map_pcv5&searchText=%EC%A0%9C%EC%A3%BC%2B%EC%98%A4%EC%85%98%ED%8C%A8%EB%B0%80%EB%A6%AC&businessCategory=hotel&from=map&fromPanelNum=2&timestamp=202512181240&locale=ko&svcName=map_pcv5&searchText=%EC%A0%9C%EC%A3%BC%2B%EC%98%A4%EC%85%98%ED%8C%A8%EB%B0%80%EB%A6%AC&businessCategory=hotel', 'NAVER', NULL, '15:00', '11:00', '여유로운 방에서 즐기는 아름다운 호사 전망');
INSERT INTO accommodation_amenity (amenity_id, accommodations_id) VALUES (13, 87);
INSERT INTO accommodation_amenity (amenity_id, accommodations_id) VALUES (30, 87);
INSERT INTO accommodation_amenity (amenity_id, accommodations_id) VALUES (1, 87);
INSERT INTO accommodation_amenity (amenity_id, accommodations_id) VALUES (44, 87);
INSERT INTO accommodation_amenity (amenity_id, accommodations_id) VALUES (46, 87);
INSERT INTO accommodation_amenity (amenity_id, accommodations_id) VALUES (55, 87);
INSERT INTO accommodation_amenity (amenity_id, accommodations_id) VALUES (51, 87);
INSERT INTO accommodation_image (accommodations_id, image_url, image_type, sort_order) VALUES (87, 'https://search.pstatic.net/common/?autoRotate=true&type=w560_sharpen&src=https%3A%2F%2Fldb-phinf.pstatic.net%2F20201210_106%2F1607590945573n5WT6_JPEG%2F-nIOnidga8FrErngEZIjoDU0.jpg', 'banner', 0);
INSERT INTO accommodation_image (accommodations_id, image_url, image_type, sort_order) VALUES (87, 'https://search.pstatic.net/common/?autoRotate=true&type=w278_sharpen&src=https%3A%2F%2Fldb-phinf.pstatic.net%2F20201210_144%2F1607590944821jKJg9_JPEG%2FI0IyCJHBlPOqAdEofxb3bVx-.jpg', 'detail', 1);
INSERT INTO accommodation_image (accommodations_id, image_url, image_type, sort_order) VALUES (87, 'https://search.pstatic.net/common/?autoRotate=true&type=w278_sharpen&src=https%3A%2F%2Fldb-phinf.pstatic.net%2F20201210_270%2F1607590946005m7tL4_JPEG%2FVHJb5UNWWG4r5iQdXox4Bh90.jpg', 'detail', 2);
INSERT INTO accommodation_image (accommodations_id, image_url, image_type, sort_order) VALUES (87, 'https://search.pstatic.net/common/?autoRotate=true&type=w278_sharpen&src=https%3A%2F%2Fldb-phinf.pstatic.net%2F20201210_248%2F1607590945719vr9DQ_JPEG%2F_Lfa2gTi8ot9Vwb8T6Qgbwwx.jpg', 'detail', 3);
INSERT INTO accommodation_image (accommodations_id, image_url, image_type, sort_order) VALUES (87, 'https://search.pstatic.net/common/?autoRotate=true&type=w278_sharpen&src=https%3A%2F%2Fldb-phinf.pstatic.net%2F20201210_145%2F1607590945571aMq66_JPEG%2FJ0QXOvHiFmev-lyr6AU-tDIk.jpg', 'detail', 4);

INSERT INTO accommodation (accommodations_id, accommodations_name, accommodations_category, accommodations_description, city, district, address_detail, latitude, longitude, transport_info, parking_info, phone, rating, review_count, source_url, source_platform, sns, check_in_time, check_out_time, short_description) VALUES (88, '제주의 추억', 'GUESTHOUSE', NULL, '제주', '제주시', '상도로 9-1', 33.4883939, 126.4787565, '[자동차]\n\n연삼로(10.2km) - 원활조천우회로(10.4km) - 원활일주동로(11.2km)\n\n[대중교통(버스)] -1\n\n* 제주국제공항 2 (일주동로,516도로)\n급행버스 101 승차\n - 15개 정류장 이동\n - 세화고등학교 하차\n(도보 약 8분)\n\n[대중교통(버스)] -2\n\n* 제주국제공항 2 (일주동로,516도로)\n급행버스 101 승차\n - 10개 정류장 이동\n - 함덕환승정류장(함덕해수욕장) 하차\n\n함덕환승정류장(함덕해수욕장) 건선버스 201(서귀포버스터미날) 승차\n- 34개 정류장 이동\n- 상도마을회관(서) 하차\n(도보 약 2분)\n\n{제주버스정보시스템}이라는 앱을 이용하시면 편하실 겁니다.', NULL, '0507-1339-2612', null, 236, 'https://map.naver.com/p/entry/place/1645010504?c=15.00,0,0,0,dh&placePath=/room?entry=bmp&fromPanelNum=1&additionalHeight=76&timestamp=202512181241&locale=ko&svcName=map_pcv5&businessCategory=pension&from=map&fromPanelNum=1&additionalHeight=76&timestamp=202512181241&locale=ko&svcName=map_pcv5&businessCategory=pension', 'NAVER', NULL, NULL, NULL, '쾌적하고 아늑한 공간에서의 편안한 휴식');
INSERT INTO accommodation_image (accommodations_id, image_url, image_type, sort_order) VALUES (88, 'https://search.pstatic.net/common/?autoRotate=true&type=w560_sharpen&src=https%3A%2F%2Fvideo-phinf.pstatic.net%2F20251118_55%2F1763423985453mudYY_JPEG%2FkTg3ZlMfU2_01.jpg', 'banner', 0);
INSERT INTO accommodation_image (accommodations_id, image_url, image_type, sort_order) VALUES (88, 'https://search.pstatic.net/common/?autoRotate=true&type=w278_sharpen&src=https%3A%2F%2Fldb-phinf.pstatic.net%2F20250524_103%2F1748070744925vTxwt_JPEG%2FKakaoTalk_20250508_180440407_02_%25281%2529.jpg', 'detail', 1);
INSERT INTO accommodation_image (accommodations_id, image_url, image_type, sort_order) VALUES (88, 'https://search.pstatic.net/common/?autoRotate=true&type=w278_sharpen&src=https%3A%2F%2Fldb-phinf.pstatic.net%2F20250524_298%2F1748070744946pD2PI_JPEG%2FKakaoTalk_20250508_180440407_03_%25281%2529.jpg', 'detail', 2);
INSERT INTO accommodation_image (accommodations_id, image_url, image_type, sort_order) VALUES (88, 'https://search.pstatic.net/common/?autoRotate=true&type=w278_sharpen&src=https%3A%2F%2Fldb-phinf.pstatic.net%2F20250904_57%2F1756963616260LOMge_JPEG%2FIMG_3129.jpeg', 'detail', 3);
INSERT INTO accommodation_image (accommodations_id, image_url, image_type, sort_order) VALUES (88, 'https://search.pstatic.net/common/?autoRotate=true&type=w278_sharpen&src=https%3A%2F%2Fldb-phinf.pstatic.net%2F20200906_169%2F1599396025798ma0Uz_JPEG%2FDVQaVtsC7YwMvcty_YhHbnQf.jpg', 'detail', 4);
INSERT INTO room (accommodations_id, room_name, price, min_guests, max_guests, room_description, main_image_url, bathroom_count, room_type, bed_count) VALUES (88, '제주의 추억', 130000, 2, 4, '독채, 기준 2인 (최대 4인) | 침실 1, 침대 1, 욕실 1, 최소 1박', 'https://search.pstatic.net/common/?autoRotate=true&quality=95&type=w750&src=https%3A%2F%2Fnaverbooking-phinf.pstatic.net%2F20230223_198%2F1677136410774Ki8yP_JPEG%2FKakaoTalk_20221127_191313761.jpg', 1, 'STANDARD', 1);
INSERT INTO room (accommodations_id, room_name, price, min_guests, max_guests, room_description, main_image_url, bathroom_count, room_type, bed_count) VALUES (88, '돌과 바람', 90000, 2, 2, '독채, 기준 2인 (최대 2인) | 침실 1, 침대 1, 욕실 1, 최소 1박', 'https://search.pstatic.net/common/?autoRotate=true&quality=95&type=w750&src=https%3A%2F%2Fnaverbooking-phinf.pstatic.net%2F20190818_241%2F1566131782185UauRf_JPEG%2F5DM32680_-_%25BA%25B9%25BB%25E7.jpg', 1, 'STANDARD', 1);
INSERT INTO room (accommodations_id, room_name, price, min_guests, max_guests, room_description, main_image_url, bathroom_count, room_type, bed_count) VALUES (88, '제주의 시간', 240000, 2, 6, '독채, 기준 4인 (최대 6인) | 침실 2, 침대 3, 욕실 1, 최소 1박', 'https://search.pstatic.net/common/?autoRotate=true&quality=95&type=w750&src=https%3A%2F%2Fnaverbooking-phinf.pstatic.net%2F20200906_156%2F1599396322240kGuy5_JPEG%2F%25BF%25DC%25B0%25FC2-2.jpg', 1, 'STANDARD', 3);

INSERT INTO accommodation (accommodations_id, accommodations_name, accommodations_category, accommodations_description, city, district, address_detail, latitude, longitude, transport_info, parking_info, phone, rating, review_count, source_url, source_platform, sns, check_in_time, check_out_time, short_description) VALUES (89, '제주 문스스테이', 'GUESTHOUSE', '~ 제주 문스스테이만의 스페셜 ~\n\n1) 한달살기\n사전 전화 문의 부탁드립니다.\n\n2) 바베큐 장소 대여\n- 장소만 대여 바베큐 용품 개인지참 필수\n- 공용 공간이므로 소음 주의 부탁드립니다.\n\n3) 제주 국제 공항\n- 차량 8분거리\n\n4) 공용 세탁기, 건조기\n- 사용 후 뚜껑 꼭 열어주세요.\n- 오후 8시 이후 사용불가합니다.', '제주', '제주시', '6', 33.5152975, 126.5051754, '# 객실금액은 기준인원에 대한 금액으로 기준인원 초 과 시 추가요금이 발생합니다. 예약 시 예약인원을 꼭 확인해주세요. - 당일 예약 후 당일 이용하는 ...', '주차가능\n무료', NULL, null, 1, 'https://map.naver.com/p/search/%EC%A0%9C%EC%A3%BC+%EB%AC%B8%EC%8A%A4%EC%8A%A4%ED%85%8C%EC%9D%B4/place/1886500541?c=15.00,0,0,0,dh&placePath=/room?entry=bmp&fromPanelNum=2&timestamp=202512181241&locale=ko&svcName=map_pcv5&searchText=%EC%A0%9C%EC%A3%BC%2B%EB%AC%B8%EC%8A%A4%EC%8A%A4%ED%85%8C%EC%9D%B4&businessCategory=pension&fromPanelNum=2&timestamp=202512181241&locale=ko&svcName=map_pcv5&searchText=%EC%A0%9C%EC%A3%BC%2B%EB%AC%B8%EC%8A%A4%EC%8A%A4%ED%85%8C%EC%9D%B4&businessCategory=pension&from=map', 'NAVER', NULL, '15:00', '10:00', NULL);
INSERT INTO accommodation_theme (theme_id, accommodations_id) VALUES (1, 89);
INSERT INTO accommodation_amenity (amenity_id, accommodations_id) VALUES (4, 89);
INSERT INTO accommodation_amenity (amenity_id, accommodations_id) VALUES (6, 89);
INSERT INTO accommodation_amenity (amenity_id, accommodations_id) VALUES (1, 89);
INSERT INTO accommodation_image (accommodations_id, image_url, image_type, sort_order) VALUES (89, 'https://search.pstatic.net/common/?autoRotate=true&type=w560_sharpen&src=https%3A%2F%2Fldb-phinf.pstatic.net%2F20211105_82%2F1636073810770qxV6c_JPEG%2FS194OOzDu0c82juTfPBpOgWi.jpg', 'banner', 0);
INSERT INTO accommodation_image (accommodations_id, image_url, image_type, sort_order) VALUES (89, 'https://search.pstatic.net/common/?autoRotate=true&type=w278_sharpen&src=https%3A%2F%2Fldb-phinf.pstatic.net%2F20211105_267%2F1636073810758lBQU2_JPEG%2FQ0QsRptdgWAY1o7pZUpBId_8.jpg', 'detail', 1);
INSERT INTO accommodation_image (accommodations_id, image_url, image_type, sort_order) VALUES (89, 'https://search.pstatic.net/common/?autoRotate=true&type=w278_sharpen&src=https%3A%2F%2Fldb-phinf.pstatic.net%2F20220719_173%2F1658225008498RtrNj_JPEG%2F1.jpg', 'detail', 2);
INSERT INTO accommodation_image (accommodations_id, image_url, image_type, sort_order) VALUES (89, 'https://search.pstatic.net/common/?autoRotate=true&type=w278_sharpen&src=https%3A%2F%2Fldb-phinf.pstatic.net%2F20211105_257%2F1636073781862EczYS_JPEG%2FhH0_9aOttW0NRsi7TjdHycxi.jpg', 'detail', 3);
INSERT INTO accommodation_image (accommodations_id, image_url, image_type, sort_order) VALUES (89, 'https://search.pstatic.net/common/?autoRotate=true&type=w278_sharpen&src=https%3A%2F%2Fldb-phinf.pstatic.net%2F20211105_4%2F1636073781902Plypl_JPEG%2FUjb1KBIh4TqD39W7-qkpgDZe.jpg', 'detail', 4);
INSERT INTO room (accommodations_id, room_name, price, min_guests, max_guests, room_description, main_image_url, bathroom_count, room_type, bed_count) VALUES (89, '101호', 90000, 2, 2, '일반객실, 기준 2인 (최대 2인) | 침실 1, 침대 1, 욕실 1, 최소 1박', 'https://search.pstatic.net/common/?autoRotate=true&quality=95&type=w750&src=https%3A%2F%2Fnaverbooking-phinf.pstatic.net%2F20211208_269%2F1638951784528MDh9U_JPEG%2Fimage.jpg', 1, 'STANDARD', 1);
INSERT INTO room (accommodations_id, room_name, price, min_guests, max_guests, room_description, main_image_url, bathroom_count, room_type, bed_count) VALUES (89, '102호', 70000, 2, 2, '일반객실, 기준 2인 (최대 2인) | 침실 1, 침대 1, 욕실 1, 최소 1박', 'https://search.pstatic.net/common/?autoRotate=true&quality=95&type=w750&src=https%3A%2F%2Fnaverbooking-phinf.pstatic.net%2F20211208_190%2F1638951860488AOLq7_JPEG%2Fimage.jpg', 1, 'STANDARD', 1);
INSERT INTO room (accommodations_id, room_name, price, min_guests, max_guests, room_description, main_image_url, bathroom_count, room_type, bed_count) VALUES (89, '103호', 80000, 2, 2, '일반객실, 기준 2인 (최대 2인) | 침실 1, 침대 1, 욕실 1, 최소 1박', 'https://search.pstatic.net/common/?autoRotate=true&quality=95&type=w750&src=https%3A%2F%2Fnaverbooking-phinf.pstatic.net%2F20211208_258%2F1638951860519BxUOL_JPEG%2Fimage.jpg', 1, 'STANDARD', 1);

INSERT INTO accommodation (accommodations_id, accommodations_name, accommodations_category, accommodations_description, city, district, address_detail, latitude, longitude, transport_info, parking_info, phone, rating, review_count, source_url, source_platform, sns, check_in_time, check_out_time, short_description) VALUES (90, '제주 하늘조각 휴양펜션', 'GUESTHOUSE', '630평 정원/객실10개/원룸(14평형)거실겸침실, 주방+욕실+테라스/투룸(24평형)침대방+온돌방+거실겸주방+욕실+테라스/바베큐장/정자/체험농장\n마라도잠수함/탄산온천/산방산유람선 30%할인\n\n산방산과 하나가 된 하늘의 아름다움과 따뜻하고 여유가 넘치는 제주 본연의 모습을 느낄 수 있는 곳으로 펜션 주변에는 산방산과 바닷가, 해수욕장, 수상레저, 마라도, 탄산온천이 있습니다.\n펜션에는 꽃과 나무들이 많아 자연의 향을 맡으며 거닐 수 있고, 건물 곳곳에 미술작품이 있어 작품을 감상할 수 있습니다.', '제주', '서귀포시', '사계북로 75', 33.2355435, 126.2958279, '* 주의사항 튀김류 및 고기류는 취사불가 조식 미운영 * 입실&퇴실 입실 : 16:00 퇴실 : 11:00 22시 이후 입 실시 사전문의 필수 * 픽업안내 픽업불가 * 바베...', NULL, '064-792-6161', null, 40, 'https://map.naver.com/p/search/%EC%A0%9C%EC%A3%BC+%ED%95%98%EB%8A%98%EC%A1%B0%EA%B0%81+%ED%9C%B4%EC%96%91%ED%8E%9C%EC%85%98/place/16958494?isCorrectAnswer=true&c=15.00,0,0,0,dh&placePath=/room?fromPanelNum=1&additionalHeight=76&timestamp=202512181242&locale=ko&svcName=map_pcv5&searchText=%EC%A0%9C%EC%A3%BC%2B%ED%95%98%EB%8A%98%EC%A1%B0%EA%B0%81%2B%ED%9C%B4%EC%96%91%ED%8E%9C%EC%85%98&businessCategory=pension&additionalHeight=76&timestamp=202512181242&locale=ko&svcName=map_pcv5&searchText=%EC%A0%9C%EC%A3%BC%2B%ED%95%98%EB%8A%98%EC%A1%B0%EA%B0%81%2B%ED%9C%B4%EC%96%91%ED%8E%9C%EC%85%98&businessCategory=pension&fromPanelNum=1', 'NAVER', NULL, NULL, NULL, '우수한 주변 환경의 깨끗한 시설');
INSERT INTO accommodation_amenity (amenity_id, accommodations_id) VALUES (11, 90);
INSERT INTO accommodation_amenity (amenity_id, accommodations_id) VALUES (1, 90);
INSERT INTO accommodation_amenity (amenity_id, accommodations_id) VALUES (4, 90);
INSERT INTO accommodation_amenity (amenity_id, accommodations_id) VALUES (15, 90);
INSERT INTO accommodation_amenity (amenity_id, accommodations_id) VALUES (6, 90);
INSERT INTO accommodation_image (accommodations_id, image_url, image_type, sort_order) VALUES (90, 'https://search.pstatic.net/common/?autoRotate=true&type=w560_sharpen&src=https%3A%2F%2Fldb-phinf.pstatic.net%2F20180326_291%2F1522036462284mbHEe_JPEG%2Fimage.JPEG', 'banner', 0);
INSERT INTO accommodation_image (accommodations_id, image_url, image_type, sort_order) VALUES (90, 'https://search.pstatic.net/common/?autoRotate=true&type=w560_sharpen&src=https%3A%2F%2Fnaverbooking-phinf.pstatic.net%2F20220718_184%2F1658117017035p6LUX_JPEG%2Fimage.jpg', 'detail', 1);
INSERT INTO room (accommodations_id, room_name, price, min_guests, max_guests, room_description, main_image_url, bathroom_count, room_type, bed_count) VALUES (90, '원룸(14평형) / 금연, 후라이팬 사용 금지 객실', 39000, 2, 4, '일반객실, 기준 2인 (최대 4인) | 욕실 1, 최소 1박', 'https://search.pstatic.net/common/?autoRotate=true&quality=95&type=w750&src=https%3A%2F%2Fnaverbooking-phinf.pstatic.net%2F20220718_184%2F1658117017035p6LUX_JPEG%2Fimage.jpg', 1, 'STANDARD', 0);
INSERT INTO room (accommodations_id, room_name, price, min_guests, max_guests, room_description, main_image_url, bathroom_count, room_type, bed_count) VALUES (90, '원룸(14평형) / 금연, 후라이팬 사용 금지 객실', 39000, 2, 4, '일반객실, 기준 2인 (최대 4인) | 욕실 1, 최소 1박', 'https://search.pstatic.net/common/?autoRotate=true&quality=95&type=w750&src=https%3A%2F%2Fnaverbooking-phinf.pstatic.net%2F20220718_184%2F1658117017035p6LUX_JPEG%2Fimage.jpg', 1, 'STANDARD', 0);
INSERT INTO room (accommodations_id, room_name, price, min_guests, max_guests, room_description, main_image_url, bathroom_count, room_type, bed_count) VALUES (90, '원룸(14평형) / 금연, 후라이팬 사용 금지 객실', 39000, 2, 4, '일반객실, 기준 2인 (최대 4인) | 욕실 1, 최소 1박', 'https://search.pstatic.net/common/?autoRotate=true&quality=95&type=w750&src=https%3A%2F%2Fnaverbooking-phinf.pstatic.net%2F20220718_184%2F1658117017035p6LUX_JPEG%2Fimage.jpg', 1, 'STANDARD', 0);
INSERT INTO room (accommodations_id, room_name, price, min_guests, max_guests, room_description, main_image_url, bathroom_count, room_type, bed_count) VALUES (90, '원룸(14평형) / 금연, 후라이팬 사용 금지 객실', 39000, 2, 4, '일반객실, 기준 2인 (최대 4인) | 욕실 1, 최소 1박', 'https://search.pstatic.net/common/?autoRotate=true&quality=95&type=w750&src=https%3A%2F%2Fnaverbooking-phinf.pstatic.net%2F20220718_184%2F1658117017035p6LUX_JPEG%2Fimage.jpg', 1, 'STANDARD', 0);
INSERT INTO room (accommodations_id, room_name, price, min_guests, max_guests, room_description, main_image_url, bathroom_count, room_type, bed_count) VALUES (90, '투룸(24평형) / 금연, 후라이팬 사용 금지 객실', 79000, 2, 6, '일반객실, 기준 4인 (최대 6인) | 욕실 1, 최소 1박', 'https://search.pstatic.net/common/?autoRotate=true&quality=95&type=w750&src=https%3A%2F%2Fnaverbooking-phinf.pstatic.net%2F20220718_206%2F1658117022641Q1kjS_JPEG%2Fimage.jpg', 1, 'STANDARD', 0);
INSERT INTO room (accommodations_id, room_name, price, min_guests, max_guests, room_description, main_image_url, bathroom_count, room_type, bed_count) VALUES (90, '투룸(24평형) / 금연, 후라이팬 사용 금지 객실', 79000, 2, 6, '일반객실, 기준 4인 (최대 6인) | 욕실 1, 최소 1박', 'https://search.pstatic.net/common/?autoRotate=true&quality=95&type=w750&src=https%3A%2F%2Fnaverbooking-phinf.pstatic.net%2F20220718_206%2F1658117022641Q1kjS_JPEG%2Fimage.jpg', 1, 'STANDARD', 0);

INSERT INTO accommodation (accommodations_id, accommodations_name, accommodations_category, accommodations_description, city, district, address_detail, latitude, longitude, transport_info, parking_info, phone, rating, review_count, source_url, source_platform, sns, check_in_time, check_out_time, short_description) VALUES (91, '제주 더베이 리조트', 'GUESTHOUSE', '전객실 오션뷰\n석양 명소, 더베이 제주리조트\n인스타로 핫한 ''소천지''근처에 위치\n\n포구에는 손을 뻗으면 닿을 듯한 그림 같은 섬!\n''섶섬''이 위치.\n\n저희 리조트에서 차로 5분거리에는\n''칠십리 음식 특화거리'' , ''올레 야시장''이 있어서\n식사하시기도 편리합니다.\n\n전 객실 테라스가 있어서 노을이 지면\n바다를 바라보며 와인한잔하시는게 어떨까요?\n\n편안한 휴식과 아름다운 추억을 만들수 있도록\n최선을 다하는 더 베이 제주 리조트가\n되겠습니다.', '제주', '서귀포시', '46 더베이 제주리조트', 33.2411642, 126.5934954, '네이버 검색 ''더베이 제주리조트''', NULL, '0507-1379-8118', null, 228, 'https://map.naver.com/p/search/%EC%A0%9C%EC%A3%BC+%EB%8D%94%EB%B2%A0%EC%9D%B4+%EB%A6%AC%EC%A1%B0%ED%8A%B8/place/33210018?isCorrectAnswer=true&c=15.00,0,0,0,dh&placePath=/room?fromPanelNum=1&additionalHeight=76&timestamp=202512181242&locale=ko&svcName=map_pcv5&searchText=%EC%A0%9C%EC%A3%BC%2B%EB%8D%94%EB%B2%A0%EC%9D%B4%2B%EB%A6%AC%EC%A1%B0%ED%8A%B8&businessCategory=pension&additionalHeight=76&timestamp=202512181242&locale=ko&svcName=map_pcv5&searchText=%EC%A0%9C%EC%A3%BC%2B%EB%8D%94%EB%B2%A0%EC%9D%B4%2B%EB%A6%AC%EC%A1%B0%ED%8A%B8&businessCategory=pension&fromPanelNum=1', 'NAVER', 'Instagram: https://www.instagram.com/thebay_jeju/', '15:00', '11:00', '넓고 깨끗한 방에서 즐기는 아름다운 전망');
INSERT INTO accommodation_theme (theme_id, accommodations_id) VALUES (1, 91);
INSERT INTO accommodation_theme (theme_id, accommodations_id) VALUES (4, 91);
INSERT INTO accommodation_amenity (amenity_id, accommodations_id) VALUES (26, 91);
INSERT INTO accommodation_amenity (amenity_id, accommodations_id) VALUES (11, 91);
INSERT INTO accommodation_amenity (amenity_id, accommodations_id) VALUES (1, 91);
INSERT INTO accommodation_amenity (amenity_id, accommodations_id) VALUES (20, 91);
INSERT INTO accommodation_amenity (amenity_id, accommodations_id) VALUES (10, 91);
INSERT INTO accommodation_amenity (amenity_id, accommodations_id) VALUES (15, 91);
INSERT INTO accommodation_amenity (amenity_id, accommodations_id) VALUES (4, 91);
INSERT INTO accommodation_amenity (amenity_id, accommodations_id) VALUES (33, 91);
INSERT INTO accommodation_amenity (amenity_id, accommodations_id) VALUES (6, 91);
INSERT INTO accommodation_amenity (amenity_id, accommodations_id) VALUES (31, 91);
INSERT INTO accommodation_amenity (amenity_id, accommodations_id) VALUES (34, 91);
INSERT INTO accommodation_amenity (amenity_id, accommodations_id) VALUES (24, 91);
INSERT INTO accommodation_amenity (amenity_id, accommodations_id) VALUES (25, 91);
INSERT INTO accommodation_amenity (amenity_id, accommodations_id) VALUES (3, 91);
INSERT INTO accommodation_image (accommodations_id, image_url, image_type, sort_order) VALUES (91, 'https://search.pstatic.net/common/?autoRotate=true&type=w560_sharpen&src=https%3A%2F%2Fldb-phinf.pstatic.net%2F20230103_279%2F16727179296545o9ey_JPEG%2FKakaoTalk_20230103_124909154_13.jpg', 'banner', 0);
INSERT INTO accommodation_image (accommodations_id, image_url, image_type, sort_order) VALUES (91, 'https://search.pstatic.net/common/?autoRotate=true&type=w278_sharpen&src=https%3A%2F%2Fnaverbooking-phinf.pstatic.net%2F20230818_167%2F1692340111972wLohN_GIF%2F%25B8%25DE%25C0%25CE2.gif', 'detail', 1);
INSERT INTO accommodation_image (accommodations_id, image_url, image_type, sort_order) VALUES (91, 'https://search.pstatic.net/common/?autoRotate=true&type=w278_sharpen&src=https%3A%2F%2Fldb-phinf.pstatic.net%2F20201208_278%2F1607414803170GJdIV_JPEG%2Fv1aU8-vSv4DlkHoWZ2iLqD1r.jpg', 'detail', 2);
INSERT INTO accommodation_image (accommodations_id, image_url, image_type, sort_order) VALUES (91, 'https://search.pstatic.net/common/?autoRotate=true&type=w278_sharpen&src=https%3A%2F%2Fnaverbooking-phinf.pstatic.net%2F20230818_208%2F1692340112361Vt1c5_GIF%2F%25B8%25DE%25C0%25CE3.gif', 'detail', 3);
INSERT INTO accommodation_image (accommodations_id, image_url, image_type, sort_order) VALUES (91, 'https://search.pstatic.net/common/?autoRotate=true&type=w278_sharpen&src=https%3A%2F%2Fnaverbooking-phinf.pstatic.net%2F20230818_193%2F1692340113421N0hCf_GIF%2F%25B8%25DE%25C0%25CE6.gif', 'detail', 4);
INSERT INTO room (accommodations_id, room_name, price, min_guests, max_guests, room_description, main_image_url, bathroom_count, room_type, bed_count) VALUES (91, '스카이디럭스 더블 (오션뷰)', 60000, 2, 2, '일반객실, 기준 2인 (최대 2인) | 침실 1, 침대 1, 욕실 1, 최소 1박', 'https://search.pstatic.net/common/?autoRotate=true&quality=95&type=w750&src=https%3A%2F%2Fnaverbooking-phinf.pstatic.net%2F20230823_199%2F1692773614001GUcdD_GIF%2Fmain.gif', 1, 'STANDARD', 1);
INSERT INTO room (accommodations_id, room_name, price, min_guests, max_guests, room_description, main_image_url, bathroom_count, room_type, bed_count) VALUES (91, '스카이디럭스 트윈(오션뷰)', 65000, 2, 3, '일반객실, 기준 2인 (최대 3인) | 침실 1, 침대 2, 욕실 1, 최소 1박', 'https://search.pstatic.net/common/?autoRotate=true&quality=95&type=w750&src=https%3A%2F%2Fnaverbooking-phinf.pstatic.net%2F20230823_245%2F1692774038010tBi2O_GIF%2Fmain.gif', 1, 'STANDARD', 2);
INSERT INTO room (accommodations_id, room_name, price, min_guests, max_guests, room_description, main_image_url, bathroom_count, room_type, bed_count) VALUES (91, '스카이디럭스 싱글1+싱글1', 55000, 2, 2, '일반객실, 기준 2인 (최대 2인) | 침실 1, 침대 2, 욕실 1, 최소 1박', 'https://search.pstatic.net/common/?autoRotate=true&quality=95&type=w750&src=https%3A%2F%2Fnaverbooking-phinf.pstatic.net%2F20210519_162%2F1621403844880ASWEj_PNG%2F%25BC%25F6%25BF%25B5%25C0%25E5_2.png', 1, 'STANDARD', 2);
INSERT INTO room (accommodations_id, room_name, price, min_guests, max_guests, room_description, main_image_url, bathroom_count, room_type, bed_count) VALUES (91, '가든디럭스 오션뷰 (온돌)', 60000, 2, 2, '일반객실, 기준 2인 (최대 2인) | 침실 1, 욕실 1, 최소 1박', 'https://search.pstatic.net/common/?autoRotate=true&quality=95&type=w750&src=https%3A%2F%2Fnaverbooking-phinf.pstatic.net%2F20210519_248%2F1621403501893tnS6b_PNG%2F%25BC%25F6%25BF%25B5%25C0%25E5_3.png', 1, 'STANDARD', 0);
INSERT INTO room (accommodations_id, room_name, price, min_guests, max_guests, room_description, main_image_url, bathroom_count, room_type, bed_count) VALUES (91, '그랑데패밀리 파노라마오션뷰 (독채)', 210000, 2, 6, '독채, 기준 4인 (최대 6인) | 침실 2, 침대 1, 욕실 2, 최소 1박', 'https://search.pstatic.net/common/?autoRotate=true&quality=95&type=w750&src=https%3A%2F%2Fnaverbooking-phinf.pstatic.net%2F20201208_155%2F1607414559528TRkfA_JPEG%2FKakaoTalk_20201207_171920224.jpg', 2, 'STANDARD', 1);
INSERT INTO room (accommodations_id, room_name, price, min_guests, max_guests, room_description, main_image_url, bathroom_count, room_type, bed_count) VALUES (91, '오션디럭스 (오션뷰)', 85000, 2, 5, '일반객실, 기준 2인 (최대 5인) | 침실 1, 침대 1, 욕실 1, 최소 1박', 'https://search.pstatic.net/common/?autoRotate=true&quality=95&type=w750&src=https%3A%2F%2Fnaverbooking-phinf.pstatic.net%2F20210519_86%2F1621403769328NKeRI_PNG%2F%25BC%25F6%25BF%25B5%25C0%25E5_2.png', 1, 'STANDARD', 1);
INSERT INTO room (accommodations_id, room_name, price, min_guests, max_guests, room_description, main_image_url, bathroom_count, room_type, bed_count) VALUES (91, '오션패밀리 (오션뷰)', 120000, 2, 5, '일반객실, 기준 4인 (최대 5인) | 침실 1, 침대 1, 욕실 1, 최소 1박', 'https://search.pstatic.net/common/?autoRotate=true&quality=95&type=w750&src=https%3A%2F%2Fnaverbooking-phinf.pstatic.net%2F20201208_184%2F1607412929628WrJjT_JPEG%2FAHN_5899_copy.jpg', 1, 'STANDARD', 1);
INSERT INTO room (accommodations_id, room_name, price, min_guests, max_guests, room_description, main_image_url, bathroom_count, room_type, bed_count) VALUES (91, '더베이패밀리 40평(전용출입문)', 240000, 2, 10, '일반객실, 기준 6인 (최대 10인) | 침실 3, 침대 2, 욕실 2, 최소 1박', 'https://search.pstatic.net/common/?autoRotate=true&quality=95&type=w750&src=https%3A%2F%2Fnaverbooking-phinf.pstatic.net%2F20210519_264%2F1621403703632E4m12_PNG%2F%25BC%25F6%25BF%25B5%25C0%25E5_4.png', 2, 'STANDARD', 2);

INSERT INTO accommodation (accommodations_id, accommodations_name, accommodations_category, accommodations_description, city, district, address_detail, latitude, longitude, transport_info, parking_info, phone, rating, review_count, source_url, source_platform, sns, check_in_time, check_out_time, short_description) VALUES (92, '제주 수원성 독채민박', 'GUESTHOUSE', '수원성민박은 제주시 한림읍 마을 안에 위치한\n하루 한 팀만 이용하는 100평 규모 독채 숙소입니다.\n\n관광지 중심에 있는 숙소는 아니지만\n조용한 환경에서 프라이빗한 휴식을\n원하시는 분들께 적합한 공간입니다.\n\n가족 여행이나 차분한 단체 모임에 어울리며\n부모님을 동반한 숙박에도 많이 선택됩니다.\n\n집 내부 전체는 편백나무 인테리어로 구성되어\n머무는 동안 은은한 나무 향과 함께\n편안한 시간을 보내실 수 있습니다.\n\n[이용 정보]\n- 기준 인원 8명 최대 인원 15명\n- 초과 인원은 사전 유선 문의\n- 입실 14:00 이후\n- 퇴실 12:00\n- 방 3개\n- 주방 완비\n- 화장실 2개 실내 1 실외 1\n\n[공간 특징]\n- 잔디 마당이 있는 독채 숙소\n- 야외 바베큐 시설 무료 제공\n- 숯과 식재료는 직접 준비\n- 반려견 동반 가능\n- 반려견 용품은 직접 준비\n\n[주변 환경]\n- 도보 약 5분 거리 바닷가\n- 협재해수욕장과 한림공원 차로 약 10분\n- 차로 3분 거리 대형마트 위치\n\n조용한 숙소 특성상\n파티 목적 및 늦은 밤 소음이 있는 이용은\n정중히 사양합니다.\n\n한적한 제주 마을에서\n조용히 머무는 하루를 원하신다면\n수원성민박에서 편안한 시간을 보내세요.', '제주', '제주시', '수원7길 47-3', null, null, '담 따라서 안쪽으로 쭉 들어오세요 :D', '주차가능\n무료\n숙소 입구에 있는 공영 주차장 이용하셔도 됩니다.', '0507-1433-8837', null, 4, 'https://map.naver.com/p/entry/place/1436210558?c=15.00,0,0,0,dh&placePath=/room?entry=bmp&fromPanelNum=1&additionalHeight=76&timestamp=202512181243&locale=ko&svcName=map_pcv5&businessCategory=guesthouse&fromPanelNum=1&additionalHeight=76&timestamp=202512181243&locale=ko&svcName=map_pcv5&businessCategory=guesthouse&from=map', 'NAVER', 'Instagram: https://www.instagram.com/jeju_suwonseong/', NULL, NULL, NULL);
INSERT INTO accommodation_theme (theme_id, accommodations_id) VALUES (3, 92);
INSERT INTO accommodation_theme (theme_id, accommodations_id) VALUES (1, 92);
INSERT INTO accommodation_amenity (amenity_id, accommodations_id) VALUES (29, 92);
INSERT INTO accommodation_amenity (amenity_id, accommodations_id) VALUES (1, 92);
INSERT INTO accommodation_amenity (amenity_id, accommodations_id) VALUES (20, 92);
INSERT INTO accommodation_amenity (amenity_id, accommodations_id) VALUES (23, 92);
INSERT INTO accommodation_amenity (amenity_id, accommodations_id) VALUES (21, 92);
INSERT INTO accommodation_amenity (amenity_id, accommodations_id) VALUES (6, 92);
INSERT INTO accommodation_amenity (amenity_id, accommodations_id) VALUES (31, 92);
INSERT INTO accommodation_amenity (amenity_id, accommodations_id) VALUES (15, 92);
INSERT INTO accommodation_amenity (amenity_id, accommodations_id) VALUES (4, 92);
INSERT INTO accommodation_amenity (amenity_id, accommodations_id) VALUES (10, 92);
INSERT INTO accommodation_amenity (amenity_id, accommodations_id) VALUES (11, 92);
INSERT INTO accommodation_amenity (amenity_id, accommodations_id) VALUES (38, 92);
INSERT INTO accommodation_image (accommodations_id, image_url, image_type, sort_order) VALUES (92, 'https://search.pstatic.net/common/?autoRotate=true&type=w560_sharpen&src=https%3A%2F%2Fldb-phinf.pstatic.net%2F20211202_153%2F1638427044617FiOof_JPEG%2F1633149326114-3.jpg', 'banner', 0);
INSERT INTO accommodation_image (accommodations_id, image_url, image_type, sort_order) VALUES (92, 'https://search.pstatic.net/common/?autoRotate=true&type=w278_sharpen&src=https%3A%2F%2Fldb-phinf.pstatic.net%2F20211202_247%2F1638427044667JftHO_JPEG%2F1633045780430-2.jpg', 'detail', 1);
INSERT INTO accommodation_image (accommodations_id, image_url, image_type, sort_order) VALUES (92, 'https://search.pstatic.net/common/?autoRotate=true&type=w278_sharpen&src=https%3A%2F%2Fldb-phinf.pstatic.net%2F20211202_231%2F16384270445769nFPV_JPEG%2F1633149326114-16.jpg', 'detail', 2);
INSERT INTO accommodation_image (accommodations_id, image_url, image_type, sort_order) VALUES (92, 'https://search.pstatic.net/common/?autoRotate=true&type=w278_sharpen&src=https%3A%2F%2Fldb-phinf.pstatic.net%2F20210726_149%2F1627280146833sXuyp_JPEG%2FQCRi-Krr5yeUWfVbuwVJvwHU.JPG.jpg', 'detail', 3);
INSERT INTO accommodation_image (accommodations_id, image_url, image_type, sort_order) VALUES (92, 'https://search.pstatic.net/common/?autoRotate=true&type=w278_sharpen&src=https%3A%2F%2Fldb-phinf.pstatic.net%2F20211202_290%2F1638427107395441Vv_JPEG%2F1634012815732-1.jpg', 'detail', 4);
INSERT INTO room (accommodations_id, room_name, price, min_guests, max_guests, room_description, main_image_url, bathroom_count, room_type, bed_count) VALUES (92, '한림읍 조용한 100평 독채', 250000, 2, 10, '독채, 기준 8인 (최대 10인) | 침실 3, 침대 1, 욕실 1, 최소 1박', 'https://search.pstatic.net/common/?autoRotate=true&quality=95&type=w750&src=https%3A%2F%2Fnaverbooking-phinf.pstatic.net%2F20211214_160%2F1639442511759WFmy2_JPEG%2FKakaoTalk_20211213_174221229_17.jpg', 1, 'STANDARD', 1);

INSERT INTO accommodation (accommodations_id, accommodations_name, accommodations_category, accommodations_description, city, district, address_detail, latitude, longitude, transport_info, parking_info, phone, rating, review_count, source_url, source_platform, sns, check_in_time, check_out_time, short_description) VALUES (93, '제주 TS 유스호스텔', 'GUESTHOUSE', '가족,커플부터 단체가 가능한 원룸,복층 형태의 힐링 리조트!\n우거진 편백나무 숲 사이 자리잡은 제주 남원의 청정지역!\n\n깨끗한 제주, 맑은 제주, 제주TS 에서 힐링하세요\n\n*홈페이지 예약 시 20% 할인 이벤트!\n\nCheck-in 16:00~\nCheck-out ~11:00\n\n* 조식, 바베큐, 픽업, 세탁, 강당, 매점, 애견동반, 보드게임 등 다양한 부가서비스 제공\n\n문의사항) 064-764-8100\n제주 TS 유스호스텔', '제주', '서귀포시', '남조로 861-78', null, null, '자가용, 버스(130-1, 130-2, 231, 232번) 이용 가능\n픽업 서비스 가능', NULL, '0507-1442-8102', null, 17, 'https://map.naver.com/p/search/%EC%A0%9C%EC%A3%BC+TS+%EC%9C%A0%EC%8A%A4%ED%98%B8%EC%8A%A4%ED%85%94/place/37069173?isCorrectAnswer=true&c=15.00,0,0,0,dh&placePath=/room?fromPanelNum=1&additionalHeight=76&timestamp=202512181243&locale=ko&svcName=map_pcv5&searchText=%EC%A0%9C%EC%A3%BC%2BTS%2B%EC%9C%A0%EC%8A%A4%ED%98%B8%EC%8A%A4%ED%85%94&businessCategory=guesthouse&additionalHeight=76&timestamp=202512181243&locale=ko&svcName=map_pcv5&searchText=%EC%A0%9C%EC%A3%BC%2BTS%2B%EC%9C%A0%EC%8A%A4%ED%98%B8%EC%8A%A4%ED%85%94&businessCategory=guesthouse&fromPanelNum=1', 'NAVER', NULL, NULL, NULL, NULL);
INSERT INTO accommodation_amenity (amenity_id, accommodations_id) VALUES (30, 93);
INSERT INTO accommodation_image (accommodations_id, image_url, image_type, sort_order) VALUES (93, 'https://search.pstatic.net/common/?autoRotate=true&type=w560_sharpen&src=https%3A%2F%2Fldb-phinf.pstatic.net%2F20170904_113%2F1504509902278yYFkq_JPEG%2F1YZrie3L72gyCVr5C8WcHEch.jpg', 'banner', 0);
INSERT INTO accommodation_image (accommodations_id, image_url, image_type, sort_order) VALUES (93, 'https://search.pstatic.net/common/?autoRotate=true&type=w278_sharpen&src=https%3A%2F%2Fldb-phinf.pstatic.net%2F20170904_99%2F1504509902505h3KJf_JPEG%2FzPLjUgvaBRfeQS99dmQUucV9.jpg', 'detail', 1);
INSERT INTO accommodation_image (accommodations_id, image_url, image_type, sort_order) VALUES (93, 'https://search.pstatic.net/common/?autoRotate=true&type=w278_sharpen&src=https%3A%2F%2Fldb-phinf.pstatic.net%2F20170904_130%2F15045099044969o8jk_JPEG%2FE3uQfbeqWp8vRuNRkC1JhVgg.jpg', 'detail', 2);
INSERT INTO accommodation_image (accommodations_id, image_url, image_type, sort_order) VALUES (93, 'https://search.pstatic.net/common/?autoRotate=true&type=w278_sharpen&src=https%3A%2F%2Fldb-phinf.pstatic.net%2F20170904_177%2F1504509908705YP2G5_JPEG%2FuI0qs-HXdBCwQBG6q1ivkY5Y.jpg', 'detail', 3);
INSERT INTO accommodation_image (accommodations_id, image_url, image_type, sort_order) VALUES (93, 'https://search.pstatic.net/common/?autoRotate=true&type=w278_sharpen&src=https%3A%2F%2Fldb-phinf.pstatic.net%2F20170904_42%2F1504509903269m3RGT_JPEG%2Fmp1Q9hRG_z1CynJ3h7f5Zwx2.jpg', 'detail', 4);
INSERT INTO room (accommodations_id, room_name, price, min_guests, max_guests, room_description, main_image_url, bathroom_count, room_type, bed_count) VALUES (93, '한실원룸A', 49000, 2, 4, '일반객실, 기준 2인 (최대 4인) | 침실 1, 욕실 1, 최소 1박', 'https://search.pstatic.net/common/?autoRotate=true&quality=95&type=w750&src=https%3A%2F%2Fnaverbooking-phinf.pstatic.net%2F20230808_105%2F16914269624568Hs3c_JPEG%2Fimage.jpg', 1, 'STANDARD', 0);
INSERT INTO room (accommodations_id, room_name, price, min_guests, max_guests, room_description, main_image_url, bathroom_count, room_type, bed_count) VALUES (93, '한실원룸B', 49000, 2, 4, '일반객실, 기준 2인 (최대 4인) | 침실 1, 욕실 1, 최소 1박', 'https://search.pstatic.net/common/?autoRotate=true&quality=95&type=w750&src=https%3A%2F%2Fnaverbooking-phinf.pstatic.net%2F20230807_171%2F1691376569898z5Dz4_JPEG%2Fimage.jpg', 1, 'STANDARD', 0);
INSERT INTO room (accommodations_id, room_name, price, min_guests, max_guests, room_description, main_image_url, bathroom_count, room_type, bed_count) VALUES (93, '한실원룸C', 49000, 2, 4, '일반객실, 기준 2인 (최대 4인) | 침실 1, 욕실 1, 최소 1박', 'https://search.pstatic.net/common/?autoRotate=true&quality=95&type=w750&src=https%3A%2F%2Fnaverbooking-phinf.pstatic.net%2F20230807_2%2F1691379928001qdkxf_JPEG%2Fimage.jpg', 1, 'STANDARD', 0);
INSERT INTO room (accommodations_id, room_name, price, min_guests, max_guests, room_description, main_image_url, bathroom_count, room_type, bed_count) VALUES (93, '양실트윈룸A', 49000, 2, 3, '일반객실, 기준 2인 (최대 3인) | 침실 1, 침대 2, 욕실 1, 최소 1박', 'https://search.pstatic.net/common/?autoRotate=true&quality=95&type=w750&src=https%3A%2F%2Fnaverbooking-phinf.pstatic.net%2F20230801_31%2F1690875929675uTuHR_JPEG%2Fimage.jpg', 1, 'STANDARD', 2);
INSERT INTO room (accommodations_id, room_name, price, min_guests, max_guests, room_description, main_image_url, bathroom_count, room_type, bed_count) VALUES (93, '양실트윈룸B', 49000, 2, 3, '일반객실, 기준 2인 (최대 3인) | 침실 1, 침대 2, 욕실 1, 최소 1박', 'https://search.pstatic.net/common/?autoRotate=true&quality=95&type=w750&src=https%3A%2F%2Fnaverbooking-phinf.pstatic.net%2F20230807_69%2F1691376561268tNdnA_JPEG%2Fimage.jpg', 1, 'STANDARD', 2);
INSERT INTO room (accommodations_id, room_name, price, min_guests, max_guests, room_description, main_image_url, bathroom_count, room_type, bed_count) VALUES (93, '양실트윈룸C', 49000, 2, 3, '일반객실, 기준 2인 (최대 3인) | 침실 1, 침대 2, 욕실 1, 최소 1박', 'https://search.pstatic.net/common/?autoRotate=true&quality=95&type=w750&src=https%3A%2F%2Fnaverbooking-phinf.pstatic.net%2F20230807_229%2F1691376563229CSlMz_JPEG%2Fimage.jpg', 1, 'STANDARD', 2);
INSERT INTO room (accommodations_id, room_name, price, min_guests, max_guests, room_description, main_image_url, bathroom_count, room_type, bed_count) VALUES (93, '한실복층룸A', 108000, 2, 12, '일반객실, 기준 4인 (최대 12인) | 침실 2, 욕실 3, 최소 1박', 'https://search.pstatic.net/common/?autoRotate=true&quality=95&type=w750&src=https%3A%2F%2Fnaverbooking-phinf.pstatic.net%2F20230807_120%2F1691379931493eMb3j_JPEG%2Fimage.jpg', 3, 'STANDARD', 0);
INSERT INTO room (accommodations_id, room_name, price, min_guests, max_guests, room_description, main_image_url, bathroom_count, room_type, bed_count) VALUES (93, '한실복층룸B', 108000, 2, 12, '일반객실, 기준 4인 (최대 12인) | 침실 2, 욕실 3, 최소 1박', 'https://search.pstatic.net/common/?autoRotate=true&quality=95&type=w750&src=https%3A%2F%2Fnaverbooking-phinf.pstatic.net%2F20230807_2%2F1691376566364dNKWw_JPEG%2Fimage.jpg', 3, 'STANDARD', 0);
INSERT INTO room (accommodations_id, room_name, price, min_guests, max_guests, room_description, main_image_url, bathroom_count, room_type, bed_count) VALUES (93, '한실복층룸C', 108000, 2, 12, '일반객실, 기준 4인 (최대 12인) | 침실 2, 욕실 3, 최소 1박', 'https://search.pstatic.net/common/?autoRotate=true&quality=95&type=w750&src=https%3A%2F%2Fnaverbooking-phinf.pstatic.net%2F20230807_147%2F1691376564910ardhi_JPEG%2Fimage.jpg', 3, 'STANDARD', 0);
INSERT INTO room (accommodations_id, room_name, price, min_guests, max_guests, room_description, main_image_url, bathroom_count, room_type, bed_count) VALUES (93, '양실복층룸A', 108000, 2, 12, '일반객실, 기준 4인 (최대 12인) | 침실 2, 침대 4, 욕실 3, 최소 1박', 'https://search.pstatic.net/common/?autoRotate=true&quality=95&type=w750&src=https%3A%2F%2Fnaverbooking-phinf.pstatic.net%2F20230801_70%2F1690875939702oCOoo_JPEG%2Fimage.jpg', 3, 'STANDARD', 4);
INSERT INTO room (accommodations_id, room_name, price, min_guests, max_guests, room_description, main_image_url, bathroom_count, room_type, bed_count) VALUES (93, '양실복층룸B', 108000, 2, 12, '일반객실, 기준 4인 (최대 12인) | 침실 2, 침대 4, 욕실 3, 최소 1박', 'https://search.pstatic.net/common/?autoRotate=true&quality=95&type=w750&src=https%3A%2F%2Fnaverbooking-phinf.pstatic.net%2F20230807_297%2F16913765680147oS9l_JPEG%2Fimage.jpg', 3, 'STANDARD', 4);
INSERT INTO room (accommodations_id, room_name, price, min_guests, max_guests, room_description, main_image_url, bathroom_count, room_type, bed_count) VALUES (93, '양실복층룸C', 108000, 2, 12, '일반객실, 기준 4인 (최대 12인) | 침실 2, 침대 4, 욕실 3, 최소 1박', 'https://search.pstatic.net/common/?autoRotate=true&quality=95&type=w750&src=https%3A%2F%2Fnaverbooking-phinf.pstatic.net%2F20230807_4%2F1691379935201nQEct_JPEG%2Fimage.jpg', 3, 'STANDARD', 4);
INSERT INTO room (accommodations_id, room_name, price, min_guests, max_guests, room_description, main_image_url, bathroom_count, room_type, bed_count) VALUES (93, '특실', 108000, 2, 7, '일반객실, 기준 4인 (최대 7인) | 침실 2, 침대 4, 욕실 1, 최소 1박', 'https://search.pstatic.net/common/?autoRotate=true&quality=95&type=w750&src=https%3A%2F%2Fnaverbooking-phinf.pstatic.net%2F20230804_282%2F1691127943204dXKcD_JPEG%2Fimage.jpg', 1, 'STANDARD', 4);

INSERT INTO accommodation (accommodations_id, accommodations_name, accommodations_category, accommodations_description, city, district, address_detail, latitude, longitude, transport_info, parking_info, phone, rating, review_count, source_url, source_platform, sns, check_in_time, check_out_time, short_description) VALUES (94, '제주 퓨어스테이오션 리조트', 'GUESTHOUSE', '제주공항에서 10분거리에 위치한 바다를 바라보며 힐링할수 있는 전망좋은 객실이 준비되어 있는 팬션입니다.\n\n체크인 15:00 체크아웃 11:00\n22시이후 체크인시 사전문의 필수\n무료 Wifi\n무료주차\n전객실금연', '제주', '제주시', '346-9', null, null, '복층 IPTV/WiFi ● wi-fi 이용 가능합니다. 숙소정보 [ 입실 / 퇴실 안내 ] 입실 15:00 이후 / 퇴실 11:00 이전 [ 픽업 안내 ] - 픽업 불가능 - 픽업 서비스를 지...', NULL, '064-743-8953', null, 47, 'https://map.naver.com/p/entry/place/1455440372?c=15.00,0,0,0,dh&placePath=/room?entry=bmp&fromPanelNum=1&additionalHeight=76&timestamp=202512181244&locale=ko&svcName=map_pcv5&businessCategory=pension&fromPanelNum=1&additionalHeight=76&timestamp=202512181244&locale=ko&svcName=map_pcv5&businessCategory=pension&from=map', 'NAVER', NULL, '15:00', '11:00', '전망 좋은 테라스에서 즐기는 맥주 한 잔');
INSERT INTO accommodation_theme (theme_id, accommodations_id) VALUES (1, 94);
INSERT INTO accommodation_amenity (amenity_id, accommodations_id) VALUES (16, 94);
INSERT INTO accommodation_amenity (amenity_id, accommodations_id) VALUES (6, 94);
INSERT INTO accommodation_amenity (amenity_id, accommodations_id) VALUES (7, 94);
INSERT INTO accommodation_amenity (amenity_id, accommodations_id) VALUES (2, 94);
INSERT INTO accommodation_image (accommodations_id, image_url, image_type, sort_order) VALUES (94, 'https://search.pstatic.net/common/?autoRotate=true&type=w560_sharpen&src=https%3A%2F%2Fldb-phinf.pstatic.net%2F20190523_82%2F1558605854371CSa9r_JPEG%2FjN3GCjgOmfxhcO1L_vFo4YUs.jpg', 'banner', 0);
INSERT INTO accommodation_image (accommodations_id, image_url, image_type, sort_order) VALUES (94, 'https://search.pstatic.net/common/?autoRotate=true&type=w278_sharpen&src=https%3A%2F%2Fldb-phinf.pstatic.net%2F20190523_106%2F1558605854409Cm4G9_JPEG%2FQV29nxQZC3mLcZxWSSsuBrp2.jpg', 'detail', 1);
INSERT INTO accommodation_image (accommodations_id, image_url, image_type, sort_order) VALUES (94, 'https://search.pstatic.net/common/?autoRotate=true&type=w278_sharpen&src=https%3A%2F%2Fldb-phinf.pstatic.net%2F20190523_131%2F15586058705867UQXl_JPEG%2Fo6n7PElxChM61t_Q519lpV6C.jpg', 'detail', 2);
INSERT INTO accommodation_image (accommodations_id, image_url, image_type, sort_order) VALUES (94, 'https://search.pstatic.net/common/?autoRotate=true&type=w278_sharpen&src=https%3A%2F%2Fldb-phinf.pstatic.net%2F20190523_269%2F1558605870572iQsn2_JPEG%2FZ-v4j_I220zFEdfMg8Q6VKKM.jpg', 'detail', 3);
INSERT INTO accommodation_image (accommodations_id, image_url, image_type, sort_order) VALUES (94, 'https://search.pstatic.net/common/?autoRotate=true&type=w278_sharpen&src=https%3A%2F%2Fldb-phinf.pstatic.net%2F20190523_93%2F1558605870618zkOJU_JPEG%2FWuEkQw7bgGPodAMTiOdPsN9N.jpg', 'detail', 4);
INSERT INTO room (accommodations_id, room_name, price, min_guests, max_guests, room_description, main_image_url, bathroom_count, room_type, bed_count) VALUES (94, '파노라마 뷰(복층)', 80000, 2, 2, '일반객실, 기준 2인 (최대 2인)', 'https://search.pstatic.net/common/?autoRotate=true&quality=95&type=w750&src=https%3A%2F%2Fnaverbooking-phinf.pstatic.net%2F20251111_216%2F1762842887172ruScc_JPEG%2Fimage.jpg', 0, 'STANDARD', 0);
INSERT INTO room (accommodations_id, room_name, price, min_guests, max_guests, room_description, main_image_url, bathroom_count, room_type, bed_count) VALUES (94, '파노라마 뷰(더블)', 70000, 2, 2, '일반객실, 기준 2인 (최대 2인)', 'https://search.pstatic.net/common/?autoRotate=true&quality=95&type=w750&src=https%3A%2F%2Fnaverbooking-phinf.pstatic.net%2F20251111_18%2F1762842891033MfnNb_JPEG%2Fimage.jpg', 0, 'STANDARD', 0);
INSERT INTO room (accommodations_id, room_name, price, min_guests, max_guests, room_description, main_image_url, bathroom_count, room_type, bed_count) VALUES (94, '파노라마 뷰(더블)', 70000, 2, 2, '일반객실, 기준 2인 (최대 2인)', 'https://search.pstatic.net/common/?autoRotate=true&quality=95&type=w750&src=https%3A%2F%2Fnaverbooking-phinf.pstatic.net%2F20251111_152%2F17628428890770VUTB_JPEG%2Fimage.jpg', 0, 'STANDARD', 0);
INSERT INTO room (accommodations_id, room_name, price, min_guests, max_guests, room_description, main_image_url, bathroom_count, room_type, bed_count) VALUES (94, '파노라마 뷰(더블)', 70000, 2, 2, '일반객실, 기준 2인 (최대 2인)', 'https://search.pstatic.net/common/?autoRotate=true&quality=95&type=w750&src=https%3A%2F%2Fnaverbooking-phinf.pstatic.net%2F20251111_297%2F1762842892995BlvQi_JPEG%2Fimage.jpg', 0, 'STANDARD', 0);
INSERT INTO room (accommodations_id, room_name, price, min_guests, max_guests, room_description, main_image_url, bathroom_count, room_type, bed_count) VALUES (94, '디럭스더블(마운틴뷰)', 50000, 2, 2, '일반객실, 기준 2인 (최대 2인)', 'https://search.pstatic.net/common/?autoRotate=true&quality=95&type=w750&src=https%3A%2F%2Fnaverbooking-phinf.pstatic.net%2F20251111_99%2F1762842895006njbOn_JPEG%2Fimage.jpg', 0, 'STANDARD', 0);
INSERT INTO room (accommodations_id, room_name, price, min_guests, max_guests, room_description, main_image_url, bathroom_count, room_type, bed_count) VALUES (94, '파노라마 뷰(더블)', 70000, 2, 2, '일반객실, 기준 2인 (최대 2인)', 'https://search.pstatic.net/common/?autoRotate=true&quality=95&type=w750&src=https%3A%2F%2Fnaverbooking-phinf.pstatic.net%2F20251111_230%2F1762842897231Okf9O_JPEG%2Fimage.jpg', 0, 'STANDARD', 0);
INSERT INTO room (accommodations_id, room_name, price, min_guests, max_guests, room_description, main_image_url, bathroom_count, room_type, bed_count) VALUES (94, '파노라마 뷰(복층)', 80000, 2, 2, '일반객실, 기준 2인 (최대 2인)', 'https://search.pstatic.net/common/?autoRotate=true&quality=95&type=w750&src=https%3A%2F%2Fnaverbooking-phinf.pstatic.net%2F20251111_156%2F1762842901434A7hzB_JPEG%2Fimage.jpg', 0, 'STANDARD', 0);
INSERT INTO room (accommodations_id, room_name, price, min_guests, max_guests, room_description, main_image_url, bathroom_count, room_type, bed_count) VALUES (94, '파노라마 뷰(복층)', 80000, 2, 2, '일반객실, 기준 2인 (최대 2인)', 'https://search.pstatic.net/common/?autoRotate=true&quality=95&type=w750&src=https%3A%2F%2Fnaverbooking-phinf.pstatic.net%2F20251111_260%2F1762842903697qqhR3_JPEG%2Fimage.jpg', 0, 'STANDARD', 0);
INSERT INTO room (accommodations_id, room_name, price, min_guests, max_guests, room_description, main_image_url, bathroom_count, room_type, bed_count) VALUES (94, '파노라마 뷰(복층)', 80000, 2, 2, '일반객실, 기준 2인 (최대 2인)', 'https://search.pstatic.net/common/?autoRotate=true&quality=95&type=w750&src=https%3A%2F%2Fnaverbooking-phinf.pstatic.net%2F20251111_72%2F17628429056920rOxU_JPEG%2Fimage.jpg', 0, 'STANDARD', 0);
INSERT INTO room (accommodations_id, room_name, price, min_guests, max_guests, room_description, main_image_url, bathroom_count, room_type, bed_count) VALUES (94, '스탠다드 트윈', 55000, 2, 2, '일반객실, 기준 2인 (최대 2인)', 'https://search.pstatic.net/common/?autoRotate=true&quality=95&type=w750&src=https%3A%2F%2Fnaverbooking-phinf.pstatic.net%2F20251111_244%2F1762842899704eSWNx_JPEG%2Fimage.jpg', 0, 'STANDARD', 0);
INSERT INTO room (accommodations_id, room_name, price, min_guests, max_guests, room_description, main_image_url, bathroom_count, room_type, bed_count) VALUES (94, '파노라마 뷰(복층)', 80000, 2, 2, '일반객실, 기준 2인 (최대 2인)', 'https://search.pstatic.net/common/?autoRotate=true&quality=95&type=w750&src=https%3A%2F%2Fnaverbooking-phinf.pstatic.net%2F20251111_83%2F1762842909439t4fdS_JPEG%2Fimage.jpg', 0, 'STANDARD', 0);
INSERT INTO room (accommodations_id, room_name, price, min_guests, max_guests, room_description, main_image_url, bathroom_count, room_type, bed_count) VALUES (94, '파노라마 뷰(복층)', 80000, 2, 2, '일반객실, 기준 2인 (최대 2인)', 'https://search.pstatic.net/common/?autoRotate=true&quality=95&type=w750&src=https%3A%2F%2Fnaverbooking-phinf.pstatic.net%2F20251111_53%2F176284290749562064_JPEG%2Fimage.jpg', 0, 'STANDARD', 0);
INSERT INTO room (accommodations_id, room_name, price, min_guests, max_guests, room_description, main_image_url, bathroom_count, room_type, bed_count) VALUES (94, '스탠다드 트윈', 55000, 2, 2, '일반객실, 기준 2인 (최대 2인)', 'https://search.pstatic.net/common/?autoRotate=true&quality=95&type=w750&src=https%3A%2F%2Fnaverbooking-phinf.pstatic.net%2F20251111_144%2F176284291162488TJ7_JPEG%2Fimage.jpg', 0, 'STANDARD', 0);
INSERT INTO room (accommodations_id, room_name, price, min_guests, max_guests, room_description, main_image_url, bathroom_count, room_type, bed_count) VALUES (94, '스탠다드 트윈', 55000, 2, 2, '일반객실, 기준 2인 (최대 2인)', 'https://search.pstatic.net/common/?autoRotate=true&quality=95&type=w750&src=https%3A%2F%2Fnaverbooking-phinf.pstatic.net%2F20251111_32%2F1762842913261wplXk_JPEG%2Fimage.jpg', 0, 'STANDARD', 0);
INSERT INTO room (accommodations_id, room_name, price, min_guests, max_guests, room_description, main_image_url, bathroom_count, room_type, bed_count) VALUES (94, '스탠다드 트윈', 55000, 2, 2, '일반객실, 기준 2인 (최대 2인)', 'https://search.pstatic.net/common/?autoRotate=true&quality=95&type=w750&src=https%3A%2F%2Fnaverbooking-phinf.pstatic.net%2F20251111_293%2F1762842915018G18UJ_JPEG%2Fimage.jpg', 0, 'STANDARD', 0);
INSERT INTO room (accommodations_id, room_name, price, min_guests, max_guests, room_description, main_image_url, bathroom_count, room_type, bed_count) VALUES (94, '디럭스더블(마운틴뷰)', 50000, 2, 2, '일반객실, 기준 2인 (최대 2인)', 'https://search.pstatic.net/common/?autoRotate=true&quality=95&type=w750&src=https%3A%2F%2Fnaverbooking-phinf.pstatic.net%2F20251111_76%2F1762842916708D8nwW_JPEG%2Fimage.jpg', 0, 'STANDARD', 0);
INSERT INTO room (accommodations_id, room_name, price, min_guests, max_guests, room_description, main_image_url, bathroom_count, room_type, bed_count) VALUES (94, '디럭스더블(마운틴뷰)', 50000, 2, 2, '일반객실, 기준 2인 (최대 2인)', 'https://search.pstatic.net/common/?autoRotate=true&quality=95&type=w750&src=https%3A%2F%2Fnaverbooking-phinf.pstatic.net%2F20251111_19%2F1762842921389KpKy6_JPEG%2Fimage.jpg', 0, 'STANDARD', 0);
INSERT INTO room (accommodations_id, room_name, price, min_guests, max_guests, room_description, main_image_url, bathroom_count, room_type, bed_count) VALUES (94, '디럭스더블(마운틴뷰)', 50000, 2, 2, '일반객실, 기준 2인 (최대 2인)', 'https://search.pstatic.net/common/?autoRotate=true&quality=95&type=w750&src=https%3A%2F%2Fnaverbooking-phinf.pstatic.net%2F20251111_75%2F17628429190052hnuO_JPEG%2Fimage.jpg', 0, 'STANDARD', 0);
INSERT INTO room (accommodations_id, room_name, price, min_guests, max_guests, room_description, main_image_url, bathroom_count, room_type, bed_count) VALUES (94, '디럭스더블(마운틴뷰)', 50000, 2, 2, '일반객실, 기준 2인 (최대 2인)', 'https://search.pstatic.net/common/?autoRotate=true&quality=95&type=w750&src=https%3A%2F%2Fnaverbooking-phinf.pstatic.net%2F20251111_56%2F1762842925320ovbBE_JPEG%2Fimage.jpg', 0, 'STANDARD', 0);
INSERT INTO room (accommodations_id, room_name, price, min_guests, max_guests, room_description, main_image_url, bathroom_count, room_type, bed_count) VALUES (94, '디럭스더블(마운틴뷰)', 50000, 2, 2, '일반객실, 기준 2인 (최대 2인)', 'https://search.pstatic.net/common/?autoRotate=true&quality=95&type=w750&src=https%3A%2F%2Fnaverbooking-phinf.pstatic.net%2F20251111_97%2F1762842927347wF3qP_JPEG%2Fimage.jpg', 0, 'STANDARD', 0);
INSERT INTO room (accommodations_id, room_name, price, min_guests, max_guests, room_description, main_image_url, bathroom_count, room_type, bed_count) VALUES (94, '디럭스더블(마운틴뷰)', 50000, 2, 2, '일반객실, 기준 2인 (최대 2인)', 'https://search.pstatic.net/common/?autoRotate=true&quality=95&type=w750&src=https%3A%2F%2Fnaverbooking-phinf.pstatic.net%2F20251111_90%2F17628429335196DOrU_JPEG%2Fimage.jpg', 0, 'STANDARD', 0);
INSERT INTO room (accommodations_id, room_name, price, min_guests, max_guests, room_description, main_image_url, bathroom_count, room_type, bed_count) VALUES (94, '디럭스더블(마운틴뷰)', 50000, 2, 2, '일반객실, 기준 2인 (최대 2인)', 'https://search.pstatic.net/common/?autoRotate=true&quality=95&type=w750&src=https%3A%2F%2Fnaverbooking-phinf.pstatic.net%2F20251111_255%2F1762842935491eiQ4l_JPEG%2Fimage.jpg', 0, 'STANDARD', 0);
INSERT INTO room (accommodations_id, room_name, price, min_guests, max_guests, room_description, main_image_url, bathroom_count, room_type, bed_count) VALUES (94, '디럭스더블(마운틴뷰)', 50000, 2, 2, '일반객실, 기준 2인 (최대 2인)', 'https://search.pstatic.net/common/?autoRotate=true&quality=95&type=w750&src=https%3A%2F%2Fnaverbooking-phinf.pstatic.net%2F20251111_79%2F1762842923496gghrU_JPEG%2Fimage.jpg', 0, 'STANDARD', 0);
INSERT INTO room (accommodations_id, room_name, price, min_guests, max_guests, room_description, main_image_url, bathroom_count, room_type, bed_count) VALUES (94, '디럭스더블(마운틴뷰)', 50000, 2, 2, '일반객실, 기준 2인 (최대 2인)', 'https://search.pstatic.net/common/?autoRotate=true&quality=95&type=w750&src=https%3A%2F%2Fnaverbooking-phinf.pstatic.net%2F20251111_55%2F1762842937943QwJeb_JPEG%2Fimage.jpg', 0, 'STANDARD', 0);
INSERT INTO room (accommodations_id, room_name, price, min_guests, max_guests, room_description, main_image_url, bathroom_count, room_type, bed_count) VALUES (94, '파노라마 뷰(더블)', 70000, 2, 2, '일반객실, 기준 2인 (최대 2인)', 'https://search.pstatic.net/common/?autoRotate=true&quality=95&type=w750&src=https%3A%2F%2Fnaverbooking-phinf.pstatic.net%2F20251111_256%2F1762842929403B8gCR_JPEG%2Fimage.jpg', 0, 'STANDARD', 0);
INSERT INTO room (accommodations_id, room_name, price, min_guests, max_guests, room_description, main_image_url, bathroom_count, room_type, bed_count) VALUES (94, '디럭스더블(오션뷰)', 55000, 2, 2, '일반객실, 기준 2인 (최대 2인)', 'https://search.pstatic.net/common/?autoRotate=true&quality=95&type=w750&src=https%3A%2F%2Fnaverbooking-phinf.pstatic.net%2F20251111_32%2F1762842931421OHzfH_JPEG%2Fimage.jpg', 0, 'STANDARD', 0);
INSERT INTO room (accommodations_id, room_name, price, min_guests, max_guests, room_description, main_image_url, bathroom_count, room_type, bed_count) VALUES (94, '디럭스더블(오션뷰)', 55000, 2, 2, '일반객실, 기준 2인 (최대 2인)', 'https://search.pstatic.net/common/?autoRotate=true&quality=95&type=w750&src=https%3A%2F%2Fnaverbooking-phinf.pstatic.net%2F20251111_211%2F1762842940146JGz5q_JPEG%2Fimage.jpg', 0, 'STANDARD', 0);
INSERT INTO room (accommodations_id, room_name, price, min_guests, max_guests, room_description, main_image_url, bathroom_count, room_type, bed_count) VALUES (94, '디럭스더블(오션뷰)', 55000, 2, 2, '일반객실, 기준 2인 (최대 2인)', 'https://search.pstatic.net/common/?autoRotate=true&quality=95&type=w750&src=https%3A%2F%2Fnaverbooking-phinf.pstatic.net%2F20251111_206%2F1762842941973pcDBU_JPEG%2Fimage.jpg', 0, 'STANDARD', 0);
INSERT INTO room (accommodations_id, room_name, price, min_guests, max_guests, room_description, main_image_url, bathroom_count, room_type, bed_count) VALUES (94, '디럭스더블(오션뷰)', 55000, 2, 2, '일반객실, 기준 2인 (최대 2인)', 'https://search.pstatic.net/common/?autoRotate=true&quality=95&type=w750&src=https%3A%2F%2Fnaverbooking-phinf.pstatic.net%2F20251111_276%2F1762842946057NU5bv_JPEG%2Fimage.jpg', 0, 'STANDARD', 0);
INSERT INTO room (accommodations_id, room_name, price, min_guests, max_guests, room_description, main_image_url, bathroom_count, room_type, bed_count) VALUES (94, '디럭스더블(오션뷰)', 55000, 2, 2, '일반객실, 기준 2인 (최대 2인)', 'https://search.pstatic.net/common/?autoRotate=true&quality=95&type=w750&src=https%3A%2F%2Fnaverbooking-phinf.pstatic.net%2F20251111_114%2F1762842943867l3cfo_JPEG%2Fimage.jpg', 0, 'STANDARD', 0);
INSERT INTO room (accommodations_id, room_name, price, min_guests, max_guests, room_description, main_image_url, bathroom_count, room_type, bed_count) VALUES (94, '디럭스더블(오션뷰)', 55000, 2, 2, '일반객실, 기준 2인 (최대 2인)', 'https://search.pstatic.net/common/?autoRotate=true&quality=95&type=w750&src=https%3A%2F%2Fnaverbooking-phinf.pstatic.net%2F20251111_181%2F1762842950281TmIro_JPEG%2Fimage.jpg', 0, 'STANDARD', 0);
INSERT INTO room (accommodations_id, room_name, price, min_guests, max_guests, room_description, main_image_url, bathroom_count, room_type, bed_count) VALUES (94, '디럭스더블(오션뷰)', 55000, 2, 2, '일반객실, 기준 2인 (최대 2인)', 'https://search.pstatic.net/common/?autoRotate=true&quality=95&type=w750&src=https%3A%2F%2Fnaverbooking-phinf.pstatic.net%2F20251111_96%2F1762842958613tdjg1_JPEG%2Fimage.jpg', 0, 'STANDARD', 0);
INSERT INTO room (accommodations_id, room_name, price, min_guests, max_guests, room_description, main_image_url, bathroom_count, room_type, bed_count) VALUES (94, '디럭스더블(오션뷰)', 55000, 2, 2, '일반객실, 기준 2인 (최대 2인)', 'https://search.pstatic.net/common/?autoRotate=true&quality=95&type=w750&src=https%3A%2F%2Fnaverbooking-phinf.pstatic.net%2F20251111_64%2F1762842952084d2d1p_JPEG%2Fimage.jpg', 0, 'STANDARD', 0);
INSERT INTO room (accommodations_id, room_name, price, min_guests, max_guests, room_description, main_image_url, bathroom_count, room_type, bed_count) VALUES (94, '디럭스더블(오션뷰)', 55000, 2, 2, '일반객실, 기준 2인 (최대 2인)', 'https://search.pstatic.net/common/?autoRotate=true&quality=95&type=w750&src=https%3A%2F%2Fnaverbooking-phinf.pstatic.net%2F20251111_32%2F17628429482802mu5y_JPEG%2Fimage.jpg', 0, 'STANDARD', 0);
INSERT INTO room (accommodations_id, room_name, price, min_guests, max_guests, room_description, main_image_url, bathroom_count, room_type, bed_count) VALUES (94, '디럭스더블(오션뷰)', 55000, 2, 2, '일반객실, 기준 2인 (최대 2인)', 'https://search.pstatic.net/common/?autoRotate=true&quality=95&type=w750&src=https%3A%2F%2Fnaverbooking-phinf.pstatic.net%2F20251111_262%2F1762842954402Gqil5_JPEG%2Fimage.jpg', 0, 'STANDARD', 0);
INSERT INTO room (accommodations_id, room_name, price, min_guests, max_guests, room_description, main_image_url, bathroom_count, room_type, bed_count) VALUES (94, '디럭스더블(오션뷰)', 55000, 2, 2, '일반객실, 기준 2인 (최대 2인)', 'https://search.pstatic.net/common/?autoRotate=true&quality=95&type=w750&src=https%3A%2F%2Fnaverbooking-phinf.pstatic.net%2F20251111_265%2F1762842956337akVC8_JPEG%2Fimage.jpg', 0, 'STANDARD', 0);
INSERT INTO room (accommodations_id, room_name, price, min_guests, max_guests, room_description, main_image_url, bathroom_count, room_type, bed_count) VALUES (94, '디럭스더블(오션뷰)', 55000, 2, 2, '일반객실, 기준 2인 (최대 2인)', 'https://search.pstatic.net/common/?autoRotate=true&quality=95&type=w750&src=https%3A%2F%2Fnaverbooking-phinf.pstatic.net%2F20251111_235%2F17628429604225lAKN_JPEG%2Fimage.jpg', 0, 'STANDARD', 0);
INSERT INTO room (accommodations_id, room_name, price, min_guests, max_guests, room_description, main_image_url, bathroom_count, room_type, bed_count) VALUES (94, '슈페리어 트윈', 65000, 2, 3, '일반객실, 기준 2인 (최대 3인)', 'https://search.pstatic.net/common/?autoRotate=true&quality=95&type=w750&src=https%3A%2F%2Fnaverbooking-phinf.pstatic.net%2F20251111_272%2F1762842962287A11xc_JPEG%2Fimage.jpg', 0, 'STANDARD', 0);
INSERT INTO room (accommodations_id, room_name, price, min_guests, max_guests, room_description, main_image_url, bathroom_count, room_type, bed_count) VALUES (94, '슈페리어 트윈', 65000, 2, 3, '일반객실, 기준 2인 (최대 3인)', 'https://search.pstatic.net/common/?autoRotate=true&quality=95&type=w750&src=https%3A%2F%2Fnaverbooking-phinf.pstatic.net%2F20251111_233%2F1762842963983d3fCz_JPEG%2Fimage.jpg', 0, 'STANDARD', 0);
INSERT INTO room (accommodations_id, room_name, price, min_guests, max_guests, room_description, main_image_url, bathroom_count, room_type, bed_count) VALUES (94, '파노라마 뷰(더블)', 70000, 2, 2, '일반객실, 기준 2인 (최대 2인)', 'https://search.pstatic.net/common/?autoRotate=true&quality=95&type=w750&src=https%3A%2F%2Fnaverbooking-phinf.pstatic.net%2F20251111_130%2F1762842965436a5LmF_JPEG%2Fimage.jpg', 0, 'STANDARD', 0);

INSERT INTO accommodation (accommodations_id, accommodations_name, accommodations_category, accommodations_description, city, district, address_detail, latitude, longitude, transport_info, parking_info, phone, rating, review_count, source_url, source_platform, sns, check_in_time, check_out_time, short_description) VALUES (95, '제주 바람에 스치운다', 'GUESTHOUSE', '제주 동쪽 바다가 한눈에 펼쳐진 곳에서 신선한 제철 재료로 건강한 음식을 정성스럽게 준비 했습니다.\nwhr\n제주 서쪽 애월 그리고 동쪽 구좌읍. 남쭉에서 재배된 나물로 만든 건강한 채식 나물 비빔밥\n제주 푸른 바다의 딱새우, 전복, 뿔소라 해물찜 그리고 계절 메뉴 (성게알 비빔밥, 굴떡국)준비 했으니 맛있게 드셔 주세요.\n\n부모님 주의존\n테이블 6개의 작은 식당이다 보니 어린이들과 동반 시 다른 테이블 식사 손님께 방해 되는 행동이나, 소음이 발생 하지 않도록 주의 부탁 드려요. 감사합니다.\n\n-바람에스치운다-', '제주', '제주시', '문주란로 121-1 1층', 33.5222994, 126.8941600, '제주시 구좌읍 문주란로 121-1, 1층\n바람에 스치운다\n\n제주공항 101 버스 이용시 70분 소요\n제주 동쪽의 관광지 성산일출봉, 섭지코지, 스누피가든, 송당 동화마을,비자림, 김녕해수욕장, 함덕해수욕장 에서 자차 30분 이내', '주차가능\n무료', '0507-1396-6077', null, 328, 'https://map.naver.com/p/search/%EC%A0%9C%EC%A3%BC+%EB%B0%94%EB%9E%8C%EC%97%90+%EC%8A%A4%EC%B9%98%EC%9A%B4%EB%8B%A4/place/1911561444?c=15.00,0,0,0,dh&placePath=/information?entry=bmp&fromPanelNum=2&timestamp=202512181244&locale=ko&svcName=map_pcv5&searchText=%EC%A0%9C%EC%A3%BC%2B%EB%B0%94%EB%9E%8C%EC%97%90%2B%EC%8A%A4%EC%B9%98%EC%9A%B4%EB%8B%A4&from=map&fromPanelNum=2&timestamp=202512181244&locale=ko&svcName=map_pcv5&searchText=%EC%A0%9C%EC%A3%BC+%EB%B0%94%EB%9E%8C%EC%97%90+%EC%8A%A4%EC%B9%98%EC%9A%B4%EB%8B%A4', 'NAVER', 'Instagram: https://www.instagram.com/seosi__mong', NULL, NULL, '신선한 제주 재료로 만든 건강한 한상');
INSERT INTO accommodation_amenity (amenity_id, accommodations_id) VALUES (56, 95);
INSERT INTO accommodation_amenity (amenity_id, accommodations_id) VALUES (39, 95);
INSERT INTO accommodation_amenity (amenity_id, accommodations_id) VALUES (13, 95);
INSERT INTO accommodation_amenity (amenity_id, accommodations_id) VALUES (36, 95);
INSERT INTO accommodation_amenity (amenity_id, accommodations_id) VALUES (40, 95);
INSERT INTO accommodation_amenity (amenity_id, accommodations_id) VALUES (57, 95);
INSERT INTO accommodation_amenity (amenity_id, accommodations_id) VALUES (58, 95);
INSERT INTO accommodation_amenity (amenity_id, accommodations_id) VALUES (12, 95);
INSERT INTO accommodation_image (accommodations_id, image_url, image_type, sort_order) VALUES (95, 'https://search.pstatic.net/common/?autoRotate=true&type=w560_sharpen&src=https%3A%2F%2Fldb-phinf.pstatic.net%2F20211027_37%2F1635302622889z8JWB_JPEG%2Fb3f-kgoSYHPQaLUFajs3fCzY.jpg', 'banner', 0);
INSERT INTO accommodation_image (accommodations_id, image_url, image_type, sort_order) VALUES (95, 'https://search.pstatic.net/common/?autoRotate=true&type=w278_sharpen&src=https%3A%2F%2Fldb-phinf.pstatic.net%2F20230427_158%2F1682589894004RS0ja_JPEG%2F4DE2707E-8F9E-4597-B6FA-DC799D9D203D.jpeg', 'detail', 1);
INSERT INTO accommodation_image (accommodations_id, image_url, image_type, sort_order) VALUES (95, 'https://search.pstatic.net/common/?autoRotate=true&type=w278_sharpen&src=https%3A%2F%2Fldb-phinf.pstatic.net%2F20230427_8%2F16825898937127GsEH_JPEG%2FB4F2937A-0CB3-415C-BE24-C04CBF0FFD9C.jpeg', 'detail', 2);
INSERT INTO accommodation_image (accommodations_id, image_url, image_type, sort_order) VALUES (95, 'https://search.pstatic.net/common/?autoRotate=true&type=w278_sharpen&src=https%3A%2F%2Fldb-phinf.pstatic.net%2F20230427_114%2F1682589893468A6c6m_JPEG%2F3F7D3F3A-386C-4458-BD82-F868D0B94A6C.jpeg', 'detail', 3);
INSERT INTO accommodation_image (accommodations_id, image_url, image_type, sort_order) VALUES (95, 'https://search.pstatic.net/common/?autoRotate=true&type=w278_sharpen&src=https%3A%2F%2Fldb-phinf.pstatic.net%2F20230427_134%2F1682589893764odoWv_JPEG%2F1EE57032-72F3-41C8-B4D9-EC24C425F044.jpeg', 'detail', 4);

INSERT INTO accommodation (accommodations_id, accommodations_name, accommodations_category, accommodations_description, city, district, address_detail, latitude, longitude, transport_info, parking_info, phone, rating, review_count, source_url, source_platform, sns, check_in_time, check_out_time, short_description) VALUES (96, '제주 돌과바람 호스텔', 'GUESTHOUSE', NULL, '제주', '서귀포시', '166', null, null, '[바비큐 시설] 바비큐장 ● 바비큐장 이용 안내 ▷ BB Q 준비 요청 시 음식을 제외한 숯, 구이 도구 등 제공 : 20,000원 ▷ 야외 BBQ 시설 사용 가능 ▷ 사...', NULL, '064-732-3210', null, 5, 'https://map.naver.com/p/search/%EC%A0%9C%EC%A3%BC+%EB%8F%8C%EA%B3%BC%EB%B0%94%EB%9E%8C+%ED%98%B8%EC%8A%A4%ED%85%94/place/1135173883?isCorrectAnswer=true&c=15.00,0,0,0,dh&placePath=/room?fromPanelNum=1&additionalHeight=76&timestamp=202512181245&locale=ko&svcName=map_pcv5&searchText=%EC%A0%9C%EC%A3%BC%2B%EB%8F%8C%EA%B3%BC%EB%B0%94%EB%9E%8C%2B%ED%98%B8%EC%8A%A4%ED%85%94&businessCategory=guesthouse&fromPanelNum=1&additionalHeight=76&timestamp=202512181245&locale=ko&svcName=map_pcv5&searchText=%EC%A0%9C%EC%A3%BC%2B%EB%8F%8C%EA%B3%BC%EB%B0%94%EB%9E%8C%2B%ED%98%B8%EC%8A%A4%ED%85%94&businessCategory=guesthouse', 'NAVER', NULL, NULL, NULL, NULL);
INSERT INTO accommodation_image (accommodations_id, image_url, image_type, sort_order) VALUES (96, 'https://search.pstatic.net/common/?autoRotate=true&quality=95&type=w750&src=https%3A%2F%2Fapis.naver.com%2Fplace%2Fpanorama%2Fthumbnail%2F1135173883%2F0%3Fwidth%3D800%26height%3D400%26msgpad%3D1766029535013%26md%3D6sCWjvfKuaWcBDydY4%252FS9r%252FI0AQ%253D', 'banner', 0);
INSERT INTO room (accommodations_id, room_name, price, min_guests, max_guests, room_description, main_image_url, bathroom_count, room_type, bed_count) VALUES (96, '디럭스 더블', 40000, 2, 2, '일반객실, 기준 2인 (최대 2인)', 'https://search.pstatic.net/common/?autoRotate=true&quality=95&type=w750&src=https%3A%2F%2Fnaverbooking-phinf.pstatic.net%2F20251120_122%2F1763565049718Bo89E_JPEG%2Fimage.jpg', 0, 'STANDARD', 0);
INSERT INTO room (accommodations_id, room_name, price, min_guests, max_guests, room_description, main_image_url, bathroom_count, room_type, bed_count) VALUES (96, '디럭스 트윈', 45000, 2, 3, '일반객실, 기준 2인 (최대 3인)', 'https://search.pstatic.net/common/?autoRotate=true&quality=95&type=w750&src=https%3A%2F%2Fnaverbooking-phinf.pstatic.net%2F20251120_221%2F1763565048657AJ4bO_JPEG%2Fimage.jpg', 0, 'STANDARD', 0);
INSERT INTO room (accommodations_id, room_name, price, min_guests, max_guests, room_description, main_image_url, bathroom_count, room_type, bed_count) VALUES (96, '트리플', 55000, 2, 3, '일반객실, 기준 3인 (최대 3인)', 'https://search.pstatic.net/common/?autoRotate=true&quality=95&type=w750&src=https%3A%2F%2Fnaverbooking-phinf.pstatic.net%2F20251120_168%2F1763565049056mtnz4_JPEG%2Fimage.jpg', 0, 'STANDARD', 0);
INSERT INTO room (accommodations_id, room_name, price, min_guests, max_guests, room_description, main_image_url, bathroom_count, room_type, bed_count) VALUES (96, '패밀리 트윈', 60000, 2, 4, '일반객실, 기준 4인 (최대 4인)', 'https://search.pstatic.net/common/?autoRotate=true&quality=95&type=w750&src=https%3A%2F%2Fnaverbooking-phinf.pstatic.net%2F20251120_56%2F1763565050743Ogwvp_JPEG%2Fimage.jpg', 0, 'STANDARD', 0);
INSERT INTO room (accommodations_id, room_name, price, min_guests, max_guests, room_description, main_image_url, bathroom_count, room_type, bed_count) VALUES (96, '디럭스 더블2', 40000, 2, 2, '일반객실, 기준 2인 (최대 2인)', 'https://search.pstatic.net/common/?autoRotate=true&quality=95&type=w750&src=https%3A%2F%2Fnaverbooking-phinf.pstatic.net%2F20251120_179%2F17635650474879lLfd_JPEG%2Fimage.jpg', 0, 'STANDARD', 0);
INSERT INTO room (accommodations_id, room_name, price, min_guests, max_guests, room_description, main_image_url, bathroom_count, room_type, bed_count) VALUES (96, '디럭스 더블3', 45000, 2, 2, '일반객실, 기준 2인 (최대 2인)', 'https://search.pstatic.net/common/?autoRotate=true&quality=95&type=w750&src=https%3A%2F%2Fnaverbooking-phinf.pstatic.net%2F20251120_84%2F1763565048224Mx6e3_JPEG%2Fimage.jpg', 0, 'STANDARD', 0);
INSERT INTO room (accommodations_id, room_name, price, min_guests, max_guests, room_description, main_image_url, bathroom_count, room_type, bed_count) VALUES (96, '디럭스 트윈2', 45000, 2, 3, '일반객실, 기준 2인 (최대 3인)', 'https://search.pstatic.net/common/?autoRotate=true&quality=95&type=w750&src=https%3A%2F%2Fnaverbooking-phinf.pstatic.net%2F20251120_42%2F1763565046700A6fTM_JPEG%2Fimage.jpg', 0, 'STANDARD', 0);
INSERT INTO room (accommodations_id, room_name, price, min_guests, max_guests, room_description, main_image_url, bathroom_count, room_type, bed_count) VALUES (96, '디럭스 트윈3', 45000, 2, 3, '일반객실, 기준 2인 (최대 3인)', 'https://search.pstatic.net/common/?autoRotate=true&quality=95&type=w750&src=https%3A%2F%2Fnaverbooking-phinf.pstatic.net%2F20251120_25%2F17635650470519P6j5_JPEG%2Fimage.jpg', 0, 'STANDARD', 0);

INSERT INTO accommodation (accommodations_id, accommodations_name, accommodations_category, accommodations_description, city, district, address_detail, latitude, longitude, transport_info, parking_info, phone, rating, review_count, source_url, source_platform, sns, check_in_time, check_out_time, short_description) VALUES (97, '함덕 535 독채민박', 'GUESTHOUSE', '제주 함덕해수욕장 도보 5분이내 위치한 함덕535독채민박입니다.\n\n숙소는 침대방1, 온돌방1, 욕실, 주방 겸 거실로 이루어진 공간이고\n작은 마당과 마당안에 주차 가능합니다.\n\n버스정류장, 마트, 편의점, 약국, 병원 각종 편의시설들 도보3분이내 위치해있고 함덕 맛집으로 유명한 고깃집들 도보로 가능합니다!!\n\n[이용수칙]\n체크인: 오후4시\n체크아웃: 오전11시\n* 숙소 정원은 최대4인까지 가능합니다.\n기준인원 외 인원추가 비용 1인 1일 1만원씩\n\n함덕 가지가지상점 뒷편에 민박집 있어요 : )', '제주', '제주시', '신북로 535-1', 33.5416592, 126.6670834, '- 제주공항에서 버스 이용시\n\n제주공항에서 빨강색 101번 버스 타셔서 9개 정거장 이동\n함덕환승정류장(함덕해수욕장)에서 내리셔서 파리바게트 보이는곳으로 쭉! 오세요~ 옆에 빨래방 그 옆에 식당 그 옆에 가지가지상점이 보이는데 같은 건물 뒷편에 함덕535민박이 있어요\n\n- 차로 오시는 길\n\n네이버에 신북로 535-1 또는 함덕535 검색!\n\n- 주차는 숙소 마당에 하시면 됩니다\n( 출입구가 좁아 주차 난이도가 조금 있습니다)', '주차가능\n무료\n숙소 입구 앞 마당에 주차 가능해요. 주차 어려우신 분들은 근처 공영주차장이나 골목, 스타벅스 주차장 이용해주세요', '0507-1422-9566', null, 8, 'https://map.naver.com/p/entry/place/1143588018?c=15.00,0,0,0,dh&placePath=/room?entry=bmp&fromPanelNum=1&additionalHeight=76&timestamp=202512181245&locale=ko&svcName=map_pcv5&businessCategory=guesthouse&fromPanelNum=1&additionalHeight=76&timestamp=202512181245&locale=ko&svcName=map_pcv5&businessCategory=guesthouse&from=map', 'NAVER', 'Blog: https://blog.naver.com/hamdeok_bubu\nInstagram: http://www.instagram.com/sangyoup_han_9566', NULL, NULL, NULL);
INSERT INTO accommodation_theme (theme_id, accommodations_id) VALUES (3, 97);
INSERT INTO accommodation_theme (theme_id, accommodations_id) VALUES (1, 97);
INSERT INTO accommodation_amenity (amenity_id, accommodations_id) VALUES (1, 97);
INSERT INTO accommodation_amenity (amenity_id, accommodations_id) VALUES (20, 97);
INSERT INTO accommodation_amenity (amenity_id, accommodations_id) VALUES (6, 97);
INSERT INTO accommodation_amenity (amenity_id, accommodations_id) VALUES (31, 97);
INSERT INTO accommodation_amenity (amenity_id, accommodations_id) VALUES (23, 97);
INSERT INTO accommodation_image (accommodations_id, image_url, image_type, sort_order) VALUES (97, 'https://search.pstatic.net/common/?autoRotate=true&type=w560_sharpen&src=https%3A%2F%2Fldb-phinf.pstatic.net%2F20250203_197%2F1738561100581rxCNs_JPEG%2F2019-06-19_03.06.56_1.jpg', 'banner', 0);
INSERT INTO accommodation_image (accommodations_id, image_url, image_type, sort_order) VALUES (97, 'https://search.pstatic.net/common/?autoRotate=true&type=w278_sharpen&src=https%3A%2F%2Fldb-phinf.pstatic.net%2F20170916_90%2F15055582059479bcjK_JPEG%2FbHy3Hnkn6my0bUh0_V8A6nb0.jpg', 'detail', 1);
INSERT INTO accommodation_image (accommodations_id, image_url, image_type, sort_order) VALUES (97, 'https://search.pstatic.net/common/?autoRotate=true&type=w278_sharpen&src=https%3A%2F%2Fldb-phinf.pstatic.net%2F20231219_168%2F17029195785999iFQj_JPEG%2F2019-06-19_03.06.55_1.jpg', 'detail', 2);
INSERT INTO accommodation_image (accommodations_id, image_url, image_type, sort_order) VALUES (97, 'https://search.pstatic.net/common/?autoRotate=true&type=w278_sharpen&src=https%3A%2F%2Fldb-phinf.pstatic.net%2F20231219_197%2F1702919591946UkFSw_JPEG%2F2019-06-19_03.06.57_1.jpg', 'detail', 3);
INSERT INTO accommodation_image (accommodations_id, image_url, image_type, sort_order) VALUES (97, 'https://search.pstatic.net/common/?autoRotate=true&type=w278_sharpen&src=https%3A%2F%2Fldb-phinf.pstatic.net%2F20170916_91%2F1505558205897gULXy_JPEG%2FSU1yoTb1nKh1Zta_9slOghMt.jpg', 'detail', 4);
INSERT INTO room (accommodations_id, room_name, price, min_guests, max_guests, room_description, main_image_url, bathroom_count, room_type, bed_count) VALUES (97, '함덕535', 130000, 2, 4, '독채, 기준 2인 (최대 4인) | 침실 2, 침대 1, 욕실 1, 최소 2박', 'https://search.pstatic.net/common/?autoRotate=true&quality=95&type=w750&src=https%3A%2F%2Fnaverbooking-phinf.pstatic.net%2F20240508_212%2F1715150740036pWBYv_JPEG%2FKakaoTalk_20240219_123048350_03.jpg', 1, 'STANDARD', 1);

INSERT INTO accommodation (accommodations_id, accommodations_name, accommodations_category, accommodations_description, city, district, address_detail, latitude, longitude, transport_info, parking_info, phone, rating, review_count, source_url, source_platform, sns, check_in_time, check_out_time, short_description) VALUES (98, '서귀포 제주감성독채숙소스테이비움', 'GUESTHOUSE', '< 제주감성독채숙소 스테이비움 >\n\n제주의 자연에 둘러싸인 프라이빗한 제주도펜션\n\n안녕하세요! 제주 고지대에 위치하고 있는\n저희 펜션은 표선 오션뷰와 한라산을\n감상할 수 있으며 100년된 먼나무 아래\n자쿠지를 즐기며 오션뷰도 감상할 수 있습니다!\n\n숙소에서 5분거리에 위치하고 있는 망오름에\n올라 제주의 일출을 감상하는 것도 가능하며\n주변에 민가가 없고 공간 분리가 잘 되어 있어\n프라이빗 한 시간을 보내기 충분한 곳입니다.\n\n또한, 아늑한 감성의 2024년 신축 독채\n펜션으로 5성급 호텔 매트리스와 침구류,\n원목 수제 맞춤 가구, 아일랜드 식탁,\n침대 프레임으로 꾸며진 편안한 분위기를\n만나보세요!\n\n객실 내에 스마트TV가 구비 되어 있으며\n개인 계정이 있는 경우 OTT 시청 가능합니다.\n(넷플릭스,티빙,유튜브,쿠팡플레이, 웨이브)\n\n제주 비바람이 불어도 문제없는 실내 데크Bar 에서 영화감상/음악/실내 불멍/\n식사까지 우리들만의 프라이빗 한 추억을 만들어보세요\n\n고객님들께 편안하고 즐거운 여행이 되실 수\n있도록 항상 최선을 다하는 스테이비움이\n되겠습니다. 감사합니다 :)\n\n[입실안내]\n- 체크인 : 16:00\n- 체크아웃 : 11:00\n※ 객실 정비를 위해 체크아웃 시간을\n꼭 준수하여 주시기 바랍니다.\n[인원추가 안내]\n- 인원 추가시 : 1인 기준 (7세 이상~성인) : 30,000원/(24개월~7세 미만) : 10,000원 / 12개월~24개월 미만 영유아 무료\n- 침구추가 : 10,000원(토퍼/이불/배게 1세트)\n\n[야외에서 즐기는 감성 자쿠지+썸머시즌 수영장(여름시즌만 운영]\n- 비움/채움 객실 모두 야외 자쿠지가\n준비되어 있습니다.\n- 자쿠지 이용요금 : 30,000원(1회)\n- 이용시간 : 19:00 ~ 22:00\n\n썸머시즌에는 야외 수영장을 임시 오픈합니다.(7월~8월)\n많은 이용바랍니다.\n\n[바베큐(숯불)&불멍(장작) 이용안내]\n- 바베큐 이용요금 : 2인 기준 30,000원\n- 불멍장작 이용요금 : 2인 기준 30,000원\n (숯/장작 추가 시 10,000원)\n- 제공물품 : 숯,구이망, 집게, 장갑,토치\n\n※ 화재 사고 예방을 위해 지정된 장소에서\n바베큐를 이용해주시고 우천시에는\n바베큐/불멍장작 이용이 제한될 수 있습니다,\n\n[파티 & 캠핑 플레이스]\n- 스테이 비움 독채숙소에서 준비한\n''Bar 테이블/빔 프로젝트 영화관(비움룸)''과\n채움 룸에 ''캠핑/불멍 텐트존(채움룸)''에서\n즐거운 시간을 보내실 수 있습니다.\n- 이용요금 : 무료\n- 이용시간 : 입실 후 ~\n\n[웰컴 서비스]\n- 월컴티(네스프레소&스타벅스 캡슐커피 제공)\n- 조식 대용 컵라면 2종 + 스낵 1종\n\n-저희 스테이비움은 정기 방역을 실시하고 있으나 제주도 특성상 벌레와 곤충들이 일부 유입될 수 있으며, 이로 인한 환불 및 취소는 불가합니다.', '제주', '서귀포시', '토산중앙로 201-52', null, null, 'ㅁ 더 편하게 오시는 방법으로 ''토산리 1366-1'' 검색하시면 펜션 1분 거리에 있는 ''CU 제주토산점''을 안내하니 간단히 필요한 물품을 구입하시고 아래 숙소 주소를 검색해 오시면 편리하고 빠르게 오실 수 있습니다.\n\nㅁ 숙소 길 안내는 네비게이션 ''토산중앙로 201-52''를 입력하시면 펜션까지 안내해드립니다.\n\nㅁ 대중교통을 이용하실 분들은 제주공항에서 ''1번 게이트''로 나오면 오른쪽에 ''표선/남원''가는 정류장이 있습니다.\n1시간마다 있는 급행버스(''121,122/131,132'')를 타고 종점까지 오시면 숙소까지 에스코트 서비스를 해드립니다.\n(단, 에스코트서비스는 사전 예약 요청이 필요합니다)', '주차가능\n무료\n각 객실 앞 주차 공간이 준비되어 있습니다:)', '0507-1338-0319', null, 66, 'https://map.naver.com/p/search/%EC%84%9C%EA%B7%80%ED%8F%AC+%EC%A0%9C%EC%A3%BC%EA%B0%90%EC%84%B1%EB%8F%85%EC%B1%84%EC%88%99%EC%86%8C%EC%8A%A4%ED%85%8C%EC%9D%B4%EB%B9%84%EC%9B%80/place/1251239581?isCorrectAnswer=true&c=15.00,0,0,0,dh&placePath=/room?fromPanelNum=1&additionalHeight=76&timestamp=202512181246&locale=ko&svcName=map_pcv5&searchText=%EC%84%9C%EA%B7%80%ED%8F%AC%2B%EC%A0%9C%EC%A3%BC%EA%B0%90%EC%84%B1%EB%8F%85%EC%B1%84%EC%88%99%EC%86%8C%EC%8A%A4%ED%85%8C%EC%9D%B4%EB%B9%84%EC%9B%80&businessCategory=pension&additionalHeight=76&timestamp=202512181246&locale=ko&svcName=map_pcv5&searchText=%EC%84%9C%EA%B7%80%ED%8F%AC%2B%EC%A0%9C%EC%A3%BC%EA%B0%90%EC%84%B1%EB%8F%85%EC%B1%84%EC%88%99%EC%86%8C%EC%8A%A4%ED%85%8C%EC%9D%B4%EB%B9%84%EC%9B%80&businessCategory=pension&fromPanelNum=1', 'NAVER', 'Instagram: https://www.instagram.com/bium9600', '16:00', '11:00', '아름다운 인테리어와 전망이 어우러진 공간');
INSERT INTO accommodation_theme (theme_id, accommodations_id) VALUES (1, 98);
INSERT INTO accommodation_amenity (amenity_id, accommodations_id) VALUES (20, 98);
INSERT INTO accommodation_amenity (amenity_id, accommodations_id) VALUES (23, 98);
INSERT INTO accommodation_amenity (amenity_id, accommodations_id) VALUES (6, 98);
INSERT INTO accommodation_amenity (amenity_id, accommodations_id) VALUES (4, 98);
INSERT INTO accommodation_amenity (amenity_id, accommodations_id) VALUES (15, 98);
INSERT INTO accommodation_amenity (amenity_id, accommodations_id) VALUES (59, 98);
INSERT INTO accommodation_amenity (amenity_id, accommodations_id) VALUES (11, 98);
INSERT INTO accommodation_amenity (amenity_id, accommodations_id) VALUES (1, 98);
INSERT INTO accommodation_amenity (amenity_id, accommodations_id) VALUES (8, 98);
INSERT INTO accommodation_amenity (amenity_id, accommodations_id) VALUES (2, 98);
INSERT INTO accommodation_amenity (amenity_id, accommodations_id) VALUES (22, 98);
INSERT INTO accommodation_amenity (amenity_id, accommodations_id) VALUES (33, 98);
INSERT INTO accommodation_amenity (amenity_id, accommodations_id) VALUES (32, 98);
INSERT INTO accommodation_amenity (amenity_id, accommodations_id) VALUES (60, 98);
INSERT INTO accommodation_amenity (amenity_id, accommodations_id) VALUES (3, 98);
INSERT INTO accommodation_image (accommodations_id, image_url, image_type, sort_order) VALUES (98, 'https://search.pstatic.net/common/?autoRotate=true&type=w560_sharpen&src=https%3A%2F%2Fnaverbooking-phinf.pstatic.net%2F20240417_238%2F1713335118457pQUJp_PNG%2F%25BA%25F1%25BF%25F2_%25C0%25FC%25B0%25E6_3.jpeg', 'banner', 0);
INSERT INTO accommodation_image (accommodations_id, image_url, image_type, sort_order) VALUES (98, 'https://search.pstatic.net/common/?autoRotate=true&type=w278_sharpen&src=https%3A%2F%2Fldb-phinf.pstatic.net%2F20240905_282%2F1725500319752MMr0d_JPEG%2F1725154210215-1.jpg', 'detail', 1);
INSERT INTO accommodation_image (accommodations_id, image_url, image_type, sort_order) VALUES (98, 'https://search.pstatic.net/common/?autoRotate=true&type=w278_sharpen&src=https%3A%2F%2Fnaverbooking-phinf.pstatic.net%2F20240417_291%2F1713327631090drh5A_JPEG%2F%25BA%25F1%25BF%25F2_%25BF%25C0%25BC%25C7%25BA%25E4_%25B8%25B6%25B4%25E7_9.jpeg', 'detail', 2);
INSERT INTO accommodation_image (accommodations_id, image_url, image_type, sort_order) VALUES (98, 'https://search.pstatic.net/common/?autoRotate=true&type=w278_sharpen&src=https%3A%2F%2Fnaverbooking-phinf.pstatic.net%2F20240417_22%2F1713327640008l7mS9_JPEG%2F%25BA%25F1%25BF%25F2_%25BE%25DF%25BF%25DC_%25BF%25C2%25BC%25F6_%25C0%25DA%25C4%25ED%25C1%25F6_2.jpeg', 'detail', 3);
INSERT INTO accommodation_image (accommodations_id, image_url, image_type, sort_order) VALUES (98, 'https://search.pstatic.net/common/?autoRotate=true&type=w278_sharpen&src=https%3A%2F%2Fnaverbooking-phinf.pstatic.net%2F20240417_273%2F1713337911481A7hdJ_JPEG%2F%25BA%25F1%25BF%25F2_%25B0%25C5%25BD%25C7%253A%25C1%25D6%25B9%25E6_2.jpg', 'detail', 4);
INSERT INTO room (accommodations_id, room_name, price, min_guests, max_guests, room_description, main_image_url, bathroom_count, room_type, bed_count) VALUES (98, '비움_오션뷰 야외 자쿠지& 데크Bar &바베큐/불멍', 245000, 2, 6, '독채, 기준 4인 (최대 6인) | 침실 3, 침대 3, 욕실 2, 최소 1박', 'https://search.pstatic.net/common/?autoRotate=true&quality=95&type=w750&src=https%3A%2F%2Fnaverbooking-phinf.pstatic.net%2F20240417_188%2F1713330572426ubS2T_JPEG%2F%25BA%25F1%25BF%25F2_%25BF%25C0%25BC%25C7%25BA%25E4_%25B8%25B6%25B4%25E7_16.jpeg', 2, 'STANDARD', 3);
INSERT INTO room (accommodations_id, room_name, price, min_guests, max_guests, room_description, main_image_url, bathroom_count, room_type, bed_count) VALUES (98, '채움_프라이빗 감성숙소+글램핑텐트&불멍&자쿠지', 154000, 2, 4, '독채, 기준 2인 (최대 4인) | 침실 1, 침대 1, 욕실 1, 최소 1박', 'https://search.pstatic.net/common/?autoRotate=true&quality=95&type=w750&src=https%3A%2F%2Fnaverbooking-phinf.pstatic.net%2F20240417_201%2F1713332009298j9ljb_JPEG%2F%25C3%25A4%25BF%25F2_%25B9%25D9%25BA%25A3%25C5%25A5%25BA%25D2%25B8%25DB_2.jpeg', 1, 'STANDARD', 1);

INSERT INTO accommodation (accommodations_id, accommodations_name, accommodations_category, accommodations_description, city, district, address_detail, latitude, longitude, transport_info, parking_info, phone, rating, review_count, source_url, source_platform, sns, check_in_time, check_out_time, short_description) VALUES (99, '서귀포 이루다펜션(서귀포 대정숙소)', 'GUESTHOUSE', '안녕하세요.\n이루다 펜션입니다\n\n*입실시간* : 16:00\n*퇴실시간* : 11:00\n\n*유의사항*\n1.객실 내에서는 절대 금연입니다.\n2.객실 내 화기 사용 금지입니다.\n3.이용중 기물파손시 변상금이 청구됩니다.\n4.반려동물 입실은 불가합니다.\n5.귀중품 분실시 책임지지 않습니다.\n6.객실카드 분실시 1만원 변상해 주셔야합니다.\n7.독채를 제외한 객실은 취사불가입니다.\n8.3박 이상시 침구교체 가능합니다 (수건,비품,생수제공)\n9.퇴실시 객실카드는 로비에 비치된 바구니에 넣어주세요.\n\n*독채객실 유의사항*\n튀김류나 생선, 고기류의 굽는 요리는 불가하오니 양해바랍니다.\n\n*바베큐 이용 안내* (독채만 이용가능)\n1.바베큐 이용시간 : 17:00~22:00\n2.바베큐 그릴, 장갑,집게,가위,토치 대여비 2만원(현장결제) 숯은 제공되지 않습니다\n3.바베큐는 예약하실 때 꼭 전화로 말씀해주세요\n5.우천시 바베큐 이용이 불가합니다.\n\n*주위에 편의시설이 없어 오시기 전에 필요한 물품은\n 구입해 오시기 바랍니다\n\n* 전기충전주차장은 현재 운영되지 않고있습니다', '제주', '서귀포시', '평화로 225', 33.2669784, 126.2953696, '공항에서 택시나 렌트카 이용시 40분 정도 소요되며 대정(모슬포 )으로 들어가는 길목에 있습니다.\n버스로는 오기 힘들어 택시나 차 이용 부탁드립니다\n픽업은 지원하지 않습니다', '주차가능\n무료', NULL, null, 415, 'https://map.naver.com/p/search/%EC%84%9C%EA%B7%80%ED%8F%AC+%EC%9D%B4%EB%A3%A8%EB%8B%A4%ED%8E%9C%EC%85%98%28%EC%84%9C%EA%B7%80%ED%8F%AC+%EB%8C%80%EC%A0%95%EC%88%99%EC%86%8C%29/place/1995038909?isCorrectAnswer=true&c=15.00,0,0,0,dh&placePath=/room?fromPanelNum=1&additionalHeight=76&timestamp=202512181246&locale=ko&svcName=map_pcv5&searchText=%EC%84%9C%EA%B7%80%ED%8F%AC%2B%EC%9D%B4%EB%A3%A8%EB%8B%A4%ED%8E%9C%EC%85%98(%EC%84%9C%EA%B7%80%ED%8F%AC%2B%EB%8C%80%EC%A0%95%EC%88%99%EC%86%8C)&businessCategory=pension&additionalHeight=76&timestamp=202512181246&locale=ko&svcName=map_pcv5&searchText=%EC%84%9C%EA%B7%80%ED%8F%AC%2B%EC%9D%B4%EB%A3%A8%EB%8B%A4%ED%8E%9C%EC%85%98(%EC%84%9C%EA%B7%80%ED%8F%AC%2B%EB%8C%80%EC%A0%95%EC%88%99%EC%86%8C)&businessCategory=pension&fromPanelNum=1', 'NAVER', 'Blog: https://blog.naver.com/iruda7423\nInstagram: https://www.instagram.com/_iruda_80/', '16:00', '11:00', '좋은 방 구조와 아름다운 뷰가 어우러진 공간');
INSERT INTO accommodation_amenity (amenity_id, accommodations_id) VALUES (20, 99);
INSERT INTO accommodation_amenity (amenity_id, accommodations_id) VALUES (16, 99);
INSERT INTO accommodation_amenity (amenity_id, accommodations_id) VALUES (4, 99);
INSERT INTO accommodation_amenity (amenity_id, accommodations_id) VALUES (6, 99);
INSERT INTO accommodation_amenity (amenity_id, accommodations_id) VALUES (10, 99);
INSERT INTO accommodation_amenity (amenity_id, accommodations_id) VALUES (33, 99);
INSERT INTO accommodation_amenity (amenity_id, accommodations_id) VALUES (15, 99);
INSERT INTO accommodation_amenity (amenity_id, accommodations_id) VALUES (23, 99);
INSERT INTO accommodation_amenity (amenity_id, accommodations_id) VALUES (11, 99);
INSERT INTO accommodation_amenity (amenity_id, accommodations_id) VALUES (26, 99);
INSERT INTO accommodation_amenity (amenity_id, accommodations_id) VALUES (24, 99);
INSERT INTO accommodation_amenity (amenity_id, accommodations_id) VALUES (2, 99);
INSERT INTO accommodation_amenity (amenity_id, accommodations_id) VALUES (7, 99);
INSERT INTO accommodation_amenity (amenity_id, accommodations_id) VALUES (1, 99);
INSERT INTO accommodation_image (accommodations_id, image_url, image_type, sort_order) VALUES (99, 'https://search.pstatic.net/common/?autoRotate=true&type=w560_sharpen&src=https%3A%2F%2Fldb-phinf.pstatic.net%2F20230614_10%2F1686723492942zT9y5_JPEG%2F%25C0%25FC%25B0%25DC2.jpg', 'banner', 0);
INSERT INTO accommodation_image (accommodations_id, image_url, image_type, sort_order) VALUES (99, 'https://search.pstatic.net/common/?autoRotate=true&type=w278_sharpen&src=https%3A%2F%2Fldb-phinf.pstatic.net%2F20230614_235%2F16867234816600IQh0_JPEG%2F%25C0%25FC%25B0%25E6.jpg', 'detail', 1);
INSERT INTO accommodation_image (accommodations_id, image_url, image_type, sort_order) VALUES (99, 'https://search.pstatic.net/common/?autoRotate=true&type=w278_sharpen&src=https%3A%2F%2Fldb-phinf.pstatic.net%2F20211004_289%2F1633299772182oNW63_JPEG%2FaCqeONaWT4nkvcY-jJpq65E4.jpg', 'detail', 2);
INSERT INTO accommodation_image (accommodations_id, image_url, image_type, sort_order) VALUES (99, 'https://search.pstatic.net/common/?autoRotate=true&type=w278_sharpen&src=https%3A%2F%2Fldb-phinf.pstatic.net%2F20211004_84%2F16332998368781gP6M_JPEG%2FDDvWt9aiF8b6KhNI_45_zLAq.jpg', 'detail', 3);
INSERT INTO accommodation_image (accommodations_id, image_url, image_type, sort_order) VALUES (99, 'https://search.pstatic.net/common/?autoRotate=true&type=w278_sharpen&src=https%3A%2F%2Fldb-phinf.pstatic.net%2F20211005_125%2F1633436263629AvUz8_JPEG%2Fx04GyEff9fAO1YKPIwHMjODe.jpg', 'detail', 4);
INSERT INTO room (accommodations_id, room_name, price, min_guests, max_guests, room_description, main_image_url, bathroom_count, room_type, bed_count) VALUES (99, '독채 101호(42평형)', 265000, 2, 6, '독채, 기준 6인 (최대 6인) | 침실 2, 침대 3, 욕실 2, 최소 1박', 'https://search.pstatic.net/common/?autoRotate=true&quality=95&type=w750&src=https%3A%2F%2Fnaverbooking-phinf.pstatic.net%2F20210724_210%2F16271157932461pY5U_JPEG%2F1627095882521.jpg', 2, 'STANDARD', 3);
INSERT INTO room (accommodations_id, room_name, price, min_guests, max_guests, room_description, main_image_url, bathroom_count, room_type, bed_count) VALUES (99, '201호', 65000, 2, 2, '일반객실, 기준 2인 (최대 2인) | 침실 1, 침대 1, 욕실 1, 최소 1박', 'https://search.pstatic.net/common/?autoRotate=true&quality=95&type=w750&src=https%3A%2F%2Fnaverbooking-phinf.pstatic.net%2F20230922_106%2F1695359128512LE0jm_JPEG%2FKakaoTalk_20230922_135902688.jpg', 1, 'STANDARD', 1);
INSERT INTO room (accommodations_id, room_name, price, min_guests, max_guests, room_description, main_image_url, bathroom_count, room_type, bed_count) VALUES (99, '202호', 55000, 2, 2, '일반객실, 기준 2인 (최대 2인) | 침실 1, 침대 1, 욕실 1, 최소 1박', 'https://search.pstatic.net/common/?autoRotate=true&quality=95&type=w750&src=https%3A%2F%2Fnaverbooking-phinf.pstatic.net%2F20230922_238%2F16953593512596dGlC_JPEG%2FKakaoTalk_20230922_140020091.jpg', 1, 'STANDARD', 1);
INSERT INTO room (accommodations_id, room_name, price, min_guests, max_guests, room_description, main_image_url, bathroom_count, room_type, bed_count) VALUES (99, '203호', 55000, 2, 2, '일반객실, 기준 2인 (최대 2인) | 침실 1, 침대 1, 욕실 1, 최소 1박', 'https://search.pstatic.net/common/?autoRotate=true&quality=95&type=w750&src=https%3A%2F%2Fnaverbooking-phinf.pstatic.net%2F20230922_169%2F1695359409557ispLH_JPEG%2FKakaoTalk_20230922_140139177.jpg', 1, 'STANDARD', 1);
INSERT INTO room (accommodations_id, room_name, price, min_guests, max_guests, room_description, main_image_url, bathroom_count, room_type, bed_count) VALUES (99, '204호', 55000, 2, 2, '일반객실, 기준 2인 (최대 2인) | 침실 1, 침대 1, 욕실 1, 최소 1박', 'https://search.pstatic.net/common/?autoRotate=true&quality=95&type=w750&src=https%3A%2F%2Fnaverbooking-phinf.pstatic.net%2F20230922_298%2F1695359468764zSdRr_JPEG%2FKakaoTalk_20230922_140145919.jpg', 1, 'STANDARD', 1);
INSERT INTO room (accommodations_id, room_name, price, min_guests, max_guests, room_description, main_image_url, bathroom_count, room_type, bed_count) VALUES (99, '205호', 55000, 2, 2, '일반객실, 기준 2인 (최대 2인) | 침실 1, 침대 1, 욕실 1, 최소 1박', 'https://search.pstatic.net/common/?autoRotate=true&quality=95&type=w750&src=https%3A%2F%2Fnaverbooking-phinf.pstatic.net%2F20230922_31%2F1695359513217FdtmI_JPEG%2FKakaoTalk_20230922_140153629.jpg', 1, 'STANDARD', 1);
INSERT INTO room (accommodations_id, room_name, price, min_guests, max_guests, room_description, main_image_url, bathroom_count, room_type, bed_count) VALUES (99, '206호', 55000, 2, 2, '일반객실, 기준 2인 (최대 2인) | 침실 1, 침대 1, 욕실 1, 최소 1박', 'https://search.pstatic.net/common/?autoRotate=true&quality=95&type=w750&src=https%3A%2F%2Fnaverbooking-phinf.pstatic.net%2F20230922_43%2F1695359580361g8sBu_JPEG%2FKakaoTalk_20230922_140158833.jpg', 1, 'STANDARD', 1);
INSERT INTO room (accommodations_id, room_name, price, min_guests, max_guests, room_description, main_image_url, bathroom_count, room_type, bed_count) VALUES (99, '207호', 65000, 2, 2, '일반객실, 기준 2인 (최대 2인) | 침실 1, 침대 1, 욕실 1, 최소 1박', 'https://search.pstatic.net/common/?autoRotate=true&quality=95&type=w750&src=https%3A%2F%2Fnaverbooking-phinf.pstatic.net%2F20230922_149%2F1695359654360qp1uA_JPEG%2FKakaoTalk_20230922_140207498.jpg', 1, 'STANDARD', 1);

INSERT INTO accommodation (accommodations_id, accommodations_name, accommodations_category, accommodations_description, city, district, address_detail, latitude, longitude, transport_info, parking_info, phone, rating, review_count, source_url, source_platform, sns, check_in_time, check_out_time, short_description) VALUES (100, '제주 쉼드림 게스트하우스', 'GUESTHOUSE', '안녕하세요 제주도공항근처에 위치한 쉼드림게스트하우스입니다\n\n가격정보\n도미토리(4인실) - 15,000원\n더 블 침 대 방 - 30,000원\n가 족 온 돌 방 - 50,000원\n\n가족온돌방은 4인 이상시 추가요금이 발생하며\n 1인당 10,000원이며 최대 3명까지 가능합니다\n\n입실-오후 4시\n퇴실-오전 11시', '제주', '제주시', '12', 33.5253969, 126.5900349, NULL, NULL, '064-726-6652', null, 224, 'https://map.naver.com/p/search/%EC%A0%9C%EC%A3%BC+%EC%89%BC%EB%93%9C%EB%A6%BC+%EA%B2%8C%EC%8A%A4%ED%8A%B8%ED%95%98%EC%9A%B0%EC%8A%A4/place/36717846?isCorrectAnswer=true&c=15.00,0,0,0,dh&placePath=/room?fromPanelNum=1&additionalHeight=76&timestamp=202512181247&locale=ko&svcName=map_pcv5&searchText=%EC%A0%9C%EC%A3%BC%2B%EC%89%BC%EB%93%9C%EB%A6%BC%2B%EA%B2%8C%EC%8A%A4%ED%8A%B8%ED%95%98%EC%9A%B0%EC%8A%A4&businessCategory=guesthouse&additionalHeight=76&timestamp=202512181247&locale=ko&svcName=map_pcv5&searchText=%EC%A0%9C%EC%A3%BC%2B%EC%89%BC%EB%93%9C%EB%A6%BC%2B%EA%B2%8C%EC%8A%A4%ED%8A%B8%ED%95%98%EC%9A%B0%EC%8A%A4&businessCategory=guesthouse&fromPanelNum=1', 'NAVER', NULL, NULL, NULL, '조용한 환경 속 따뜻한 온돌 방의 휴식');
INSERT INTO accommodation_image (accommodations_id, image_url, image_type, sort_order) VALUES (100, 'https://search.pstatic.net/common/?autoRotate=true&type=w560_sharpen&src=https%3A%2F%2Fldb-phinf.pstatic.net%2F20171127_86%2F15117608783041prft_JPEG%2F1448002210376_6499_REPR.jpg', 'banner', 0);
INSERT INTO accommodation_image (accommodations_id, image_url, image_type, sort_order) VALUES (100, 'https://search.pstatic.net/common/?autoRotate=true&type=w278_sharpen&src=https%3A%2F%2Fldb-phinf.pstatic.net%2F20150816_286%2F1439733084272BRPNt_JPEG%2FSUBMIT_1433828513897_36717846.jpg', 'detail', 1);
INSERT INTO accommodation_image (accommodations_id, image_url, image_type, sort_order) VALUES (100, 'https://search.pstatic.net/common/?autoRotate=true&type=w278_sharpen&src=https%3A%2F%2Fldb-phinf.pstatic.net%2F20150816_147%2F1439733084529lp5GQ_JPEG%2FSUBMIT_1439733073088_36717846.jpg', 'detail', 2);
INSERT INTO accommodation_image (accommodations_id, image_url, image_type, sort_order) VALUES (100, 'https://search.pstatic.net/common/?autoRotate=true&type=w278_sharpen&src=https%3A%2F%2Fldb-phinf.pstatic.net%2F20150816_98%2F14397330849335f7uE_JPEG%2FSUBMIT_1433828522365_36717846.jpg', 'detail', 3);
INSERT INTO accommodation_image (accommodations_id, image_url, image_type, sort_order) VALUES (100, 'https://search.pstatic.net/common/?autoRotate=true&type=w278_sharpen&src=https%3A%2F%2Fldb-phinf.pstatic.net%2F20150816_112%2F1439733085169zeEY8_JPEG%2FSUBMIT_1433828526306_36717846.jpg', 'detail', 4);
INSERT INTO room (accommodations_id, room_name, price, min_guests, max_guests, room_description, main_image_url, bathroom_count, room_type, bed_count) VALUES (100, '남자 도미토리(4인)', 15000, 2, 4, '기준 1인 (최대 4인)', 'https://search.pstatic.net/common/?autoRotate=true&quality=95&type=w750&src=https%3A%2F%2Fnaverbooking-phinf.pstatic.net%2F20160114_67%2F1452756129463CXGJt_JPEG%2F1448002319592_10724.jpg', 0, 'STANDARD', 0);
INSERT INTO room (accommodations_id, room_name, price, min_guests, max_guests, room_description, main_image_url, bathroom_count, room_type, bed_count) VALUES (100, '여자 도미토리(4인)', 15000, 2, 4, '기준 1인 (최대 4인)', 'https://search.pstatic.net/common/?autoRotate=true&quality=95&type=w750&src=https%3A%2F%2Fnaverbooking-phinf.pstatic.net%2F20160114_239%2F1452756129521viyFX_JPEG%2F1448002319592_10724.jpg', 0, 'STANDARD', 0);
INSERT INTO room (accommodations_id, room_name, price, min_guests, max_guests, room_description, main_image_url, bathroom_count, room_type, bed_count) VALUES (100, '더블 침대방 1', 30000, 2, 2, '기준 2인 (최대 2인)', 'https://search.pstatic.net/common/?autoRotate=true&quality=95&type=w750&src=https%3A%2F%2Fnaverbooking-phinf.pstatic.net%2F20160114_100%2F1452756129803DAkSN_JPEG%2F1448002514722_10729.jpg', 0, 'STANDARD', 0);
INSERT INTO room (accommodations_id, room_name, price, min_guests, max_guests, room_description, main_image_url, bathroom_count, room_type, bed_count) VALUES (100, '더블 침대방 2', 30000, 2, 2, '기준 2인 (최대 2인)', 'https://search.pstatic.net/common/?autoRotate=true&quality=95&type=w750&src=https%3A%2F%2Fnaverbooking-phinf.pstatic.net%2F20160114_84%2F1452756129931Y3YE6_JPEG%2F1448002514722_10729.jpg', 0, 'STANDARD', 0);
INSERT INTO room (accommodations_id, room_name, price, min_guests, max_guests, room_description, main_image_url, bathroom_count, room_type, bed_count) VALUES (100, '가족 온돌방 1', 50000, 2, 7, '기준 4인 (최대 7인)', 'https://search.pstatic.net/common/?autoRotate=true&quality=95&type=w750&src=https%3A%2F%2Fnaverbooking-phinf.pstatic.net%2F20160114_40%2F1452756129862kPrpz_JPEG%2F1448002467333_10726.jpg', 0, 'STANDARD', 0);
INSERT INTO room (accommodations_id, room_name, price, min_guests, max_guests, room_description, main_image_url, bathroom_count, room_type, bed_count) VALUES (100, '가족 온돌방 2', 50000, 2, 7, '기준 4인 (최대 7인)', 'https://search.pstatic.net/common/?autoRotate=true&quality=95&type=w750&src=https%3A%2F%2Fnaverbooking-phinf.pstatic.net%2F20160114_79%2F1452756129676CWtDp_JPEG%2F1448002467333_10726.jpg', 0, 'STANDARD', 0);

INSERT INTO accommodation (accommodations_id, accommodations_name, accommodations_category, accommodations_description, city, district, address_detail, latitude, longitude, transport_info, parking_info, phone, rating, review_count, source_url, source_platform, sns, check_in_time, check_out_time, short_description) VALUES (101, '제주 노을 게스트하우스', 'GUESTHOUSE', '제주 파티 게스트하우스 ''노을'' 입니다\n\n제주에 와서 괜찮은 게스트하우스를 검색 중이신가요?\n\n''노을''은 제주도 제주시 애월에 위치한 파티 게스트하우스로서\n게임+진행+큰소리의 음악이 있는 다른 파티게스트하우스들과는 달리\nO.T 혹은 M.T에서 처음 만난 신입생들처럼 옹기종기 모여\n고기를 굽고 술 한잔하며 이야기를 나누는 파티게스트하우스입니다.\n\n1등 제주도게스트하우스는 아니더라도\n1등 제주도게스트하우스가 되려고 노력하는\n저희 제주도 애월게스트하우스 ''노을''은\n여행(여''기서 행''복할 것)을 오셔서 행복한 기억\n하나는 남길 수 있도록 최선을 다할 것이며\n그 기억으로 제주에 다시 한번 오셨을 때\n저희 ''노을''을 생각나도록 하겠습니다.\n\n파티안내\n\n*장소 [노을 게스트하우스 옆 음식점 허가가 있는 건물, 걸어서 10초]\n\n*시간 [20:00~23:00]\n\n*파티음식 [두툼한 삼겹살 무제한+라면+과자+팥빙수]\n\n*주류 [1인 1병 제공, 소주&생맥주500cc&제로음료 2캔중 선택 1종]\n\n*선택사항 [추가주류 소주, 맥주 외 하이볼, 샤베트 판매중]\n\n*파티 참석 시간은 꼭 지켜주세요.\n\n*18시부터 파티음식 준비를 시작하기 때문에 18시 이후에는 파티비 환불이 불가한 점 양해 부탁 드립니다.\n\n객실안내\n\n*전객실 객실안 화장실겸 샤워실 구비완료.\n\n*전객실 전자도어락으로 모든 게스트분들이 사용하시기에 안전함.\n\n*어메니티 [샴프, 린스, 바디워시, 치약, 비누, 수건 2장, 드라이기]\n\n*도미토리 최대 4인으로 넓고 쾌적한 룸 컨티션\n\n*냉난방 리모컨 스위치가 객실안에 있어 365일 따뜻하고 시원하게 지낼 수 있음.\n\n*24시간 온수 사용가능.', '제주', '제주시', '신상로 258 1동 노을게스트하우스', 33.4494033, 126.3667488, '*네비게이션*\n-노을게스트하우스, 신상로 258 (하가리 120-49)\n-무료 주차장 구비\n\n*버스*\n-제주국제공항(급행) 151, 182, (일반) 325, 326, 365한라병원행 승차\n-한라병원에서 하차 후 291번 환승\n-291번 환승 후 우사지 정류장 하차\n-도보 5분\n-291번 버스는 제주버스터미널 기준 막차 21:30에 있습니다.\n-평균 배차간격은 20~60분', '주차가능\n무료\n건물 옆 시멘트 바닥으로 만들어진 넓은 공터', '0507-1416-6791', null, 490, 'https://map.naver.com/p/search/%EC%A0%9C%EC%A3%BC+%EB%85%B8%EC%9D%84+%EA%B2%8C%EC%8A%A4%ED%8A%B8%ED%95%98%EC%9A%B0%EC%8A%A4/place/1719748907?c=8.00,0,0,0,dh&placePath=/room?entry=pll&fromPanelNum=2&timestamp=202512181247&locale=ko&svcName=map_pcv5&searchText=%EC%A0%9C%EC%A3%BC%2B%EB%85%B8%EC%9D%84%2B%EA%B2%8C%EC%8A%A4%ED%8A%B8%ED%95%98%EC%9A%B0%EC%8A%A4&businessCategory=guesthouse&fromPanelNum=2&timestamp=202512181247&locale=ko&svcName=map_pcv5&searchText=%EC%A0%9C%EC%A3%BC%2B%EB%85%B8%EC%9D%84%2B%EA%B2%8C%EC%8A%A4%ED%8A%B8%ED%95%98%EC%9A%B0%EC%8A%A4&businessCategory=guesthouse&from=map', 'NAVER', 'Blog: https://blog.naver.com/sunset_gh\nInstagram: https://www.instagram.com/sunset__jeju', '17:00', '10:00', '좋은 추억을 만들자: 함께 즐길 수 있는 공간');
INSERT INTO accommodation_amenity (amenity_id, accommodations_id) VALUES (4, 101);
INSERT INTO accommodation_amenity (amenity_id, accommodations_id) VALUES (5, 101);
INSERT INTO accommodation_amenity (amenity_id, accommodations_id) VALUES (10, 101);
INSERT INTO accommodation_amenity (amenity_id, accommodations_id) VALUES (1, 101);
INSERT INTO accommodation_amenity (amenity_id, accommodations_id) VALUES (8, 101);
INSERT INTO accommodation_amenity (amenity_id, accommodations_id) VALUES (6, 101);
INSERT INTO accommodation_image (accommodations_id, image_url, image_type, sort_order) VALUES (101, 'https://search.pstatic.net/common/?autoRotate=true&type=w560_sharpen&src=https%3A%2F%2Fldb-phinf.pstatic.net%2F20240120_193%2F1705734303671fiUaJ_JPEG%2F%25C3%25D6%25C1%25BE2%2528%25BF%25CF%25BC%25BA0.jpg', 'banner', 0);
INSERT INTO accommodation_image (accommodations_id, image_url, image_type, sort_order) VALUES (101, 'https://search.pstatic.net/common/?autoRotate=true&type=w278_sharpen&src=https%3A%2F%2Fldb-phinf.pstatic.net%2F20251025_134%2F1761379752931OD1QR_JPEG%2FIMG_3807.jpeg', 'detail', 1);
INSERT INTO accommodation_image (accommodations_id, image_url, image_type, sort_order) VALUES (101, 'https://search.pstatic.net/common/?autoRotate=true&type=w278_sharpen&src=https%3A%2F%2Fldb-phinf.pstatic.net%2F20251025_254%2F1761389963595f7DdT_JPEG%2FIMG_3899.jpeg', 'detail', 2);
INSERT INTO accommodation_image (accommodations_id, image_url, image_type, sort_order) VALUES (101, 'https://search.pstatic.net/common/?autoRotate=true&type=w278_sharpen&src=https%3A%2F%2Fldb-phinf.pstatic.net%2F20251025_122%2F1761379752868SWgEr_JPEG%2FC63FEE82-D23B-40B3-8111-DDB2E9BFD977.jpeg', 'detail', 3);
INSERT INTO accommodation_image (accommodations_id, image_url, image_type, sort_order) VALUES (101, 'https://search.pstatic.net/common/?autoRotate=true&type=w278_sharpen&src=https%3A%2F%2Fldb-phinf.pstatic.net%2F20251025_36%2F1761389964827EEytk_JPEG%2FIMG_3903.jpeg', 'detail', 4);
INSERT INTO room (accommodations_id, room_name, price, min_guests, max_guests, room_description, main_image_url, bathroom_count, room_type, bed_count) VALUES (101, '파티만 참여하기 [숙박X]', 33000, 2, 10, '일반객실, 기준 1인 (최대 10인) | 3시간 이용, 침실 1, 침대 1', 'https://search.pstatic.net/common/?autoRotate=true&quality=95&type=w750&src=https%3A%2F%2Fnaverbooking-phinf.pstatic.net%2F20250714_221%2F1752475065144fYB5d_JPEG%2FKakaoTalk_20250714_153602178_03.jpg', 0, 'STANDARD', 1);
INSERT INTO room (accommodations_id, room_name, price, min_guests, max_guests, room_description, main_image_url, bathroom_count, room_type, bed_count) VALUES (101, '*겨울시즌 특가*[파티필참] 여자 도미토리 4인실', 11900, 2, 4, '공용객실, 기준 1인 (최대 4인) | 침실 1, 침대 2, 욕실 1, 최소 1박', 'https://search.pstatic.net/common/?autoRotate=true&quality=95&type=w750&src=https%3A%2F%2Fnaverbooking-phinf.pstatic.net%2F20250627_61%2F1751007254379UeIAG_JPEG%2FKakaoTalk_20250627_155327641.jpg', 1, 'STANDARD', 2);
INSERT INTO room (accommodations_id, room_name, price, min_guests, max_guests, room_description, main_image_url, bathroom_count, room_type, bed_count) VALUES (101, '*겨울시즌 특가*[파티필참] 남자 도미토리 4인실', 21900, 2, 4, '공용객실, 기준 1인 (최대 4인) | 침실 1, 침대 2, 욕실 1, 최소 1박', 'https://search.pstatic.net/common/?autoRotate=true&quality=95&type=w750&src=https%3A%2F%2Fnaverbooking-phinf.pstatic.net%2F20250627_171%2F1751007421760IlF4E_JPEG%2FKakaoTalk_20250627_155627201.jpg', 1, 'STANDARD', 2);
INSERT INTO room (accommodations_id, room_name, price, min_guests, max_guests, room_description, main_image_url, bathroom_count, room_type, bed_count) VALUES (101, '노을 2인실 침대2개 (혼숙, 3인가능)화장실&욕실', 59900, 2, 3, '일반객실, 기준 2인 (최대 3인) | 침실 1, 침대 2, 욕실 1, 최소 1박', 'https://search.pstatic.net/common/?autoRotate=true&quality=95&type=w750&src=https%3A%2F%2Fnaverbooking-phinf.pstatic.net%2F20250704_272%2F1751620171183QKb6K_JPEG%2FKakaoTalk_20250704_180042803_10.jpg', 1, 'STANDARD', 2);
INSERT INTO room (accommodations_id, room_name, price, min_guests, max_guests, room_description, main_image_url, bathroom_count, room_type, bed_count) VALUES (101, '노을 2인실 침대3개 (혼숙, 3인가능)화장실&욕실', 59900, 2, 3, '일반객실, 기준 2인 (최대 3인) | 침실 1, 침대 3, 욕실 1, 최소 1박', 'https://search.pstatic.net/common/?autoRotate=true&quality=95&type=w750&src=https%3A%2F%2Fnaverbooking-phinf.pstatic.net%2F20240610_83%2F1717984590969CDxQV_JPEG%2FKakaoTalk_20240608_122205694_01.jpg', 1, 'STANDARD', 3);

INSERT INTO accommodation (accommodations_id, accommodations_name, accommodations_category, accommodations_description, city, district, address_detail, latitude, longitude, transport_info, parking_info, phone, rating, review_count, source_url, source_platform, sns, check_in_time, check_out_time, short_description) VALUES (102, '제주 몬딱 게스트하우스', 'GUESTHOUSE', '<성인 19세 부터~ 39세 이하 >\n 동의 하신분만 예약 진행.\n운영 12년차 고민 끝에 결정되었습니다\n\n< 네이버예약시 할인 이벤트 >\n30,000-> 28,000 원\n\n<몬딱 감성 불멍 파티 >\n*주류는 각자 취향대로 즐길정도만 *\n밤새 마시고 달리실분은 다른곳을 이용해주세요\n\n1, 저녁 8시 시작 1-2시간 종료\n2, 오픈키친 마시카 23시30분까지 즐기기\n\n이후 음주,운전,외출은 안전을 위해 모두 금지.\n\n불멍과 오픈키친에서 분위기 있게 소소하게 이야기하며\n어울리는 자리입니다. 품격있고 매너있으신분만 오세요\n\n< 몬딱 >\n제주도 구좌읍 세화리에 위치한 몬딱 게스트하우스 입니다.\n몬딱은 제주어로 모두,몽땅,,모조리 란 뜻입니다.\n\n*가격정보*\n\n 1인 3만원\n\n새로운 업그레이드 불턱. 불멍과 자연에서 느끼는 휴식.\n텃밭체험.별보기 등등\n\n그날 게스트분들과 분위기에 따라 조금씩 다른 매일\n몬딱에서 즐거운 추억 만들어보아요', '제주', '제주시', '세화서길 7-31', 33.5192201, 126.8524596, '문자로 개별 연락드리고있습니다.\n큰 길에서 @ 다이소 @ 건물을 발견하실수있어요\n\n<네비>\n세화요양원 을 찍고 오셔서 몬딱 팻말을 보며 들어오시면되겠습니다.', '주차가능\n무료\n주차 블럭표지판을 세워둔 곳에 주차하시면 됩니다 .주차 공간이 여유가 많아 주차하실때 어려움은 없으실겁니다', NULL, null, 185, 'https://map.naver.com/p/entry/place/34646878?c=15.00,0,0,0,dh&placePath=/room?entry=bmp&fromPanelNum=1&additionalHeight=76&timestamp=202512181247&locale=ko&svcName=map_pcv5&businessCategory=guesthouse&fromPanelNum=1&additionalHeight=76&timestamp=202512181247&locale=ko&svcName=map_pcv5&businessCategory=guesthouse&from=map', 'NAVER', 'Blog: https://blog.naver.com/ssiren4\nInstagram: https://www.instagram.com/montak_guesthouse/', '17:00', '10:00', '친절한 서비스와 매력적인 게스트하우스의 만남');
INSERT INTO accommodation_theme (theme_id, accommodations_id) VALUES (3, 102);
INSERT INTO accommodation_theme (theme_id, accommodations_id) VALUES (1, 102);
INSERT INTO accommodation_amenity (amenity_id, accommodations_id) VALUES (3, 102);
INSERT INTO accommodation_amenity (amenity_id, accommodations_id) VALUES (1, 102);
INSERT INTO accommodation_amenity (amenity_id, accommodations_id) VALUES (10, 102);
INSERT INTO accommodation_amenity (amenity_id, accommodations_id) VALUES (5, 102);
INSERT INTO accommodation_amenity (amenity_id, accommodations_id) VALUES (18, 102);
INSERT INTO accommodation_amenity (amenity_id, accommodations_id) VALUES (7, 102);
INSERT INTO accommodation_amenity (amenity_id, accommodations_id) VALUES (8, 102);
INSERT INTO accommodation_amenity (amenity_id, accommodations_id) VALUES (14, 102);
INSERT INTO accommodation_image (accommodations_id, image_url, image_type, sort_order) VALUES (102, 'https://search.pstatic.net/common/?autoRotate=true&type=w560_sharpen&src=https%3A%2F%2Fldb-phinf.pstatic.net%2F20240806_48%2F1722915695747NODeT_JPEG%2F%25B8%25C5%25C0%25CF_%25B0%25A8%25BC%25BA_%25BA%25D2%25B8%25DB_%25C6%25F7%25C6%25B2%25B7%25B0_%25C6%25C4%25C6%25BC_.jpg', 'banner', 0);
INSERT INTO accommodation_image (accommodations_id, image_url, image_type, sort_order) VALUES (102, 'https://search.pstatic.net/common/?autoRotate=true&type=w278_sharpen&src=https%3A%2F%2Fldb-phinf.pstatic.net%2F20240806_191%2F1722915542542SNVHA_JPEG%2FIMG_2387.jpg', 'detail', 1);
INSERT INTO accommodation_image (accommodations_id, image_url, image_type, sort_order) VALUES (102, 'https://search.pstatic.net/common/?autoRotate=true&type=w278_sharpen&src=https%3A%2F%2Fldb-phinf.pstatic.net%2F20240806_9%2F1722915551866aSofv_JPEG%2FIMG_2375.jpg', 'detail', 2);
INSERT INTO accommodation_image (accommodations_id, image_url, image_type, sort_order) VALUES (102, 'https://search.pstatic.net/common/?autoRotate=true&type=w278_sharpen&src=https%3A%2F%2Fldb-phinf.pstatic.net%2F20220505_37%2F1651740690284lPuxh_JPEG%2F1%25C7%25C7%25C5%25A9%25B4%25D0%25C6%25F7%25C5%25E4%25C1%25B8%25B8%25B6%25B7%25E7.jpg', 'detail', 3);
INSERT INTO accommodation_image (accommodations_id, image_url, image_type, sort_order) VALUES (102, 'https://search.pstatic.net/common/?autoRotate=true&type=w278_sharpen&src=https%3A%2F%2Fldb-phinf.pstatic.net%2F20220804_46%2F1659539945349KW8eh_JPEG%2F%25B0%25A1%25B7%25CE%25B4%25DC%25C3%25BC.jpg', 'detail', 4);
INSERT INTO room (accommodations_id, room_name, price, min_guests, max_guests, room_description, main_image_url, bathroom_count, room_type, bed_count) VALUES (102, '해녀<여성6인>프라이빗or게하 선택', 28000, 2, 6, '기준 1인 (최대 6인)', 'https://search.pstatic.net/common/?autoRotate=true&quality=95&type=w750&src=https%3A%2F%2Fldb-phinf.pstatic.net%2F20240507_11%2F1715043038607uM01Y_JPEG%2F%25B0%25B4%25BD%25C72.jpg', 0, 'STANDARD', 0);
INSERT INTO room (accommodations_id, room_name, price, min_guests, max_guests, room_description, main_image_url, bathroom_count, room_type, bed_count) VALUES (102, '여자 방 <여성 6인>', 28000, 2, 6, '기준 1인 (최대 6인)', 'https://search.pstatic.net/common/?autoRotate=true&quality=95&type=w750&src=https%3A%2F%2Fldb-phinf.pstatic.net%2F20240507_74%2F1715042635038AzBhF_JPEG%2F%25B0%25B4%25BD%25C7.jpg', 0, 'STANDARD', 0);
INSERT INTO room (accommodations_id, room_name, price, min_guests, max_guests, room_description, main_image_url, bathroom_count, room_type, bed_count) VALUES (102, '바람 방 < 남성 6인 >', 28000, 2, 6, '기준 1인 (최대 6인)', 'https://search.pstatic.net/common/?autoRotate=true&quality=95&type=w750&src=https%3A%2F%2Fldb-phinf.pstatic.net%2F20240507_207%2F1715042817666yOwwc_JPEG%2F%25B0%25B4%25BD%25C7.jpg', 0, 'STANDARD', 0);
INSERT INTO room (accommodations_id, room_name, price, min_guests, max_guests, room_description, main_image_url, bathroom_count, room_type, bed_count) VALUES (102, '돌 <남성 6인 >', 28000, 2, 6, '기준 1인 (최대 6인)', 'https://search.pstatic.net/common/?autoRotate=true&quality=95&type=w750&src=https%3A%2F%2Fldb-phinf.pstatic.net%2F20240507_91%2F1715042930369we6wL_JPEG%2F20210513_141002.jpg', 0, 'STANDARD', 0);

INSERT INTO accommodation (accommodations_id, accommodations_name, accommodations_category, accommodations_description, city, district, address_detail, latitude, longitude, transport_info, parking_info, phone, rating, review_count, source_url, source_platform, sns, check_in_time, check_out_time, short_description) VALUES (103, '제주 한그루 게스트하우스', 'GUESTHOUSE', '제주서쪽에 위치한 한그루 게스트하우스는 일몰이 아름다운곳입니다\n혼자,커플,2인 1인 숙박하시기 좋은 장소이기도 합니다\n힐링하기 좋은곳 조용히 쉬어갈수있는곳', '제주', '제주시', '주전길 92-54 한그루게스트하우스', 33.3372820, 126.1714949, '자가용이용시\n\n네비게이션 주소입력 제주시 한경면 용수리 3781\n 제주시 한경면 주전길 92-54\n\n대중교통이용시\n\n102번버스를 타시고 한경면사무소에하차 하시면됩니다. 출발하실때 전화주세요', NULL, '0507-1413-6046', null, 28, 'https://map.naver.com/p/entry/place/37122759?c=15.00,0,0,0,dh&placePath=/room?entry=bmp&fromPanelNum=1&additionalHeight=76&timestamp=202512181248&locale=ko&svcName=map_pcv5&businessCategory=guesthouse&fromPanelNum=1&additionalHeight=76&timestamp=202512181248&locale=ko&svcName=map_pcv5&businessCategory=guesthouse&from=map', 'NAVER', NULL, '17:00', '10:00', NULL);
INSERT INTO accommodation_theme (theme_id, accommodations_id) VALUES (4, 103);
INSERT INTO accommodation_theme (theme_id, accommodations_id) VALUES (3, 103);
INSERT INTO accommodation_theme (theme_id, accommodations_id) VALUES (1, 103);
INSERT INTO accommodation_amenity (amenity_id, accommodations_id) VALUES (7, 103);
INSERT INTO accommodation_amenity (amenity_id, accommodations_id) VALUES (1, 103);
INSERT INTO accommodation_amenity (amenity_id, accommodations_id) VALUES (14, 103);
INSERT INTO accommodation_amenity (amenity_id, accommodations_id) VALUES (6, 103);
INSERT INTO accommodation_amenity (amenity_id, accommodations_id) VALUES (4, 103);
INSERT INTO accommodation_image (accommodations_id, image_url, image_type, sort_order) VALUES (103, 'https://search.pstatic.net/common/?autoRotate=true&type=w560_sharpen&src=https%3A%2F%2Fldb-phinf.pstatic.net%2F20160623_164%2F1466673942892Q2PWD_JPEG%2F176573585561379_0.jpeg', 'banner', 0);
INSERT INTO accommodation_image (accommodations_id, image_url, image_type, sort_order) VALUES (103, 'https://search.pstatic.net/common/?autoRotate=true&type=w278_sharpen&src=https%3A%2F%2Fldb-phinf.pstatic.net%2F20160623_36%2F1466673942955pqwJO_JPEG%2F176573585561379_1.jpeg', 'detail', 1);
INSERT INTO accommodation_image (accommodations_id, image_url, image_type, sort_order) VALUES (103, 'https://search.pstatic.net/common/?autoRotate=true&type=w278_sharpen&src=https%3A%2F%2Fldb-phinf.pstatic.net%2F20160623_248%2F1466673943013NRcEV_JPEG%2F176573585561379_2.jpeg', 'detail', 2);
INSERT INTO accommodation_image (accommodations_id, image_url, image_type, sort_order) VALUES (103, 'https://search.pstatic.net/common/?autoRotate=true&type=w278_sharpen&src=https%3A%2F%2Fldb-phinf.pstatic.net%2F20160623_37%2F1466673943070Jn7PQ_JPEG%2F176573585561379_3.jpeg', 'detail', 3);
INSERT INTO accommodation_image (accommodations_id, image_url, image_type, sort_order) VALUES (103, 'https://search.pstatic.net/common/?autoRotate=true&type=w278_sharpen&src=https%3A%2F%2Fldb-phinf.pstatic.net%2F20160623_198%2F146667394312988zYv_JPEG%2F176573585561379_4.jpeg', 'detail', 4);
INSERT INTO room (accommodations_id, room_name, price, min_guests, max_guests, room_description, main_image_url, bathroom_count, room_type, bed_count) VALUES (103, '트윈룸(22시입실마감)', 50000, 2, 2, '일반객실, 기준 2인 (최대 2인)', 'https://search.pstatic.net/common/?autoRotate=true&quality=95&type=w750&src=https%3A%2F%2Fnaverbooking-phinf.pstatic.net%2F20251111_226%2F176284230881284G3X_JPEG%2Fimage.jpg', 0, 'STANDARD', 0);
INSERT INTO room (accommodations_id, room_name, price, min_guests, max_guests, room_description, main_image_url, bathroom_count, room_type, bed_count) VALUES (103, '1인실(22시 입실마감)', 30000, 2, 2, '일반객실, 기준 1인 (최대 2인)', 'https://search.pstatic.net/common/?autoRotate=true&quality=95&type=w750&src=https%3A%2F%2Fnaverbooking-phinf.pstatic.net%2F20251111_29%2F1762842309297U3QpM_JPEG%2Fimage.jpg', 0, 'STANDARD', 0);

INSERT INTO accommodation (accommodations_id, accommodations_name, accommodations_category, accommodations_description, city, district, address_detail, latitude, longitude, transport_info, parking_info, phone, rating, review_count, source_url, source_platform, sns, check_in_time, check_out_time, short_description) VALUES (104, '제주 단잠 게스트하우스', 'GUESTHOUSE', '* 제주도 번화가에 위치한 호텔\n\n* 신규 리모델링 오픈 호텔\n\n* 입/퇴실 안내\n입실 : 오후 4시\n퇴실 : 오전 11시\n\n* 체크인 시 신분증 필참, 미참 시 환불 불가\n\n* 미성년자 혼숙 적발 시 퇴실 조치 및 환불 불가\n\n* 기물 파손 및 도난 시 손해 배상 청구\n\n* 주차장 미보유 숙소 입니다. 도보 이용 부탁합니다.\n- 차량으로 방문하시는 고객님은 주차 가능 객실을 구매 해주시길 바랍니다.\n- 주차 불가 객실을 구매하신 고객님은 인근 공영주차장을 이용하시길 바랍니다.\n- 신제주공영주차장 무료 개방시간 22:00 ~ 12:00 // 일주차 10,000원\n\n* 휴태폰 충전기가 필요하신 경우 프론트에서 10,000원 보증금 대여가 가능합니다.\n\n* 스튜디오 객실은 신규 리모델링 객실입니다.\n\n* 일발실은 리모델링 이전 객실입니다.\n\n* 추가적으로 생수가 필요하신 경우 프론트 방문을 부탁드립니다.', '제주', '제주시', '46 호텔 더 단잠', null, null, NULL, '주차가능', '0507-1371-8047', null, 16, 'https://map.naver.com/p/search/%EC%A0%9C%EC%A3%BC+%EB%8B%A8%EC%9E%A0+%EA%B2%8C%EC%8A%A4%ED%8A%B8%ED%95%98%EC%9A%B0%EC%8A%A4/place/1928618602?c=8.00,0,0,0,dh&placePath=/information?entry=pll&fromPanelNum=2&timestamp=202512181248&locale=ko&svcName=map_pcv5&searchText=%EC%A0%9C%EC%A3%BC%2B%EB%8B%A8%EC%9E%A0%2B%EA%B2%8C%EC%8A%A4%ED%8A%B8%ED%95%98%EC%9A%B0%EC%8A%A4&businessCategory=hotel&from=map&fromPanelNum=2&timestamp=202512181248&locale=ko&svcName=map_pcv5&searchText=%EC%A0%9C%EC%A3%BC%2B%EB%8B%A8%EC%9E%A0%2B%EA%B2%8C%EC%8A%A4%ED%8A%B8%ED%95%98%EC%9A%B0%EC%8A%A4&businessCategory=hotel', 'NAVER', 'Instagram: https://www.instagram.com/danjam_jeju', '15:00', '11:00', NULL);
INSERT INTO accommodation_amenity (amenity_id, accommodations_id) VALUES (13, 104);
INSERT INTO accommodation_amenity (amenity_id, accommodations_id) VALUES (1, 104);
INSERT INTO accommodation_amenity (amenity_id, accommodations_id) VALUES (54, 104);
INSERT INTO accommodation_image (accommodations_id, image_url, image_type, sort_order) VALUES (104, 'https://search.pstatic.net/common/?autoRotate=true&type=w560_sharpen&src=https%3A%2F%2Fldb-phinf.pstatic.net%2F20221026_66%2F1666784702589Dympd_JPEG%2F%25BC%25F6%25C1%25A4%25B5%25CA_1.jpg', 'banner', 0);
INSERT INTO accommodation_image (accommodations_id, image_url, image_type, sort_order) VALUES (104, 'https://search.pstatic.net/common/?autoRotate=true&type=w278_sharpen&src=https%3A%2F%2Fldb-phinf.pstatic.net%2F20221026_43%2F1666784715791eGzCv_JPEG%2F%25BC%25F6%25C1%25A4%25B5%25CA_1.jpg', 'detail', 1);
INSERT INTO accommodation_image (accommodations_id, image_url, image_type, sort_order) VALUES (104, 'https://search.pstatic.net/common/?autoRotate=true&type=w278_sharpen&src=https%3A%2F%2Fldb-phinf.pstatic.net%2F20221026_289%2F1666784715819rarSb_JPEG%2F%25BC%25F6%25C1%25A4%25B5%25CA_2.jpg', 'detail', 2);
INSERT INTO accommodation_image (accommodations_id, image_url, image_type, sort_order) VALUES (104, 'https://search.pstatic.net/common/?autoRotate=true&type=w278_sharpen&src=https%3A%2F%2Fldb-phinf.pstatic.net%2F20221026_290%2F16667847025480jdmC_JPEG%2F%25BC%25F6%25C1%25A4%25B5%25CA_5.jpg', 'detail', 3);
INSERT INTO accommodation_image (accommodations_id, image_url, image_type, sort_order) VALUES (104, 'https://search.pstatic.net/common/?autoRotate=true&type=w278_sharpen&src=https%3A%2F%2Fldb-phinf.pstatic.net%2F20221026_67%2F1666784730384qOgMR_JPEG%2F%25BC%25F6%25C1%25A4%25B5%25CA_1.jpg', 'detail', 4);

INSERT INTO accommodation (accommodations_id, accommodations_name, accommodations_category, accommodations_description, city, district, address_detail, latitude, longitude, transport_info, parking_info, phone, rating, review_count, source_url, source_platform, sns, check_in_time, check_out_time, short_description) VALUES (105, '제주 제주로와 게스트하우스', 'GUESTHOUSE', '제주공항에서 가까운 제주로와 게스트하우스 입니다\n각 방에 샤워시설 갖춘 화장실이 있어 편하게 이용하실 수 있습니다.\n무료로 제공되는 따뜻하고 맛있는 조식과 수제귤잼,겨울에는 즉석에서 만드는 한라봉주스 or 감귤주스도 꼭 드셔보세요!\n제주로와에서 포근하고 편안한 시간 보내시길 바랍니다', '제주', '제주시', '16 2층', 33.4884664, 126.4892234, '주소 : 제주시 제원길 16 2층 ( 컴포즈커피 제주제원점 찾으시면 그건물 2층입니다~ :)', NULL, '0507-1400-4993', null, 409, 'https://map.naver.com/p/entry/place/36782356?c=15.00,0,0,0,dh&placePath=/room?entry=bmp&fromPanelNum=1&additionalHeight=76&timestamp=202512181249&locale=ko&svcName=map_pcv5&businessCategory=guesthouse&fromPanelNum=1&additionalHeight=76&timestamp=202512181249&locale=ko&svcName=map_pcv5&businessCategory=guesthouse&from=map', 'NAVER', 'Instagram: https://www.instagram.com/jeju_rowa', '16:00', '10:30', '편리한 위치와 깨끗한 방에서 편안한 휴식');
INSERT INTO accommodation_amenity (amenity_id, accommodations_id) VALUES (6, 105);
INSERT INTO accommodation_amenity (amenity_id, accommodations_id) VALUES (3, 105);
INSERT INTO accommodation_amenity (amenity_id, accommodations_id) VALUES (7, 105);
INSERT INTO accommodation_amenity (amenity_id, accommodations_id) VALUES (4, 105);
INSERT INTO accommodation_amenity (amenity_id, accommodations_id) VALUES (5, 105);
INSERT INTO accommodation_amenity (amenity_id, accommodations_id) VALUES (15, 105);
INSERT INTO accommodation_amenity (amenity_id, accommodations_id) VALUES (1, 105);
INSERT INTO accommodation_image (accommodations_id, image_url, image_type, sort_order) VALUES (105, 'https://search.pstatic.net/common/?autoRotate=true&type=w560_sharpen&src=https%3A%2F%2Fldb-phinf.pstatic.net%2F20160617_223%2F1466166564438FdtW4_JPEG%2F176567615943561_0.jpeg', 'banner', 0);
INSERT INTO accommodation_image (accommodations_id, image_url, image_type, sort_order) VALUES (105, 'https://search.pstatic.net/common/?autoRotate=true&type=w278_sharpen&src=https%3A%2F%2Fldb-phinf.pstatic.net%2F20210527_87%2F1622084843308H5p4X_JPEG%2F2021-05-13-12-54-33-259.jpg', 'detail', 1);
INSERT INTO accommodation_image (accommodations_id, image_url, image_type, sort_order) VALUES (105, 'https://search.pstatic.net/common/?autoRotate=true&type=w278_sharpen&src=https%3A%2F%2Fnaverbooking-phinf.pstatic.net%2F20210602_187%2F1622565517881Xuwy4_JPEG%2FScreenshot_20210602-010303_Instagram.jpg', 'detail', 2);
INSERT INTO accommodation_image (accommodations_id, image_url, image_type, sort_order) VALUES (105, 'https://search.pstatic.net/common/?autoRotate=true&type=w278_sharpen&src=https%3A%2F%2Fpup-review-phinf.pstatic.net%2FMjAyNTAzMjBfMTcz%2FMDAxNzQyNDc5NTE3MzQ3.T43eJcxHpAAtbcDLgXxA-TdTd9tB6VcmU4Ec_cqjVCUg.UC2GlUVazHW-kIgSeZMLdyQpBy2IR37sg-mA_c_M9vsg.JPEG%2F20250317_075024.jpg', 'detail', 3);
INSERT INTO accommodation_image (accommodations_id, image_url, image_type, sort_order) VALUES (105, 'https://search.pstatic.net/common/?autoRotate=true&type=w278_sharpen&src=https%3A%2F%2Fpup-review-phinf.pstatic.net%2FMjAyNTA1MDVfMTI5%2FMDAxNzQ2NDIyNzMxODA3.UAw-kbEe4OUmnltkUfO11cnmkb70OJ0O7cl2PkavNZAg.JqNhmctCK6Ct6FRoJJ7zVNI-OxISqt4NXSM4o4fZUmsg.JPEG%2F20250430_151816.jpg.jpg', 'detail', 4);
INSERT INTO room (accommodations_id, room_name, price, min_guests, max_guests, room_description, main_image_url, bathroom_count, room_type, bed_count) VALUES (105, '4인실 (여성 도미토리)', 26000, 2, 4, '공용객실, 기준 1인 (최대 4인) | 침실 1, 침대 4, 욕실 1, 최소 1박', 'https://search.pstatic.net/common/?autoRotate=true&quality=95&type=w750&src=https%3A%2F%2Fnaverbooking-phinf.pstatic.net%2F20210602_187%2F1622565517881Xuwy4_JPEG%2FScreenshot_20210602-010303_Instagram.jpg', 1, 'STANDARD', 4);
INSERT INTO room (accommodations_id, room_name, price, min_guests, max_guests, room_description, main_image_url, bathroom_count, room_type, bed_count) VALUES (105, '4인실 (남성 도미토리)', 26000, 2, 4, '공용객실, 기준 1인 (최대 4인) | 침실 1, 침대 4, 욕실 1, 최소 1박', 'https://search.pstatic.net/common/?autoRotate=true&quality=95&type=w750&src=https%3A%2F%2Fnaverbooking-phinf.pstatic.net%2F20210602_131%2F1622565212099jsEzh_JPEG%2FScreenshot_20210602-010303_Instagram.jpg', 1, 'STANDARD', 4);
INSERT INTO room (accommodations_id, room_name, price, min_guests, max_guests, room_description, main_image_url, bathroom_count, room_type, bed_count) VALUES (105, '2인실', 60000, 2, 3, '일반객실, 기준 2인 (최대 3인) | 침실 1, 침대 3, 욕실 1, 최소 1박', 'https://search.pstatic.net/common/?autoRotate=true&quality=95&type=w750&src=https%3A%2F%2Fnaverbooking-phinf.pstatic.net%2F20210603_186%2F16226957517811oCJT_JPEG%2F2021-05-13-14-04-01-481.jpg', 1, 'STANDARD', 3);

INSERT INTO accommodation (accommodations_id, accommodations_name, accommodations_category, accommodations_description, city, district, address_detail, latitude, longitude, transport_info, parking_info, phone, rating, review_count, source_url, source_platform, sns, check_in_time, check_out_time, short_description) VALUES (106, '제주도 조용한 게스트하우스 산방산점', 'GUESTHOUSE', '제주도를 혼자 여행하는 분들을 위한, 일행 없이 하루 최대 7명. 오직 1인 여행객 분들을 위한 소규모 게스트하우스. 1인 전용 숙소 제주도 조용한 게스트하우스입니다.\n\n산방산과 산방산 탄산온천이 근처에 있으며 제주를 옛 모습을 그대로 간직하고 있는 조용한 마을에 자리잡고 있습니다.\n\n제주 옛 가정집을 깔끔하게 리모델링하여 아늑한 공간을 제공합니다.\n숙박객 모두가 혼자 방문하신 분들이며 혼자 오신 분들이 최대한 편안하게 지내실 수 있도록 주어진 환경에 최선을 다하고 있습니다.\n\n23시 칼소등, 소주 반입 금지 등 여러 규칙으로 타인에게 피해를 줄 수 있는 상황을 최소화 하였으며 저녁보다 아침이 활기찬 게스트하우스를 지향하고 실제로도 이른 아침 보드게임이나, 피아노 연주, 온천, 조식 , 스냅사진 등으로 제조게하의 아침은 활기차게 시작되고 있습니다.\n\n철저하게 규칙에 의한 운영으로 대화와 여행의 질은 높이고 같은 시간 전체 퇴실로 자연스러운 동행이 가능합니다.\n\n지난 10년간의 게스트하우스 운영 경험과 수많은 시행착오를 거쳐 시스템을 만들어왔습니다.\n\n단언컨데 제조게하는 다른건 몰라도 제주를 포함한 전국에서도 혼자 여행하는 여행객들에게는 최고의 시스템이라 자부합니다. 제주도를 혼자 여행하시는 분들이 더 편안하고 안전하고 꽉 찬 여행이 될 수 있도록 계속 고민하겠습니다. 감사합니다.\n\n공항 렌터카 40분, 산방산 탄산온천 도보 10분, 올레길 10코스, 산방산 전망.\n\n+산방산\n+사계해변\n+송악산 둘레길\n+용머리해안\n+오설록\n+카멜리아힐\n+모슬포항\n+마라도 선착장(운진항)\n+가파도 선착장(운진항)\n+본태박물관\n+방주교회\n+화순금모래해변\n+루나폴\n+신화월드\n+유리의성\n+소인국 테마파크\n+세계 자동차 박물관\n\n다수 주변 관광지, 렌터카 5-15분 이내.\n\nGS 25 / CU 편의점, 흑돼지, 한, 중 일, 양식, 카페, 은행 등 편의시설 도보 1-3분 이내.\n하나로마트, 다이소, 횟집, 주유소, LPG충전소, 전기차 충전소, 농협, 우체국, 빨래방 등 렌터카 5분이내.\n\n공용공간 CCTV 5대 작동, 무사고 11년차 관리 감독 및 운영', '제주', '서귀포시', '덕수회관로87번길 34 제주도 조용한 게스트 하우스 산방산점', 33.2533592, 126.3047677, '[제주국제공항에서 산방산 인근 방면 급행 버스]\n\n제주국제공항 4번 GATE\n151번 보성리(보성초등학교)\n152번 화순리 화순환승정류장(안덕농협)\n\n제주국제공항 5번 GATE\n600번 급행 리무진 동광환승 정류장 하차 후 택시 약 8000원 or 251, 252 환승 / 덕수초등학교(202),덕수리동동(251) 불미공방(252) 버스정류장 바로 앞. 그 외 산방산 방면 버스', '주차가능\n무료\n건물 바로 앞 공터 마을 공용 주차장', NULL, null, 1194, 'https://map.naver.com/p/search/%EC%A0%9C%EC%A3%BC%EB%8F%84+%EC%A1%B0%EC%9A%A9%ED%95%9C+%EA%B2%8C%EC%8A%A4%ED%8A%B8%ED%95%98%EC%9A%B0%EC%8A%A4+%EC%82%B0%EB%B0%A9%EC%82%B0%EC%A0%90/place/1719055047?isCorrectAnswer=true&c=15.00,0,0,0,dh&placePath=/room?fromPanelNum=1&additionalHeight=76&timestamp=202512181249&locale=ko&svcName=map_pcv5&searchText=%EC%A0%9C%EC%A3%BC%EB%8F%84%2B%EC%A1%B0%EC%9A%A9%ED%95%9C%2B%EA%B2%8C%EC%8A%A4%ED%8A%B8%ED%95%98%EC%9A%B0%EC%8A%A4%2B%EC%82%B0%EB%B0%A9%EC%82%B0%EC%A0%90&businessCategory=guesthouse&additionalHeight=76&timestamp=202512181249&locale=ko&svcName=map_pcv5&searchText=%EC%A0%9C%EC%A3%BC%EB%8F%84%2B%EC%A1%B0%EC%9A%A9%ED%95%9C%2B%EA%B2%8C%EC%8A%A4%ED%8A%B8%ED%95%98%EC%9A%B0%EC%8A%A4%2B%EC%82%B0%EB%B0%A9%EC%82%B0%EC%A0%90&businessCategory=guesthouse&fromPanelNum=1', 'NAVER', 'Instagram: http://www.instagram.com/ho.stel\nBlog: https://blog.naver.com/jejog', '17:00', '10:00', '고객 친화적 공간에서의 지속적인 재방문 경험');
INSERT INTO accommodation_amenity (amenity_id, accommodations_id) VALUES (6, 106);
INSERT INTO accommodation_amenity (amenity_id, accommodations_id) VALUES (5, 106);
INSERT INTO accommodation_amenity (amenity_id, accommodations_id) VALUES (4, 106);
INSERT INTO accommodation_amenity (amenity_id, accommodations_id) VALUES (3, 106);
INSERT INTO accommodation_amenity (amenity_id, accommodations_id) VALUES (1, 106);
INSERT INTO accommodation_amenity (amenity_id, accommodations_id) VALUES (7, 106);
INSERT INTO accommodation_amenity (amenity_id, accommodations_id) VALUES (61, 106);
INSERT INTO accommodation_amenity (amenity_id, accommodations_id) VALUES (38, 106);
INSERT INTO accommodation_image (accommodations_id, image_url, image_type, sort_order) VALUES (106, 'https://search.pstatic.net/common/?autoRotate=true&type=w560_sharpen&src=https%3A%2F%2Fldb-phinf.pstatic.net%2F20250712_159%2F1752299475554NjCf3_JPEG%2F%25C1%25A6%25C1%25B6_%25B0%25C5%25BD%25C7_%25BE%25F7%25C3%25BC_%25BB%25E7%25C1%25F8.jpg', 'banner', 0);
INSERT INTO accommodation_image (accommodations_id, image_url, image_type, sort_order) VALUES (106, 'https://search.pstatic.net/common/?autoRotate=true&type=w278_sharpen&src=https%3A%2F%2Fldb-phinf.pstatic.net%2F20250712_289%2F1752299552903Mg1O7_JPEG%2F26_%25C1%25A6%25C3%25E2_%25BB%25E7%25C1%25F8.jpg', 'detail', 1);
INSERT INTO accommodation_image (accommodations_id, image_url, image_type, sort_order) VALUES (106, 'https://search.pstatic.net/common/?autoRotate=true&type=w278_sharpen&src=https%3A%2F%2Fnaverbooking-phinf.pstatic.net%2F20250722_34%2F1753169559394bJg6E_JPEG%2FKakaoTalk_20250722_162023015_29.jpg', 'detail', 2);
INSERT INTO accommodation_image (accommodations_id, image_url, image_type, sort_order) VALUES (106, 'https://search.pstatic.net/common/?autoRotate=true&type=w278_sharpen&src=https%3A%2F%2Fldb-phinf.pstatic.net%2F20250712_297%2F17522995526139ebAA_JPEG%2F26%25C1%25A6%25C3%25E2_%25BB%25E7%25C1%25F8.jpg', 'detail', 3);
INSERT INTO accommodation_image (accommodations_id, image_url, image_type, sort_order) VALUES (106, 'https://search.pstatic.net/common/?autoRotate=true&type=w278_sharpen&src=https%3A%2F%2Fldb-phinf.pstatic.net%2F20181028_128%2F1540702452608sVxtg_JPEG%2FPKW00011.JPG', 'detail', 4);
INSERT INTO room (accommodations_id, room_name, price, min_guests, max_guests, room_description, main_image_url, bathroom_count, room_type, bed_count) VALUES (106, '12/31 - 26.1.1일 여성 도미(남성 마감)', 60000, 2, 3, '공용객실, 기준 3인 (최대 3인) | 침실 1, 침대 3, 최소 2박', 'https://search.pstatic.net/common/?autoRotate=true&quality=95&type=w750&src=https%3A%2F%2Fnaverbooking-phinf.pstatic.net%2F20251203_265%2F1764730310781gqXcu_JPEG%2F3.jpg', 0, 'STANDARD', 3);
INSERT INTO room (accommodations_id, room_name, price, min_guests, max_guests, room_description, main_image_url, bathroom_count, room_type, bed_count) VALUES (106, '1인실(인원 추가 옵션 1명 가능) 최대 2인', 48000, 2, 2, '일반객실, 기준 1인 (최대 2인) | 침실 1, 침대 1, 최소 1박', 'https://search.pstatic.net/common/?autoRotate=true&quality=95&type=w750&src=https%3A%2F%2Fnaverbooking-phinf.pstatic.net%2F20190517_59%2F15580630953761eMNX_JPEG%2FDSC03006.JPG', 0, 'STANDARD', 1);
INSERT INTO room (accommodations_id, room_name, price, min_guests, max_guests, room_description, main_image_url, bathroom_count, room_type, bed_count) VALUES (106, '여성 3인실(1인 여행객이 모여 총 3인)혼자만 가능', 33000, 2, 3, '공용객실, 기준 3인 (최대 3인) | 침실 1, 침대 3, 최소 1박', 'https://search.pstatic.net/common/?autoRotate=true&quality=95&type=w750&src=https%3A%2F%2Fnaverbooking-phinf.pstatic.net%2F20240218_57%2F1708247323052pAyBW_JPEG%2FKakaoTalk_20240218_180600253.jpg', 0, 'STANDARD', 3);
INSERT INTO room (accommodations_id, room_name, price, min_guests, max_guests, room_description, main_image_url, bathroom_count, room_type, bed_count) VALUES (106, '남성 3인실(1인 여행객이 모여 총 3인)혼자만 가능', 33000, 2, 3, '공용객실, 기준 3인 (최대 3인) | 침실 1, 침대 3, 최소 1박', 'https://search.pstatic.net/common/?autoRotate=true&quality=95&type=w750&src=https%3A%2F%2Fnaverbooking-phinf.pstatic.net%2F20240225_57%2F1708850870688s38Rv_JPEG%2FKakaoTalk_20240225_174337501.jpg', 0, 'STANDARD', 3);

INSERT INTO accommodation (accommodations_id, accommodations_name, accommodations_category, accommodations_description, city, district, address_detail, latitude, longitude, transport_info, parking_info, phone, rating, review_count, source_url, source_platform, sns, check_in_time, check_out_time, short_description) VALUES (107, '제주 그디글라 게스트하우스', 'GUESTHOUSE', '한적한 애월읍의 작은 시골마을 광령리에 위치해있습니다.\n올레길 16코스 종점 부근이라 올레길을 걷다가 만날수 있어요~\n넓은 잔디밭 앞마당에서는 야외에서 바베큐등을 하실수 있고요.\n애완동물 친화 가게라 모두모두 환영합니다.\n\n2층은 50평정도로 방은 총6개(욕실은 각방마다 있어요)\n거실겸 주방에서는 조리기구등이 있어서 요리를 하실수 있고,\n야외에 있는 넓은 주차장이 있어서 주차도 편리합니다.\n\n단독으로 예약시에는 약20명 정도( 미취약아동은 추가가능) 이며\n추가인원은 상담주세요.~\n\n올레길 걷는 분들도 환영합니다.\n모두모드 즐거운 여행 되시고, 문의사항은 연락주세요~', '제주', '제주시', '광령4길 10-6 그디글라 게스트하우스', 33.4589603, 126.4338849, '광령초등학교에서 도보5분거리 입니다.\n올레길 16코스 종점부근에서 5분거리에 위치해 있으며,\n건물옆에 넓은 야외 주차장이 있습니다.', '주차가능\n무료\n건물옆을 지나서 안쪽으로 쭉~ 들어오시면 넓은 야외 주차장이 있습니다.', '0507-1377-4113', null, 0, 'https://map.naver.com/p/entry/place/1228037693?c=15.00,0,0,0,dh&placePath=/information?entry=bmp&fromPanelNum=1&additionalHeight=76&timestamp=202512181250&locale=ko&svcName=map_pcv5&businessCategory=hotel&from=map&fromPanelNum=1&additionalHeight=76&timestamp=202512181250&locale=ko&svcName=map_pcv5&businessCategory=hotel', 'NAVER', 'Instagram: https://www.instagram.com/jeju_gdygla', '15:00', '10:30', NULL);
INSERT INTO accommodation_amenity (amenity_id, accommodations_id) VALUES (40, 107);
INSERT INTO accommodation_amenity (amenity_id, accommodations_id) VALUES (13, 107);
INSERT INTO accommodation_amenity (amenity_id, accommodations_id) VALUES (12, 107);
INSERT INTO accommodation_amenity (amenity_id, accommodations_id) VALUES (36, 107);
INSERT INTO accommodation_amenity (amenity_id, accommodations_id) VALUES (1, 107);
INSERT INTO accommodation_amenity (amenity_id, accommodations_id) VALUES (62, 107);
INSERT INTO accommodation_amenity (amenity_id, accommodations_id) VALUES (46, 107);
INSERT INTO accommodation_amenity (amenity_id, accommodations_id) VALUES (63, 107);
INSERT INTO accommodation_amenity (amenity_id, accommodations_id) VALUES (51, 107);
INSERT INTO accommodation_image (accommodations_id, image_url, image_type, sort_order) VALUES (107, 'https://search.pstatic.net/common/?autoRotate=true&type=w560_sharpen&src=https%3A%2F%2Fldb-phinf.pstatic.net%2F20240521_2%2F1716254458022HT0lh_JPEG%2F%253DUTF-8BMTY1MTkxMjg0NjM5OS5qcGc%253D%253D.jpg', 'banner', 0);
INSERT INTO accommodation_image (accommodations_id, image_url, image_type, sort_order) VALUES (107, 'https://search.pstatic.net/common/?autoRotate=true&type=w278_sharpen&src=https%3A%2F%2Fldb-phinf.pstatic.net%2F20240521_135%2F17162544580292frSV_JPEG%2F%253DUTF-8BMTY1MTkxMjgyMjgyOC5qcGc%253D%253D.jpg', 'detail', 1);
INSERT INTO accommodation_image (accommodations_id, image_url, image_type, sort_order) VALUES (107, 'https://search.pstatic.net/common/?autoRotate=true&type=w278_sharpen&src=https%3A%2F%2Fldb-phinf.pstatic.net%2F20240521_6%2F1716254458346P8kQc_PNG%2F%253DUTF-8BR2R5Z2xhIHBpYy5wbmc%253D%253D.png', 'detail', 2);
INSERT INTO accommodation_image (accommodations_id, image_url, image_type, sort_order) VALUES (107, 'https://search.pstatic.net/common/?autoRotate=true&type=w278_sharpen&src=https%3A%2F%2Fldb-phinf.pstatic.net%2F20240521_183%2F1716254457933MTgVJ_JPEG%2F%253DUTF-8BUmVzaXplZF8xNjUxOTEzMDU2ODg3XzE3MTYyNTE5Mjg1ODAuanBlZw%253D%253D%253D.jpg', 'detail', 3);
INSERT INTO accommodation_image (accommodations_id, image_url, image_type, sort_order) VALUES (107, 'https://search.pstatic.net/common/?autoRotate=true&type=w278_sharpen&src=https%3A%2F%2Fldb-phinf.pstatic.net%2F20240521_168%2F1716254458114AekW0_JPEG%2F%253DUTF-8BUmVzaXplZF8yMDIyMDUxNl8xMjA1MDdfMTcxNjI1MTkwODM1Mi5qcGVn%253D.jpg', 'detail', 4);

INSERT INTO accommodation (accommodations_id, accommodations_name, accommodations_category, accommodations_description, city, district, address_detail, latitude, longitude, transport_info, parking_info, phone, rating, review_count, source_url, source_platform, sns, check_in_time, check_out_time, short_description) VALUES (108, '제주 반집 게스트하우스', 'GUESTHOUSE', '4인 가족이 오래된 집을 수리하며 살면서 열게 된 민박입니다.\n덕천리는 인적이 드물었던 만큼 제주의 옛스러움이 남아있는\n조용한 곳이어서 교외의 호젓함이나 목가적 분위기, 부담없는 가격의 여행을 원하시는 분들께는 나름의 선택이 되실수 있을 거라 생각합니다.\n제주는 곳곳에 다양한 가격과 형태의 숙박시설이 있으니 꼼꼼히 따져보시고 선택하셔서\n즐거운 시간을 보내시길 바랍?니다.\n\n감사합니다.\n\n○ 알림사항\n\n 1. 반려동물은 함께하실 수 없으며 입실 시 퇴실 및 환불 조치가 이뤄지지 않는 점 유의바랍니다.\n\n 2. 이용인원을 준수해 주시면 감사하겠습니다. 초과 시 즉시 퇴실 처리되며, 예약 금액을 환불받으실 수 없으니 이점 유의 하여 주시기 바랍니다.\n.\n\n○ 이용안내\n\n 1. 객실내 전자렌지와 전기포트가 있으며 가져오신 음식의 취식이 가능합니다.\n - 작지만 접이식 탁자가 마련되어 있으니 탁자 위에서 취식해 주시기 바랍니다.\n 침구류 위에서는 자제해 주세요.\n - 음식쓰레기는 싱크대위에 올려놔 주세요\n\n 2. 오래된 집이라서 차음에 한계가 있습니다. 지나친 고성이나 음악소리는 자제해 주세요.\n\n 3. 비흡연자 대상 숙소인 만큼 흡연행위는 금합니다.\n\n 4. 조식은 제공되지 않습니다. 주변엔 상점 및 편의점이 없습니다.\n 필요하신 물품들은 미리 준비해서 와주세요.\n\n ? 5. 예약된 인원만 이용해 주세요. 예약되지 않은 분은 숙박과 시설 이용을 금합니다.\n\n 6. 시설물 분실 및 파손시 해당비용을 변상해주셔야 합니다.\n\n? 7. 흙과 풀이 많은 지역특성상 벌레의 완전한 차단이 어렵습니다.\n 벌레에 예민한 분들은 신중한 예약 부탁합니다.\n\n 8. 객실내 에어컨, 미니냉장고, tv, 전기포트, 전자렌지, 헤어드라이기, 바디워시, 샴프,\n 린스, 치약, 1회용 비누가 비치되어 있습니다.\n\n 9.입실 16:00/ 퇴실 10:30\n - 늦으실 경우 문자나 전화 부탁드립니다.', '제주', '제주시', '덕평로 394', 33.5005837, 126.7743958, '제주국제공항(일주동로 516도로) 정류소 101번 버스 탑승 - 함덕환승정류장 하차 - 704-4번 버스 환승 - 덕천리 하차\n제주국제공항(구제주방면) 정류소 325번 버스 탑승 - 함덕환승정류장 하자 - 704-4번 버스 환승 - 덕천리 하차\n\n주소\n제주시 구좌읍 덕천리 200번지\n제주시 구좌읍 덕평로 394', '주차가능', NULL, null, 3, 'https://map.naver.com/p/search/%EC%A0%9C%EC%A3%BC+%EB%B0%98%EC%A7%91+%EA%B2%8C%EC%8A%A4%ED%8A%B8%ED%95%98%EC%9A%B0%EC%8A%A4/place/1087974804?isCorrectAnswer=true&c=15.00,0,0,0,dh&placePath=/information?fromPanelNum=1&additionalHeight=76&timestamp=202512181250&locale=ko&svcName=map_pcv5&searchText=%EC%A0%9C%EC%A3%BC%2B%EB%B0%98%EC%A7%91%2B%EA%B2%8C%EC%8A%A4%ED%8A%B8%ED%95%98%EC%9A%B0%EC%8A%A4&businessCategory=guesthouse&fromPanelNum=1&additionalHeight=76&timestamp=202512181250&locale=ko&svcName=map_pcv5&searchText=%EC%A0%9C%EC%A3%BC%2B%EB%B0%98%EC%A7%91%2B%EA%B2%8C%EC%8A%A4%ED%8A%B8%ED%95%98%EC%9A%B0%EC%8A%A4&businessCategory=guesthouse', 'NAVER', 'Blog: https://blog.naver.com/eliusknight', NULL, NULL, NULL);
INSERT INTO accommodation_amenity (amenity_id, accommodations_id) VALUES (1, 108);
INSERT INTO accommodation_image (accommodations_id, image_url, image_type, sort_order) VALUES (108, 'https://search.pstatic.net/common/?autoRotate=true&type=w560_sharpen&src=https%3A%2F%2Fldb-phinf.pstatic.net%2F20180405_121%2F1522929457058wMDpq_JPEG%2F5.jpg', 'banner', 0);
INSERT INTO accommodation_image (accommodations_id, image_url, image_type, sort_order) VALUES (108, 'https://search.pstatic.net/common/?autoRotate=true&type=w278_sharpen&src=https%3A%2F%2Fldb-phinf.pstatic.net%2F20180430_253%2F15250997120684YoMI_JPEG%2F20180429_194329.jpg', 'detail', 1);
INSERT INTO accommodation_image (accommodations_id, image_url, image_type, sort_order) VALUES (108, 'https://search.pstatic.net/common/?autoRotate=true&type=w278_sharpen&src=https%3A%2F%2Fldb-phinf.pstatic.net%2F20180409_178%2F1523273435850zdvgv_JPEG%2F30.jpg', 'detail', 2);
INSERT INTO accommodation_image (accommodations_id, image_url, image_type, sort_order) VALUES (108, 'https://search.pstatic.net/common/?autoRotate=true&type=w278_sharpen&src=https%3A%2F%2Fldb-phinf.pstatic.net%2F20180409_157%2F1523273435865WnLLO_JPEG%2F32.jpg', 'detail', 3);
INSERT INTO accommodation_image (accommodations_id, image_url, image_type, sort_order) VALUES (108, 'https://search.pstatic.net/common/?autoRotate=true&type=w278_sharpen&src=https%3A%2F%2Fldb-phinf.pstatic.net%2F20180409_52%2F1523273435847d9hRt_JPEG%2F31.jpg', 'detail', 4);

INSERT INTO accommodation (accommodations_id, accommodations_name, accommodations_category, accommodations_description, city, district, address_detail, latitude, longitude, transport_info, parking_info, phone, rating, review_count, source_url, source_platform, sns, check_in_time, check_out_time, short_description) VALUES (109, '제주 그린 게스트하우스', 'GUESTHOUSE', '**한라산 등반 전문 13년 전통의 그린게스트하우스 **\n\n* 한라산 성판악, 관음사 무료 왕복셔틀 ( 오전 6시 출발. 오후5시 복귀) / 단 , 중간통제시 오후 픽업 없음 .\n* 등산 장비 렌탈 ( 등산화, 등산스틱, 배낭, 장갑, 모자 외)\n* 친절한 프론트와 깨끗한 객실\n* 제주공항,제주항 , 동문시장,사라봉공원등 최적의 위치\n* 올레 18코스와 직접 연결\n* 산행중 개인물품 보관 ( 무료 )\n* 아침식사와 중식 무료제공 ( 컵라면 ,생수 2개,김밥)\n\n* 제주도 여행과 한라산 산행의 든든한 지킴이*\n\n 그린게스트하우스 언제나 만족하실겁니다.', '제주', '제주시', '44 그린게스트하우스', 33.5142582, 126.5395914, '택시 : 사라봉오거리 안전공업사 옆.\n버스 : 제주공항 3번게이트앞 용담방향 344번.외 많음 . 하차지 제주여상. 혹은 인화동입구 정류장', NULL, '0507-1344-6373', null, 1424, 'https://map.naver.com/p/search/%EC%A0%9C%EC%A3%BC+%EA%B7%B8%EB%A6%B0+%EA%B2%8C%EC%8A%A4%ED%8A%B8%ED%95%98%EC%9A%B0%EC%8A%A4/place/1097877474?c=15.00,0,0,0,dh&placePath=/room?entry=bmp&fromPanelNum=2&timestamp=202512181251&locale=ko&svcName=map_pcv5&searchText=%EC%A0%9C%EC%A3%BC%2B%EA%B7%B8%EB%A6%B0%2B%EA%B2%8C%EC%8A%A4%ED%8A%B8%ED%95%98%EC%9A%B0%EC%8A%A4&businessCategory=guesthouse&fromPanelNum=2&timestamp=202512181251&locale=ko&svcName=map_pcv5&searchText=%EC%A0%9C%EC%A3%BC%2B%EA%B7%B8%EB%A6%B0%2B%EA%B2%8C%EC%8A%A4%ED%8A%B8%ED%95%98%EC%9A%B0%EC%8A%A4&businessCategory=guesthouse&from=map', 'NAVER', 'Blog: https://blog.naver.com/tank97', '16:00', '10:30', '등산장비 대여와 맛있는 김밥의 만남');
INSERT INTO accommodation_amenity (amenity_id, accommodations_id) VALUES (5, 109);
INSERT INTO accommodation_amenity (amenity_id, accommodations_id) VALUES (4, 109);
INSERT INTO accommodation_amenity (amenity_id, accommodations_id) VALUES (15, 109);
INSERT INTO accommodation_amenity (amenity_id, accommodations_id) VALUES (18, 109);
INSERT INTO accommodation_amenity (amenity_id, accommodations_id) VALUES (3, 109);
INSERT INTO accommodation_amenity (amenity_id, accommodations_id) VALUES (7, 109);
INSERT INTO accommodation_image (accommodations_id, image_url, image_type, sort_order) VALUES (109, 'https://search.pstatic.net/common/?autoRotate=true&type=w560_sharpen&src=https%3A%2F%2Fnaverbooking-phinf.pstatic.net%2F20230926_187%2F1695709843261XXwVR_JPEG%2F20230926_121338.jpg', 'banner', 0);
INSERT INTO accommodation_image (accommodations_id, image_url, image_type, sort_order) VALUES (109, 'https://search.pstatic.net/common/?autoRotate=true&type=w278_sharpen&src=https%3A%2F%2Fldb-phinf.pstatic.net%2F20241019_174%2F17293334522769JUKv_JPEG%2F1000031622.jpg', 'detail', 1);
INSERT INTO accommodation_image (accommodations_id, image_url, image_type, sort_order) VALUES (109, 'https://search.pstatic.net/common/?autoRotate=true&type=w278_sharpen&src=https%3A%2F%2Fldb-phinf.pstatic.net%2F20241019_96%2F1729333452349SxNgv_JPEG%2F1000030989.jpg', 'detail', 2);
INSERT INTO accommodation_image (accommodations_id, image_url, image_type, sort_order) VALUES (109, 'https://search.pstatic.net/common/?autoRotate=true&type=w278_sharpen&src=https%3A%2F%2Fldb-phinf.pstatic.net%2F20241019_105%2F1729333451939w0cGn_JPEG%2F1000030526.jpg', 'detail', 3);
INSERT INTO accommodation_image (accommodations_id, image_url, image_type, sort_order) VALUES (109, 'https://search.pstatic.net/common/?autoRotate=true&type=w278_sharpen&src=https%3A%2F%2Fldb-phinf.pstatic.net%2F20241019_227%2F172933345192456rqF_JPEG%2F1000030525.jpg', 'detail', 4);
INSERT INTO room (accommodations_id, room_name, price, min_guests, max_guests, room_description, main_image_url, bathroom_count, room_type, bed_count) VALUES (109, '트윈룸', 65000, 2, 2, '일반객실, 기준 2인 (최대 2인) | 침실 1, 침대 2, 욕실 1, 최소 1박', 'https://search.pstatic.net/common/?autoRotate=true&quality=95&type=w750&src=https%3A%2F%2Fnaverbooking-phinf.pstatic.net%2F20210621_117%2F1624245293211gL1Vs_JPEG%2Fwebmate_9887.jpg', 1, 'STANDARD', 2);
INSERT INTO room (accommodations_id, room_name, price, min_guests, max_guests, room_description, main_image_url, bathroom_count, room_type, bed_count) VALUES (109, '더블룸', 65000, 2, 2, '일반객실, 기준 2인 (최대 2인) | 침실 1, 침대 1, 욕실 1, 최소 1박', 'https://search.pstatic.net/common/?autoRotate=true&quality=95&type=w750&src=https%3A%2F%2Fnaverbooking-phinf.pstatic.net%2F20210621_213%2F1624245489165F3cBO_JPEG%2Fwebmate_9916.jpg', 1, 'STANDARD', 1);
INSERT INTO room (accommodations_id, room_name, price, min_guests, max_guests, room_description, main_image_url, bathroom_count, room_type, bed_count) VALUES (109, '트리플룸', 90000, 2, 3, '일반객실, 기준 3인 (최대 3인) | 침실 1, 침대 2, 욕실 1, 최소 1박', 'https://search.pstatic.net/common/?autoRotate=true&quality=95&type=w750&src=https%3A%2F%2Fnaverbooking-phinf.pstatic.net%2F20210621_201%2F16242457675916c8EY_JPEG%2Fwebmate_9904.jpg', 1, 'STANDARD', 2);
INSERT INTO room (accommodations_id, room_name, price, min_guests, max_guests, room_description, main_image_url, bathroom_count, room_type, bed_count) VALUES (109, '패밀리룸', 120000, 2, 4, '일반객실, 기준 4인 (최대 4인) | 침실 1, 침대 2, 욕실 1, 최소 1박', 'https://search.pstatic.net/common/?autoRotate=true&quality=95&type=w750&src=https%3A%2F%2Fnaverbooking-phinf.pstatic.net%2F20230926_158%2F1695701123955G63l0_JPEG%2F20230926_121744.jpg', 1, 'STANDARD', 2);
INSERT INTO room (accommodations_id, room_name, price, min_guests, max_guests, room_description, main_image_url, bathroom_count, room_type, bed_count) VALUES (109, '남성 캡슐룸 ( 1인당 요금 / 총 4인 이용가능)', 30000, 2, 4, '공용객실, 기준 1인 (최대 4인) | 침실 1, 침대 2, 욕실 1, 최소 1박', 'https://search.pstatic.net/common/?autoRotate=true&quality=95&type=w750&src=https%3A%2F%2Fnaverbooking-phinf.pstatic.net%2F20230926_108%2F1695707205379Aasva_JPEG%2F20230926_142127.jpg', 1, 'STANDARD', 2);
INSERT INTO room (accommodations_id, room_name, price, min_guests, max_guests, room_description, main_image_url, bathroom_count, room_type, bed_count) VALUES (109, '여성 캡슐룸 ( 1인당 요금 / 총 4인 이용가능)', 30000, 2, 4, '공용객실, 기준 1인 (최대 4인) | 침실 1, 침대 2, 욕실 1, 최소 1박', 'https://search.pstatic.net/common/?autoRotate=true&quality=95&type=w750&src=https%3A%2F%2Fnaverbooking-phinf.pstatic.net%2F20230926_16%2F1695707585301s0Y6V_JPEG%2F20230926_142127.jpg', 1, 'STANDARD', 2);

INSERT INTO accommodation (accommodations_id, accommodations_name, accommodations_category, accommodations_description, city, district, address_detail, latitude, longitude, transport_info, parking_info, phone, rating, review_count, source_url, source_platform, sns, check_in_time, check_out_time, short_description) VALUES (110, '제주 뱅디가름 게스트하우스', 'GUESTHOUSE', '부킹닷컴 최고 평점 및\n야놀자 선정, <특별한 조식이 기다리는 게스트하우스 12곳>\nsbs 모닝와이드에 방영된 뱅디가름 B&B 게스트하우스입니다.\n\n뱅디가름은 편백으로 인테리어한 두개의 가족실과 2층침대방(도미룸) 두 개를 운영하고 있습니다.\n\n사철 꽃 피는 아름다운 정원을 품고 있는 뱅디가름은 혼자 오셨다가 너무 좋아서 부모님 모시고 다시 찾아오십니다^^\n\np.s 어머니 투병관계로 현재는 딸이 식사를 제공하고 있습니다.', '제주', '서귀포시', '서성일로1222번길 17 뱅디가름', 33.4457185, 126.9097746, '버스로 오실 때\n- 공항에서 바로 오실 때는 111이 가장 빠릅니다.(1시간) 고성환승정류장 하차(도보 6분/KT와 알짜부동산 사잇길로 200m)\n- 김녕, 함덕, 월정 등 일주도로변에서 오실 때는 101번 타시고 고성환승정류장 하차.\n- 제주시(터미널 혹은 시청 등) 쪽에서 오실 때는 211, 212 타시고 고성리노인회관 하차(도보 2분/옆 세호해장국 사잇길로 150m), 111번 타시고 고성환승정류장 하차(도보 6분/KT와 알짜부동산 사잇길로 200m)\n- 서귀포에서 오실 때는 101 타시고 고성환승정류장 하차, 혹은 201 타시고 농협하나로마트 하차(도보 5분/하나로마트쪽으로 길을 건너서 신공항부동산과 한식뷔페집 사잇길로 200m)', '주차가능\n무료\n집 바로 옆이 주차장입니다(무료)', NULL, null, 261, 'https://map.naver.com/p/search/%EC%A0%9C%EC%A3%BC+%EB%B1%85%EB%94%94%EA%B0%80%EB%A6%84+%EA%B2%8C%EC%8A%A4%ED%8A%B8%ED%95%98%EC%9A%B0%EC%8A%A4/place/36208966?isCorrectAnswer=true&c=15.00,0,0,0,dh&placePath=/room?fromPanelNum=1&additionalHeight=76&timestamp=202512181251&locale=ko&svcName=map_pcv5&searchText=%EC%A0%9C%EC%A3%BC%2B%EB%B1%85%EB%94%94%EA%B0%80%EB%A6%84%2B%EA%B2%8C%EC%8A%A4%ED%8A%B8%ED%95%98%EC%9A%B0%EC%8A%A4&businessCategory=guesthouse&additionalHeight=76&timestamp=202512181251&locale=ko&svcName=map_pcv5&searchText=%EC%A0%9C%EC%A3%BC%2B%EB%B1%85%EB%94%94%EA%B0%80%EB%A6%84%2B%EA%B2%8C%EC%8A%A4%ED%8A%B8%ED%95%98%EC%9A%B0%EC%8A%A4&businessCategory=guesthouse&fromPanelNum=1', 'NAVER', 'Instagram: https://www.instagram.com/bdgrbnb/\nBlog: https://blog.naver.com/lair29', NULL, NULL, '풍성한 조식과 친절한 호스트의 환영');
INSERT INTO accommodation_amenity (amenity_id, accommodations_id) VALUES (1, 110);
INSERT INTO accommodation_amenity (amenity_id, accommodations_id) VALUES (10, 110);
INSERT INTO accommodation_amenity (amenity_id, accommodations_id) VALUES (16, 110);
INSERT INTO accommodation_amenity (amenity_id, accommodations_id) VALUES (31, 110);
INSERT INTO accommodation_amenity (amenity_id, accommodations_id) VALUES (6, 110);
INSERT INTO accommodation_amenity (amenity_id, accommodations_id) VALUES (4, 110);
INSERT INTO accommodation_amenity (amenity_id, accommodations_id) VALUES (15, 110);
INSERT INTO accommodation_amenity (amenity_id, accommodations_id) VALUES (5, 110);
INSERT INTO accommodation_amenity (amenity_id, accommodations_id) VALUES (20, 110);
INSERT INTO accommodation_image (accommodations_id, image_url, image_type, sort_order) VALUES (110, 'https://search.pstatic.net/common/?autoRotate=true&type=w560_sharpen&src=https%3A%2F%2Fldb-phinf.pstatic.net%2F20210530_162%2F16223554405910LW7f_JPEG%2FqOHEws3TAlpva-j-OAXlVLTw.jpg', 'banner', 0);
INSERT INTO accommodation_image (accommodations_id, image_url, image_type, sort_order) VALUES (110, 'https://search.pstatic.net/common/?autoRotate=true&type=w278_sharpen&src=https%3A%2F%2Fldb-phinf.pstatic.net%2F20191130_150%2F1575108518314v6PBx_JPEG%2FfPft5o1dzBVQfEP1Pk4vVvDt.jpg', 'detail', 1);
INSERT INTO accommodation_image (accommodations_id, image_url, image_type, sort_order) VALUES (110, 'https://search.pstatic.net/common/?autoRotate=true&type=w278_sharpen&src=https%3A%2F%2Fldb-phinf.pstatic.net%2F20191130_157%2F1575108977501DHpDC_JPEG%2FzAYOUqZ0A8JXjm7RhFuJ3u-a.jpg', 'detail', 2);
INSERT INTO accommodation_image (accommodations_id, image_url, image_type, sort_order) VALUES (110, 'https://search.pstatic.net/common/?autoRotate=true&type=w278_sharpen&src=https%3A%2F%2Fldb-phinf.pstatic.net%2F20150901_48%2F14410498146037drGk_JPEG%2F166052614966233_0.jpeg', 'detail', 3);
INSERT INTO accommodation_image (accommodations_id, image_url, image_type, sort_order) VALUES (110, 'https://search.pstatic.net/common/?autoRotate=true&type=w278_sharpen&src=https%3A%2F%2Fldb-phinf.pstatic.net%2F20191130_243%2F157510859720643xy3_JPEG%2Fiafhwwv5O6KYbvsiwiSii3dy.jpg', 'detail', 4);
INSERT INTO room (accommodations_id, room_name, price, min_guests, max_guests, room_description, main_image_url, bathroom_count, room_type, bed_count) VALUES (110, '여성도미-5Bed(조식포함)', 30000, 2, 5, '공용객실, 기준 1인 (최대 5인) | 침실 1, 침대 3, 욕실 1, 최소 1박', 'https://search.pstatic.net/common/?autoRotate=true&quality=95&type=w750&src=https%3A%2F%2Fnaverbooking-phinf.pstatic.net%2F20180627_89%2F1530081928910gnBur_JPEG%2F1.jpg', 1, 'STANDARD', 3);
INSERT INTO room (accommodations_id, room_name, price, min_guests, max_guests, room_description, main_image_url, bathroom_count, room_type, bed_count) VALUES (110, '남성도미-4Bed(조식포함)', 30000, 2, 4, '공용객실, 기준 1인 (최대 4인) | 침실 1, 침대 2, 욕실 1, 최소 1박', 'https://search.pstatic.net/common/?autoRotate=true&quality=95&type=w750&src=https%3A%2F%2Fnaverbooking-phinf.pstatic.net%2F20180627_284%2F1530083000782EmRfp_JPEG%2FDSC_5817.jpg', 1, 'STANDARD', 2);
INSERT INTO room (accommodations_id, room_name, price, min_guests, max_guests, room_description, main_image_url, bathroom_count, room_type, bed_count) VALUES (110, '새별(단독실-2인기준/조식포함)', 70000, 2, 3, '일반객실, 기준 2인 (최대 3인) | 침실 1, 욕실 1, 최소 2박', 'https://search.pstatic.net/common/?autoRotate=true&quality=95&type=w750&src=https%3A%2F%2Fnaverbooking-phinf.pstatic.net%2F20180627_119%2F1530082754507Y36mz_JPEG%2F1.jpg', 1, 'STANDARD', 0);
INSERT INTO room (accommodations_id, room_name, price, min_guests, max_guests, room_description, main_image_url, bathroom_count, room_type, bed_count) VALUES (110, '다랑쉬(단독실-3인기준/조식포함)', 100000, 2, 4, '일반객실, 기준 3인 (최대 4인) | 침실 1, 욕실 1, 최소 2박', 'https://search.pstatic.net/common/?autoRotate=true&quality=95&type=w750&src=https%3A%2F%2Fnaverbooking-phinf.pstatic.net%2F20180627_12%2F1530082522930qEfN0_JPEG%2FDSC_5855.jpg', 1, 'STANDARD', 0);
INSERT INTO room (accommodations_id, room_name, price, min_guests, max_guests, room_description, main_image_url, bathroom_count, room_type, bed_count) VALUES (110, '전실예약(10인 기준/2박 이상/조식포함)', 300000, 2, 14, '독채, 기준 10인 (최대 14인) | 침실 4, 침대 5, 욕실 4, 최소 2박', 'https://search.pstatic.net/common/?autoRotate=true&quality=95&type=w750&src=https%3A%2F%2Fnaverbooking-phinf.pstatic.net%2F20201028_168%2F1603869421188Wikx9_JPEG%2FKakaoTalk_20181217_160201107.jpg', 4, 'STANDARD', 5);

INSERT INTO accommodation (accommodations_id, accommodations_name, accommodations_category, accommodations_description, city, district, address_detail, latitude, longitude, transport_info, parking_info, phone, rating, review_count, source_url, source_platform, sns, check_in_time, check_out_time, short_description) VALUES (111, '제주 오후 게스트하우스', 'GUESTHOUSE', '제주 동쪽 가장 제주스러우며 가장 핫한 파티&감성 게스트하우스 오후 ''재오픈''\n\n매일밤 8시 제주흑돼지스테이크&안주\n소주 무제한 파티와 고퀄리티 안주들,\n신나게 먹고, 놀고, 즐길 준비되셨나요?\n\n바로 앞 신풍목장. 말들이 뛰어다니는 초원과 제주바다의 풍경을 한눈에 느끼고 볼수있는곳.\n\n<파티안내>\n\n- 1차파티\n제주흑돼지 스테이크\n날마다 특별한 재료의 탕,볶음,면 등의 다양한 안주\n소주 무제한!\n오후st. 요리 잘하는 경상도 사장의 여심 저격 고퀄안주!\n8PM-10PM (1인 25,000원)\n\n- 2차파티\n배부른 1차 파티에 뒤이은 오후만의 감성 포차 오후 포차 파티 OPEN!\n추운겨울 길거리 포장마차에서 먹던 그, 오뎅국물이 생각나는 맛\n꼬치어묵탕+볶음류\n10PM-01AM (1인 10,000원)\n\n*저희 오후 게스트하우스는 질 좋은 제주 흑돼지만 취급합니다.\n*모든 파티 음식은 주인장들이 직접 만들며 최상의 식자재들로만 사용합니다.\n*파티 게스트하우스 특성상 조용히 쉬기에는 다소 불편할 수도 있습니다.\n*40대 이상은 파티 불가합니다\n\n*환불규정\n입실일 7일전 전액환불\n입실일 6~4일전 70%환불\n입실일 2~3일전 50%환불\n하루전~입실당일 환불불가\n\n---------------------------------\n 주차안내\n게스트하우스 뒷 마당부터 주차해 주시고 차가 많을경우 직원의 안내에 따라 주차 부탁드립니다^^\n\n*전기차충전소 앞 주차 절대금지!\n\n주소: 서귀포시 성산읍 일주동로 5379 (신풍리 37)\n*구 성산 8PM 게스트하우스', '제주', '서귀포시', '일주동로 5379', 33.3588730, 126.8643775, '1. 제주공항\n(급행) 121(제주민속촌) 표선,성산,남원 방면 승차\n표선환승정류장(표선면사무소) 하차\n\n2. 표선환승정류장(표선리사무소)\n201(성산) 표선초등학교 방면 승차\n신풍리하동정류장 하차\n도보 5분 도착', '주차가능\n무료', '0507-1380-3444', null, 634, 'https://map.naver.com/p/search/%EC%A0%9C%EC%A3%BC+%EC%98%A4%ED%9B%84+%EA%B2%8C%EC%8A%A4%ED%8A%B8%ED%95%98%EC%9A%B0%EC%8A%A4/place/1548432268?isCorrectAnswer=true&c=15.00,0,0,0,dh&placePath=/room?fromPanelNum=1&additionalHeight=76&timestamp=202512181251&locale=ko&svcName=map_pcv5&searchText=%EC%A0%9C%EC%A3%BC%2B%EC%98%A4%ED%9B%84%2B%EA%B2%8C%EC%8A%A4%ED%8A%B8%ED%95%98%EC%9A%B0%EC%8A%A4&businessCategory=guesthouse&additionalHeight=76&timestamp=202512181251&locale=ko&svcName=map_pcv5&searchText=%EC%A0%9C%EC%A3%BC%2B%EC%98%A4%ED%9B%84%2B%EA%B2%8C%EC%8A%A4%ED%8A%B8%ED%95%98%EC%9A%B0%EC%8A%A4&businessCategory=guesthouse&fromPanelNum=1', 'NAVER', 'Blog: https://blog.naver.com/ymni123\nInstagram: http://www.instagram.com/o.hoo_guest_house', '17:00', '11:00', '맛있는 안주와 아름다운 바다 뷰');
INSERT INTO accommodation_theme (theme_id, accommodations_id) VALUES (1, 111);
INSERT INTO accommodation_theme (theme_id, accommodations_id) VALUES (3, 111);
INSERT INTO accommodation_theme (theme_id, accommodations_id) VALUES (4, 111);
INSERT INTO accommodation_amenity (amenity_id, accommodations_id) VALUES (20, 111);
INSERT INTO accommodation_amenity (amenity_id, accommodations_id) VALUES (10, 111);
INSERT INTO accommodation_amenity (amenity_id, accommodations_id) VALUES (16, 111);
INSERT INTO accommodation_amenity (amenity_id, accommodations_id) VALUES (6, 111);
INSERT INTO accommodation_amenity (amenity_id, accommodations_id) VALUES (5, 111);
INSERT INTO accommodation_amenity (amenity_id, accommodations_id) VALUES (4, 111);
INSERT INTO accommodation_amenity (amenity_id, accommodations_id) VALUES (11, 111);
INSERT INTO accommodation_amenity (amenity_id, accommodations_id) VALUES (1, 111);
INSERT INTO accommodation_amenity (amenity_id, accommodations_id) VALUES (8, 111);
INSERT INTO accommodation_amenity (amenity_id, accommodations_id) VALUES (14, 111);
INSERT INTO accommodation_amenity (amenity_id, accommodations_id) VALUES (2, 111);
INSERT INTO accommodation_amenity (amenity_id, accommodations_id) VALUES (7, 111);
INSERT INTO accommodation_amenity (amenity_id, accommodations_id) VALUES (28, 111);
INSERT INTO accommodation_image (accommodations_id, image_url, image_type, sort_order) VALUES (111, 'https://search.pstatic.net/common/?autoRotate=true&type=w560_sharpen&src=https%3A%2F%2Fldb-phinf.pstatic.net%2F20250721_16%2F1753097756750TDeoW_JPEG%2FIMG_3461.jpeg', 'banner', 0);
INSERT INTO accommodation_image (accommodations_id, image_url, image_type, sort_order) VALUES (111, 'https://search.pstatic.net/common/?autoRotate=true&type=w278_sharpen&src=https%3A%2F%2Fldb-phinf.pstatic.net%2F20250721_276%2F17530978120276RlXu_JPEG%2FIMG_1608.jpeg', 'detail', 1);
INSERT INTO accommodation_image (accommodations_id, image_url, image_type, sort_order) VALUES (111, 'https://search.pstatic.net/common/?autoRotate=true&type=w278_sharpen&src=https%3A%2F%2Fldb-phinf.pstatic.net%2F20250628_167%2F1751072219688jR7xk_JPEG%2F1000000183.jpg', 'detail', 2);
INSERT INTO accommodation_image (accommodations_id, image_url, image_type, sort_order) VALUES (111, 'https://search.pstatic.net/common/?autoRotate=true&type=w278_sharpen&src=https%3A%2F%2Fldb-phinf.pstatic.net%2F20240529_260%2F1716957385159QpTgj_PNG%2FKakaoTalk_20240528_201823676_05.png', 'detail', 3);
INSERT INTO accommodation_image (accommodations_id, image_url, image_type, sort_order) VALUES (111, 'https://search.pstatic.net/common/?autoRotate=true&type=w278_sharpen&src=https%3A%2F%2Fldb-phinf.pstatic.net%2F20200416_118%2F1587027575368mcFTs_JPEG%2FXqOLjZotnDHfm5Ymq7dFucsr.jpg', 'detail', 4);
INSERT INTO room (accommodations_id, room_name, price, min_guests, max_guests, room_description, main_image_url, bathroom_count, room_type, bed_count) VALUES (111, '<선착순 숙박 무료이벤트,파티필참>4인실(여자)', 0, 2, 6, '공용객실, 기준 1인 (최대 6인) | 침실 1, 침대 1, 욕실 1, 최소 1박', 'https://search.pstatic.net/common/?autoRotate=true&quality=95&type=w750&src=https%3A%2F%2Fnaverbooking-phinf.pstatic.net%2F20251018_100%2F1760713507909oM3eh_JPEG%2FKakaoTalk_20250708_195612052.jpg', 1, 'STANDARD', 1);
INSERT INTO room (accommodations_id, room_name, price, min_guests, max_guests, room_description, main_image_url, bathroom_count, room_type, bed_count) VALUES (111, '여자2인실', 40000, 2, 4, '일반객실, 기준 2인 (최대 4인) | 침실 1, 침대 2, 욕실 1, 최소 1박', 'https://search.pstatic.net/common/?autoRotate=true&quality=95&type=w750&src=https%3A%2F%2Fnaverbooking-phinf.pstatic.net%2F20230901_131%2F16935342906816DE8U_JPEG%2FKakaoTalk_20230901_105711267_04.jpg', 1, 'STANDARD', 2);
INSERT INTO room (accommodations_id, room_name, price, min_guests, max_guests, room_description, main_image_url, bathroom_count, room_type, bed_count) VALUES (111, '오후촌캉스(2박3일)', 120000, 2, 6, '일반객실, 기준 1인 (최대 6인) | 침실 1, 침대 1, 욕실 1, 최소 1박', 'https://search.pstatic.net/common/?autoRotate=true&quality=95&type=w750&src=https%3A%2F%2Fnaverbooking-phinf.pstatic.net%2F20251018_26%2F1760713797416JADiB_JPEG%2FKakaoTalk_20251018_000907367_02.jpg', 1, 'STANDARD', 1);
INSERT INTO room (accommodations_id, room_name, price, min_guests, max_guests, room_description, main_image_url, bathroom_count, room_type, bed_count) VALUES (111, '<할인이벤트 파티필수> 도미토리6인실(남자)', 10000, 2, 6, '공용객실, 기준 1인 (최대 6인) | 침실 1, 침대 1, 욕실 1, 최소 1박', 'https://search.pstatic.net/common/?autoRotate=true&quality=95&type=w750&src=https%3A%2F%2Fnaverbooking-phinf.pstatic.net%2F20230502_37%2F1683004796489vrtf9_JPEG%2FKakaoTalk_20230502_141838212.jpg', 1, 'STANDARD', 1);
INSERT INTO room (accommodations_id, room_name, price, min_guests, max_guests, room_description, main_image_url, bathroom_count, room_type, bed_count) VALUES (111, '<할인이벤트 파티필수> 도미토리4인실(여자)', 10000, 2, 6, '공용객실, 기준 1인 (최대 6인) | 침실 1, 침대 2, 욕실 1, 최소 1박', 'https://search.pstatic.net/common/?autoRotate=true&quality=95&type=w750&src=https%3A%2F%2Fnaverbooking-phinf.pstatic.net%2F20230502_13%2F1683004961189qjG1R_JPEG%2FKakaoTalk_20230502_141838212.jpg', 1, 'STANDARD', 2);
INSERT INTO room (accommodations_id, room_name, price, min_guests, max_guests, room_description, main_image_url, bathroom_count, room_type, bed_count) VALUES (111, '도미토리6인실(남자)', 20000, 2, 6, '기준 1인 (최대 6인)', 'https://search.pstatic.net/common/?autoRotate=true&quality=95&type=w750&src=https%3A%2F%2Fnaverbooking-phinf.pstatic.net%2F20230502_37%2F1683004796489vrtf9_JPEG%2FKakaoTalk_20230502_141838212.jpg', 0, 'STANDARD', 0);
INSERT INTO room (accommodations_id, room_name, price, min_guests, max_guests, room_description, main_image_url, bathroom_count, room_type, bed_count) VALUES (111, '도미토리4인실(여자)', 20000, 2, 6, '기준 1인 (최대 6인)', 'https://search.pstatic.net/common/?autoRotate=true&quality=95&type=w750&src=https%3A%2F%2Fnaverbooking-phinf.pstatic.net%2F20230502_13%2F1683004961189qjG1R_JPEG%2FKakaoTalk_20230502_141838212.jpg', 0, 'STANDARD', 0);
INSERT INTO room (accommodations_id, room_name, price, min_guests, max_guests, room_description, main_image_url, bathroom_count, room_type, bed_count) VALUES (111, '오후1호', 70000, 2, 6, '독채, 기준 2인 (최대 6인) | 침실 1, 침대 3, 욕실 1, 최소 1박', 'https://search.pstatic.net/common/?autoRotate=true&quality=95&type=w750&src=https%3A%2F%2Fnaverbooking-phinf.pstatic.net%2F20230426_94%2F16824364177779NrXn_JPEG%2FDSC08354.jpg', 1, 'STANDARD', 3);
INSERT INTO room (accommodations_id, room_name, price, min_guests, max_guests, room_description, main_image_url, bathroom_count, room_type, bed_count) VALUES (111, '오후2호', 70000, 2, 3, '독채, 기준 2인 (최대 3인) | 침실 1, 침대 2, 욕실 1, 최소 1박', 'https://search.pstatic.net/common/?autoRotate=true&quality=95&type=w750&src=https%3A%2F%2Fnaverbooking-phinf.pstatic.net%2F20230426_271%2F1682436864286g1BFb_JPEG%2FDSC08363.jpg', 1, 'STANDARD', 2);
INSERT INTO room (accommodations_id, room_name, price, min_guests, max_guests, room_description, main_image_url, bathroom_count, room_type, bed_count) VALUES (111, '남자2인실', 40000, 2, 4, '일반객실, 기준 2인 (최대 4인) | 침실 1, 침대 2, 욕실 1, 최소 1박', 'https://search.pstatic.net/common/?autoRotate=true&quality=95&type=w750&src=https%3A%2F%2Fnaverbooking-phinf.pstatic.net%2F20230901_46%2F1693534104453gmYU5_JPEG%2FKakaoTalk_20230901_105711267_04.jpg', 1, 'STANDARD', 2);

INSERT INTO accommodation (accommodations_id, accommodations_name, accommodations_category, accommodations_description, city, district, address_detail, latitude, longitude, transport_info, parking_info, phone, rating, review_count, source_url, source_platform, sns, check_in_time, check_out_time, short_description) VALUES (112, '제주 예하 게스트하우스', 'GUESTHOUSE', '안녕하세요, 제주를 찾아주시는 모든 분들께 감사드립니다.\n저희 예하게스트하우스에 오시면 제주를 더 많이, 더 가까이, 더 편리하게 만나실 수 있어요.\n\n<< LOCATION >>\n공항에서 차량으로 7-8분 이내 거리\n제주 버스터미널은 도보로 2-3분 거리.\n공항과 버스 터미널이 가까워서 제주 구석구석을 당일 여행으로 왕복 할 수 있습니다.\n\n<< ROOMs >>\n- 도미토리(다인실) : 6인실, 4인실 (남/녀 분리)\n- 단독실 : 더블룸, 트윈룸, 패밀리룸\n\n* 모든 객실에 각각 샤워실/화장실 구비\n* 도미토리도 각 방에 샤워실/화장실 있어요 ! (도미토리도 각 방 안에 샤워실 구비)\n* 수건 인심 넉넉해요 :)\n* 매 번 침구커버 교체. 믿을 수 있는 흰색 침구 사용합니다.\n\n<< Community Lounge >>\n* 1층 라운지 : 주방 시설, 조리도구, 냉장고, 정수기\n* 예하게하의 시그니쳐 마약소파 (한 번 누우면 일어나기 힘듬. 편해서 )\n* 보드게임 구비\n* 제주의 먹거리를 배달 또는 TAKE OUT 해서 라운지에서 다른 게스트와 함께 나눠 보세요 !\n* 파티를 진행하진 않지만, 다른 게스트와 자연스럽게 어울리는 게하 문화는 권장 (방역수칙 준수 범위 안에서)\n\n<< Rules of Stay >>\n* 어른은 어른답게 : 통금 없음, 소등 없음 (밤에 문단속 하지만 게스트는 상시 출입 가능)\n* 그러나 어른은 신사답게 : 조용하게 쉬고 싶은 다른 게스트 배려심 장착 필수\n* 신사답지 못한 어른은 환영하지 않습니다 : 과한음주, 심야소란, 고성방가, 불편유발 금지. 특히 실내흡연은 바로 퇴출\n* 만 나이 99세 미만 ''라떼는 말이야'' 금지\n* 매사 불편한 프로불편러는 방문 자제 요망\n\n감사합니다. 제주에서 뵙겠습니다 :)', '제주', '제주시', '9 예하게스트하우스', 33.4994094, 126.5174359, '제주공항에서 택시로 약 5~7분 거리, 버스터미널에서는 도보로 3분 거리에 있습니다. 택시를 이용하실 경우 한국병원 맞은편 골목 ''예하게스트하우스'' 요청하시면 됩니다.', NULL, '064-724-5506', null, 368, 'https://map.naver.com/p/search/%EC%A0%9C%EC%A3%BC+%EC%98%88%ED%95%98+%EA%B2%8C%EC%8A%A4%ED%8A%B8%ED%95%98%EC%9A%B0%EC%8A%A4/place/13131759?c=15.00,0,0,0,dh&placePath=/room?entry=bmp&fromPanelNum=2&timestamp=202512181252&locale=ko&svcName=map_pcv5&searchText=%EC%A0%9C%EC%A3%BC%2B%EC%98%88%ED%95%98%2B%EA%B2%8C%EC%8A%A4%ED%8A%B8%ED%95%98%EC%9A%B0%EC%8A%A4&businessCategory=guesthouse&fromPanelNum=2&timestamp=202512181252&locale=ko&svcName=map_pcv5&searchText=%EC%A0%9C%EC%A3%BC%2B%EC%98%88%ED%95%98%2B%EA%B2%8C%EC%8A%A4%ED%8A%B8%ED%95%98%EC%9A%B0%EC%8A%A4&businessCategory=guesthouse&from=map', 'NAVER', NULL, NULL, NULL, '편리한 위치와 친절한 서비스로 편안한 여행');
INSERT INTO accommodation_amenity (amenity_id, accommodations_id) VALUES (5, 112);
INSERT INTO accommodation_amenity (amenity_id, accommodations_id) VALUES (6, 112);
INSERT INTO accommodation_amenity (amenity_id, accommodations_id) VALUES (3, 112);
INSERT INTO accommodation_amenity (amenity_id, accommodations_id) VALUES (8, 112);
INSERT INTO accommodation_amenity (amenity_id, accommodations_id) VALUES (15, 112);
INSERT INTO accommodation_amenity (amenity_id, accommodations_id) VALUES (4, 112);
INSERT INTO accommodation_amenity (amenity_id, accommodations_id) VALUES (1, 112);
INSERT INTO accommodation_amenity (amenity_id, accommodations_id) VALUES (7, 112);
INSERT INTO accommodation_image (accommodations_id, image_url, image_type, sort_order) VALUES (112, 'https://search.pstatic.net/common/?autoRotate=true&type=w560_sharpen&src=https%3A%2F%2Fldb-phinf.pstatic.net%2F20150831_51%2F1440991587171iYN8Y_JPEG%2F107165636430089_0.jpg', 'banner', 0);
INSERT INTO accommodation_image (accommodations_id, image_url, image_type, sort_order) VALUES (112, 'https://search.pstatic.net/common/?autoRotate=true&type=w278_sharpen&src=https%3A%2F%2Fldb-phinf.pstatic.net%2F20190305_142%2F1551787510687FsM37_JPEG%2FIMG_9155.jpg', 'detail', 1);
INSERT INTO accommodation_image (accommodations_id, image_url, image_type, sort_order) VALUES (112, 'https://search.pstatic.net/common/?autoRotate=true&type=w278_sharpen&src=https%3A%2F%2Fldb-phinf.pstatic.net%2F20190305_258%2F15517875105481TAY8_JPEG%2FIMG_9153.jpg', 'detail', 2);
INSERT INTO accommodation_image (accommodations_id, image_url, image_type, sort_order) VALUES (112, 'https://search.pstatic.net/common/?autoRotate=true&type=w278_sharpen&src=https%3A%2F%2Fldb-phinf.pstatic.net%2F20190305_187%2F1551787510455Do9Np_JPEG%2F%25B0%25C5%25BD%25C7%25C0%25FC%25B0%25E6_%25BC%25EE%25C6%25C4%25C4%25C6%25C7%25D2%25B0%25CD-2.jpg', 'detail', 3);
INSERT INTO accommodation_image (accommodations_id, image_url, image_type, sort_order) VALUES (112, 'https://search.pstatic.net/common/?autoRotate=true&type=w278_sharpen&src=https%3A%2F%2Fldb-phinf.pstatic.net%2F20190305_85%2F1551787510666JFiHg_JPEG%2Ftable1-2.jpg', 'detail', 4);
INSERT INTO room (accommodations_id, room_name, price, min_guests, max_guests, room_description, main_image_url, bathroom_count, room_type, bed_count) VALUES (112, '도미토리 6인실(여)', 22000, 2, 6, '기준 6인 (최대 6인)', 'https://search.pstatic.net/common/?autoRotate=true&quality=95&type=w750&src=https%3A%2F%2Fnaverbooking-phinf.pstatic.net%2F20190305_112%2F1551788825946ASqVS_JPEG%2FIMG_9178.jpg', 0, 'STANDARD', 0);
INSERT INTO room (accommodations_id, room_name, price, min_guests, max_guests, room_description, main_image_url, bathroom_count, room_type, bed_count) VALUES (112, '도미토리 6인실(남)', 22000, 2, 6, '기준 6인 (최대 6인)', 'https://search.pstatic.net/common/?autoRotate=true&quality=95&type=w750&src=https%3A%2F%2Fnaverbooking-phinf.pstatic.net%2F20190305_25%2F1551788992134AW8wd_JPEG%2FIasgaMG_9051-2.jpg', 0, 'STANDARD', 0);
INSERT INTO room (accommodations_id, room_name, price, min_guests, max_guests, room_description, main_image_url, bathroom_count, room_type, bed_count) VALUES (112, '패밀리룸', 80000, 2, 4, '기준 3인 (최대 4인)', 'https://search.pstatic.net/common/?autoRotate=true&quality=95&type=w750&src=https%3A%2F%2Fnaverbooking-phinf.pstatic.net%2F20190305_268%2F1551790109678Bo6hP_JPEG%2FIMG_9175.jpg', 0, 'STANDARD', 0);
INSERT INTO room (accommodations_id, room_name, price, min_guests, max_guests, room_description, main_image_url, bathroom_count, room_type, bed_count) VALUES (112, '트윈룸', 60000, 2, 2, '기준 2인 (최대 2인)', 'https://search.pstatic.net/common/?autoRotate=true&quality=95&type=w750&src=https%3A%2F%2Fnaverbooking-phinf.pstatic.net%2F20190305_178%2F1551791047459VgHDu_JPEG%2FIMG_9151.JPG', 0, 'STANDARD', 0);
INSERT INTO room (accommodations_id, room_name, price, min_guests, max_guests, room_description, main_image_url, bathroom_count, room_type, bed_count) VALUES (112, '더블룸', 60000, 2, 2, '기준 2인 (최대 2인)', 'https://search.pstatic.net/common/?autoRotate=true&quality=95&type=w750&src=https%3A%2F%2Fnaverbooking-phinf.pstatic.net%2F20190305_39%2F1551791173316eJSbW_JPEG%2FIMG_9158.jpg', 0, 'STANDARD', 0);

INSERT INTO accommodation (accommodations_id, accommodations_name, accommodations_category, accommodations_description, city, district, address_detail, latitude, longitude, transport_info, parking_info, phone, rating, review_count, source_url, source_platform, sns, check_in_time, check_out_time, short_description) VALUES (113, '숨 게스트하우스 제주공항점', 'GUESTHOUSE', '제주의 첫 인사, 숨게스트하우스\n\n공항에서 차로 10분, 제주 여행의 시작과 끝을 함께하는 곳. 숨게스트하우스 제주공항점에서 당신만의 특별한 이야기가 시작됩니다.\n\n@ 숨에서만 누릴 수 있는 특별한 시간\n\no 디너파티 타임 o\n매일 저녁 7시부터 10시까지, 1978공간에서 펼쳐지는 따뜻한 저녁 시간. 맛있는 음식과 함께 도란도란 이야기꽃을 피워보세요. 시끌벅적한 술파티나 클럽 분위기가 아닌, 부담 없이 편안하게 그저 우리가 되는 시간입니다.\n\no 별 나들이 o\n제주의 밤하늘은 특별합니다. 날씨가 좋은 날이면 오름에 올라 별자리를 찾고, 야경을 배경으로 인생샷을 남겨보세요. 멋진 음악과 함께하는 푸른 밤, 평생 기억에 남을 순간이 될 거예요. 숙박 당일 문자로 안내드립니다.\n\no 피트니스 o\n여행 중에도 건강한 루틴은 계속됩니다. 숨게하 바로 옆 건물, 걸어서 30초 거리에 있는 마인드피트니스 제주터미널점을 50퍼센트 할인된 15,000원에 이용하실 수 있어요.\n\no 스포츠 응원 o\n1층 로비 100인치 대화면으로 함께 응원하는 열정의 시간. 월드컵, 아시안컵 등 특별한 경기가 있는 날엔 모두가 하나 됩니다.\n\n@ 편안한 휴식을 위한 공간\n\no 본관 1층 라운지 o\n체크인부터 따뜻한 환대가 시작됩니다. 24시간 열려있는 공간에서 여행 계획도 세우고, 새로운 친구들과 이야기도 나눠보세요. 일반음식점으로 주류도 판매중이며, 23시 이후는 소등하여 조용히 이용하실 수 있습니다.\n\n@ 객실 안내\n\n숨게스트하우스는 3층 본관과 2층 여성전용 별관으로 나뉘어 있습니다. 본관 2층과 3층은 각각 두 개의 독립된 공간으로 구성되어 있어요.\n\n각 공간마다 2개에서 3개의 객실과 2개의 샤워실, 욕실, 파우더룸이 준비되어 있습니다. 공용이지만 오히려 더 여유롭고 편안한 구조예요. 샴푸, 바디워시, 린스, 치약이 준비되어 있고, 일회용 칫솔과 폼클렌징은 판매중입니다.\n\n2층에는 여성전용 객실 3개와 가족 객실 2개가 있습니다. 2인실, 3인실, 6인실 도미토리로 구성되어 있어요.\n\n3층에는 남성전용 객실 6개가 있습니다. 2인실, 4인실, 6인실 도미토리로 준비되어 있습니다.\n\n@ 프라이버시를 지켜주는 세심함\n\n침대마다 암막커튼과 개별 조명, 콘센트가 있어요. 40리터 베낭도 넉넉히 들어가는 개인 사물함으로 안전하게 짐을 보관하세요. 침대 배정은 체크인 순서대로 해드립니다.\n\n@ 편리한 이용 안내\n\no 체크인과 체크아웃 o\n체크인은 오후 3시부터 밤 11시까지 가능합니다. 11시 이후 늦은 체크인을 원하시면 당일 미리 연락 주시면 도와드릴게요. 체크아웃은 오전 11시까지입니다.\n\n체크인 시간 전에 도착하셔도 짐보관이 가능하며, 체크아웃 당일에도 짐을 맡기실 수 있습니다.\n\no 아침의 시작 o\n매일 아침 8시부터 10시까지 무료 조식이 제공됩니다. 토스트, 구운 계란, 치즈, 잼, 커피, 주스, 시리얼을 셀프로 이용하실 수 있어요. 뒷정리와 설거지는 함께 부탁드립니다.\n\no 주차 안내 o\n\n게스트하우스 건물 앞에 여러 대 동시 주차가 가능하고, 도보 1분 거리 하천변에도 무료 주차 공간이 있습니다.\n\n숨게스트하우스는 단순히 잠만 자는 곳이 아닙니다. 낯선 사람들과 친구가 되고, 별빛 아래 추억을 만들고, 제주의 온기를 온전히 느끼는 곳입니다.\n\n당신의 제주 이야기, 숨에서 시작하세요.', '제주', '제주시', '2-2 숨 게스트하우스', 33.5003866, 126.5146454, '제주 공항에서 숨게스트하우스로 오시는 방법\n\n1. 택시 이용 시\n소요 시간: 약 10분\n예상 요금: 약 7,000원\n승차 위치: 제주공항 1층 도착 게이트 앞 택시 승차장\n\n2. 버스 이용 시\n소요 시간: 약 15분\n버스 번호: 365번, 315번, 365번 외 다수\n승차 위치: 제주공항 2번 게이트 앞 버스 정류장\n하차 정류장: 제주종합버스터미널 정류장\n도보 이동: 하차 후 약 1분 거리\n\n버스 이용 상세 안내:\n공항 도착 후: 2번 게이트로 나가시면 버스 정류장이 있습니다.\n버스 승차: 331, 325, 365, 315번 등 버스 중 하나를 탑승하세요.\n하차 정류장: ''제주종합버스터미널'' 정류장에서 하차합니다.\n도보 이동: 하차 후 도보로 약 1분 거리에 SUM 게스트하우스 제주공항점이 위치해 있어요~', '주차가능\n무료\n- 제주 시외버스 터미널 바로 앞, 뚜벅이 여행자에겐 최적 의 위치 - 게스트하우스 건물앞 세대 동시 주차가능하구요 , 도보로 1분 거리에 하천 따라서 무료주차 공간이 있습니 다. - 주차 공간이 만차일 경우엔 게스트하우스 오...', '0507-1311-0106', null, 2858, 'https://map.naver.com/p/search/%EC%88%A8+%EA%B2%8C%EC%8A%A4%ED%8A%B8%ED%95%98%EC%9A%B0%EC%8A%A4+%EC%A0%9C%EC%A3%BC%EA%B3%B5%ED%95%AD%EC%A0%90/place/21884662?isCorrectAnswer=true&c=15.00,0,0,0,dh&placePath=/room?fromPanelNum=1&additionalHeight=76&timestamp=202512181252&locale=ko&svcName=map_pcv5&searchText=%EC%88%A8%2B%EA%B2%8C%EC%8A%A4%ED%8A%B8%ED%95%98%EC%9A%B0%EC%8A%A4%2B%EC%A0%9C%EC%A3%BC%EA%B3%B5%ED%95%AD%EC%A0%90&businessCategory=guesthouse&additionalHeight=76&timestamp=202512181252&locale=ko&svcName=map_pcv5&searchText=%EC%88%A8%2B%EA%B2%8C%EC%8A%A4%ED%8A%B8%ED%95%98%EC%9A%B0%EC%8A%A4%2B%EC%A0%9C%EC%A3%BC%EA%B3%B5%ED%95%AD%EC%A0%90&businessCategory=guesthouse&fromPanelNum=1', 'NAVER', 'Instagram: https://www.instagram.com/sumguesthouse/\nBlog: https://blog.naver.com/sumhostel_jeju', '15:00', '11:00', '행정안전부 선정\n착한가격업소');
INSERT INTO accommodation_theme (theme_id, accommodations_id) VALUES (3, 113);
INSERT INTO accommodation_theme (theme_id, accommodations_id) VALUES (1, 113);
INSERT INTO accommodation_amenity (amenity_id, accommodations_id) VALUES (8, 113);
INSERT INTO accommodation_amenity (amenity_id, accommodations_id) VALUES (5, 113);
INSERT INTO accommodation_amenity (amenity_id, accommodations_id) VALUES (6, 113);
INSERT INTO accommodation_amenity (amenity_id, accommodations_id) VALUES (4, 113);
INSERT INTO accommodation_amenity (amenity_id, accommodations_id) VALUES (3, 113);
INSERT INTO accommodation_amenity (amenity_id, accommodations_id) VALUES (1, 113);
INSERT INTO accommodation_amenity (amenity_id, accommodations_id) VALUES (7, 113);
INSERT INTO accommodation_amenity (amenity_id, accommodations_id) VALUES (9, 113);
INSERT INTO accommodation_amenity (amenity_id, accommodations_id) VALUES (14, 113);
INSERT INTO accommodation_amenity (amenity_id, accommodations_id) VALUES (10, 113);
INSERT INTO accommodation_amenity (amenity_id, accommodations_id) VALUES (18, 113);
INSERT INTO accommodation_amenity (amenity_id, accommodations_id) VALUES (19, 113);
INSERT INTO accommodation_image (accommodations_id, image_url, image_type, sort_order) VALUES (113, 'https://search.pstatic.net/common/?autoRotate=true&type=w560_sharpen&src=https%3A%2F%2Fldb-phinf.pstatic.net%2F20240202_14%2F1706877771954yXqwR_JPEG%2Flogo_01.jpg', 'banner', 0);
INSERT INTO accommodation_image (accommodations_id, image_url, image_type, sort_order) VALUES (113, 'https://search.pstatic.net/common/?autoRotate=true&type=w278_sharpen&src=https%3A%2F%2Fldb-phinf.pstatic.net%2F20240202_32%2F1706877802501PcQQ1_JPEG%2FKakaoTalk_20231111_162805904_02.jpg', 'detail', 1);
INSERT INTO accommodation_image (accommodations_id, image_url, image_type, sort_order) VALUES (113, 'https://search.pstatic.net/common/?autoRotate=true&type=w278_sharpen&src=https%3A%2F%2Fldb-phinf.pstatic.net%2F20240202_35%2F1706877803083Yf36T_JPEG%2FKakaoTalk_20231111_162805904_03.jpg', 'detail', 2);
INSERT INTO accommodation_image (accommodations_id, image_url, image_type, sort_order) VALUES (113, 'https://search.pstatic.net/common/?autoRotate=true&type=w278_sharpen&src=https%3A%2F%2Fldb-phinf.pstatic.net%2F20240202_146%2F17068778029015PJDQ_JPEG%2FKakaoTalk_20231111_162805904_04.jpg', 'detail', 3);
INSERT INTO accommodation_image (accommodations_id, image_url, image_type, sort_order) VALUES (113, 'https://search.pstatic.net/common/?autoRotate=true&type=w278_sharpen&src=https%3A%2F%2Fldb-phinf.pstatic.net%2F20200527_13%2F15905691292210hKCy_JPEG%2FVwb3YxAKlaCNxpf8Ijv6X-er.jpg', 'detail', 4);
INSERT INTO room (accommodations_id, room_name, price, min_guests, max_guests, room_description, main_image_url, bathroom_count, room_type, bed_count) VALUES (113, 'MINT 여성전용 더블룸(1-2명)', 50000, 2, 2, '공용객실, 기준 1인 (최대 2인) | 침실 1, 침대 1, 최소 1박', 'https://search.pstatic.net/common/?autoRotate=true&quality=95&type=w750&src=https%3A%2F%2Fnaverbooking-phinf.pstatic.net%2F20200727_289%2F15957823633118ePps_JPEG%2FIMG_2145.jpg', 0, 'STANDARD', 1);
INSERT INTO room (accommodations_id, room_name, price, min_guests, max_guests, room_description, main_image_url, bathroom_count, room_type, bed_count) VALUES (113, 'MINT 여성전용 6인실(1Bed)', 23000, 2, 18, '공용객실, 기준 1인 (최대 18인) | 침실 1, 침대 3, 최소 1박', 'https://search.pstatic.net/common/?autoRotate=true&quality=95&type=w750&src=https%3A%2F%2Fnaverbooking-phinf.pstatic.net%2F20240521_95%2F1716290566911wjWkq_JPEG%2F03.jpg', 0, 'STANDARD', 3);
INSERT INTO room (accommodations_id, room_name, price, min_guests, max_guests, room_description, main_image_url, bathroom_count, room_type, bed_count) VALUES (113, 'MINT 여성전용 2인실(1Bed)', 28000, 2, 2, '공용객실, 기준 1인 (최대 2인) | 침실 1, 침대 1, 최소 1박', 'https://search.pstatic.net/common/?autoRotate=true&quality=95&type=w750&src=https%3A%2F%2Fnaverbooking-phinf.pstatic.net%2F20240521_116%2F1716290958489UN591_JPEG%2F01.jpg', 0, 'STANDARD', 1);
INSERT INTO room (accommodations_id, room_name, price, min_guests, max_guests, room_description, main_image_url, bathroom_count, room_type, bed_count) VALUES (113, '여성전용 6인실 도미토리(1Bed)', 23000, 2, 6, '공용객실, 기준 1인 (최대 6인) | 침실 1, 침대 3, 욕실 1, 최소 1박', 'https://search.pstatic.net/common/?autoRotate=true&quality=95&type=w750&src=https%3A%2F%2Fnaverbooking-phinf.pstatic.net%2F20240522_20%2F1716377755442wWAhB_JPEG%2FKakaoTalk_20240303_164209607_06.jpg', 1, 'STANDARD', 3);
INSERT INTO room (accommodations_id, room_name, price, min_guests, max_guests, room_description, main_image_url, bathroom_count, room_type, bed_count) VALUES (113, '여성전용 2인실 도미토리(1Bed)', 28000, 2, 2, '공용객실, 기준 1인 (최대 2인) | 침실 1, 침대 1, 욕실 1, 최소 1박', 'https://search.pstatic.net/common/?autoRotate=true&quality=95&type=w750&src=https%3A%2F%2Fnaverbooking-phinf.pstatic.net%2F20240522_96%2F1716377918925jWUGo_JPEG%2F01.jpg', 1, 'STANDARD', 1);
INSERT INTO room (accommodations_id, room_name, price, min_guests, max_guests, room_description, main_image_url, bathroom_count, room_type, bed_count) VALUES (113, '여성전용 트윈룸 (2~3인)', 60000, 2, 3, '일반객실, 기준 2인 (최대 3인) | 침실 1, 침대 2, 욕실 2, 최소 1박', 'https://search.pstatic.net/common/?autoRotate=true&quality=95&type=w750&src=https%3A%2F%2Fnaverbooking-phinf.pstatic.net%2F20240522_102%2F1716378028231jOEVk_JPEG%2FKakaoTalk_20240303_164209607.jpg', 2, 'STANDARD', 2);
INSERT INTO room (accommodations_id, room_name, price, min_guests, max_guests, room_description, main_image_url, bathroom_count, room_type, bed_count) VALUES (113, '남성전용 6인실 도미토리(1Bed)', 23000, 2, 12, '공용객실, 기준 1인 (최대 12인) | 침실 1, 침대 3, 욕실 1, 최소 1박', 'https://search.pstatic.net/common/?autoRotate=true&quality=95&type=w750&src=https%3A%2F%2Fnaverbooking-phinf.pstatic.net%2F20240522_288%2F17163781326540Aik8_JPEG%2F01.jpg', 1, 'STANDARD', 3);
INSERT INTO room (accommodations_id, room_name, price, min_guests, max_guests, room_description, main_image_url, bathroom_count, room_type, bed_count) VALUES (113, '남성전용 4인실 도미토리(1Bed)', 25000, 2, 4, '공용객실, 기준 1인 (최대 4인) | 침실 1, 침대 2, 욕실 1, 최소 1박', 'https://search.pstatic.net/common/?autoRotate=true&quality=95&type=w750&src=https%3A%2F%2Fnaverbooking-phinf.pstatic.net%2F20240522_16%2F17163782300709IXJ2_JPEG%2F05.jpg', 1, 'STANDARD', 2);
INSERT INTO room (accommodations_id, room_name, price, min_guests, max_guests, room_description, main_image_url, bathroom_count, room_type, bed_count) VALUES (113, '남성전용 2인실 도미토리(1Bed)', 28000, 2, 2, '공용객실, 기준 1인 (최대 2인) | 침실 1, 침대 1, 욕실 1, 최소 1박', 'https://search.pstatic.net/common/?autoRotate=true&quality=95&type=w750&src=https%3A%2F%2Fnaverbooking-phinf.pstatic.net%2F20240522_259%2F1716378290129zyTES_JPEG%2F02.jpg', 1, 'STANDARD', 1);
INSERT INTO room (accommodations_id, room_name, price, min_guests, max_guests, room_description, main_image_url, bathroom_count, room_type, bed_count) VALUES (113, '패밀리 트윈룸(2~3인 이용가능)', 60000, 2, 3, '일반객실, 기준 2인 (최대 3인) | 침실 1, 침대 2, 욕실 2, 최소 1박', 'https://search.pstatic.net/common/?autoRotate=true&quality=95&type=w750&src=https%3A%2F%2Fnaverbooking-phinf.pstatic.net%2F20240115_271%2F1705325279842sEkP6_JPEG%2F20240113_134754.jpg', 2, 'STANDARD', 2);
INSERT INTO room (accommodations_id, room_name, price, min_guests, max_guests, room_description, main_image_url, bathroom_count, room_type, bed_count) VALUES (113, '6인실 단체 도미토리 객실(6Bed)', 120000, 2, 9, '일반객실, 기준 6인 (최대 9인) | 침실 1, 침대 2, 욕실 1, 최소 1박', 'https://search.pstatic.net/common/?autoRotate=true&quality=95&type=w750&src=https%3A%2F%2Fnaverbooking-phinf.pstatic.net%2F20240522_62%2F1716379143271Q37QD_JPEG%2F01.jpg', 1, 'STANDARD', 2);

INSERT INTO accommodation (accommodations_id, accommodations_name, accommodations_category, accommodations_description, city, district, address_detail, latitude, longitude, transport_info, parking_info, phone, rating, review_count, source_url, source_platform, sns, check_in_time, check_out_time, short_description) VALUES (114, '제주 토다 게스트하우스', 'GUESTHOUSE', '*24년 11월 내부 수리를 위해 잠시 쉬어갑니다.\n추후 영업 재개시 예약 오픈하도록 하겠습니다!\n-\n파티없는 조용하고 소소한 게하입니다. 문의는 전화 주세요!\n\n-시간상관없이 체크인 전, 체크아웃 후 짐보관 가능\n (카운터 앞 보관,cctv작동중)\n- 제주공항 10분 거리,동문시장 도보 1분 최적의 위치\n- 한주훈요가원 도보 6분\n- 제주항(추자도 배타는 곳) 도보 20분\n- 동문시장 야시장 및 회센터 도보 2분 거리\n- 어디든 갈 수 있는 버스 정류장 도보 1분\n\n- 전 객실 공용 화장실 & 샤워실 (남여구분 O)\n- 치약, 샴푸, 바디워시, 린스, 샤워볼 구비\n- 개인 슬리퍼와 수건 제공\n- 전 객실 음식물 반입 금지!!\n- 체크인 23시 전 까지만 가능!!\n\n*주차장 없음(오토바이 주차가능)\n 동문시장 유료주차장 이용해주세요.(최대 만원)\n* 24시간 보안 카메라 작동 및 인근 1분 거리 경찰서 위치\n* 게스트하우스 주의사항 위반시 강제 퇴실 및 청소비 요구\n 조치가 이루어질 수 있습니다.\n (강제퇴실 시 환불되지않습니다.)\n\n제주시 일도1동 1145-1 (동문로 10)\n토다게스트하우스 (동천마트, 김경락 치과의원 건물 3층)', '제주', '제주시', '10 3층', 33.5127243, 126.5277935, '*동문시장 1번 게이트 입구 바로 오른편 위치*\n(동천 마트 왼편의 동문 시장 1번 게이트에서 오른편을 보시면 ''토다 게스트하우스'' 가 써져있는 입구가 보입니다!)\n\n* 버스 이용시 *\n- 공항 게이트 ''2번'' 으로 나오셔서 ''3번'' 버스 정류장을 이용 해주세요!\n- (325, 316, 326, 465번)을 타셔서 동문 시장 혹은 동문 로터리에서 하차 하시면 되십니다!\n\n* 택시 이용시 *\n- 택시 승강장에서 택시 탑승 후 (동문 로터리)로 가달라고 말씀 하시면 되십니다!', NULL, NULL, null, 839, 'https://map.naver.com/p/entry/place/31971274?c=15.00,0,0,0,dh&placePath=/room?entry=bmp&fromPanelNum=1&additionalHeight=76&timestamp=202512181253&locale=ko&svcName=map_pcv5&businessCategory=guesthouse&fromPanelNum=1&additionalHeight=76&timestamp=202512181253&locale=ko&svcName=map_pcv5&businessCategory=guesthouse&from=map', 'NAVER', 'Instagram: https://www.instagram.com/toda_jeju/', '15:00', '11:00', '청결한 시설과 실용적인 숙박의 만남');
INSERT INTO accommodation_theme (theme_id, accommodations_id) VALUES (1, 114);
INSERT INTO accommodation_amenity (amenity_id, accommodations_id) VALUES (10, 114);
INSERT INTO accommodation_amenity (amenity_id, accommodations_id) VALUES (5, 114);
INSERT INTO accommodation_amenity (amenity_id, accommodations_id) VALUES (6, 114);
INSERT INTO accommodation_amenity (amenity_id, accommodations_id) VALUES (4, 114);
INSERT INTO accommodation_amenity (amenity_id, accommodations_id) VALUES (15, 114);
INSERT INTO accommodation_amenity (amenity_id, accommodations_id) VALUES (3, 114);
INSERT INTO accommodation_amenity (amenity_id, accommodations_id) VALUES (1, 114);
INSERT INTO accommodation_amenity (amenity_id, accommodations_id) VALUES (7, 114);
INSERT INTO accommodation_image (accommodations_id, image_url, image_type, sort_order) VALUES (114, 'https://search.pstatic.net/common/?autoRotate=true&type=w560_sharpen&src=https%3A%2F%2Fldb-phinf.pstatic.net%2F20190418_78%2F15555749078475mdkY_JPEG%2FKakaoTalk_20190417_132330127_03.jpg', 'banner', 0);
INSERT INTO accommodation_image (accommodations_id, image_url, image_type, sort_order) VALUES (114, 'https://search.pstatic.net/common/?autoRotate=true&type=w278_sharpen&src=https%3A%2F%2Fldb-phinf.pstatic.net%2F20190423_21%2F1555993501913n7BHh_JPEG%2FKakaoTalk_20190422_073734958.jpg', 'detail', 1);
INSERT INTO accommodation_image (accommodations_id, image_url, image_type, sort_order) VALUES (114, 'https://search.pstatic.net/common/?autoRotate=true&type=w278_sharpen&src=https%3A%2F%2Fldb-phinf.pstatic.net%2F20190417_107%2F1555475047828DKwB7_JPEG%2FKakaoTalk_20190417_132330127_02.jpg', 'detail', 2);
INSERT INTO accommodation_image (accommodations_id, image_url, image_type, sort_order) VALUES (114, 'https://search.pstatic.net/common/?autoRotate=true&type=w278_sharpen&src=https%3A%2F%2Fldb-phinf.pstatic.net%2F20190418_132%2F1555574753625mjVBQ_JPEG%2FKakaoTalk_20190418_165333060.jpg', 'detail', 3);
INSERT INTO accommodation_image (accommodations_id, image_url, image_type, sort_order) VALUES (114, 'https://search.pstatic.net/common/?autoRotate=true&type=w278_sharpen&src=https%3A%2F%2Fldb-phinf.pstatic.net%2F20190417_236%2F1555480128655BWszb_JPEG%2FKakaoTalk_20190417_144356188.jpg', 'detail', 4);
INSERT INTO room (accommodations_id, room_name, price, min_guests, max_guests, room_description, main_image_url, bathroom_count, room_type, bed_count) VALUES (114, '2인실 (204, 205호)', 50000, 2, 2, '기준 2인 (최대 2인)', 'https://search.pstatic.net/common/?autoRotate=true&quality=95&type=w750&src=https%3A%2F%2Fldb-phinf.pstatic.net%2F20190420_161%2F1555722065470YcFCB_JPEG%2FsunXLYKh-RARudPEK7n_vcoT.jpg', 0, 'STANDARD', 0);

INSERT INTO accommodation (accommodations_id, accommodations_name, accommodations_category, accommodations_description, city, district, address_detail, latitude, longitude, transport_info, parking_info, phone, rating, review_count, source_url, source_platform, sns, check_in_time, check_out_time, short_description) VALUES (115, '제주 킴스캐빈 게스트하우스', 'GUESTHOUSE', '서귀포시 성산읍에 위치한 파티없는 조용한 숙소\n제주도 애견동반 가능한 펜션형 게스트하우스\n2인실/4인실/가족실\n\n제주올레1코스 안내소 옆\n제주시/서귀포시 시외버스 터미널에서\n201번 버스 타시고 시흥리 하차\n\n킴스캐빈은 버스정류장으로부터\n도보 10여분 거리에 위치합니다.\n눈.비 오거나 일몰 후 도착하시어\n전화주시면 버스정류장 픽업합니다.\n\n우도 배 타는 성산항과 성산일출봉이\n버스로 10분 거리에 위치하며\n주변에 섭지코지, 비자림, 만장굴 등\n다수의 관광지가 산재하여 있으며\n다랑쉬오름 용눈이오름 등이 가까이 있어\n오름투어에 좋은 숙소입니다', '제주', '서귀포시', '시흥상동로53번길 88-54', 33.4745041, 126.8866485, '제주공항에서 버스로 오실 경우\n공항에서 101/111번 버스를 타시고\n101번은 세화 환승정류장에서\n111번은 고성 환승정류장에서\n 201번을 갈아 타시고 시흥리에서 하차하시면 됩니다.\n저녁식사는 환승정류장 부근에서 하시는 것을 권합니다.', '주차가능', '0507-1408-5026', null, 111, 'https://map.naver.com/p/entry/place/33595825?c=15.00,0,0,0,dh&placePath=/room?entry=bmp&fromPanelNum=1&additionalHeight=76&timestamp=202512181253&locale=ko&svcName=map_pcv5&businessCategory=guesthouse&fromPanelNum=1&additionalHeight=76&timestamp=202512181253&locale=ko&svcName=map_pcv5&businessCategory=guesthouse&from=map', 'NAVER', NULL, '17:00', '10:00', NULL);
INSERT INTO accommodation_amenity (amenity_id, accommodations_id) VALUES (16, 115);
INSERT INTO accommodation_amenity (amenity_id, accommodations_id) VALUES (15, 115);
INSERT INTO accommodation_amenity (amenity_id, accommodations_id) VALUES (4, 115);
INSERT INTO accommodation_amenity (amenity_id, accommodations_id) VALUES (6, 115);
INSERT INTO accommodation_amenity (amenity_id, accommodations_id) VALUES (29, 115);
INSERT INTO accommodation_amenity (amenity_id, accommodations_id) VALUES (1, 115);
INSERT INTO accommodation_amenity (amenity_id, accommodations_id) VALUES (2, 115);
INSERT INTO accommodation_image (accommodations_id, image_url, image_type, sort_order) VALUES (115, 'https://search.pstatic.net/common/?autoRotate=true&type=w560_sharpen&src=https%3A%2F%2Fldb-phinf.pstatic.net%2F20160115_198%2F1452828560457cOSDU_JPEG%2F176065525937904_0.jpeg', 'banner', 0);
INSERT INTO accommodation_image (accommodations_id, image_url, image_type, sort_order) VALUES (115, 'https://search.pstatic.net/common/?autoRotate=true&type=w278_sharpen&src=https%3A%2F%2Fldb-phinf.pstatic.net%2F20160115_132%2F1452828560604d36pq_JPEG%2F176065525937904_1.jpeg', 'detail', 1);
INSERT INTO accommodation_image (accommodations_id, image_url, image_type, sort_order) VALUES (115, 'https://search.pstatic.net/common/?autoRotate=true&type=w278_sharpen&src=https%3A%2F%2Fldb-phinf.pstatic.net%2F20160115_115%2F1452828560892nm0r6_JPEG%2F176065525937904_2.jpeg', 'detail', 2);
INSERT INTO accommodation_image (accommodations_id, image_url, image_type, sort_order) VALUES (115, 'https://search.pstatic.net/common/?autoRotate=true&type=w278_sharpen&src=https%3A%2F%2Fldb-phinf.pstatic.net%2F20160115_60%2F1452828561085SiTkK_JPEG%2F176065525937904_3.jpeg', 'detail', 3);
INSERT INTO accommodation_image (accommodations_id, image_url, image_type, sort_order) VALUES (115, 'https://search.pstatic.net/common/?autoRotate=true&type=w278_sharpen&src=https%3A%2F%2Fldb-phinf.pstatic.net%2F20160115_71%2F1452828561223wBs9x_JPEG%2F176065525937904_4.jpeg', 'detail', 4);
INSERT INTO room (accommodations_id, room_name, price, min_guests, max_guests, room_description, main_image_url, bathroom_count, room_type, bed_count) VALUES (115, '2인실', 50000, 2, 4, '기준 2인 (최대 4인)', 'https://search.pstatic.net/common/?autoRotate=true&quality=95&type=w750&src=https%3A%2F%2Fnaverbooking-phinf.pstatic.net%2F20180209_259%2F1518148718712d6leT_JPEG%2F20180209_080923.jpg', 0, 'STANDARD', 0);
INSERT INTO room (accommodations_id, room_name, price, min_guests, max_guests, room_description, main_image_url, bathroom_count, room_type, bed_count) VALUES (115, '2인실 커플룸2', 90000, 2, 3, '기준 2인 (최대 3인)', 'https://search.pstatic.net/common/?autoRotate=true&quality=95&type=w750&src=https%3A%2F%2Fnaverbooking-phinf.pstatic.net%2F20160711_52%2F1468193317206kjsnu_JPEG%2FIMG_0028-1.jpg', 0, 'STANDARD', 0);

INSERT INTO accommodation (accommodations_id, accommodations_name, accommodations_category, accommodations_description, city, district, address_detail, latitude, longitude, transport_info, parking_info, phone, rating, review_count, source_url, source_platform, sns, check_in_time, check_out_time, short_description) VALUES (116, '제주 봉스테이 게스트하우스', 'GUESTHOUSE', '1~4인 개인실 (도미토리 아님)\n파티없음\n24시간 채크인 가능\n정원 및 테라스에서 바베큐 가능\n공용 주방\n환불규정은 채크인 한달 전까지 전액환불 됩니다\n한달부터 14일 전까지 50프로, 그 이후는 환불불가 입니다\n천재지변에 의한 환불은 50프로 적용됩니다', '제주', '제주시', '4', 33.4871623, 126.5994816, NULL, '주차가능\n무료', NULL, null, 3, 'https://map.naver.com/p/entry/place/37849263?c=15.00,0,0,0,dh&placePath=/information?entry=bmp&fromPanelNum=1&additionalHeight=76&timestamp=202512181254&locale=ko&svcName=map_pcv5&businessCategory=guesthouse&from=map&fromPanelNum=1&additionalHeight=76&timestamp=202512181254&locale=ko&svcName=map_pcv5&businessCategory=guesthouse', 'NAVER', NULL, NULL, NULL, NULL);
INSERT INTO accommodation_image (accommodations_id, image_url, image_type, sort_order) VALUES (116, 'https://search.pstatic.net/common/?autoRotate=true&type=w560_sharpen&src=https%3A%2F%2Fldb-phinf.pstatic.net%2F20171128_90%2F1511843393298g2Wpd_JPEG%2F20170408_181241-1.jpg', 'banner', 0);
INSERT INTO accommodation_image (accommodations_id, image_url, image_type, sort_order) VALUES (116, 'https://search.pstatic.net/common/?autoRotate=true&type=w278_sharpen&src=https%3A%2F%2Fldb-phinf.pstatic.net%2F20171128_117%2F151184339608299bxA_JPEG%2F20161219_191639.jpg', 'detail', 1);
INSERT INTO accommodation_image (accommodations_id, image_url, image_type, sort_order) VALUES (116, 'https://search.pstatic.net/common/?autoRotate=true&type=w278_sharpen&src=https%3A%2F%2Fldb-phinf.pstatic.net%2F20171128_243%2F15118433987938iKV4_JPEG%2F20160529_182721.jpg', 'detail', 2);
INSERT INTO accommodation_image (accommodations_id, image_url, image_type, sort_order) VALUES (116, 'https://search.pstatic.net/common/?autoRotate=true&type=w278_sharpen&src=https%3A%2F%2Fldb-phinf.pstatic.net%2F20171128_114%2F1511843401634sBv4I_JPEG%2F20170408_181606.jpg', 'detail', 3);
INSERT INTO accommodation_image (accommodations_id, image_url, image_type, sort_order) VALUES (116, 'https://search.pstatic.net/common/?autoRotate=true&type=w278_sharpen&src=https%3A%2F%2Fldb-phinf.pstatic.net%2F20171128_209%2F15118434043821HuUD_JPEG%2F20170408_182001.jpg', 'detail', 4);

INSERT INTO accommodation (accommodations_id, accommodations_name, accommodations_category, accommodations_description, city, district, address_detail, latitude, longitude, transport_info, parking_info, phone, rating, review_count, source_url, source_platform, sns, check_in_time, check_out_time, short_description) VALUES (117, '제주 푸른섬 게스트하우스', 'GUESTHOUSE', '아름다운 자전거 도로로 유명한 올레 4코스와 인접해 있는 편안한 쉼터. 서귀포, 성산 직행 가능한 버스정류장과 바닷가가 인근에 있음.(도보 1~2분 소요).\n6대 주차 가능, 120미터 앞에 해안도로와 해변이 있고 200미터 뒤에 매오름이 있음. 150미터 뒤에 1132번 제주도 해안일주도로 및 버스정류장이 있음.', '제주', '서귀포시', '민속해안로119번길 17 푸른섬게스트하우스', 33.3079428, 126.8124245, '※렌트카 이용시\n제주특별자치도 서귀포시 표선면 민속해안로 119번길 17\n제주특별자치도 서귀포시 표선면 표선리 2919번지\n\n※택시 이용시\n서귀포 방향 택시 탑승 표선리 한지동마을 노인회관(경로당)\n\n※버스 이용시\n성산에서 올 때\n > 701번 동일주 노선 타고 한지동 마을 정류장에서 내려 건너 마을 안쪽으로 들어 오세요\n서귀포시외버스터미널, 동문, 중앙 로터리, 산방산, 월드컵 경기장, 법환동, 남원, 위미 등에서 올때\n > 701번 동일주 노선 타고 한지동 마을 정류장에서 내려 마을 안쪽으로 들어 오세요.\n\n자세한 버스 환승 방법은 http://blog.naver.com/qkfroddl1/220352971041 에서 확인 가능합니다.', '주차가능\n무료', NULL, null, 39, 'https://map.naver.com/p/entry/place/530437814?c=15.00,0,0,0,dh&placePath=/room?entry=bmp&fromPanelNum=1&additionalHeight=76&timestamp=202512181255&locale=ko&svcName=map_pcv5&businessCategory=guesthouse&fromPanelNum=1&additionalHeight=76&timestamp=202512181255&locale=ko&svcName=map_pcv5&businessCategory=guesthouse&from=map', 'NAVER', 'Instagram: https://www.instagram.com/blueisland_house\nBlog: http://blog.naver.com/jejublueisland', '16:00', '11:00', NULL);
INSERT INTO accommodation_theme (theme_id, accommodations_id) VALUES (3, 117);
INSERT INTO accommodation_amenity (amenity_id, accommodations_id) VALUES (1, 117);
INSERT INTO accommodation_amenity (amenity_id, accommodations_id) VALUES (7, 117);
INSERT INTO accommodation_amenity (amenity_id, accommodations_id) VALUES (4, 117);
INSERT INTO accommodation_amenity (amenity_id, accommodations_id) VALUES (6, 117);
INSERT INTO accommodation_amenity (amenity_id, accommodations_id) VALUES (15, 117);
INSERT INTO accommodation_amenity (amenity_id, accommodations_id) VALUES (31, 117);
INSERT INTO accommodation_amenity (amenity_id, accommodations_id) VALUES (10, 117);
INSERT INTO accommodation_image (accommodations_id, image_url, image_type, sort_order) VALUES (117, 'https://search.pstatic.net/common/?autoRotate=true&type=w560_sharpen&src=https%3A%2F%2Fldb-phinf.pstatic.net%2F20170615_40%2F1497505166911ALYdH_JPEG%2F186564613360083_0.jpeg', 'banner', 0);
INSERT INTO accommodation_image (accommodations_id, image_url, image_type, sort_order) VALUES (117, 'https://search.pstatic.net/common/?autoRotate=true&type=w278_sharpen&src=https%3A%2F%2Fldb-phinf.pstatic.net%2F20170615_98%2F1497505167105pb7ea_JPEG%2F186564613360083_1.jpeg', 'detail', 1);
INSERT INTO accommodation_image (accommodations_id, image_url, image_type, sort_order) VALUES (117, 'https://search.pstatic.net/common/?autoRotate=true&type=w278_sharpen&src=https%3A%2F%2Fldb-phinf.pstatic.net%2F20170615_163%2F1497505167217aQfgg_JPEG%2F186564613360083_2.jpeg', 'detail', 2);
INSERT INTO accommodation_image (accommodations_id, image_url, image_type, sort_order) VALUES (117, 'https://search.pstatic.net/common/?autoRotate=true&type=w278_sharpen&src=https%3A%2F%2Fldb-phinf.pstatic.net%2F20170615_147%2F1497505167322C4Ba7_JPEG%2F186564613360083_3.jpeg', 'detail', 3);
INSERT INTO accommodation_image (accommodations_id, image_url, image_type, sort_order) VALUES (117, 'https://search.pstatic.net/common/?autoRotate=true&type=w278_sharpen&src=https%3A%2F%2Fldb-phinf.pstatic.net%2F20170615_195%2F14975051674205CUxf_JPEG%2F186564613360083_4.jpeg', 'detail', 4);
INSERT INTO room (accommodations_id, room_name, price, min_guests, max_guests, room_description, main_image_url, bathroom_count, room_type, bed_count) VALUES (117, '커플룸', 70000, 2, 4, '기준 2인 (최대 4인)', 'https://search.pstatic.net/common/?autoRotate=true&quality=95&type=w750&src=https%3A%2F%2Fldb-phinf.pstatic.net%2F20250629_165%2F17511736813820ei59_JPEG%2F1000025679.jpg', 0, 'STANDARD', 0);
INSERT INTO room (accommodations_id, room_name, price, min_guests, max_guests, room_description, main_image_url, bathroom_count, room_type, bed_count) VALUES (117, '패밀리룸', 90000, 2, 6, '기준 4인 (최대 6인)', 'https://search.pstatic.net/common/?autoRotate=true&quality=95&type=w750&src=https%3A%2F%2Fldb-phinf.pstatic.net%2F20170614_9%2F1497440553507Uq2aR_JPEG%2F7b4980d3-51c5-4a9d-befd-46f60dc2739a.jpeg', 0, 'STANDARD', 0);

INSERT INTO accommodation (accommodations_id, accommodations_name, accommodations_category, accommodations_description, city, district, address_detail, latitude, longitude, transport_info, parking_info, phone, rating, review_count, source_url, source_platform, sns, check_in_time, check_out_time, short_description) VALUES (118, '제주 펜션정원 게스트하우스', 'GUESTHOUSE', '초가 정원의 첫 자랑은, 조용한 주변 산책 길이예요.\n옛 제주도 정의현의 도읍지였던 성읍민속마을 길은 고즈넉하고 고풍스럽습니다. 아침저녁으로 계절에 따라 들려오는 자연의 소리와 사랑하는 사람과 함께 걸으면 잊을 수 없는 추억이 쌓인답니다.\n전통 초가와 쾌적한 대청마루로 이루어진 초가 정원은, 실내는 현대식으로 구성되어 편리한 시설로 갖춰줘 있고 너른 잔디마당으로 반려견과 함께 독채로 사용하 실 수 있어서 복잡하고 불편했던 일상에서 벗어나 한동안 조용하고 건강하게 힐링 하 실 수 있으리라 생각합니다. 계획했던 일들에서, 스트레스 받았던 모든 것들에서, 잠시 내려놓으시고 가족 또는 커플, 친구 사랑하는 사람과 함께 소중한 시간 보내셨으면 좋겠네요.\n문의 사항은 에어비앤비나 카카오톡채널로 문의주세요 ^ ^\n\n(https://abnb.me/PD5VpL2Uhyb)\n(http://pf.kakao.com/_GxfAUxj)', '제주', '서귀포시', '성읍정의현로56번길 25 초가정원', null, null, '표선 성읍민속촌 정의골 동문으로 오시면 됩니다 ^^', '주차가능\n무료', '0507-1452-0543', null, 35, 'https://map.naver.com/p/entry/place/854530643?c=15.00,0,0,0,dh&placePath=/information?entry=bmp&fromPanelNum=1&additionalHeight=76&timestamp=202512181255&locale=ko&svcName=map_pcv5&businessCategory=guesthouse&from=map&fromPanelNum=1&additionalHeight=76&timestamp=202512181255&locale=ko&svcName=map_pcv5&businessCategory=guesthouse', 'NAVER', 'Instagram: https://www.instagram.com/1220jjanga?igsh=bXczZDczeXUyYTYx', NULL, NULL, NULL);
INSERT INTO accommodation_amenity (amenity_id, accommodations_id) VALUES (36, 118);
INSERT INTO accommodation_amenity (amenity_id, accommodations_id) VALUES (12, 118);
INSERT INTO accommodation_amenity (amenity_id, accommodations_id) VALUES (13, 118);
INSERT INTO accommodation_amenity (amenity_id, accommodations_id) VALUES (38, 118);
INSERT INTO accommodation_image (accommodations_id, image_url, image_type, sort_order) VALUES (118, 'https://search.pstatic.net/common/?autoRotate=true&type=w560_sharpen&src=https%3A%2F%2Fldb-phinf.pstatic.net%2F20251120_39%2F17635918350112UpmO_JPEG%2F1000038126.jpg', 'banner', 0);
INSERT INTO accommodation_image (accommodations_id, image_url, image_type, sort_order) VALUES (118, 'https://search.pstatic.net/common/?autoRotate=true&type=w278_sharpen&src=https%3A%2F%2Fldb-phinf.pstatic.net%2F20230315_294%2F16788872382716wKdj_JPEG%2F1678887102530.jpg', 'detail', 1);
INSERT INTO accommodation_image (accommodations_id, image_url, image_type, sort_order) VALUES (118, 'https://search.pstatic.net/common/?autoRotate=true&type=w278_sharpen&src=https%3A%2F%2Fldb-phinf.pstatic.net%2F20230315_238%2F1678887259773eiLEq_JPEG%2F1678887102664.jpg', 'detail', 2);
INSERT INTO accommodation_image (accommodations_id, image_url, image_type, sort_order) VALUES (118, 'https://search.pstatic.net/common/?autoRotate=true&type=w278_sharpen&src=https%3A%2F%2Fldb-phinf.pstatic.net%2F20230315_151%2F1678887143523ALghw_JPEG%2F1678887103066.jpg', 'detail', 3);
INSERT INTO accommodation_image (accommodations_id, image_url, image_type, sort_order) VALUES (118, 'https://search.pstatic.net/common/?autoRotate=true&type=w278_sharpen&src=https%3A%2F%2Fldb-phinf.pstatic.net%2F20230315_11%2F1678887244156kiAki_JPEG%2F1678887102576.jpg', 'detail', 4);

INSERT INTO accommodation (accommodations_id, accommodations_name, accommodations_category, accommodations_description, city, district, address_detail, latitude, longitude, transport_info, parking_info, phone, rating, review_count, source_url, source_platform, sns, check_in_time, check_out_time, short_description) VALUES (119, '서귀포 알스테이', 'GUESTHOUSE', '우리집은 서울역, 종로 인사동, 제주시에 지점이 있는 게스트하우스입니다.\n한국을 찾는 외국여행객들에게 한국여행의 즐거움을 드리고자 합니다.\n아랑조울 먹자골목 입구, 올레시장, 서귀포시내에 있어서 밤늦게까지 서귀포 관광을 즐기기에 좋습니다. 공항 리무진버스 정류소가 걸어서 1분 거리에 있어서 공항으로 이동도 편리합니다.\n서귀포항까지 걸어서 5~10분거리로 가벼운 산책을 겸한 운동을 추천드립니다.', '제주', '서귀포시', '14 알 스테이', null, null, '제주공항에서 공항리무진버스(600번)를 타고 오시면 됩니다.\n서귀포시내(아랑조율거리 입구), 먹자골목과 올레시장까지 걸어서 1~3분 거리에 있고 이중섭거리, 서귀포항, 정방폭포, 세연교,...서귀포 시내 관광지가 걸어서 다 갈수 있는 곳에 있습니다.\n여유로운 제주, 서귀포 관광을 자동차 없이 즐겨보세요.', '주차가능', '0507-1324-5477', null, 0, 'https://map.naver.com/p/search/%EC%84%9C%EA%B7%80%ED%8F%AC+%EC%95%8C%EC%8A%A4%ED%85%8C%EC%9D%B4/place/1533118679?isCorrectAnswer=true&c=15.00,0,0,0,dh&placePath=/information?fromPanelNum=1&additionalHeight=76&timestamp=202512181256&locale=ko&svcName=map_pcv5&searchText=%EC%84%9C%EA%B7%80%ED%8F%AC%2B%EC%95%8C%EC%8A%A4%ED%85%8C%EC%9D%B4&businessCategory=motel&fromPanelNum=1&additionalHeight=76&timestamp=202512181256&locale=ko&svcName=map_pcv5&searchText=%EC%84%9C%EA%B7%80%ED%8F%AC%2B%EC%95%8C%EC%8A%A4%ED%85%8C%EC%9D%B4&businessCategory=motel', 'NAVER', NULL, NULL, NULL, NULL);
INSERT INTO accommodation_theme (theme_id, accommodations_id) VALUES (1, 119);
INSERT INTO accommodation_amenity (amenity_id, accommodations_id) VALUES (1, 119);
INSERT INTO accommodation_image (accommodations_id, image_url, image_type, sort_order) VALUES (119, 'https://search.pstatic.net/common/?autoRotate=true&quality=95&type=w750&src=https%3A%2F%2Fldb-phinf.pstatic.net%2F20231226_29%2F1703552042628BKAuG_JPEG%2F%25C0%25FC%25B0%25E6%25BB%25E7%25C1%25F8.jpg', 'banner', 0);

INSERT INTO accommodation (accommodations_id, accommodations_name, accommodations_category, accommodations_description, city, district, address_detail, latitude, longitude, transport_info, parking_info, phone, rating, review_count, source_url, source_platform, sns, check_in_time, check_out_time, short_description) VALUES (120, '제주 김녕 기억 게스트하우스', 'GUESTHOUSE', '<김녕기억>\n\n1. 숙소 소개\n- 제주에서 오랫동안 지내온 청년부부가 운영하는 숙소랍니다.\n- 김녕마을에 대한 이야기를 가득담고 있는 공간이랍니다.\n- 1층에는 저희 부부와 한 평생 김녕마을에서 살아오신 부모님과 강아지 2마리가 같이 지내고 있어요.\n- 2층은 숙소로 운영하고 있고, 매일 5명의 게스트만 모시고 있어요. 조용한 제주마을 여행을 하고 싶은 분들을 위한 숙소랍니다\n\n2. 시설 안내\n- 1층, 지하 : 공용카페공간으로, 게스트분들 모두가 즐길 수 있는 공간입니다.\n- 2층 : 공용 주방과 김녕마을과 바다가보이는 거실이 있답니다.\n- 옥상 : 루프탑에서는 김녕마을 전체를 볼 수 있어요. 당연히 노을과 아침일출을 볼 수 있답니다.\n-지하 : 빔프로젝트가 설치되어 있어서\n영화나 예능 유튜브 등을 자유롭게 보실 수 있어요.\n\n3. 주변 안내\n- 도보 3분내에 식당, 편의점, 코인세탁방, 마트, 보건소, 병원, 급행버스 정류장이 있답니다.\n- 김녕주변 맛집은 매번 업데이트하여 문자로 링크를 보내드립니다.\n- 김녕해수욕장과 바다가 도보로 5분~10분내에 위치해 있답니다. 산책으로 가보시면 좋을 곳도 문자로 보내드려요.\n\n4. 이용 안내\n- 입실 당일에 링크를 통해서 입실 안내를 도와드립니다.\n- 루프탑 전망대, 바다뷰 거실까지 모든 공간을 자유롭게 이용하실 수 있습니다.\n\n5. 조식 및 물품 안내\n- 조식은 셀프로 이용하여, 시간의 부담 없이 조식을 이용하실 수 있어요.\n- 샴푸, 린스, 바디워시, 치약, 수건, 폼클렌징, 토너, 크림, 클렌징워터, 남성 여성 청결제, 풋샴푸 모두 완비되어 있어요.\n- 무선충전기가 준비되어 있어요.\n- 거실에 비상약들이 준비되어 있어요.\n- 주방에서 간단한 요리를 직접 조리하실 수 있게 냉장고와 주방도구가 마련되어 있어요.', '제주', '제주시', '김녕로11길 16', 33.5558135, 126.7498896, NULL, '주차가능\n무료', '0507-1428-4033', null, 613, 'https://map.naver.com/p/search/%EC%A0%9C%EC%A3%BC+%EA%B9%80%EB%85%95+%EA%B8%B0%EC%96%B5+%EA%B2%8C%EC%8A%A4%ED%8A%B8%ED%95%98%EC%9A%B0%EC%8A%A4/place/1264288748?isCorrectAnswer=true&c=15.00,0,0,0,dh&placePath=/room?fromPanelNum=1&additionalHeight=76&timestamp=202512181256&locale=ko&svcName=map_pcv5&searchText=%EC%A0%9C%EC%A3%BC%2B%EA%B9%80%EB%85%95%2B%EA%B8%B0%EC%96%B5%2B%EA%B2%8C%EC%8A%A4%ED%8A%B8%ED%95%98%EC%9A%B0%EC%8A%A4&businessCategory=guesthouse&additionalHeight=76&timestamp=202512181256&locale=ko&svcName=map_pcv5&searchText=%EC%A0%9C%EC%A3%BC%2B%EA%B9%80%EB%85%95%2B%EA%B8%B0%EC%96%B5%2B%EA%B2%8C%EC%8A%A4%ED%8A%B8%ED%95%98%EC%9A%B0%EC%8A%A4&businessCategory=guesthouse&fromPanelNum=1', 'NAVER', 'Blog: https://blog.naver.com/rememberinjeju\nInstagram: http://www.instagram.com/remember_injeju', '17:00', '11:00', '아름다운 뷰와 조용한 마을의 휴식');
INSERT INTO accommodation_theme (theme_id, accommodations_id) VALUES (3, 120);
INSERT INTO accommodation_theme (theme_id, accommodations_id) VALUES (1, 120);
INSERT INTO accommodation_amenity (amenity_id, accommodations_id) VALUES (4, 120);
INSERT INTO accommodation_amenity (amenity_id, accommodations_id) VALUES (6, 120);
INSERT INTO accommodation_amenity (amenity_id, accommodations_id) VALUES (2, 120);
INSERT INTO accommodation_amenity (amenity_id, accommodations_id) VALUES (3, 120);
INSERT INTO accommodation_amenity (amenity_id, accommodations_id) VALUES (7, 120);
INSERT INTO accommodation_amenity (amenity_id, accommodations_id) VALUES (9, 120);
INSERT INTO accommodation_image (accommodations_id, image_url, image_type, sort_order) VALUES (120, 'https://search.pstatic.net/common/?autoRotate=true&type=w560_sharpen&src=https%3A%2F%2Fldb-phinf.pstatic.net%2F20200327_173%2F15852401232272d9px_JPEG%2FKakaoTalk_20200326_111711240.jpg', 'banner', 0);
INSERT INTO accommodation_image (accommodations_id, image_url, image_type, sort_order) VALUES (120, 'https://search.pstatic.net/common/?autoRotate=true&type=w278_sharpen&src=https%3A%2F%2Fldb-phinf.pstatic.net%2F20230730_62%2F1690699090405gHDWT_JPEG%2FKakaoTalk_20230730_143642727.jpg', 'detail', 1);
INSERT INTO accommodation_image (accommodations_id, image_url, image_type, sort_order) VALUES (120, 'https://search.pstatic.net/common/?autoRotate=true&type=w278_sharpen&src=https%3A%2F%2Fldb-phinf.pstatic.net%2F20230730_290%2F1690699090378CVvT1_JPEG%2FKakaoTalk_20230730_143642727_01.jpg', 'detail', 2);
INSERT INTO accommodation_image (accommodations_id, image_url, image_type, sort_order) VALUES (120, 'https://search.pstatic.net/common/?autoRotate=true&type=w278_sharpen&src=https%3A%2F%2Fldb-phinf.pstatic.net%2F20230730_63%2F1690699090316GFXhy_JPEG%2FKakaoTalk_20230730_143642727_02.jpg', 'detail', 3);
INSERT INTO accommodation_image (accommodations_id, image_url, image_type, sort_order) VALUES (120, 'https://search.pstatic.net/common/?autoRotate=true&type=w278_sharpen&src=https%3A%2F%2Fldb-phinf.pstatic.net%2F20230730_71%2F1690699090372riQfn_JPEG%2FKakaoTalk_20230730_143642727_03.jpg', 'detail', 4);
INSERT INTO room (accommodations_id, room_name, price, min_guests, max_guests, room_description, main_image_url, bathroom_count, room_type, bed_count) VALUES (120, '지인추천 또는 재방문자 할인', 25000, 2, 2, '일반객실, 기준 1인 (최대 2인) | 침실 1, 침대 2, 욕실 1, 최소 1박', 'https://search.pstatic.net/common/?autoRotate=true&quality=95&type=w750&src=https%3A%2F%2Fnaverbooking-phinf.pstatic.net%2F20200719_137%2F1595084460825CuEPg_JPEG%2F20181123_164719.jpg', 1, 'STANDARD', 2);
INSERT INTO room (accommodations_id, room_name, price, min_guests, max_guests, room_description, main_image_url, bathroom_count, room_type, bed_count) VALUES (120, '당일 잔여객실 예약 (랜덤 배정/당일예약자만 이용가능)', 25000, 2, 2, '일반객실, 기준 1인 (최대 2인) | 침실 1, 침대 2, 욕실 1, 최소 1박', 'https://search.pstatic.net/common/?autoRotate=true&quality=95&type=w750&src=https%3A%2F%2Fnaverbooking-phinf.pstatic.net%2F20200719_27%2F1595084460322wSMji_JPEG%2F20180911_184922.jpg', 1, 'STANDARD', 2);
INSERT INTO room (accommodations_id, room_name, price, min_guests, max_guests, room_description, main_image_url, bathroom_count, room_type, bed_count) VALUES (120, '(네이버PAY)여성2인실(오션뷰,개별화장실)', 30000, 2, 2, '일반객실, 기준 1인 (최대 2인) | 침실 1, 침대 2, 욕실 1, 최소 1박', 'https://search.pstatic.net/common/?autoRotate=true&quality=95&type=w750&src=https%3A%2F%2Fnaverbooking-phinf.pstatic.net%2F20201126_102%2F1606376300644TBmxe_JPEG%2Fphoto_2020-11-26_16-34-24.jpg', 1, 'STANDARD', 2);
INSERT INTO room (accommodations_id, room_name, price, min_guests, max_guests, room_description, main_image_url, bathroom_count, room_type, bed_count) VALUES (120, '여성2인실 (오션뷰,파우더룸,개인화장실)', 30000, 2, 2, '일반객실, 기준 1인 (최대 2인) | 침실 1, 침대 2, 욕실 1, 최소 1박', 'https://search.pstatic.net/common/?autoRotate=true&quality=95&type=w750&src=https%3A%2F%2Fnaverbooking-phinf.pstatic.net%2F20201126_102%2F1606376300644TBmxe_JPEG%2Fphoto_2020-11-26_16-34-24.jpg', 1, 'STANDARD', 2);
INSERT INTO room (accommodations_id, room_name, price, min_guests, max_guests, room_description, main_image_url, bathroom_count, room_type, bed_count) VALUES (120, '(네이버PAY) 남성2인실 (오션뷰)', 30000, 2, 2, '일반객실, 기준 1인 (최대 2인) | 침실 1, 침대 2, 욕실 1, 최소 1박', 'https://search.pstatic.net/common/?autoRotate=true&quality=95&type=w750&src=https%3A%2F%2Fnaverbooking-phinf.pstatic.net%2F20201126_300%2F1606376474168TpYRd_JPEG%2Fphoto_2020-11-26_16-34-44.jpg', 1, 'STANDARD', 2);
INSERT INTO room (accommodations_id, room_name, price, min_guests, max_guests, room_description, main_image_url, bathroom_count, room_type, bed_count) VALUES (120, '남성2인실 (오션뷰)', 30000, 2, 2, '일반객실, 기준 1인 (최대 2인) | 침실 1, 침대 2, 욕실 1, 최소 1박', 'https://search.pstatic.net/common/?autoRotate=true&quality=95&type=w750&src=https%3A%2F%2Fnaverbooking-phinf.pstatic.net%2F20201126_300%2F1606376474168TpYRd_JPEG%2Fphoto_2020-11-26_16-34-44.jpg', 1, 'STANDARD', 2);
INSERT INTO room (accommodations_id, room_name, price, min_guests, max_guests, room_description, main_image_url, bathroom_count, room_type, bed_count) VALUES (120, '(네이버PAY)1인실_개인룸', 30000, 2, 1, '일반객실, 기준 1인 (최대 1인) | 침실 1, 침대 1, 욕실 1, 최소 1박', 'https://search.pstatic.net/common/?autoRotate=true&quality=95&type=w750&src=https%3A%2F%2Fnaverbooking-phinf.pstatic.net%2F20241223_42%2F1734943731390XRzsd_JPEG%2FKakaoTalk_20241223_155140198.jpg', 1, 'STANDARD', 1);
INSERT INTO room (accommodations_id, room_name, price, min_guests, max_guests, room_description, main_image_url, bathroom_count, room_type, bed_count) VALUES (120, '1인실_개인룸', 30000, 2, 1, '일반객실, 기준 1인 (최대 1인) | 침실 1, 침대 1, 욕실 1, 최소 1박', 'https://search.pstatic.net/common/?autoRotate=true&quality=95&type=w750&src=https%3A%2F%2Fnaverbooking-phinf.pstatic.net%2F20241223_114%2F1734943698188QcsGP_JPEG%2FKakaoTalk_20241223_155140198.jpg', 1, 'STANDARD', 1);

INSERT INTO accommodation (accommodations_id, accommodations_name, accommodations_category, accommodations_description, city, district, address_detail, latitude, longitude, transport_info, parking_info, phone, rating, review_count, source_url, source_platform, sns, check_in_time, check_out_time, short_description) VALUES (121, '제주 바다와자전거 게스트하우스', 'GUESTHOUSE', '오픈 기념 리뷰 이벤트 !!\n\n전 객실 오션 뷰, 해안 도로 바로 앞 가성비 게스트하우스\n자유로운 체크인과 늦은 체크아웃 !\n올레길 15~16코스를 품고 있는 명소\n1층 공용공간에서 120인치 스크린으로 누구나 즐길 수 있는\n플스 5, 영화, OTT, 음악 감상과 다양한 보드게임 !\n바로 옆 24시 편의점과 도보로 이용 가능한 맛집 등\n애월 고내 최고의 위치 ! !\n\n메이드 게스트하우스 숙지사항\n- 타인을 위해 과한 소음은 자제해 주세요.\n- 각 객실마다 화장실이 있습니다.\n- 만취하신 분은 입실이 제한됩니다.\n- 소음에 예민하신 분은 예약을 자제해 주세요.\n- 2층 도미토리는 남성, 3층 도미토리는 여성 전용 객실입니다.\n- 객실 내 취식 및 음주는 ''절대 금지''입니다.\n- 미성년자는 보호자 동의가 필요합니다. 체크인 하실 때 동의서(프린트)가 없을 경우 숙박을 하실 수 없습니다\n(*미성년자일 경우 예약 할 때 꼭 알려주세요.)\n\n* 체크인 / 체크아웃\n- 체크인 : 16시 (오후 4시) ~ 23시 (오후 11시)\n- 체크아웃 : 오후 12시\n* 다음 게스트를 위한 준비 시간입니다. 체크인, 체크아웃 시간을 지켜주세요.\n* 저녁 11시 체크인 마감시간 이후 체크인이 불가합니다. (비행기 연착 시, 미리 연락 주시면 조율해 드립니다)\n* 연박 이용하시는 경우 12~16시에는 청소로 인해 객실을 비워주셔야 합니다.\n\n* 서비스안내\n- 샴푸, 린스, 바디워시, 폼클렌징\n- 수건 : 기본 1인 1장 제공 (요청 시 추가 제공, 1층 카운터)\n- 각 객실 드라이기, 전신 거울, 소형 냉장고, 에어컨, 난방, 와이파이\n- 휴대폰 충전기 (요청 시 대여, 1층 카운터)\n- 전기장판 (요청 시 대여)\n\n* 시설안내\n- CCTV 건물 내부, 외부, 주차장, 객실 복도, 1층 공용공간 (펍) 24시간 녹화\n- 공용 공간 : 1층 펍 (저녁 파티, 일반취식, 정수기 등)\n\n1층 펍 : 02시 마감\n* 게스트 하우스 사정상 파티 진행이 불가할 경우 포틀럭 파티로 대체됩니다.\n* 펍 마감 시간은 상황에 따라 달라질 수 있습니다. !!!\n- 주류 면허가 등록되어 있어 주류, 음료 반입은 불가능 한 점 참고 부탁드립니다.\n (음식물은 반입 가능합니다)\n\n* 위치안내\n- 주소 : 제주시 애월읍 고내로9길 42\n- 주차 : 게스트하우스 앞 이용\n- 차량 : 공항에서 20분 ~ 25분\n- 대중교통 이용 제주공항에서 오시는 방법\n* 공항버스 : 공항 4번 버스정류장 (대정, 화순, 일주서로) 에서 102번 버스 탑승 후\n 애월고등학교 정류장 하차 . 도보 5분\n* 버스 : 795번 고내포구 하차 , 도보 1분\n 102번 , 202번 ( 202-1 ,202-2 ) , 270번 , 793-1 , 794-1 고내리 하차 , 도보 5분', '제주', '제주시', '고내로9길 42 2층, 3층', 33.4666814, 126.3381164, '* 위치안내\n- 주소 : 제주시 애월읍 고내로9길 42\n- 주차 : 게스트하우스 앞 이용\n- 차량 : 공항에서 20분 ~ 25분\n- 대중교통 이용 제주공항에서 오시는 방법\n* 공항버스 : 공항 4번 버스정류장 (대정, 화순, 일주서로) 에서 102번 버스 탑승 후 애월고등학교 정류장 하차 . 도보 5분\n* 버스 : 795번 고내포구 하차 , 도보 1분\n 102번 , 202번 ( 202-1 ,202-2 ) , 270번 , 793-1 , 794-1\n 고내리 하차 , 도보 5분', '주차가능\n무료\n버스 : 270번, 202번 고내리정류장 하차 후 도보 5분 795번 고내포구정류장 하차 후 도보 1분 102번 애 월고등학교 하차 후 도보 5분 등 주차는 건물 앞 무료주차 가능합니다. 제주시 애월읍 고내로9길 42 메이드 ...', '0507-1497-2331', null, 279, 'https://map.naver.com/p/search/%EC%A0%9C%EC%A3%BC+%EB%B0%94%EB%8B%A4%EC%99%80%EC%9E%90%EC%A0%84%EA%B1%B0+%EA%B2%8C%EC%8A%A4%ED%8A%B8%ED%95%98%EC%9A%B0%EC%8A%A4/place/1121595829?c=8.00,0,0,0,dh&placePath=/room?entry=pll&fromPanelNum=2&timestamp=202512181256&locale=ko&svcName=map_pcv5&searchText=%EC%A0%9C%EC%A3%BC%2B%EB%B0%94%EB%8B%A4%EC%99%80%EC%9E%90%EC%A0%84%EA%B1%B0%2B%EA%B2%8C%EC%8A%A4%ED%8A%B8%ED%95%98%EC%9A%B0%EC%8A%A4&businessCategory=guesthouse&fromPanelNum=2&timestamp=202512181256&locale=ko&svcName=map_pcv5&searchText=%EC%A0%9C%EC%A3%BC%2B%EB%B0%94%EB%8B%A4%EC%99%80%EC%9E%90%EC%A0%84%EA%B1%B0%2B%EA%B2%8C%EC%8A%A4%ED%8A%B8%ED%95%98%EC%9A%B0%EC%8A%A4&businessCategory=guesthouse&from=map', 'NAVER', 'Instagram: https://www.instagram.com/made_baza', '16:00', '12:00', '깔끔한 숙소에서 바다 뷰를 즐기며 휴식');
INSERT INTO accommodation_theme (theme_id, accommodations_id) VALUES (1, 121);
INSERT INTO accommodation_amenity (amenity_id, accommodations_id) VALUES (5, 121);
INSERT INTO accommodation_amenity (amenity_id, accommodations_id) VALUES (6, 121);
INSERT INTO accommodation_amenity (amenity_id, accommodations_id) VALUES (15, 121);
INSERT INTO accommodation_amenity (amenity_id, accommodations_id) VALUES (1, 121);
INSERT INTO accommodation_amenity (amenity_id, accommodations_id) VALUES (7, 121);
INSERT INTO accommodation_amenity (amenity_id, accommodations_id) VALUES (8, 121);
INSERT INTO accommodation_image (accommodations_id, image_url, image_type, sort_order) VALUES (121, 'https://search.pstatic.net/common/?autoRotate=true&type=w560_sharpen&src=https%3A%2F%2Fldb-phinf.pstatic.net%2F20250402_147%2F1743586467227Yy7p7_JPEG%2FKakaoTalk_20250331_170649631_01.jpg', 'banner', 0);
INSERT INTO accommodation_image (accommodations_id, image_url, image_type, sort_order) VALUES (121, 'https://search.pstatic.net/common/?autoRotate=true&type=w278_sharpen&src=https%3A%2F%2Fldb-phinf.pstatic.net%2F20250402_160%2F174358646725202vuv_JPEG%2FKakaoTalk_20250331_170649631_02.jpg', 'detail', 1);
INSERT INTO accommodation_image (accommodations_id, image_url, image_type, sort_order) VALUES (121, 'https://search.pstatic.net/common/?autoRotate=true&type=w278_sharpen&src=https%3A%2F%2Fldb-phinf.pstatic.net%2F20250402_255%2F17435864672960xDJy_JPEG%2FKakaoTalk_20250331_173148601_03.jpg', 'detail', 2);
INSERT INTO accommodation_image (accommodations_id, image_url, image_type, sort_order) VALUES (121, 'https://search.pstatic.net/common/?autoRotate=true&type=w278_sharpen&src=https%3A%2F%2Fldb-phinf.pstatic.net%2F20250402_296%2F1743586467281De3Ll_JPEG%2FKakaoTalk_20250331_173148601.jpg', 'detail', 3);
INSERT INTO accommodation_image (accommodations_id, image_url, image_type, sort_order) VALUES (121, 'https://search.pstatic.net/common/?autoRotate=true&type=w278_sharpen&src=https%3A%2F%2Fldb-phinf.pstatic.net%2F20250402_20%2F1743586467294233W7_JPEG%2FKakaoTalk_20250331_173148601_01.jpg', 'detail', 4);
INSERT INTO room (accommodations_id, room_name, price, min_guests, max_guests, room_description, main_image_url, bathroom_count, room_type, bed_count) VALUES (121, '[리뷰 Event]남성 도미토리 202호', 22000, 2, 8, '공용객실, 기준 1인 (최대 8인) | 침실 1, 침대 4, 욕실 1, 최소 1박', 'https://search.pstatic.net/common/?autoRotate=true&quality=95&type=w750&src=https%3A%2F%2Fnaverbooking-phinf.pstatic.net%2F20250408_258%2F1744105830601ACwzS_JPEG%2F1%25C3%25FE_%25281%2529.jpg', 1, 'STANDARD', 4);
INSERT INTO room (accommodations_id, room_name, price, min_guests, max_guests, room_description, main_image_url, bathroom_count, room_type, bed_count) VALUES (121, '[리뷰 Event] 여성 도미토리 302호', 22000, 2, 8, '공용객실, 기준 1인 (최대 8인) | 침실 1, 침대 4, 욕실 1, 최소 1박', 'https://search.pstatic.net/common/?autoRotate=true&quality=95&type=w750&src=https%3A%2F%2Fnaverbooking-phinf.pstatic.net%2F20250408_216%2F1744107282429i2rL0_JPEG%2F1%25C3%25FE_%25281%2529.jpg', 1, 'STANDARD', 4);
INSERT INTO room (accommodations_id, room_name, price, min_guests, max_guests, room_description, main_image_url, bathroom_count, room_type, bed_count) VALUES (121, '[리뷰 Event] 트윈룸 2호', 65000, 2, 4, '일반객실, 기준 2인 (최대 4인) | 침실 1, 침대 2, 욕실 1, 최소 1박', 'https://search.pstatic.net/common/?autoRotate=true&quality=95&type=w750&src=https%3A%2F%2Fnaverbooking-phinf.pstatic.net%2F20250408_172%2F1744107781042MzIKN_JPEG%2F1%25C3%25FE_%25281%2529.jpg', 1, 'STANDARD', 2);
INSERT INTO room (accommodations_id, room_name, price, min_guests, max_guests, room_description, main_image_url, bathroom_count, room_type, bed_count) VALUES (121, '[리뷰 Event] 트윈룸 1호', 65000, 2, 4, '일반객실, 기준 2인 (최대 4인) | 침실 1, 침대 2, 욕실 1, 최소 1박', 'https://search.pstatic.net/common/?autoRotate=true&quality=95&type=w750&src=https%3A%2F%2Fnaverbooking-phinf.pstatic.net%2F20250408_48%2F1744108538555v47D8_JPEG%2F1%25C3%25FE_%25282%2529.jpg', 1, 'STANDARD', 2);

INSERT INTO accommodation (accommodations_id, accommodations_name, accommodations_category, accommodations_description, city, district, address_detail, latitude, longitude, transport_info, parking_info, phone, rating, review_count, source_url, source_platform, sns, check_in_time, check_out_time, short_description) VALUES (122, '제주 올레낭 펜션&게스트하우스', 'GUESTHOUSE', '[통나무집]\n한국 포크음악계의 대부로 불리는 싱어송라이터 고 조동진님이 한때 부인과 함께 휴양차 머물기도 했었고,\n ''효리네 민박'' 시즌1 제작진이 촬영기간 내내 제작스탶들의 숙소로사용했던 곳이며, 제작 후기를 촬영했던 현장이기도 합니다.\n소길리 그 ''효리네 민박''이 있던 동네, 한라산 조망과 바다 전망이 좋은 편백향이 가득한 통나무집입니다.\n넓은 잔디밭과 주변의 울창한 숲에서 뿜어져 나오는 건강한 피톤치드의 향을 내 집안에서 누릴 수 있습니다.\n종합병원과 제주공항이 20분, 농협하나로마트, 애월도서관이 10분 거리에 위치한 편리하고 안전한 마을입니다.\n이용객의 안전을 위해 경내에 고화질 CCTV를 설치 운영하고 있으며, 스쿨버스가 운행되는 장전초등학교가 5분 거리에 있습니다.\n 초고속 인터넷(WiFi)과 LED TV, 드럼세탁기, 냉장고, 에어컨, 각종 주방 집기와 침구류 등 풀옵션을 구비하고 있습니다.\n제주 조랑말 경마장과 항몽유적지, 하가리 연화지, 더럭분교 등이 5분거리에 있으며 애월 한담공원과 곽지해수욕장이 10분,\n협재, 금능해수욕장과 한림공원 등이 20분 거리 이내에 있습니다.\n주방과 세면장, 화장실은 침실과 별도로 건물 외부에 위치하며 단독으로 사용할 수 있습니다.\n\n[독채]\n애월읍 소길리 ''효리네 민박''이 있던 동네, 한라산 조망과 바다 전망이 좋은 2층 입니다.\n그 ''효리네 민박'' 시즌1 제작진이 촬영기간 내내 제작스탶들의 숙소로사용했던 곳이며, 제작 후기를 촬영했던 현장이기도 합니다.\n종합병원과 제주공항이 20분, 농협하나로마트, 애월도서관이 10분 거리에 위치한 편리하고 안전한 마을 입니다.\n이용객의 안전을 위해 경내에 고화질 CCTV를 설치 운영하고 있으며, 스쿨버스가 운행되는 장전초등학교가 5분 거리에 있습니다.\n넓은 잔디밭과 주변의 울창한 숲에서 뿜어져 나오는 건강한 피톤치드의 향을 내 집안에서 누릴 수 있습니다.\n초고속 인터넷과 WiFi, LED TV, 드럼세탁기, 냉장고, 에어컨, 각종 주방 집기와 침구류 등 풀옵션을 구비하고 있습니다.\n제주 조랑말 경마장과 항몽유적지, 하가리 연화지, 더럭분교 등이 5분거리에 있으며 애월 한담공원과 곽지해수욕장이 10분, 협재, 금능해수욕장과 한림공원 등이 20분 거리 이내에 있습니다.\n2~30분 내에 도착 가능한 10여 개의 골프장이 인근에 위치하고 있습니다.', '제주', '제주시', '장소로 205', 33.4348427, 126.3799822, '[바비큐 시설] 바비큐장 [바베큐 이용안내] 숯+그릴 1s et 20,000원 현장결제 [객실안내] ※ 1박 이용은 불가 하며, 2박 연박부터 예약이 가능합니다. 1박 예...', '주차가능\n무료', '0507-1369-2386', null, 4, 'https://map.naver.com/p/entry/place/19657411?c=15.00,0,0,0,dh&placePath=/room?entry=bmp&fromPanelNum=1&additionalHeight=76&timestamp=202512181257&locale=ko&svcName=map_pcv5&businessCategory=pension&fromPanelNum=1&additionalHeight=76&timestamp=202512181257&locale=ko&svcName=map_pcv5&businessCategory=pension&from=map', 'NAVER', NULL, NULL, NULL, NULL);
INSERT INTO accommodation_theme (theme_id, accommodations_id) VALUES (1, 122);
INSERT INTO accommodation_amenity (amenity_id, accommodations_id) VALUES (20, 122);
INSERT INTO accommodation_amenity (amenity_id, accommodations_id) VALUES (10, 122);
INSERT INTO accommodation_amenity (amenity_id, accommodations_id) VALUES (16, 122);
INSERT INTO accommodation_amenity (amenity_id, accommodations_id) VALUES (23, 122);
INSERT INTO accommodation_amenity (amenity_id, accommodations_id) VALUES (6, 122);
INSERT INTO accommodation_amenity (amenity_id, accommodations_id) VALUES (15, 122);
INSERT INTO accommodation_amenity (amenity_id, accommodations_id) VALUES (11, 122);
INSERT INTO accommodation_amenity (amenity_id, accommodations_id) VALUES (1, 122);
INSERT INTO accommodation_amenity (amenity_id, accommodations_id) VALUES (2, 122);
INSERT INTO accommodation_amenity (amenity_id, accommodations_id) VALUES (53, 122);
INSERT INTO accommodation_image (accommodations_id, image_url, image_type, sort_order) VALUES (122, 'https://search.pstatic.net/common/?autoRotate=true&type=w560_sharpen&src=https%3A%2F%2Fldb-phinf.pstatic.net%2F20241118_258%2F1731891179542kaxh6_JPEG%2FKakaoTalk_20241113_135327052.jpg', 'banner', 0);
INSERT INTO accommodation_image (accommodations_id, image_url, image_type, sort_order) VALUES (122, 'https://search.pstatic.net/common/?autoRotate=true&type=w278_sharpen&src=https%3A%2F%2Fldb-phinf.pstatic.net%2F20241118_143%2F1731891178908UsOJf_JPEG%2FKakaoTalk_20241113_135327052_06.jpg', 'detail', 1);
INSERT INTO accommodation_image (accommodations_id, image_url, image_type, sort_order) VALUES (122, 'https://search.pstatic.net/common/?autoRotate=true&type=w278_sharpen&src=https%3A%2F%2Fldb-phinf.pstatic.net%2F20241118_35%2F1731891178896K2RUv_JPEG%2FKakaoTalk_20241113_135327052_07.jpg', 'detail', 2);
INSERT INTO accommodation_image (accommodations_id, image_url, image_type, sort_order) VALUES (122, 'https://search.pstatic.net/common/?autoRotate=true&type=w278_sharpen&src=https%3A%2F%2Fldb-phinf.pstatic.net%2F20241118_238%2F1731891179749to0a7_PNG%2FKakaoTalk_20241113_135327052_10.png', 'detail', 3);
INSERT INTO accommodation_image (accommodations_id, image_url, image_type, sort_order) VALUES (122, 'https://search.pstatic.net/common/?autoRotate=true&type=w278_sharpen&src=https%3A%2F%2Fldb-phinf.pstatic.net%2F20241118_217%2F17318911796826N9st_PNG%2FKakaoTalk_20241113_135327052_12.png', 'detail', 4);
INSERT INTO room (accommodations_id, room_name, price, min_guests, max_guests, room_description, main_image_url, bathroom_count, room_type, bed_count) VALUES (122, '통나무집(독채,감성숙소)', 70000, 2, 4, '일반객실, 기준 2인 (최대 4인)', 'https://search.pstatic.net/common/?autoRotate=true&quality=95&type=w750&src=https%3A%2F%2Fnaverbooking-phinf.pstatic.net%2F20251111_253%2F1762861367756C93hF_JPEG%2Fimage.jpg', 0, 'STANDARD', 0);
INSERT INTO room (accommodations_id, room_name, price, min_guests, max_guests, room_description, main_image_url, bathroom_count, room_type, bed_count) VALUES (122, '2층독채(단체,가족룸)', 150000, 2, 10, '일반객실, 기준 6인 (최대 10인)', 'https://search.pstatic.net/common/?autoRotate=true&quality=95&type=w750&src=https%3A%2F%2Fnaverbooking-phinf.pstatic.net%2F20251111_165%2F1762861369464Kmvd1_JPEG%2Fimage.jpg', 0, 'STANDARD', 0);

INSERT INTO accommodation (accommodations_id, accommodations_name, accommodations_category, accommodations_description, city, district, address_detail, latitude, longitude, transport_info, parking_info, phone, rating, review_count, source_url, source_platform, sns, check_in_time, check_out_time, short_description) VALUES (123, '제주 일출언덕신산 게스트하우스', 'GUESTHOUSE', '사람과 사람간의 소통을 기본운영방침으로 하여 운영하고 있는\n\n가족의 정다움을 느낄수 있는 게스트하우스입니다.\n\n제주도 동부권 올레길, 자전거하이킹, 오토바이여행, 각종관광지 여행, 자유 여행을 하는데 가장 편안한 숙소.\n\n2010년부터 오픈해서 운영하고 있고, 도미토리형 게스트하우스 입니다.\n\n2013년에 가족실을 새로 만들어 유아동반 가족들도 편안히 이용할수 있는 게스트하우스 입니다.\n\n제주도 해안길인 일주도로변에 있어서 올레1코스부터 6코스까지는 대중교통으로 30분안에 이동가능\n\n그리고 한라산 등반까지 모두 가능합니다.\n\n그리고 신산-신양해안도로와도 인접해 도보로 이용이 가능하며, 신산포구에서는 낚시도 가능합니다.\n\n해안가 언덕에 위치해 있어서 바로 바다가 보이며,\n\n아침엔 마당에서 또는 숙소 창문을 통해 일출을 볼수 있답니다.\n\n마을안에 위치해 있어 제주도의 실생활 모습을 보실수 있는 민박형 게스트하우스 이기도 합니다.\n\n많은 분들의 편안한 쉼터가 되기위해 열심히 만들어 나가겠습니다.', '제주', '서귀포시', '환해장성로121번길 21', 33.3842282, 126.8799820, '동일주버스(201번 버스) 신산리에 위치해 있는 난산입구정류장(기상청건물이 있음)에서 하차 도보로 5분안에 오실수 있습니다.', NULL, '064-782-1375', null, 1, 'https://map.naver.com/p/entry/place/13430862?c=15.00,0,0,0,dh&placePath=/information?entry=bmp&fromPanelNum=1&additionalHeight=76&timestamp=202512181258&locale=ko&svcName=map_pcv5&businessCategory=guesthouse&from=map&fromPanelNum=1&additionalHeight=76&timestamp=202512181258&locale=ko&svcName=map_pcv5&businessCategory=guesthouse', 'NAVER', NULL, NULL, NULL, NULL);
INSERT INTO accommodation_image (accommodations_id, image_url, image_type, sort_order) VALUES (123, 'https://search.pstatic.net/common/?autoRotate=true&type=w560_sharpen&src=https%3A%2F%2Fldb-phinf.pstatic.net%2F20150901_96%2F1441035555933S10DI_JPEG%2F13430862_0.jpg', 'banner', 0);
INSERT INTO accommodation_image (accommodations_id, image_url, image_type, sort_order) VALUES (123, 'https://search.pstatic.net/common/?autoRotate=true&type=w278_sharpen&src=https%3A%2F%2Fldb-phinf.pstatic.net%2F20150901_192%2F14410355561165C9nb_JPEG%2F13430862_1.jpg', 'detail', 1);
INSERT INTO accommodation_image (accommodations_id, image_url, image_type, sort_order) VALUES (123, 'https://search.pstatic.net/common/?autoRotate=true&type=w278_sharpen&src=https%3A%2F%2Fldb-phinf.pstatic.net%2F20150901_113%2F1441035556348rXJNC_JPEG%2F13430862_2.jpg', 'detail', 2);
INSERT INTO accommodation_image (accommodations_id, image_url, image_type, sort_order) VALUES (123, 'https://search.pstatic.net/common/?autoRotate=true&type=w278_sharpen&src=https%3A%2F%2Fldb-phinf.pstatic.net%2F20150901_275%2F1441035556600AkPiQ_JPEG%2F13430862_3.jpg', 'detail', 3);
INSERT INTO accommodation_image (accommodations_id, image_url, image_type, sort_order) VALUES (123, 'https://search.pstatic.net/common/?autoRotate=true&type=w278_sharpen&src=https%3A%2F%2Fldb-phinf.pstatic.net%2F20150901_292%2F1441035556799GlUft_JPEG%2F13430862_4.jpg', 'detail', 4);

INSERT INTO accommodation (accommodations_id, accommodations_name, accommodations_category, accommodations_description, city, district, address_detail, latitude, longitude, transport_info, parking_info, phone, rating, review_count, source_url, source_platform, sns, check_in_time, check_out_time, short_description) VALUES (124, '제주 포비네오두막 게스트하우스', 'GUESTHOUSE', '[ 월정리 바다와 함께하는 힐링 여행 ]\n\n안녕하세요~ 제주 월정리에 위치한\n포비네오두막 게스트하우스를\n찾아주셔서 감사드립니다 :)\n\n포비네오두막 게스트하우스는\n10년 이상 운영 중에 있는, 안심하고\n방문하실 수 있는 안전한 숙소입니다!\n\n제주 월정리 해수욕장 인근 바닷가\n어촌마을에 위치한 농가주택으로,\n여행자분들께 따뜻한 휴식의 공간과\n다양한 체험 프로그램을 제공합니다.\n\n<< ROOM 안내 >>\n*2인실A 50,000원(1인기준 25,000원)\n*2인실B 60,000원(1인기준 30,000원)\n*2인실C 60,000원(1인기준 30,000원)\n*여성 4인 도미토리-20,000원\n*남성 4인 도미토리-20,000원\n*서핑강습(서핑샵 연계상품)\n\n2인실과 4인실이 준비되어 있으며,\n월정리 해수욕장에서 진행되는\n서핑 강습이 포함된 서핑 캠프를\n함께 운영하고 있습니다.\n\n월정리 바다에서 즐기는 서핑은\n포비네오두막 게스트하우스의\n대표 프로그램으로, 전문 강사진이\n함께하는 서핑강습을 통해 초보자들도\n쉽게 서핑을 배워보실 수 있습니다!\n\n서핑 외에도 여행자 간 이야기를\n나눌 수 있는 소소한 파티도 진행하며,\n바베큐파티, 오름/숲길투어, 야간 물놀이 등\n다양한 체험 프로그램이 준비되어 있으니\n특별한 추억을 만들어보세요 :)\n\n아름다운 월정리 바다와\n어촌마을의 정취를 느끼며,\n포비네오두막 게스트하우스에서\n즐겁고 행복한 시간을 보내고\n가셨으면 좋겠습니다~\n\n감사합니다!', '제주', '제주시', '행원로4길 26', 33.5515135, 126.8059763, '자가용 이용시 : 행원로4길 26, 또는 제주시 구좌읍 행원리 1261-1 을 네비에 입력하세요~!!\n\n버스 이용시 : 201번 (동일주버스) 를 이용하시고, 행원리정류장, 또는 금산목정류장 에 하차하세요~!!\n\n픽업서비스 : 구좌읍 내의 어느곳이든 픽업해 드립니다\n(상황에 따라 불가 할수도 있어요)\n픽업시간 : 입실픽업(16:00-18:00), 퇴실픽업(10:00-11:00)', '주차가능\n무료', '0507-1406-8636', null, 47, 'https://map.naver.com/p/entry/place/35394835?c=15.00,0,0,0,dh&placePath=/room?entry=bmp&fromPanelNum=1&additionalHeight=76&timestamp=202512181258&locale=ko&svcName=map_pcv5&businessCategory=guesthouse&fromPanelNum=1&additionalHeight=76&timestamp=202512181258&locale=ko&svcName=map_pcv5&businessCategory=guesthouse&from=map', 'NAVER', 'Instagram: https://www.instagram.com/2weeks_/', '16:00', '11:00', '따뜻한 분위기와 편안한 환경에서의 휴식');
INSERT INTO accommodation_theme (theme_id, accommodations_id) VALUES (3, 124);
INSERT INTO accommodation_theme (theme_id, accommodations_id) VALUES (4, 124);
INSERT INTO accommodation_theme (theme_id, accommodations_id) VALUES (1, 124);
INSERT INTO accommodation_amenity (amenity_id, accommodations_id) VALUES (5, 124);
INSERT INTO accommodation_amenity (amenity_id, accommodations_id) VALUES (4, 124);
INSERT INTO accommodation_amenity (amenity_id, accommodations_id) VALUES (6, 124);
INSERT INTO accommodation_amenity (amenity_id, accommodations_id) VALUES (11, 124);
INSERT INTO accommodation_amenity (amenity_id, accommodations_id) VALUES (3, 124);
INSERT INTO accommodation_amenity (amenity_id, accommodations_id) VALUES (7, 124);
INSERT INTO accommodation_amenity (amenity_id, accommodations_id) VALUES (1, 124);
INSERT INTO accommodation_amenity (amenity_id, accommodations_id) VALUES (18, 124);
INSERT INTO accommodation_amenity (amenity_id, accommodations_id) VALUES (8, 124);
INSERT INTO accommodation_amenity (amenity_id, accommodations_id) VALUES (14, 124);
INSERT INTO accommodation_image (accommodations_id, image_url, image_type, sort_order) VALUES (124, 'https://search.pstatic.net/common/?autoRotate=true&type=w560_sharpen&src=https%3A%2F%2Fldb-phinf.pstatic.net%2F20250616_210%2F1750058783968HGIYY_JPEG%2FKakaoTalk_20250616_122830446.jpg', 'banner', 0);
INSERT INTO accommodation_image (accommodations_id, image_url, image_type, sort_order) VALUES (124, 'https://search.pstatic.net/common/?autoRotate=true&type=w278_sharpen&src=https%3A%2F%2Fldb-phinf.pstatic.net%2F20250616_53%2F1750058780348Y1GzA_JPEG%2FKakaoTalk_20250616_122830446_01.jpg', 'detail', 1);
INSERT INTO accommodation_image (accommodations_id, image_url, image_type, sort_order) VALUES (124, 'https://search.pstatic.net/common/?autoRotate=true&type=w278_sharpen&src=https%3A%2F%2Fldb-phinf.pstatic.net%2F20250616_232%2F17500587811115Aach_JPEG%2FKakaoTalk_20250616_122830446_02.jpg', 'detail', 2);
INSERT INTO accommodation_image (accommodations_id, image_url, image_type, sort_order) VALUES (124, 'https://search.pstatic.net/common/?autoRotate=true&type=w278_sharpen&src=https%3A%2F%2Fldb-phinf.pstatic.net%2F20250616_131%2F1750058781173LxSRz_JPEG%2FKakaoTalk_20250616_122903408.jpg', 'detail', 3);
INSERT INTO accommodation_image (accommodations_id, image_url, image_type, sort_order) VALUES (124, 'https://search.pstatic.net/common/?autoRotate=true&type=w278_sharpen&src=https%3A%2F%2Fldb-phinf.pstatic.net%2F20250616_24%2F1750058780969lA5Qt_JPEG%2FKakaoTalk_20250616_122903408_01.jpg', 'detail', 4);
INSERT INTO room (accommodations_id, room_name, price, min_guests, max_guests, room_description, main_image_url, bathroom_count, room_type, bed_count) VALUES (124, '4인실(남)', 20000, 2, 4, '공용객실, 기준 1인 (최대 4인) | 침실 1, 침대 2, 욕실 1, 최소 1박', 'https://search.pstatic.net/common/?autoRotate=true&quality=95&type=w750&src=https%3A%2F%2Fnaverbooking-phinf.pstatic.net%2F20170127_15%2F1485444405482BCect_JPEG%2F7%25BB%25E7%25C0%25CE%25BD%25C7.jpg', 1, 'STANDARD', 2);
INSERT INTO room (accommodations_id, room_name, price, min_guests, max_guests, room_description, main_image_url, bathroom_count, room_type, bed_count) VALUES (124, '4인실(여)', 20000, 2, 4, '공용객실, 기준 1인 (최대 4인) | 침실 1, 침대 2, 욕실 1, 최소 1박', 'https://search.pstatic.net/common/?autoRotate=true&quality=95&type=w750&src=https%3A%2F%2Fnaverbooking-phinf.pstatic.net%2F20170127_20%2F1485444517813iD0Sq_JPEG%2F7%25BB%25E7%25C0%25CE%25BD%25C7.jpg', 1, 'STANDARD', 2);
INSERT INTO room (accommodations_id, room_name, price, min_guests, max_guests, room_description, main_image_url, bathroom_count, room_type, bed_count) VALUES (124, '2인실', 50000, 2, 2, '일반객실, 기준 1인 (최대 2인) | 침실 1, 침대 2, 욕실 1, 최소 1박', 'https://search.pstatic.net/common/?autoRotate=true&quality=95&type=w750&src=https%3A%2F%2Fnaverbooking-phinf.pstatic.net%2F20170127_282%2F1485444592976Ecx4D_JPEG%2F5%25C0%25CC%25C0%25CE%25BD%25C7.jpg', 1, 'STANDARD', 2);

INSERT INTO accommodation (accommodations_id, accommodations_name, accommodations_category, accommodations_description, city, district, address_detail, latitude, longitude, transport_info, parking_info, phone, rating, review_count, source_url, source_platform, sns, check_in_time, check_out_time, short_description) VALUES (125, '제주 오름풍경 펜션&게스트하우스', 'GUESTHOUSE', '오름독채펜션 (2인기준)\n최대 6인\n\n오름게하 (여성전용)\n1인실, 1-2인실, 2-4인실\n\n조용하고 편안한 쉼이 있는 곳\n팽나무 군락과 돌담이 어울어진\n제주의 아름다운 동화 속 마을로\n당신을 초대합니다.', '제주', '제주시', '명월로 83-1 스테이오름', 33.2607387, 126.3613824, '제주시 한림읍 명월로 83-1', NULL, NULL, null, 93, 'https://map.naver.com/p/search/%EC%A0%9C%EC%A3%BC+%EC%98%A4%EB%A6%84%ED%92%8D%EA%B2%BD+%ED%8E%9C%EC%85%98%26%EA%B2%8C%EC%8A%A4%ED%8A%B8%ED%95%98%EC%9A%B0%EC%8A%A4/place/1686977720?c=8.00,0,0,0,dh&placePath=/room?entry=pll&fromPanelNum=2&timestamp=202512181259&locale=ko&svcName=map_pcv5&searchText=%EC%A0%9C%EC%A3%BC%2B%EC%98%A4%EB%A6%84%ED%92%8D%EA%B2%BD%2B%ED%8E%9C%EC%85%98%26%EA%B2%8C%EC%8A%A4%ED%8A%B8%ED%95%98%EC%9A%B0%EC%8A%A4&businessCategory=guesthouse&fromPanelNum=2&timestamp=202512181259&locale=ko&svcName=map_pcv5&searchText=%EC%A0%9C%EC%A3%BC%2B%EC%98%A4%EB%A6%84%ED%92%8D%EA%B2%BD%2B%ED%8E%9C%EC%85%98%26%EA%B2%8C%EC%8A%A4%ED%8A%B8%ED%95%98%EC%9A%B0%EC%8A%A4&businessCategory=guesthouse&from=map', 'NAVER', 'Instagram: https://www.instagram.com/stay_oreum', '15:00', '10:00', NULL);
INSERT INTO accommodation_theme (theme_id, accommodations_id) VALUES (3, 125);
INSERT INTO accommodation_theme (theme_id, accommodations_id) VALUES (1, 125);
INSERT INTO accommodation_amenity (amenity_id, accommodations_id) VALUES (11, 125);
INSERT INTO accommodation_amenity (amenity_id, accommodations_id) VALUES (1, 125);
INSERT INTO accommodation_amenity (amenity_id, accommodations_id) VALUES (20, 125);
INSERT INTO accommodation_amenity (amenity_id, accommodations_id) VALUES (23, 125);
INSERT INTO accommodation_amenity (amenity_id, accommodations_id) VALUES (6, 125);
INSERT INTO accommodation_amenity (amenity_id, accommodations_id) VALUES (15, 125);
INSERT INTO accommodation_amenity (amenity_id, accommodations_id) VALUES (10, 125);
INSERT INTO accommodation_amenity (amenity_id, accommodations_id) VALUES (16, 125);
INSERT INTO accommodation_image (accommodations_id, image_url, image_type, sort_order) VALUES (125, 'https://search.pstatic.net/common/?autoRotate=true&type=w560_sharpen&src=https%3A%2F%2Fldb-phinf.pstatic.net%2F20181008_1%2F1538999170972CKch5_JPEG%2FGCj9-Hm0-D0xfqnjL5sFbY4P.jpg', 'banner', 0);
INSERT INTO accommodation_image (accommodations_id, image_url, image_type, sort_order) VALUES (125, 'https://search.pstatic.net/common/?autoRotate=true&type=w278_sharpen&src=https%3A%2F%2Fldb-phinf.pstatic.net%2F20181224_94%2F1545582248389LrILk_JPEG%2Fimage.jpg', 'detail', 1);
INSERT INTO accommodation_image (accommodations_id, image_url, image_type, sort_order) VALUES (125, 'https://search.pstatic.net/common/?autoRotate=true&type=w278_sharpen&src=https%3A%2F%2Fldb-phinf.pstatic.net%2F20181224_86%2F1545582259189qVes7_JPEG%2Fimage.jpg', 'detail', 2);
INSERT INTO accommodation_image (accommodations_id, image_url, image_type, sort_order) VALUES (125, 'https://search.pstatic.net/common/?autoRotate=true&type=w278_sharpen&src=https%3A%2F%2Fldb-phinf.pstatic.net%2F20190215_127%2F1550194399045Meg0W_JPEG%2FKakaoTalk_Moim_4UJl1yGXcUcJPY42CBqxGOPc5pe5Zn.jpg', 'detail', 3);
INSERT INTO accommodation_image (accommodations_id, image_url, image_type, sort_order) VALUES (125, 'https://search.pstatic.net/common/?autoRotate=true&type=w278_sharpen&src=https%3A%2F%2Fldb-phinf.pstatic.net%2F20181008_160%2F15389991839705sLzk_JPEG%2F46ovaMhlfcNyipmitIXSmJn5.jpg', 'detail', 4);
INSERT INTO room (accommodations_id, room_name, price, min_guests, max_guests, room_description, main_image_url, bathroom_count, room_type, bed_count) VALUES (125, '여성전용 도미토리 (최대3명)', 25000, 2, 3, '기준 1인 (최대 3인)', 'https://search.pstatic.net/common/?autoRotate=true&quality=95&type=w750&src=https%3A%2F%2Fldb-phinf.pstatic.net%2F20181126_53%2F15432417859490TmUz_JPEG%2FeHuuBdYc8Uz0aGnpkiXqOw86.jpg', 0, 'STANDARD', 0);
INSERT INTO room (accommodations_id, room_name, price, min_guests, max_guests, room_description, main_image_url, bathroom_count, room_type, bed_count) VALUES (125, '스테이오름 독채펜션', 120000, 2, 6, '기준 2인 (최대 6인)', 'https://search.pstatic.net/common/?autoRotate=true&quality=95&type=w750&src=https%3A%2F%2Fldb-phinf.pstatic.net%2F20181008_107%2F1538997439106jL1Hl_JPEG%2FRAtwqHsJV4mUrYTRXg7I6A1k.jpg', 0, 'STANDARD', 0);
INSERT INTO room (accommodations_id, room_name, price, min_guests, max_guests, room_description, main_image_url, bathroom_count, room_type, bed_count) VALUES (125, '스테이오름 여성전용게하 1인실', 30000, 2, 1, '기준 1인 (최대 1인)', 'https://search.pstatic.net/common/?autoRotate=true&quality=95&type=w750&src=https%3A%2F%2Fldb-phinf.pstatic.net%2F20181008_178%2F1538998171506kHwup_JPEG%2FwqtE28_c65N3C7mA98dF-iFQ.jpg', 0, 'STANDARD', 0);
INSERT INTO room (accommodations_id, room_name, price, min_guests, max_guests, room_description, main_image_url, bathroom_count, room_type, bed_count) VALUES (125, '스테이오름 여성전용게하 2인실(돌)', 45000, 2, 2, '기준 2인 (최대 2인)', 'https://search.pstatic.net/common/?autoRotate=true&quality=95&type=w750&src=https%3A%2F%2Fldb-phinf.pstatic.net%2F20181008_133%2F1538998321732HjsWz_JPEG%2FFeLVPLeqlh6u5OmaFgM9mxkb.jpg', 0, 'STANDARD', 0);
INSERT INTO room (accommodations_id, room_name, price, min_guests, max_guests, room_description, main_image_url, bathroom_count, room_type, bed_count) VALUES (125, '스테이오름 여성전용게하 2인실(바람)', 45000, 2, 2, '기준 2인 (최대 2인)', 'https://search.pstatic.net/common/?autoRotate=true&quality=95&type=w750&src=https%3A%2F%2Fldb-phinf.pstatic.net%2F20181008_260%2F1538998501828ivkaD_JPEG%2FRf_wxOYflgOL2ynOoitu1NFF.jpg', 0, 'STANDARD', 0);
INSERT INTO room (accommodations_id, room_name, price, min_guests, max_guests, room_description, main_image_url, bathroom_count, room_type, bed_count) VALUES (125, '스테이오름 여성전용 3인실', 80000, 2, 4, '기준 3인 (최대 4인)', 'https://search.pstatic.net/common/?autoRotate=true&quality=95&type=w750&src=https%3A%2F%2Fldb-phinf.pstatic.net%2F20180904_156%2F1536035512589cMVPP_JPEG%2FGCAP7B9y7EbC0CM5S_TyMAyO.jpg', 0, 'STANDARD', 0);

INSERT INTO accommodation (accommodations_id, accommodations_name, accommodations_category, accommodations_description, city, district, address_detail, latitude, longitude, transport_info, parking_info, phone, rating, review_count, source_url, source_platform, sns, check_in_time, check_out_time, short_description) VALUES (126, '제주 토브집 펜션&게스트하우스', 'GUESTHOUSE', NULL, '제주', '제주시', '신촌10길 20-5', 33.5334926, 126.6257259, '* 주의사항 코로나19로 인해 5박이상 예약가능 / 사전 문의 필수 * 입실&퇴실 입실: 15:00 퇴실: 11:00 22시 이후 체크인 시 사전문의 필수 * 픽업안내 픽업 ...', NULL, '064-784-7788', null, 15, 'https://map.naver.com/p/entry/place/38652396?c=15.00,0,0,0,dh&placePath=/room?entry=bmp&fromPanelNum=1&additionalHeight=76&timestamp=202512181300&locale=ko&svcName=map_pcv5&businessCategory=pension&fromPanelNum=1&additionalHeight=76&timestamp=202512181300&locale=ko&svcName=map_pcv5&businessCategory=pension&from=map', 'NAVER', NULL, '15:00', '11:00', NULL);
INSERT INTO accommodation_theme (theme_id, accommodations_id) VALUES (3, 126);
INSERT INTO accommodation_amenity (amenity_id, accommodations_id) VALUES (16, 126);
INSERT INTO accommodation_amenity (amenity_id, accommodations_id) VALUES (6, 126);
INSERT INTO accommodation_amenity (amenity_id, accommodations_id) VALUES (1, 126);
INSERT INTO accommodation_amenity (amenity_id, accommodations_id) VALUES (14, 126);
INSERT INTO accommodation_image (accommodations_id, image_url, image_type, sort_order) VALUES (126, 'https://search.pstatic.net/common/?autoRotate=true&type=w560_sharpen&src=https%3A%2F%2Fldb-phinf.pstatic.net%2F20190226_300%2F15511625573316yvxF_JPEG%2Fosjc1Dl4POxoAvYGOwzJhd_a.jpg', 'banner', 0);
INSERT INTO accommodation_image (accommodations_id, image_url, image_type, sort_order) VALUES (126, 'https://search.pstatic.net/common/?autoRotate=true&type=w278_sharpen&src=https%3A%2F%2Fldb-phinf.pstatic.net%2F20190226_286%2F1551162563167AQ4uG_JPEG%2FLiFVIr-rhbeedeZKJdS5CW8q.jpg', 'detail', 1);
INSERT INTO accommodation_image (accommodations_id, image_url, image_type, sort_order) VALUES (126, 'https://search.pstatic.net/common/?autoRotate=true&type=w278_sharpen&src=https%3A%2F%2Fldb-phinf.pstatic.net%2F20190226_79%2F1551162572713FrqS3_JPEG%2Fhq60Vc60h3N2OqUkxcfvCySd.jpg', 'detail', 2);
INSERT INTO accommodation_image (accommodations_id, image_url, image_type, sort_order) VALUES (126, 'https://search.pstatic.net/common/?autoRotate=true&type=w278_sharpen&src=https%3A%2F%2Fldb-phinf.pstatic.net%2F20190226_205%2F1551162588332CasY2_JPEG%2F9N8CTdZFzW_eam7mSYiIav9i.jpg', 'detail', 3);
INSERT INTO accommodation_image (accommodations_id, image_url, image_type, sort_order) VALUES (126, 'https://search.pstatic.net/common/?autoRotate=true&type=w278_sharpen&src=https%3A%2F%2Fldb-phinf.pstatic.net%2F20190226_141%2F1551162593458gipe7_JPEG%2FBfPon-Ygzc4ln5ZpFuaSQQqd.jpg', 'detail', 4);
INSERT INTO room (accommodations_id, room_name, price, min_guests, max_guests, room_description, main_image_url, bathroom_count, room_type, bed_count) VALUES (126, '복층형A(5박 이상만 예약 가능)', 58000, 2, 2, '일반객실, 기준 2인 (최대 2인) | 침실 1, 침대 1, 욕실 1, 최소 1박', 'https://search.pstatic.net/common/?autoRotate=true&quality=95&type=w750&src=https%3A%2F%2Fnaverbooking-phinf.pstatic.net%2F20250728_21%2F1753681092951jCwsj_JPEG%2Fimage.jpg', 1, 'STANDARD', 1);
INSERT INTO room (accommodations_id, room_name, price, min_guests, max_guests, room_description, main_image_url, bathroom_count, room_type, bed_count) VALUES (126, '복층형B(5박 이상만 예약 가능)', 58000, 2, 2, '일반객실, 기준 2인 (최대 2인) | 침실 1, 침대 1, 욕실 1, 최소 1박', 'https://search.pstatic.net/common/?autoRotate=true&quality=95&type=w750&src=https%3A%2F%2Fnaverbooking-phinf.pstatic.net%2F20250728_210%2F1753681102849KzL8g_JPEG%2Fimage.jpg', 1, 'STANDARD', 1);
INSERT INTO room (accommodations_id, room_name, price, min_guests, max_guests, room_description, main_image_url, bathroom_count, room_type, bed_count) VALUES (126, '복층형C(5박 이상만 예약 가능)', 58000, 2, 2, '일반객실, 기준 2인 (최대 2인) | 침실 1, 침대 1, 욕실 1, 최소 1박', 'https://search.pstatic.net/common/?autoRotate=true&quality=95&type=w750&src=https%3A%2F%2Fnaverbooking-phinf.pstatic.net%2F20250728_222%2F1753681112324k2ILG_JPEG%2Fimage.jpg', 1, 'STANDARD', 1);
INSERT INTO room (accommodations_id, room_name, price, min_guests, max_guests, room_description, main_image_url, bathroom_count, room_type, bed_count) VALUES (126, '복층형D(5박 이상만 예약 가능)', 58000, 2, 2, '일반객실, 기준 2인 (최대 2인) | 침실 1, 침대 1, 욕실 1, 최소 1박', 'https://search.pstatic.net/common/?autoRotate=true&quality=95&type=w750&src=https%3A%2F%2Fnaverbooking-phinf.pstatic.net%2F20250728_87%2F1753681122435wsFJt_JPEG%2Fimage.jpg', 1, 'STANDARD', 1);

INSERT INTO accommodation (accommodations_id, accommodations_name, accommodations_category, accommodations_description, city, district, address_detail, latitude, longitude, transport_info, parking_info, phone, rating, review_count, source_url, source_platform, sns, check_in_time, check_out_time, short_description) VALUES (127, '제주 You&I 게스트하우스', 'GUESTHOUSE', '제주 시청에서 12년간 운영하던 유앤아이 게스트하우스가 더 세련되고 깔끔한 모습으로 돌아왔습니다.', '제주', '제주시', '1-2', 33.4768534, 126.4913056, NULL, NULL, '064-753-5648', null, 100, 'https://map.naver.com/p/entry/place/16714287?c=15.00,0,0,0,dh&placePath=/room?entry=bmp&fromPanelNum=1&additionalHeight=76&timestamp=202512181301&locale=ko&svcName=map_pcv5&businessCategory=guesthouse&fromPanelNum=1&additionalHeight=76&timestamp=202512181301&locale=ko&svcName=map_pcv5&businessCategory=guesthouse&from=map', 'NAVER', NULL, NULL, NULL, '가까운 공항과 깨끗한 공용 공간의 편안함');
INSERT INTO accommodation_image (accommodations_id, image_url, image_type, sort_order) VALUES (127, 'https://search.pstatic.net/common/?autoRotate=true&type=w560_sharpen&src=https%3A%2F%2Fldb-phinf.pstatic.net%2F20240927_275%2F1727421004951CIXA5_JPEG%2FKakaoTalk_20240910_145211943_01.jpg', 'banner', 0);
INSERT INTO accommodation_image (accommodations_id, image_url, image_type, sort_order) VALUES (127, 'https://search.pstatic.net/common/?autoRotate=true&type=w278_sharpen&src=https%3A%2F%2Fldb-phinf.pstatic.net%2F20240927_237%2F1727421011707vN9C2_JPEG%2FKakaoTalk_20240910_145556113_02.jpg', 'detail', 1);
INSERT INTO accommodation_image (accommodations_id, image_url, image_type, sort_order) VALUES (127, 'https://search.pstatic.net/common/?autoRotate=true&type=w278_sharpen&src=https%3A%2F%2Fnaverbooking-phinf.pstatic.net%2F20241006_292%2F1728224689541pHmMA_JPEG%2FKakaoTalk_20241002_163620061.jpg', 'detail', 2);
INSERT INTO accommodation_image (accommodations_id, image_url, image_type, sort_order) VALUES (127, 'https://search.pstatic.net/common/?autoRotate=true&type=w278_sharpen&src=https%3A%2F%2Fnaverbooking-phinf.pstatic.net%2F20241006_64%2F1728224689799XQxJg_JPEG%2FKakaoTalk_20241002_211534103_03.jpg', 'detail', 3);
INSERT INTO accommodation_image (accommodations_id, image_url, image_type, sort_order) VALUES (127, 'https://search.pstatic.net/common/?autoRotate=true&type=w278_sharpen&src=https%3A%2F%2Fnaverbooking-phinf.pstatic.net%2F20241006_296%2F1728224690192RmG11_JPEG%2FKakaoTalk_20241002_211534103_05.jpg', 'detail', 4);
INSERT INTO room (accommodations_id, room_name, price, min_guests, max_guests, room_description, main_image_url, bathroom_count, room_type, bed_count) VALUES (127, '트윈룸', 50000, 2, 2, '일반객실, 기준 2인 (최대 2인) | 침실 1, 침대 2, 욕실 1, 최소 1박', 'https://search.pstatic.net/common/?autoRotate=true&quality=95&type=w750&src=https%3A%2F%2Fnaverbooking-phinf.pstatic.net%2F20241006_231%2F1728223434124WjzvC_JPEG%2FKakaoTalk_20241002_163706527_02.jpg', 1, 'STANDARD', 2);
INSERT INTO room (accommodations_id, room_name, price, min_guests, max_guests, room_description, main_image_url, bathroom_count, room_type, bed_count) VALUES (127, '4인룸_남성전용', 23000, 2, 4, '공용객실, 기준 4인 (최대 4인) | 침실 1, 침대 2, 욕실 1, 최소 1박', 'https://search.pstatic.net/common/?autoRotate=true&quality=95&type=w750&src=https%3A%2F%2Fnaverbooking-phinf.pstatic.net%2F20241006_88%2F1728223953432z63iz_JPEG%2FKakaoTalk_20241002_211534103_01.jpg', 1, 'STANDARD', 2);

INSERT INTO accommodation (accommodations_id, accommodations_name, accommodations_category, accommodations_description, city, district, address_detail, latitude, longitude, transport_info, parking_info, phone, rating, review_count, source_url, source_platform, sns, check_in_time, check_out_time, short_description) VALUES (128, '제주 월정리 게스트하우스 월정뷰', 'GUESTHOUSE', '월정뷰게스트하우스 코난비치스노쿨링대여점 입니다\n\n월정뷰 는 게스트하우스와 코난비치 스노쿨링\n대여점을 함께 운영하고 있습니다\n게스트하우스를 이용하지 않으셔도 대여점\n이용 가능하세요\n\n최근 저희 업체와 상호명이 비슷한 업체로 잘못\n예약하셔서 서로 피해를 입는 경우가\n종종 있습니다 주의 부탁드립니다\n\n저희 공식 업체명은 월정뷰게스트하우스 이며\n바닷가 해변 바로앞 2층 에 위치하고 있습니다\n\n월정뷰는 스노쿨링 포인트와 걸어서20초 거리\n해수욕장 과는 10초거리입니다\n\n바다 바로 앞에 위치하고 있어 번거롭게\n장비들 이고 지고 다닐 필요가 없습니다\n\n또한 따뜻하고 깔끔한 개별 온수샤워장도\n운영하고 있어 딱 몸만 오시면 월정뷰에서\n모두 알아서 해드립니다\n\n제주 스노쿨링 체험 할수있는\n최상의 위치와 업체 입니다\n\n스노쿨링 장비 일체는 물론 슈트 파라솔\n튜브 등 각종 물놀이용품과 래쉬가드\n수영복까지 모두 보유중입니다\n\n주변 식당이나 팬션에서 빌려주는\n소독도 안된 다이소 장비랑 비교하지 말아주세요\n\n단순히 장비를 대여 해드리는 것뿐 아니라\n고객님들의 취향과 스노쿨 실력에 따라\n코난비치 외에도 각종 스노쿨링 포인트를\n안내해드리고 초보분들을 위해\n간단한 강습도 진행중이며\n(아이들도 5분이면 ok)\n포인트 드랍서비스도 진행중입니다\n\n지도에 나오는 코난해변은 코난비치가 아닙니다\n지도대로 가시면 오.폐수가 나오는\n하수구가 보이실거에요 그물에 절대 들어가지 마세요\n\n저희 월정뷰가 진짜 리얼코난을 안내해드려요\n물고기때와 돌고래를 만나봐요\n\n시크릿하게 즐길수 있는 숨겨진 포인트 ,\n동굴포인트 ,\n사람들과 함께 즐길수 있는포인트 ,\n아이들과 안전하게 즐길수 있는포인트 ,\n문어 뿔소라 등 해루질을 함께 즐길수 있는 포인트\n등 많은 숨겨진 포인트를 안내해 드립니다\n월정뷰만의 포인트가 10곳 이상입니다\n\n운영 7년차로 연예인 배우 분들도\n많이 찾아 주고 계십니다\n\n믿고 찾아주시는 분들을 위해\n최상의 장비 컨디션과 최상의 서비스로\n보답드리고 있습니다\n\n대형방수비닐 무료로드려요 차량 젖을까 걱정마세요\n\n문의는 010 7929 9223 전화 문자 주세요^^\n\n-월정리해수욕장 바로앞 내부와 객실 침대\n 전체가 편백나무로 피톤치드가 가득해 빈대나 해충들이 살수없는 환경\n-2층 여성전용 3층남성층 객실당 1개의\n 가정식 화장실이 있는\n 다락에서 매일밤 감성극장 다락영화관이 열리고\n 월정리가 한눈에 내려다 보이는 공용 휴게실이 존재하는\n 휴식이 있는 조용한 쉐어 스타일의 감성\n 게스트하우스\n\n-각종 예약 문의 전화나 문자\n 부탁드려요 010 7929 9223 부재시\n 문자남겨주세요\n\n-월정뷰 다락극장 안내사항 알려드려요\n※주의사항※\n1. 월정뷰는 게스트분들의 숙면과 안전을 위해 11시소등\n 그리고 소등시간이후로는 게스트하우스 출입문이\n 잠겨요. 외출, 출입 금지입니다.\n ( 타여행자와 같이 사용하는 숙소이고 사건사고로\n 인해 제한합니다 )\n 이 부분을 어길시 환불없는 강제퇴실 되오니\n 원치 않으실 경우 예약을 취소해주세요.\n\n2. 입실은 오후5시 퇴실은 오전10시 입니다\n 오전10시부터 오후5시까지는 월정뷰 재정비\n 시간입니다\n 연박이시더라도 이 시간에는 게스트하우스에\n 들어오실수 없습니다.\n\n-수영과 서핑, 스노쿨링 등 각종 액티비티를\n 즐길 수 있는 완벽한 환경!\n (해변까지 뛰면 10초)\n\n-게스트하우스는 모두가 함께사용하는\n 공동숙소 입니다 그러기에 규칙을\n 반드시 지켜주셔야 합니다\n 서로를 배려해주세요 규칙없이 자유분방함을\n 원하시면 호텔이나 펜션을 이용바랍니다\n\n-입실전 물놀이후(수영복입실) 모래와 물기로\n 엉망인상태로 오시면 입실이 거부되실수\n 있습니다\n\n-서핑이나 스노클링 예약 환불규정 또한\n 게스트하우스 약관과 동일합니다\n-흐린 날씨 가벼운 우천(5mm) 개인적인\n 변심으로 환불은 불가능 합니다\n-해경의 입수 통재시 당일 환불 가능 합니다\n\n*예약 또는 취소시 환불 금액은 예약일 기준\n 월말 (마지막주일경우 다음달)일 에 일괄 환불처리 됩니다*', '제주', '제주시', '월정1길 70-6 2층, 3층', 33.5569034, 126.7943567, '제주공항 1번 2번 게이트 사이에서 101번버스 탑승후 월정리정류장 하차 바다방향으로 걸어내려오시면 월정리해수욕장 하나로마트 옆건물이에요 해수욕장 바로 앞에 위치하고 있습니다 주소는 월정1길70-6번지\n주차공간은 월정뷰게스트하우스 앞 무료주차장 이용가능합니다', '주차가능\n무료\n월정뷰게스트하우스 앞 무료주차장 있습니다', '0507-1366-9223', null, 1017, 'https://map.naver.com/p/search/%EC%A0%9C%EC%A3%BC+%EC%9B%94%EC%A0%95%EB%A6%AC+%EA%B2%8C%EC%8A%A4%ED%8A%B8%ED%95%98%EC%9A%B0%EC%8A%A4+%EC%9B%94%EC%A0%95%EB%B7%B0/place/1691432909?isCorrectAnswer=true&c=15.00,0,0,0,dh&placePath=/room?fromPanelNum=1&additionalHeight=76&timestamp=202512181301&locale=ko&svcName=map_pcv5&searchText=%EC%A0%9C%EC%A3%BC%2B%EC%9B%94%EC%A0%95%EB%A6%AC%2B%EA%B2%8C%EC%8A%A4%ED%8A%B8%ED%95%98%EC%9A%B0%EC%8A%A4%2B%EC%9B%94%EC%A0%95%EB%B7%B0&businessCategory=guesthouse&additionalHeight=76&timestamp=202512181301&locale=ko&svcName=map_pcv5&searchText=%EC%A0%9C%EC%A3%BC%2B%EC%9B%94%EC%A0%95%EB%A6%AC%2B%EA%B2%8C%EC%8A%A4%ED%8A%B8%ED%95%98%EC%9A%B0%EC%8A%A4%2B%EC%9B%94%EC%A0%95%EB%B7%B0&businessCategory=guesthouse&fromPanelNum=1', 'NAVER', 'Blog: https://blog.naver.com/yosidora77/223851105522\nInstagram: https://www.instagram.com/weoljeong_view_rental\nBlog: https://blog.naver.com/yosidora3', '17:00', '10:00', '깨끗한 장비와 친절한 서비스로 편안한 체험');
INSERT INTO accommodation_theme (theme_id, accommodations_id) VALUES (3, 128);
INSERT INTO accommodation_theme (theme_id, accommodations_id) VALUES (4, 128);
INSERT INTO accommodation_theme (theme_id, accommodations_id) VALUES (1, 128);
INSERT INTO accommodation_amenity (amenity_id, accommodations_id) VALUES (5, 128);
INSERT INTO accommodation_amenity (amenity_id, accommodations_id) VALUES (4, 128);
INSERT INTO accommodation_amenity (amenity_id, accommodations_id) VALUES (15, 128);
INSERT INTO accommodation_amenity (amenity_id, accommodations_id) VALUES (1, 128);
INSERT INTO accommodation_amenity (amenity_id, accommodations_id) VALUES (7, 128);
INSERT INTO accommodation_amenity (amenity_id, accommodations_id) VALUES (2, 128);
INSERT INTO accommodation_amenity (amenity_id, accommodations_id) VALUES (6, 128);
INSERT INTO accommodation_amenity (amenity_id, accommodations_id) VALUES (10, 128);
INSERT INTO accommodation_amenity (amenity_id, accommodations_id) VALUES (14, 128);
INSERT INTO accommodation_image (accommodations_id, image_url, image_type, sort_order) VALUES (128, 'https://search.pstatic.net/common/?autoRotate=true&type=w560_sharpen&src=https%3A%2F%2Fnaverbooking-phinf.pstatic.net%2F20240606_134%2F1717662253285Xiqpn_JPEG%2FKakaoTalk_20240606_172127337_02.jpg', 'banner', 0);
INSERT INTO accommodation_image (accommodations_id, image_url, image_type, sort_order) VALUES (128, 'https://search.pstatic.net/common/?autoRotate=true&type=w278_sharpen&src=https%3A%2F%2Fldb-phinf.pstatic.net%2F20220815_225%2F1660534015990NSbv6_JPEG%2FKakaoTalk_20220815_122601724.jpg', 'detail', 1);
INSERT INTO accommodation_image (accommodations_id, image_url, image_type, sort_order) VALUES (128, 'https://search.pstatic.net/common/?autoRotate=true&type=w278_sharpen&src=https%3A%2F%2Fldb-phinf.pstatic.net%2F20250516_13%2F1747393762510dMcEe_JPEG%2FKakaoTalk_20250430_121937451_02.jpg', 'detail', 2);
INSERT INTO accommodation_image (accommodations_id, image_url, image_type, sort_order) VALUES (128, 'https://search.pstatic.net/common/?autoRotate=true&type=w278_sharpen&src=https%3A%2F%2Fldb-phinf.pstatic.net%2F20250516_258%2F1747387628150b6F50_JPEG%2FKakaoTalk_20250430_121937451_07.jpg', 'detail', 3);
INSERT INTO accommodation_image (accommodations_id, image_url, image_type, sort_order) VALUES (128, 'https://search.pstatic.net/common/?autoRotate=true&type=w278_sharpen&src=https%3A%2F%2Fldb-phinf.pstatic.net%2F20250516_280%2F1747387562768OIztP_JPEG%2FKakaoTalk_20250430_121027994_06.jpg', 'detail', 4);
INSERT INTO room (accommodations_id, room_name, price, min_guests, max_guests, room_description, main_image_url, bathroom_count, room_type, bed_count) VALUES (128, '여성 도미토리 4인실 A타입&B타입', 25000, 2, 4, '공용객실, 기준 4인 (최대 4인) | 침실 1, 침대 2, 최소 1박', 'https://search.pstatic.net/common/?autoRotate=true&quality=95&type=w750&src=https%3A%2F%2Fnaverbooking-phinf.pstatic.net%2F20191102_274%2F1572684868430LIPHj_JPEG%2F%25BF%25A9%25C0%25DA%25B9%25E6%25282%2529.jpg', 0, 'STANDARD', 2);
INSERT INTO room (accommodations_id, room_name, price, min_guests, max_guests, room_description, main_image_url, bathroom_count, room_type, bed_count) VALUES (128, '남성 도미토리 4~6인실 A&B타입(3인이상은전화문의)', 25000, 2, 6, '공용객실, 기준 4인 (최대 6인) | 침실 1, 침대 2, 최소 1박', 'https://search.pstatic.net/common/?autoRotate=true&quality=95&type=w750&src=https%3A%2F%2Fnaverbooking-phinf.pstatic.net%2F20191102_5%2F15726849757104eKmF_JPEG%2F%25B3%25B2%25C0%25DA%25B9%25E6%25287%2529.jpg', 0, 'STANDARD', 2);
INSERT INTO room (accommodations_id, room_name, price, min_guests, max_guests, room_description, main_image_url, bathroom_count, room_type, bed_count) VALUES (128, '1~2인실(전화문의주세요 전화예약만 가능합니다^^)', 50000, 2, 6, '일반객실, 기준 1인 (최대 6인) | 침실 1, 침대 2, 최소 1박', 'https://search.pstatic.net/common/?autoRotate=true&quality=95&type=w750&src=https%3A%2F%2Fnaverbooking-phinf.pstatic.net%2F20191102_128%2F1572683536974yBVWb_JPEG%2F%25BF%25A9%25C0%25DA%25B9%25E6%25283%2529.jpg', 0, 'STANDARD', 2);
INSERT INTO room (accommodations_id, room_name, price, min_guests, max_guests, room_description, main_image_url, bathroom_count, room_type, bed_count) VALUES (128, '가족실(전화문의주세요 전화예약만 가능합니다^^)', 9900, 2, 6, '일반객실, 기준 4인 (최대 6인) | 침실 1, 침대 3, 최소 1박', 'https://search.pstatic.net/common/?autoRotate=true&quality=95&type=w750&src=https%3A%2F%2Fnaverbooking-phinf.pstatic.net%2F20190405_263%2F1554426515707sL6aA_JPEG%2F20190221_094524.jpg', 0, 'STANDARD', 3);

INSERT INTO accommodation (accommodations_id, accommodations_name, accommodations_category, accommodations_description, city, district, address_detail, latitude, longitude, transport_info, parking_info, phone, rating, review_count, source_url, source_platform, sns, check_in_time, check_out_time, short_description) VALUES (129, '제주 두바퀴 펜션 & 게스트하우스', 'GUESTHOUSE', '자전거와 여행이 좋아 고향인 이 곳, 대정읍 신도리에 제가 직접 지은 게스트하우스와 펜션을 운영하게 되었습니다.\n두바퀴를 찾아주시는 모든 분들이 즐거운 제주여행의 기억을 간직하고 가셨으면 좋겠습니다.\n감사합니다.', '제주', '서귀포시', '도원로 89', 33.2789302, 126.1795647, NULL, '주차가능', '0507-1413-2304', null, 31, 'https://map.naver.com/p/entry/place/37870742?c=15.00,0,0,0,dh&placePath=/information?entry=bmp&fromPanelNum=1&additionalHeight=76&timestamp=202512181302&locale=ko&svcName=map_pcv5&from=map&fromPanelNum=1&additionalHeight=76&timestamp=202512181302&locale=ko&svcName=map_pcv5', 'NAVER', 'Blog: https://blog.naver.com/gimi2305', NULL, NULL, NULL);
INSERT INTO accommodation_amenity (amenity_id, accommodations_id) VALUES (36, 129);
INSERT INTO accommodation_amenity (amenity_id, accommodations_id) VALUES (13, 129);
INSERT INTO accommodation_amenity (amenity_id, accommodations_id) VALUES (39, 129);
INSERT INTO accommodation_amenity (amenity_id, accommodations_id) VALUES (64, 129);
INSERT INTO accommodation_image (accommodations_id, image_url, image_type, sort_order) VALUES (129, 'https://search.pstatic.net/common/?autoRotate=true&quality=95&type=w750&src=https%3A%2F%2Fldb-phinf.pstatic.net%2F20160514_213%2F1463216482610R7x89_JPEG%2F176464583141498_0.jpeg', 'banner', 0);

INSERT INTO accommodation (accommodations_id, accommodations_name, accommodations_category, accommodations_description, city, district, address_detail, latitude, longitude, transport_info, parking_info, phone, rating, review_count, source_url, source_platform, sns, check_in_time, check_out_time, short_description) VALUES (130, '제주 풍경하우스', 'GUESTHOUSE', NULL, '제주', '서귀포시', '덕수서로18번길 7', 33.2521530, 126.3046029, '* 입실&퇴실 입실 : 15:00 퇴실 : 10:30 22시 이후 체 크인 시 사전문의 필수 * 픽업안내 픽업 불가 * 바베큐 바베큐이용불가 * 유아기준 영유아 기준인원 포...', NULL, NULL, null, 82, 'https://map.naver.com/p/search/%EC%A0%9C%EC%A3%BC+%ED%92%8D%EA%B2%BD%ED%95%98%EC%9A%B0%EC%8A%A4/place/36665807?c=15.00,0,0,0,dh&placePath=/room?entry=bmp&fromPanelNum=2&timestamp=202512181303&locale=ko&svcName=map_pcv5&searchText=%EC%A0%9C%EC%A3%BC%2B%ED%92%8D%EA%B2%BD%ED%95%98%EC%9A%B0%EC%8A%A4&businessCategory=pension&fromPanelNum=2&timestamp=202512181303&locale=ko&svcName=map_pcv5&searchText=%EC%A0%9C%EC%A3%BC%2B%ED%92%8D%EA%B2%BD%ED%95%98%EC%9A%B0%EC%8A%A4&businessCategory=pension&from=map', 'NAVER', 'Blog: https://blog.naver.com/munkabhan/220353082827', NULL, NULL, NULL);
INSERT INTO accommodation_image (accommodations_id, image_url, image_type, sort_order) VALUES (130, 'https://search.pstatic.net/common/?autoRotate=true&type=w560_sharpen&src=https%3A%2F%2Fldb-phinf.pstatic.net%2F20210908_53%2F1631108075764fvIPg_JPEG%2FyFTD9UHsKUqD4pQKyUZjzLc5.jpg', 'banner', 0);
INSERT INTO accommodation_image (accommodations_id, image_url, image_type, sort_order) VALUES (130, 'https://search.pstatic.net/common/?autoRotate=true&type=w278_sharpen&src=https%3A%2F%2Fldb-phinf.pstatic.net%2F20210908_46%2F16311080989600J1kL_JPEG%2Fx3Uy-Bs3i7rggB8orq6fbQ7r.jpg', 'detail', 1);
INSERT INTO accommodation_image (accommodations_id, image_url, image_type, sort_order) VALUES (130, 'https://search.pstatic.net/common/?autoRotate=true&type=w278_sharpen&src=https%3A%2F%2Fldb-phinf.pstatic.net%2F20210908_63%2F1631108119793pgRao_JPEG%2FemChqH3nrj_O1xHhazb69lRk.jpg', 'detail', 2);
INSERT INTO accommodation_image (accommodations_id, image_url, image_type, sort_order) VALUES (130, 'https://search.pstatic.net/common/?autoRotate=true&type=w278_sharpen&src=https%3A%2F%2Fldb-phinf.pstatic.net%2F20210908_57%2F1631108136617XecMM_JPEG%2FJtofxp68OTtiQ_LH_z9YDw6q.jpg', 'detail', 3);
INSERT INTO accommodation_image (accommodations_id, image_url, image_type, sort_order) VALUES (130, 'https://search.pstatic.net/common/?autoRotate=true&type=w278_sharpen&src=https%3A%2F%2Fldb-phinf.pstatic.net%2F20210908_247%2F1631108148392aRiIr_JPEG%2F9fDd1yqi6J5GJzZ9UqDjHtT6.jpg', 'detail', 4);
INSERT INTO room (accommodations_id, room_name, price, min_guests, max_guests, room_description, main_image_url, bathroom_count, room_type, bed_count) VALUES (130, 'Red Room', 49000, 2, 3, '독채, 기준 2인 (최대 3인) | 침실 1, 침대 1, 욕실 1, 최소 1박', 'https://search.pstatic.net/common/?autoRotate=true&quality=95&type=w750&src=https%3A%2F%2Fnaverbooking-phinf.pstatic.net%2F20221012_147%2F1665546429007vEY8u_JPEG%2Fimage.jpg', 1, 'STANDARD', 1);
INSERT INTO room (accommodations_id, room_name, price, min_guests, max_guests, room_description, main_image_url, bathroom_count, room_type, bed_count) VALUES (130, 'Yellow Room', 49000, 2, 3, '독채, 기준 2인 (최대 3인) | 침실 1, 침대 1, 욕실 1, 최소 1박', 'https://search.pstatic.net/common/?autoRotate=true&quality=95&type=w750&src=https%3A%2F%2Fnaverbooking-phinf.pstatic.net%2F20221012_261%2F1665546430908yielD_JPEG%2Fimage.jpg', 1, 'STANDARD', 1);
INSERT INTO room (accommodations_id, room_name, price, min_guests, max_guests, room_description, main_image_url, bathroom_count, room_type, bed_count) VALUES (130, 'Orange Room', 49000, 2, 3, '독채, 기준 2인 (최대 3인) | 침실 1, 침대 1, 욕실 1, 최소 1박', 'https://search.pstatic.net/common/?autoRotate=true&quality=95&type=w750&src=https%3A%2F%2Fnaverbooking-phinf.pstatic.net%2F20221012_184%2F1665546433750RrQ3D_JPEG%2Fimage.jpg', 1, 'STANDARD', 1);
INSERT INTO room (accommodations_id, room_name, price, min_guests, max_guests, room_description, main_image_url, bathroom_count, room_type, bed_count) VALUES (130, 'Green Room', 49000, 2, 3, '독채, 기준 2인 (최대 3인) | 침실 1, 침대 1, 욕실 1, 최소 1박', 'https://search.pstatic.net/common/?autoRotate=true&quality=95&type=w750&src=https%3A%2F%2Fnaverbooking-phinf.pstatic.net%2F20221012_109%2F1665546437855CHvOg_JPEG%2Fimage.jpg', 1, 'STANDARD', 1);

INSERT INTO accommodation (accommodations_id, accommodations_name, accommodations_category, accommodations_description, city, district, address_detail, latitude, longitude, transport_info, parking_info, phone, rating, review_count, source_url, source_platform, sns, check_in_time, check_out_time, short_description) VALUES (131, '제주 레몬트리 게스트하우스 1호점', 'GUESTHOUSE', '아침조식을 뷔페식(매일 10첩반상 이상)으로 무료제공하는게스트하우스 입니다\n\n공항버스 도보로 1분거리 , 일주버스 내륙버스 정류장 도보로 1분이내거리, 모슬포항 도보 5분거리이며 모슬포 맛집 집중거리 특히 1호점은 바닷가 전망이 보이는 역사깊은 게스트하우스입니다\n\n레몬트리는 바닷가 바로앞이며 제주 전역으로 가는 버스터미널 정류장이 도보 1분거리에 바로 있습니다\n\n올레코스 8,9,10,11,12,13,14,14-1코스시작점 끝점까지 버스로 20분이내 이동가능하시며 연박을 하실경우 올레길을 더욱 편하게 걸으실수 있습니다\n보통 4박5일 일정으로 예약하셔도 절대 후회 안하십니다\n가방 매고 힘들게 안다니셔도 됩니당~~\n\n**숙박시 마라도 10% , 가파도 17% 할인 적용되며 산방산 탄산온천 할인 30% 도 됩니다**\n\n*세탁기, 건조기 사용 가능하시며 세탁은 2천원 /건조는 3천원으로 유료이용가능하십니다 (세제무료)\n\n*전 침구류 매일 세탁 /전 객실 소독 방역으로 코로나 예방에 최선을 다하고 있습니다\n\n- 각 객실에 전기 모기채, 에프킬라 준비되어 있습니다\n\n*샴푸,린스,비누,치약,수건 준비되어 있으며 드라이기 고대기 도 있습니다\n\n*자전거 실내 보관이 가능하시며 체크인 전/후 짐을 맡기실 수 있습니다\n\n게스트하우스 근처는 여성 분들이 가장 안전하게 다니실 수 있는 지역입니다 근처에 병원 편의점 은행 시장 오일장 맛집 거리가 도보 2분 이내입니다 바다와 가장 가까우면서 편리성까지 겸비한 진정한 쉼터입니다', '제주', '서귀포시', '하모항구로 70', 33.2196526, 126.2513626, '방어축제거리안에 있습니다', '주차가능\n무료\n건물 왼편 무료주차30대 가능 건물앞무료주차', '0507-1366-2525', null, 658, 'https://map.naver.com/p/search/%EC%A0%9C%EC%A3%BC+%EB%A0%88%EB%AA%AC%ED%8A%B8%EB%A6%AC+%EA%B2%8C%EC%8A%A4%ED%8A%B8%ED%95%98%EC%9A%B0%EC%8A%A4+1%ED%98%B8%EC%A0%90/place/31846282?isCorrectAnswer=true&c=15.00,0,0,0,dh&placePath=/room?fromPanelNum=1&additionalHeight=76&timestamp=202512181303&locale=ko&svcName=map_pcv5&searchText=%EC%A0%9C%EC%A3%BC%2B%EB%A0%88%EB%AA%AC%ED%8A%B8%EB%A6%AC%2B%EA%B2%8C%EC%8A%A4%ED%8A%B8%ED%95%98%EC%9A%B0%EC%8A%A4%2B1%ED%98%B8%EC%A0%90&businessCategory=guesthouse&additionalHeight=76&timestamp=202512181303&locale=ko&svcName=map_pcv5&searchText=%EC%A0%9C%EC%A3%BC%2B%EB%A0%88%EB%AA%AC%ED%8A%B8%EB%A6%AC%2B%EA%B2%8C%EC%8A%A4%ED%8A%B8%ED%95%98%EC%9A%B0%EC%8A%A4%2B1%ED%98%B8%EC%A0%90&businessCategory=guesthouse&fromPanelNum=1', 'NAVER', 'Blog: https://blog.naver.com/lemontreemom', '16:00', '09:30', '맛있는 조식과 아름다운 뷰의 만남');
INSERT INTO accommodation_amenity (amenity_id, accommodations_id) VALUES (31, 131);
INSERT INTO accommodation_amenity (amenity_id, accommodations_id) VALUES (6, 131);
INSERT INTO accommodation_amenity (amenity_id, accommodations_id) VALUES (5, 131);
INSERT INTO accommodation_amenity (amenity_id, accommodations_id) VALUES (15, 131);
INSERT INTO accommodation_amenity (amenity_id, accommodations_id) VALUES (8, 131);
INSERT INTO accommodation_amenity (amenity_id, accommodations_id) VALUES (3, 131);
INSERT INTO accommodation_amenity (amenity_id, accommodations_id) VALUES (1, 131);
INSERT INTO accommodation_image (accommodations_id, image_url, image_type, sort_order) VALUES (131, 'https://search.pstatic.net/common/?autoRotate=true&type=w560_sharpen&src=https%3A%2F%2Fldb-phinf.pstatic.net%2F20151123_129%2F1448267697219yfOEs_JPEG%2F167073576476287_0.jpeg', 'banner', 0);
INSERT INTO accommodation_image (accommodations_id, image_url, image_type, sort_order) VALUES (131, 'https://search.pstatic.net/common/?autoRotate=true&type=w278_sharpen&src=https%3A%2F%2Fldb-phinf.pstatic.net%2F20171127_56%2F1511761766425HBeGm_JPEG%2F20151217_155152.jpg', 'detail', 1);
INSERT INTO accommodation_image (accommodations_id, image_url, image_type, sort_order) VALUES (131, 'https://search.pstatic.net/common/?autoRotate=true&type=w278_sharpen&src=https%3A%2F%2Fldb-phinf.pstatic.net%2F20171127_156%2F15117617701617PVgq_JPEG%2F%25A5%25EA.JPG', 'detail', 2);
INSERT INTO accommodation_image (accommodations_id, image_url, image_type, sort_order) VALUES (131, 'https://search.pstatic.net/common/?autoRotate=true&type=w278_sharpen&src=https%3A%2F%2Fldb-phinf.pstatic.net%2F20171127_244%2F15117617705479rf5x_JPEG%2Fimage.JPEG', 'detail', 3);
INSERT INTO accommodation_image (accommodations_id, image_url, image_type, sort_order) VALUES (131, 'https://search.pstatic.net/common/?autoRotate=true&type=w278_sharpen&src=https%3A%2F%2Fldb-phinf.pstatic.net%2F20171127_12%2F15117617735960QH7E_JPEG%2F20170813_194158.jpg', 'detail', 4);
INSERT INTO room (accommodations_id, room_name, price, min_guests, max_guests, room_description, main_image_url, bathroom_count, room_type, bed_count) VALUES (131, '4인 남성 도미토리', 27000, 2, 4, '기준 1인 (최대 4인)', 'https://search.pstatic.net/common/?autoRotate=true&quality=95&type=w750&src=https%3A%2F%2Fnaverbooking-phinf.pstatic.net%2F20220503_56%2F1651547209368MB16f_JPEG%2F20220428_115259.jpg', 0, 'STANDARD', 0);
INSERT INTO room (accommodations_id, room_name, price, min_guests, max_guests, room_description, main_image_url, bathroom_count, room_type, bed_count) VALUES (131, '4인여성도미토리', 27000, 2, 4, '기준 1인 (최대 4인)', 'https://search.pstatic.net/common/?autoRotate=true&quality=95&type=w750&src=https%3A%2F%2Fnaverbooking-phinf.pstatic.net%2F20220503_56%2F1651547209368MB16f_JPEG%2F20220428_115259.jpg', 0, 'STANDARD', 0);
INSERT INTO room (accommodations_id, room_name, price, min_guests, max_guests, room_description, main_image_url, bathroom_count, room_type, bed_count) VALUES (131, '4인실 가족실', 92000, 2, 4, '기준 4인 (최대 4인)', 'https://search.pstatic.net/common/?autoRotate=true&quality=95&type=w750&src=https%3A%2F%2Fnaverbooking-phinf.pstatic.net%2F20220503_92%2F1651548253608gQ0A9_JPEG%2F20220428_115259.jpg', 0, 'STANDARD', 0);
INSERT INTO room (accommodations_id, room_name, price, min_guests, max_guests, room_description, main_image_url, bathroom_count, room_type, bed_count) VALUES (131, '3인가족실', 75000, 2, 4, '기준 4인 (최대 4인)', 'https://search.pstatic.net/common/?autoRotate=true&quality=95&type=w750&src=https%3A%2F%2Fnaverbooking-phinf.pstatic.net%2F20220503_92%2F1651548253608gQ0A9_JPEG%2F20220428_115259.jpg', 0, 'STANDARD', 0);
INSERT INTO room (accommodations_id, room_name, price, min_guests, max_guests, room_description, main_image_url, bathroom_count, room_type, bed_count) VALUES (131, '2인실', 57000, 2, 2, '기준 2인 (최대 2인)', 'https://search.pstatic.net/common/?autoRotate=true&quality=95&type=w750&src=https%3A%2F%2Fnaverbooking-phinf.pstatic.net%2F20220503_221%2F1651551005757U2kC9_JPEG%2F20220428_115259.jpg', 0, 'STANDARD', 0);

INSERT INTO accommodation (accommodations_id, accommodations_name, accommodations_category, accommodations_description, city, district, address_detail, latitude, longitude, transport_info, parking_info, phone, rating, review_count, source_url, source_platform, sns, check_in_time, check_out_time, short_description) VALUES (132, '서귀포 아이리스 호텔', 'GUESTHOUSE', NULL, '제주', '서귀포시', '16-1', 33.2433746, 126.5638318, NULL, NULL, '064-763-5400', null, 16, 'https://map.naver.com/p/search/%EC%84%9C%EA%B7%80%ED%8F%AC+%EC%95%84%EC%9D%B4%EB%A6%AC%EC%8A%A4+%ED%98%B8%ED%85%94/place/33705006?isCorrectAnswer=true&c=15.00,0,0,0,dh&placePath=/information?fromPanelNum=1&additionalHeight=76&timestamp=202512181304&locale=ko&svcName=map_pcv5&searchText=%EC%84%9C%EA%B7%80%ED%8F%AC%2B%EC%95%84%EC%9D%B4%EB%A6%AC%EC%8A%A4%2B%ED%98%B8%ED%85%94&businessCategory=hotel&fromPanelNum=1&additionalHeight=76&timestamp=202512181304&locale=ko&svcName=map_pcv5&searchText=%EC%84%9C%EA%B7%80%ED%8F%AC%2B%EC%95%84%EC%9D%B4%EB%A6%AC%EC%8A%A4%2B%ED%98%B8%ED%85%94&businessCategory=hotel', 'NAVER', 'Blog: https://blog.naver.com/lsh54005400', '15:00', '11:00', NULL);
INSERT INTO accommodation_amenity (amenity_id, accommodations_id) VALUES (1, 132);
INSERT INTO accommodation_image (accommodations_id, image_url, image_type, sort_order) VALUES (132, 'https://search.pstatic.net/common/?autoRotate=true&quality=95&type=w750&src=https%3A%2F%2Fapis.naver.com%2Fplace%2Fpanorama%2Fthumbnail%2F33705006%2F0%3Fwidth%3D800%26height%3D400%26msgpad%3D1766030647231%26md%3DKPpnjNF5dkANr98yctsTr74B%252Fmk%253D', 'banner', 0);

INSERT INTO accommodation (accommodations_id, accommodations_name, accommodations_category, accommodations_description, city, district, address_detail, latitude, longitude, transport_info, parking_info, phone, rating, review_count, source_url, source_platform, sns, check_in_time, check_out_time, short_description) VALUES (133, '제주 까망하우스', 'GUESTHOUSE', '- 모든 방은 편백으로 내부 마감하였습니다.\n\n- 1층은 2인실로서 싱글침대 2개비치. 전용화장실에 샤워용품 구비 .43인치 대형티브(다양한 유선방송시청가능),와이파이,소형냉장고 에어콘,드라이기등 비치함\n\n- 2층은 복층으로 3인까지 투숙이 가능합니다. 2층에는 3인용 응접소파와 .43인치 대형티브(다양한 유선방송시청가능), 와이파이, 소형냉장고 에어콘,드라이기를 비치, 전용화장실에는 샤워용품 비치함\n\n- 실내 계단을 통해 복층으로 올라가면 싱글침대 2개가 비치되어 숙면을 할 수 있습니다.\n\n-까망하우스는 자연녹지 지역에 위치하여 조용하게 쉴 수 있습니다,\n\n-전 객실 내에서는 금연, 음주를 할 수 없으나 공동취사가 가능한 휴게실이 있음,\n\n-침구류는 항상 세탁후 깨끗하게 제공하고 있습니다', '제주', '제주시', '주전길 30-26', 33.3397974, 126.1788226, '- 버스 이용시,\n 공항1층에서 직행 102번 (빨간색버스)를 타면 제주 서쪽으로 약 1시간을 달려 한경면사무소에 하차(기사님에게 요청하세요) 걸어서 15분 소요됨\n - 시외버스 터미널에서 202번 버스를 타시면 1시간 30분 소요되며 이버스는 각마을을 경유하므로 제주의 구석구석을 보면서 올수있는 여유가 있습니다 신흥동에서 하차(기사님에게 요청하세요)하여 정면을 바라보면 까망하우스만 보입니다 걸어 5분거리 입니다', NULL, NULL, null, 92, 'https://map.naver.com/p/search/%EC%A0%9C%EC%A3%BC+%EA%B9%8C%EB%A7%9D%ED%95%98%EC%9A%B0%EC%8A%A4/place/435290487?isCorrectAnswer=true&c=15.00,0,0,0,dh&placePath=/room?fromPanelNum=1&additionalHeight=76&timestamp=202512181304&locale=ko&svcName=map_pcv5&searchText=%EC%A0%9C%EC%A3%BC%2B%EA%B9%8C%EB%A7%9D%ED%95%98%EC%9A%B0%EC%8A%A4&businessCategory=pension&additionalHeight=76&timestamp=202512181304&locale=ko&svcName=map_pcv5&searchText=%EC%A0%9C%EC%A3%BC%2B%EA%B9%8C%EB%A7%9D%ED%95%98%EC%9A%B0%EC%8A%A4&businessCategory=pension&fromPanelNum=1', 'NAVER', NULL, '16:00', '10:00', '편리한 시설과 깨끗한 화장실로 편안한 숙박');
INSERT INTO accommodation_theme (theme_id, accommodations_id) VALUES (1, 133);
INSERT INTO accommodation_amenity (amenity_id, accommodations_id) VALUES (16, 133);
INSERT INTO accommodation_amenity (amenity_id, accommodations_id) VALUES (6, 133);
INSERT INTO accommodation_amenity (amenity_id, accommodations_id) VALUES (4, 133);
INSERT INTO accommodation_amenity (amenity_id, accommodations_id) VALUES (10, 133);
INSERT INTO accommodation_amenity (amenity_id, accommodations_id) VALUES (1, 133);
INSERT INTO accommodation_amenity (amenity_id, accommodations_id) VALUES (34, 133);
INSERT INTO accommodation_amenity (amenity_id, accommodations_id) VALUES (20, 133);
INSERT INTO accommodation_image (accommodations_id, image_url, image_type, sort_order) VALUES (133, 'https://search.pstatic.net/common/?autoRotate=true&type=w560_sharpen&src=https%3A%2F%2Fldb-phinf.pstatic.net%2F20161223_189%2F1482480931655McAEG_JPEG%2F177170557131568_0.jpeg', 'banner', 0);
INSERT INTO accommodation_image (accommodations_id, image_url, image_type, sort_order) VALUES (133, 'https://search.pstatic.net/common/?autoRotate=true&type=w278_sharpen&src=https%3A%2F%2Fldb-phinf.pstatic.net%2F20161223_69%2F14824809317044cUhM_JPEG%2F177170557131568_1.jpeg', 'detail', 1);
INSERT INTO accommodation_image (accommodations_id, image_url, image_type, sort_order) VALUES (133, 'https://search.pstatic.net/common/?autoRotate=true&type=w278_sharpen&src=https%3A%2F%2Fldb-phinf.pstatic.net%2F20161223_22%2F1482480931747U4stN_JPEG%2F177170557131568_2.jpeg', 'detail', 2);
INSERT INTO accommodation_image (accommodations_id, image_url, image_type, sort_order) VALUES (133, 'https://search.pstatic.net/common/?autoRotate=true&type=w278_sharpen&src=https%3A%2F%2Fldb-phinf.pstatic.net%2F20161223_66%2F1482480931793lC0NQ_JPEG%2F177170557131568_3.jpeg', 'detail', 3);
INSERT INTO accommodation_image (accommodations_id, image_url, image_type, sort_order) VALUES (133, 'https://search.pstatic.net/common/?autoRotate=true&type=w278_sharpen&src=https%3A%2F%2Fldb-phinf.pstatic.net%2F20161223_291%2F1482480931840z4Dr8_JPEG%2F177170557131568_4.jpeg', 'detail', 4);
INSERT INTO room (accommodations_id, room_name, price, min_guests, max_guests, room_description, main_image_url, bathroom_count, room_type, bed_count) VALUES (133, '101호, 102호', 50000, 2, 2, '기준 2인 (최대 2인)', 'https://search.pstatic.net/common/?autoRotate=true&quality=95&type=w750&src=https%3A%2F%2Fldb-phinf.pstatic.net%2F20161220_49%2F1482213286345OVvw8_JPEG%2F0ed9e0dc-784f-41eb-b039-cb520681d697.jpeg', 0, 'STANDARD', 0);
INSERT INTO room (accommodations_id, room_name, price, min_guests, max_guests, room_description, main_image_url, bathroom_count, room_type, bed_count) VALUES (133, '201호, 202호', 70000, 2, 3, '기준 2인 (최대 3인)', 'https://search.pstatic.net/common/?autoRotate=true&quality=95&type=w750&src=https%3A%2F%2Fldb-phinf.pstatic.net%2F20161220_241%2F1482213710417uvSix_JPEG%2F03ec91f9-ad46-4c7a-8a0f-022acc63bd1f.jpeg', 0, 'STANDARD', 0);

INSERT INTO accommodation (accommodations_id, accommodations_name, accommodations_category, accommodations_description, city, district, address_detail, latitude, longitude, transport_info, parking_info, phone, rating, review_count, source_url, source_platform, sns, check_in_time, check_out_time, short_description) VALUES (134, '제주 농땡이연구소', 'GUESTHOUSE', '제주공항 근처, 동문시장 바로 앞에 위치한 게스트하우스 입니다.\n\n독립된 공간처럼 활용할 수 있는 침대와, 여독을 풀면서 휴식할 수 있는 매트리스, 편안한 카페 느낌의 라운지에서 여러분만의 여행을 만들고 가세요. 저희가 힘껏 도와드리겠습니다.', '제주', '제주시', '8', 33.5139346, 126.5269377, '동문시장 다이소 맞은편, 버스정류장 뒤 이삭토스트 골목 안 30m 지점\n\n:: 공항 연결 버스 ::\n\n기억하세요, 1-2-3.\n1층 2번출입구 앞 3번 승강장(용담, 시청방면) : 약 10분 소요\n1. 316, 325, 43-2 (동문시장 동문로터리), 465(탐라광장) 정류장 하차\n2. 315(탐라광장), 332(동문시장 동문로터리) 하차\n * 위 노선보다 5~7분정도 더 소요됨\n3. 302, 365, 370 탑승 후 관덕정/동문시장 제민신협 하차후 도보 5분', '주차가능\n무료', NULL, null, 994, 'https://map.naver.com/p/search/%EC%A0%9C%EC%A3%BC+%EB%86%8D%EB%95%A1%EC%9D%B4%EC%97%B0%EA%B5%AC%EC%86%8C/place/1489398807?isCorrectAnswer=true&c=15.00,0,0,0,dh&placePath=/room?fromPanelNum=1&additionalHeight=76&timestamp=202512181304&locale=ko&svcName=map_pcv5&searchText=%EC%A0%9C%EC%A3%BC%2B%EB%86%8D%EB%95%A1%EC%9D%B4%EC%97%B0%EA%B5%AC%EC%86%8C&businessCategory=guesthouse&additionalHeight=76&timestamp=202512181304&locale=ko&svcName=map_pcv5&searchText=%EC%A0%9C%EC%A3%BC%2B%EB%86%8D%EB%95%A1%EC%9D%B4%EC%97%B0%EA%B5%AC%EC%86%8C&businessCategory=guesthouse&fromPanelNum=1', 'NAVER', 'Instagram: http://www.instagram.com/nondaylab_jeju\nBlog: https://blog.naver.com/nondaylab', '16:00', '11:00', '행정안전부 선정\n착한가격업소');
INSERT INTO accommodation_amenity (amenity_id, accommodations_id) VALUES (6, 134);
INSERT INTO accommodation_amenity (amenity_id, accommodations_id) VALUES (5, 134);
INSERT INTO accommodation_amenity (amenity_id, accommodations_id) VALUES (1, 134);
INSERT INTO accommodation_amenity (amenity_id, accommodations_id) VALUES (7, 134);
INSERT INTO accommodation_amenity (amenity_id, accommodations_id) VALUES (3, 134);
INSERT INTO accommodation_amenity (amenity_id, accommodations_id) VALUES (9, 134);
INSERT INTO accommodation_image (accommodations_id, image_url, image_type, sort_order) VALUES (134, 'https://search.pstatic.net/common/?autoRotate=true&type=w560_sharpen&src=https%3A%2F%2Fnaverbooking-phinf.pstatic.net%2F20251105_123%2F1762350646910uLDRF_JPEG%2FDSC07594.JPG', 'banner', 0);
INSERT INTO accommodation_image (accommodations_id, image_url, image_type, sort_order) VALUES (134, 'https://search.pstatic.net/common/?autoRotate=true&type=w278_sharpen&src=https%3A%2F%2Fldb-phinf.pstatic.net%2F20191218_151%2F1576641033520HMKN6_JPEG%2FiyMwy81iN-A1Dv80OGVHZLti.jpg', 'detail', 1);
INSERT INTO accommodation_image (accommodations_id, image_url, image_type, sort_order) VALUES (134, 'https://search.pstatic.net/common/?autoRotate=true&type=w278_sharpen&src=https%3A%2F%2Fldb-phinf.pstatic.net%2F20191217_58%2F1576571949540gSXQt_JPEG%2Foux-o7VuCxZdRWspFaQ3NoaO.jpg', 'detail', 2);
INSERT INTO accommodation_image (accommodations_id, image_url, image_type, sort_order) VALUES (134, 'https://search.pstatic.net/common/?autoRotate=true&type=w278_sharpen&src=https%3A%2F%2Fldb-phinf.pstatic.net%2F20191218_200%2F157664105921533uTv_JPEG%2FHOEgZ3XlD6rfeJZwya2HzepE.jpg', 'detail', 3);
INSERT INTO accommodation_image (accommodations_id, image_url, image_type, sort_order) VALUES (134, 'https://search.pstatic.net/common/?autoRotate=true&type=w278_sharpen&src=https%3A%2F%2Fnaverbooking-phinf.pstatic.net%2F20250809_18%2F1754668925736fUvFN_PNG%2FKakaoTalk_20250709_104504843.png', 'detail', 4);
INSERT INTO room (accommodations_id, room_name, price, min_guests, max_guests, room_description, main_image_url, bathroom_count, room_type, bed_count) VALUES (134, '남자 도미토리', 23000, 2, 12, '공용객실, 기준 1인 (최대 12인) | 침실 1, 침대 6, 최소 1박', 'https://search.pstatic.net/common/?autoRotate=true&quality=95&type=w750&src=https%3A%2F%2Fnaverbooking-phinf.pstatic.net%2F20191216_30%2F1576489164519UV9H4_JPEG%2F%25B7%25EB_%25C1%25DF%25BE%25D3.jpg', 0, 'STANDARD', 6);
INSERT INTO room (accommodations_id, room_name, price, min_guests, max_guests, room_description, main_image_url, bathroom_count, room_type, bed_count) VALUES (134, '여자 도미토리', 23000, 2, 10, '공용객실, 기준 10인 (최대 10인) | 침실 1, 침대 5, 최소 1박', 'https://search.pstatic.net/common/?autoRotate=true&quality=95&type=w750&src=https%3A%2F%2Fnaverbooking-phinf.pstatic.net%2F20191216_38%2F157649626719162HYb_JPEG%2F20191216_2032321.jpg', 0, 'STANDARD', 5);
INSERT INTO room (accommodations_id, room_name, price, min_guests, max_guests, room_description, main_image_url, bathroom_count, room_type, bed_count) VALUES (134, '[기간연장] 돌아온 2+1 요금정책(남성 도미토리)', 15400, 2, 12, '공용객실, 기준 1인 (최대 12인) | 침실 1, 침대 6, 최소 3박', 'https://search.pstatic.net/common/?autoRotate=true&quality=95&type=w750&src=https%3A%2F%2Fnaverbooking-phinf.pstatic.net%2F20200528_2%2F1590624769084G89jy_JPEG%2FKakaoTalk_Photo_20200528_0909_20612.jpg', 0, 'STANDARD', 6);
INSERT INTO room (accommodations_id, room_name, price, min_guests, max_guests, room_description, main_image_url, bathroom_count, room_type, bed_count) VALUES (134, '[기간연장] 돌아온 2+1 요금정책(여성 도미토리)', 15400, 2, 10, '공용객실, 기준 1인 (최대 10인) | 침실 1, 침대 5, 최소 3박', 'https://search.pstatic.net/common/?autoRotate=true&quality=95&type=w750&src=https%3A%2F%2Fnaverbooking-phinf.pstatic.net%2F20200528_214%2F15906245922880UMOK_JPEG%2FKakaoTalk_Photo_20200528_0909_20612.jpg', 0, 'STANDARD', 5);
INSERT INTO room (accommodations_id, room_name, price, min_guests, max_guests, room_description, main_image_url, bathroom_count, room_type, bed_count) VALUES (134, '[한달살기] 남성 도미토리', 400000, 2, 12, '기준 1인 (최대 12인)', 'https://search.pstatic.net/common/?autoRotate=true&quality=95&type=w750&src=https%3A%2F%2Fnaverbooking-phinf.pstatic.net%2F20200716_35%2F1594899841112YjmXL_JPEG%2F%25B7%25EB_%25C1%25DF%25BE%25D3.jpg', 0, 'STANDARD', 0);
INSERT INTO room (accommodations_id, room_name, price, min_guests, max_guests, room_description, main_image_url, bathroom_count, room_type, bed_count) VALUES (134, '[한달살기] 여성 도미토리', 400000, 2, 1, '공용객실, 기준 1인 (최대 1인) | 침실 1, 침대 1, 욕실 1, 최소 1박', 'https://search.pstatic.net/common/?autoRotate=true&quality=95&type=w750&src=https%3A%2F%2Fnaverbooking-phinf.pstatic.net%2F20201207_136%2F1607345550267XOLdq_JPEG%2F%25C5%25A9%25B1%25E2%25BA%25AF%25C8%25AF20191216_203232.jpg', 1, 'STANDARD', 1);

INSERT INTO accommodation (accommodations_id, accommodations_name, accommodations_category, accommodations_description, city, district, address_detail, latitude, longitude, transport_info, parking_info, phone, rating, review_count, source_url, source_platform, sns, check_in_time, check_out_time, short_description) VALUES (135, '제주 올레스테이', 'GUESTHOUSE', '안녕하세요 좋은 날입니다.\n여기는 <올레스테이>입니다.\n\n*올레스테이는 제주를 찾는 걷기여행자에게 최적화된 숙소입니다\n- 개인 프라이버시가 존중되는 객실 & 샤워 공간\n- 신발 살균 건조기 구비\n- 무료 세탁 서비스(17시,19시 일괄 세탁)\n- 다양한 소규모 네트워킹 프로그램 운영\n- 식사와 휴식하기 좋은 여행자 라운지[카페/식당/PUB] 완비\n- 제주 올레길 7코스 시작점 위치,\n본관 1층 공식 안내소(오전9시~오후5시 운영)를 통해 제주 올레길 여행 안내 서비스\n\n* 올레스테이는 믿을 수 있는 숙소입니다\n- 제주올레 공식 파트너 숙소, 예비 사회적기업 (주)간세에서 운영\n- 세계여행 관광협회(WTTC) 제주안전여행 인증획득\n- 운영 직원 상시대기 및 1:1 대면 서비스 제공\n- (중요!)밤 12시 이후 투숙객 안전을 위해 건물 출입제한\n\n*올레스테이는 따뜻한 분위기의 안전한 숙소입니다\n- 1일 1 침구 세탁을 통해 깨끗하고 쾌적함 유지\n- 제주 서문시장 장인이 만든 아늑한 침구\n- 푹신하고 넓은 시몬스 매트리스\n- 본관/신관 1층 여행자라운지(8시-22시) 자유롭게 이용 가능\n- 제주 로컬미식(어멍밥상/어멍소풍/어멍술상)을 맛볼 수 있는 식당&펍\n\n*올레스테이는 접근성이 뛰어납니다\n- 제주 국제공항 리무진 정류장 도보 5분 (600번 버스)\n- 제주 올레 7코스 / 7-1코스 (정방향) 시작점\n- 제주 올레 6코스 (역방향) 시작점\n- 서귀포 매일 올레 시장 & 이중섭거리 도보 5분\n- 서귀포 칠십리시공원 / 서귀포항 / 새연교 / 천지연폭포 도보 7분 거리\n- 서귀포 걸매생태공원 / 작가의 산책길 도보 3분 거리\n- 편의점 / 마트 / 빨래방 / 서귀포 맛집 / 카페 등 도보 이동 가능\n\n제주올레여행자센터는 제주올레 길, 한라산 둘레길, 오름 등 제주를 여행하는 도보 여행자들의 베이스 캠프이자 제주를 찾은 여행자와 지역민이 함께 모여 놀멍 쉬멍 먹으멍 즐기고 나누는 공간입니다.\n\n [올레스테이 본관]\n- 1층 : 제주올레 공식 안내소 / 여행자라운지 / 식당 및 카페 / 간세홀 교육장\n- 2층 : 사단법인 제주올레 사무국\n- 3층 : 올레스테이 게스트하우스(도미토리)\n\n [올레스테이 신관]\n- 1층 : 여행자라운지 / 공유주방 / 세탁실 / 미팅룸\n- 2~4층 : 스탠다드 객실(더블 / 트윈), 유니버설 룸\n- 5층 : 루프탑 독채\n\n※숙소 공지사항※\n\n- 개인의 공간을 존중하는 올레스테이지만, 함께 머무는 이들을 위해 ***건물 출입 마감시간(밤 12시) 을 꼭 지켜주시고, 상대방에게 피해를 줄 수 있는 소음 (큰 소리로 대화, 통화) 등은 자제해 주시기 바랍니다.\n\n- 여행자라운지 & 옥상정원 등에서 늦은 시간까지의 음주는 자제를 부탁드리며, 과도한 음주로 인한 사고 발생 시 숙소에서는 책임지지 않습니다.\n\n- 나의 공간이 소중한 만큼 상대방의 공간도 존중해주는 기본 매너를 지켜주세요.\n\n[ 편의 시설 및 서비스, 조식관련]\n*제주올레길 도보여행 및 제주여행 안내 서비스\n*짐 보관 무료서비스 (당일 체크인 전 )\n*어멍조식: 제주 식재료를 활용한 신선한 제철죽 또는 한식(전날 조식권 판매 중)\n*1층 식당/카페 운영: 어멍밥상, 제주 수제맥주 등 로컬 재료를 활용한 식음료 판매\n*[본관 도미토리] 개인 프라이버시가 존중되는 샤워실 (1인 1 샤워룸, 커튼/ 짐 보관 바스켓 / 헤어 드라이기 구비 완료)\n*[신관] 공유주방, 미팅룸 등 구비\n*[본관/신관] 무료 세탁 서비스\n*[본관/신관] 여행자들의 뽀송뽀송한 신발 컨디션을 위한 <신발살균건조기> 비치\n\n* 예약시 만실로 보이시면 064 - 762 - 2167 로 전화 주십시오.\n\n* 당일예약은 저녁 6시까지 예약만 받고 있습니다. 참고해주세요.', '제주', '서귀포시', '22 제주올레여행자센터 3층', 33.2473767, 126.5586602, NULL, '주차가능\n무료\n서귀포시 중앙로 47번길 26 (무료 공영주차장) 서귀포시 중정로22 (제주올레 여행자센터)', '0507-1418-2177', null, 1859, 'https://map.naver.com/p/search/%EC%A0%9C%EC%A3%BC+%EC%98%AC%EB%A0%88%EC%8A%A4%ED%85%8C%EC%9D%B4/place/38507465?c=15.00,0,0,0,dh&placePath=/room?entry=bmp&fromPanelNum=2&timestamp=202512181305&locale=ko&svcName=map_pcv5&searchText=%EC%A0%9C%EC%A3%BC%2B%EC%98%AC%EB%A0%88%EC%8A%A4%ED%85%8C%EC%9D%B4&businessCategory=guesthouse&fromPanelNum=2&timestamp=202512181305&locale=ko&svcName=map_pcv5&searchText=%EC%A0%9C%EC%A3%BC%2B%EC%98%AC%EB%A0%88%EC%8A%A4%ED%85%8C%EC%9D%B4&businessCategory=guesthouse&from=map', 'NAVER', 'Blog: https://blog.naver.com/ollestay\nInstagram: https://www.instagram.com/jejuolletouristcenter', '16:00', '10:00', '편리한 주변 시설과 편안한 머무름 환경');
INSERT INTO accommodation_amenity (amenity_id, accommodations_id) VALUES (10, 135);
INSERT INTO accommodation_amenity (amenity_id, accommodations_id) VALUES (4, 135);
INSERT INTO accommodation_amenity (amenity_id, accommodations_id) VALUES (5, 135);
INSERT INTO accommodation_amenity (amenity_id, accommodations_id) VALUES (6, 135);
INSERT INTO accommodation_amenity (amenity_id, accommodations_id) VALUES (25, 135);
INSERT INTO accommodation_amenity (amenity_id, accommodations_id) VALUES (1, 135);
INSERT INTO accommodation_amenity (amenity_id, accommodations_id) VALUES (7, 135);
INSERT INTO accommodation_amenity (amenity_id, accommodations_id) VALUES (2, 135);
INSERT INTO accommodation_image (accommodations_id, image_url, image_type, sort_order) VALUES (135, 'https://search.pstatic.net/common/?autoRotate=true&type=w560_sharpen&src=https%3A%2F%2Fldb-phinf.pstatic.net%2F20241031_23%2F1730362777815bViNX_JPEG%2F%25BD%25C5%25B0%25FC_%25BB%25E7%25C0%25CE.jpg', 'banner', 0);
INSERT INTO accommodation_image (accommodations_id, image_url, image_type, sort_order) VALUES (135, 'https://search.pstatic.net/common/?autoRotate=true&type=w278_sharpen&src=https%3A%2F%2Fldb-phinf.pstatic.net%2F20190228_48%2F1551317649730eehtS_JPEG%2F1._%25BC%25BE%25C5%25CD%25BF%25DC%25BA%25AE.jpg', 'detail', 1);
INSERT INTO accommodation_image (accommodations_id, image_url, image_type, sort_order) VALUES (135, 'https://search.pstatic.net/common/?autoRotate=true&type=w278_sharpen&src=https%3A%2F%2Fnaverbooking-phinf.pstatic.net%2F20241130_60%2F1732959402838WGsoe_JPEG%2FDSC08186.jpeg', 'detail', 2);
INSERT INTO accommodation_image (accommodations_id, image_url, image_type, sort_order) VALUES (135, 'https://search.pstatic.net/common/?autoRotate=true&type=w278_sharpen&src=https%3A%2F%2Fnaverbooking-phinf.pstatic.net%2F20241130_104%2F1732959403089tXBQL_JPEG%2FDSC08160.jpeg', 'detail', 3);
INSERT INTO accommodation_image (accommodations_id, image_url, image_type, sort_order) VALUES (135, 'https://search.pstatic.net/common/?autoRotate=true&type=w278_sharpen&src=https%3A%2F%2Fnaverbooking-phinf.pstatic.net%2F20241130_295%2F17329594037269AUaS_JPEG%2FDSC08154.jpeg', 'detail', 4);
INSERT INTO room (accommodations_id, room_name, price, min_guests, max_guests, room_description, main_image_url, bathroom_count, room_type, bed_count) VALUES (135, '[신관] 스탠다드 더블(전망 없음)', 56000, 2, 2, '일반객실, 기준 2인 (최대 2인) | 침실 1, 침대 1, 욕실 1, 최소 1박', 'https://search.pstatic.net/common/?autoRotate=true&quality=95&type=w750&src=https%3A%2F%2Fnaverbooking-phinf.pstatic.net%2F20241130_59%2F1732954007618Bg0CW_JPEG%2FDSC08160.jpeg', 1, 'STANDARD', 1);
INSERT INTO room (accommodations_id, room_name, price, min_guests, max_guests, room_description, main_image_url, bathroom_count, room_type, bed_count) VALUES (135, '[신관] 스탠다드 더블', 61000, 2, 2, '일반객실, 기준 2인 (최대 2인) | 침실 1, 침대 1, 욕실 1, 최소 1박', 'https://search.pstatic.net/common/?autoRotate=true&quality=95&type=w750&src=https%3A%2F%2Fnaverbooking-phinf.pstatic.net%2F20241130_121%2F17329542622979KYpK_JPEG%2FDSC08160.jpeg', 1, 'STANDARD', 1);
INSERT INTO room (accommodations_id, room_name, price, min_guests, max_guests, room_description, main_image_url, bathroom_count, room_type, bed_count) VALUES (135, '[신관] 스탠다드 트윈', 63000, 2, 2, '일반객실, 기준 2인 (최대 2인) | 침실 1, 침대 2, 욕실 1, 최소 1박', 'https://search.pstatic.net/common/?autoRotate=true&quality=95&type=w750&src=https%3A%2F%2Fnaverbooking-phinf.pstatic.net%2F20241130_82%2F1732954357172PgUHp_JPEG%2FDSC08186.jpeg', 1, 'STANDARD', 2);
INSERT INTO room (accommodations_id, room_name, price, min_guests, max_guests, room_description, main_image_url, bathroom_count, room_type, bed_count) VALUES (135, '[신관] 유니버설 더블', 70000, 2, 3, '일반객실, 기준 2인 (최대 3인) | 침실 1, 침대 1, 욕실 1, 최소 1박', 'https://search.pstatic.net/common/?autoRotate=true&quality=95&type=w750&src=https%3A%2F%2Fnaverbooking-phinf.pstatic.net%2F20241130_292%2F1732959117493vCrg3_JPEG%2F%25C0%25AF%25B4%25CF%25B9%25F6%25BC%25B3.jpg', 1, 'STANDARD', 1);
INSERT INTO room (accommodations_id, room_name, price, min_guests, max_guests, room_description, main_image_url, bathroom_count, room_type, bed_count) VALUES (135, '[신관] 루프탑 독채', 240000, 2, 6, '일반객실, 기준 4인 (최대 6인) | 침실 3, 침대 4, 욕실 2, 최소 1박', 'https://search.pstatic.net/common/?autoRotate=true&quality=95&type=w750&src=https%3A%2F%2Fnaverbooking-phinf.pstatic.net%2F20241130_3%2F1732959243657eClmP_JPEG%2FDSC08281.jpeg', 2, 'STANDARD', 4);
INSERT INTO room (accommodations_id, room_name, price, min_guests, max_guests, room_description, main_image_url, bathroom_count, room_type, bed_count) VALUES (135, '[본관] 여자 다인실(4인실 또는 5인실)', 25000, 2, 5, '공용객실, 기준 1인 (최대 5인) | 침실 1, 침대 3, 최소 1박', 'https://search.pstatic.net/common/?autoRotate=true&quality=95&type=w750&src=https%3A%2F%2Fnaverbooking-phinf.pstatic.net%2F20220718_3%2F1658133455785bBvih_JPEG%2F5%25C0%25CE%25BD%25C7.jpeg', 0, 'STANDARD', 3);
INSERT INTO room (accommodations_id, room_name, price, min_guests, max_guests, room_description, main_image_url, bathroom_count, room_type, bed_count) VALUES (135, '[본관] 남자 다인실(4인실 또는 5인실)', 25000, 2, 5, '공용객실, 기준 1인 (최대 5인) | 침실 1, 침대 3, 최소 1박', 'https://search.pstatic.net/common/?autoRotate=true&quality=95&type=w750&src=https%3A%2F%2Fnaverbooking-phinf.pstatic.net%2F20190228_177%2F1551315110828HOHpm_JPEG%2F3-1._4%25C0%25CE%25BD%25C7.JPG', 0, 'STANDARD', 3);
INSERT INTO room (accommodations_id, room_name, price, min_guests, max_guests, room_description, main_image_url, bathroom_count, room_type, bed_count) VALUES (135, '[본관] 개인실', 50000, 2, 1, '일반객실, 기준 1인 (최대 1인) | 침실 1, 침대 1, 최소 1박', 'https://search.pstatic.net/common/?autoRotate=true&quality=95&type=w750&src=https%3A%2F%2Fnaverbooking-phinf.pstatic.net%2F20250307_252%2F174133294411016L3p_JPEG%2F%25BA%25BB%25B0%25FC_%25B0%25B3%25C0%25CE%25BD%25C71.jpg', 0, 'STANDARD', 1);

INSERT INTO accommodation (accommodations_id, accommodations_name, accommodations_category, accommodations_description, city, district, address_detail, latitude, longitude, transport_info, parking_info, phone, rating, review_count, source_url, source_platform, sns, check_in_time, check_out_time, short_description) VALUES (136, '제주 아림', 'GUESTHOUSE', '저희는 고객님의 안락과 행복을 위하여 선한 꿈을 안고 \n아름다운 향기가 흐르는 펜션을 운영하고 있습니다. \n고객님 취향에 맞추어 잘 섬겨드리는 아림펜션이 되고자 합니다. \n저희 펜션은 여러분을 감미로운 공간으로 맞이하도록 \n지원하는 5차원의 공간입니다.', '제주', '제주시', '456-8', 33.4889749, 126.4320585, '공항입구에서 용문로를 따라 2.05km 이동 먹돌새기에서 용두암 방면으로 좌회전 후 용해로를 따라 1.51km 지나 한림, 도두 방면으로 좌회전 후 서해안로를 따라 1.37km 이동 좌회전 서해안로를 따라 45m 이동 후 좌회전 46m 이동 하면 아림펜션이 있습니다.', NULL, '064-712-6969', null, 4, 'https://map.naver.com/p/search/%EC%A0%9C%EC%A3%BC+%EC%95%84%EB%A6%BC/place/37642064?c=15.00,0,0,0,dh&placePath=/room?entry=bmp&fromPanelNum=2&timestamp=202512181305&locale=ko&svcName=map_pcv5&searchText=%EC%A0%9C%EC%A3%BC%2B%EC%95%84%EB%A6%BC&businessCategory=pension&fromPanelNum=2&timestamp=202512181305&locale=ko&svcName=map_pcv5&searchText=%EC%A0%9C%EC%A3%BC%2B%EC%95%84%EB%A6%BC&businessCategory=pension&from=map', 'NAVER', NULL, '14:00', '11:00', NULL);
INSERT INTO accommodation_theme (theme_id, accommodations_id) VALUES (3, 136);
INSERT INTO accommodation_amenity (amenity_id, accommodations_id) VALUES (16, 136);
INSERT INTO accommodation_amenity (amenity_id, accommodations_id) VALUES (10, 136);
INSERT INTO accommodation_amenity (amenity_id, accommodations_id) VALUES (25, 136);
INSERT INTO accommodation_image (accommodations_id, image_url, image_type, sort_order) VALUES (136, 'https://search.pstatic.net/common/?autoRotate=true&type=w560_sharpen&src=https%3A%2F%2Fldb-phinf.pstatic.net%2F20160321_65%2F1458523273903MRz3s_JPEG%2F__1.jpg', 'banner', 0);
INSERT INTO accommodation_image (accommodations_id, image_url, image_type, sort_order) VALUES (136, 'https://search.pstatic.net/common/?autoRotate=true&type=w278_sharpen&src=https%3A%2F%2Fldb-phinf.pstatic.net%2F20160321_53%2F1458523273984Ullvw_JPEG%2F__2.jpg', 'detail', 1);
INSERT INTO accommodation_image (accommodations_id, image_url, image_type, sort_order) VALUES (136, 'https://search.pstatic.net/common/?autoRotate=true&type=w278_sharpen&src=https%3A%2F%2Fldb-phinf.pstatic.net%2F20160321_20%2F1458523274059cPugd_JPEG%2F__3.jpg', 'detail', 2);
INSERT INTO accommodation_image (accommodations_id, image_url, image_type, sort_order) VALUES (136, 'https://search.pstatic.net/common/?autoRotate=true&type=w278_sharpen&src=https%3A%2F%2Fldb-phinf.pstatic.net%2F20160321_188%2F1458523274134WNYlR_JPEG%2F__4.jpg', 'detail', 3);
INSERT INTO accommodation_image (accommodations_id, image_url, image_type, sort_order) VALUES (136, 'https://search.pstatic.net/common/?autoRotate=true&type=w278_sharpen&src=https%3A%2F%2Fldb-phinf.pstatic.net%2F20160321_13%2F1458523274180rgpLd_JPEG%2F__5.jpg', 'detail', 4);
INSERT INTO room (accommodations_id, room_name, price, min_guests, max_guests, room_description, main_image_url, bathroom_count, room_type, bed_count) VALUES (136, 'A-2패밀리(민트)', 80000, 2, 6, '기준 4인 (최대 6인)', 'https://search.pstatic.net/common/?autoRotate=true&quality=95&type=w750&src=https%3A%2F%2Fnaverbooking-phinf.pstatic.net%2F20160303_290%2F1456989484568Nf86q_JPEG%2Fwebnode_kr_20160303_153405.jpg', 0, 'STANDARD', 0);
INSERT INTO room (accommodations_id, room_name, price, min_guests, max_guests, room_description, main_image_url, bathroom_count, room_type, bed_count) VALUES (136, 'A-4그랜드(운석)', 250000, 2, 20, '기준 20인 (최대 20인)', 'https://search.pstatic.net/common/?autoRotate=true&quality=95&type=w750&src=https%3A%2F%2Fnaverbooking-phinf.pstatic.net%2F20160303_197%2F1456990137884Dib14_JPEG%2Fwebnode_kr_20160303_153515.jpg', 0, 'STANDARD', 0);

INSERT INTO accommodation (accommodations_id, accommodations_name, accommodations_category, accommodations_description, city, district, address_detail, latitude, longitude, transport_info, parking_info, phone, rating, review_count, source_url, source_platform, sns, check_in_time, check_out_time, short_description) VALUES (137, '제주 제니빌', 'GUESTHOUSE', '바베큐이용,전객실 바다전망,근거리 해안산책로,올레5코스 시작점 ,\n쇠소깍 위미 동백군락지 휴애리 남원큰엉 올레 5코스 서귀포올레시장 서귀포', '제주', '서귀포시', '태위로 604-15 제니빌', 33.2764868, 126.7124713, '* 입실&퇴실 입실: 15:00 퇴실: 11:00 22시 이후 체크 인 시 사전문의 필수 * 픽업안내 픽업 불가 * 바베큐 숯 +그릴 이용: 2~6인 기준 20,000원 현장결제 * ...', '주차가능\n무료', '0507-1444-6777', null, 101, 'https://map.naver.com/p/entry/place/20361663?c=15.00,0,0,0,dh&placePath=/room?entry=bmp&fromPanelNum=1&additionalHeight=76&timestamp=202512181305&locale=ko&svcName=map_pcv5&businessCategory=pension&fromPanelNum=1&additionalHeight=76&timestamp=202512181305&locale=ko&svcName=map_pcv5&businessCategory=pension&from=map', 'NAVER', 'Instagram: https://www.instagram.com/jennyville___pension/\nBlog: https://blog.naver.com/jyeon0921', '15:00', '11:00', '아름다운 바닷가 뷰와 여유로운 시간');
INSERT INTO accommodation_theme (theme_id, accommodations_id) VALUES (1, 137);
INSERT INTO accommodation_amenity (amenity_id, accommodations_id) VALUES (11, 137);
INSERT INTO accommodation_amenity (amenity_id, accommodations_id) VALUES (4, 137);
INSERT INTO accommodation_amenity (amenity_id, accommodations_id) VALUES (15, 137);
INSERT INTO accommodation_amenity (amenity_id, accommodations_id) VALUES (6, 137);
INSERT INTO accommodation_amenity (amenity_id, accommodations_id) VALUES (2, 137);
INSERT INTO accommodation_amenity (amenity_id, accommodations_id) VALUES (23, 137);
INSERT INTO accommodation_amenity (amenity_id, accommodations_id) VALUES (1, 137);
INSERT INTO accommodation_image (accommodations_id, image_url, image_type, sort_order) VALUES (137, 'https://search.pstatic.net/common/?autoRotate=true&type=w560_sharpen&src=https%3A%2F%2Fldb-phinf.pstatic.net%2F20240829_243%2F1724866618598F8krN_JPEG%2F20220204_132048.jpg', 'banner', 0);
INSERT INTO accommodation_image (accommodations_id, image_url, image_type, sort_order) VALUES (137, 'https://search.pstatic.net/common/?autoRotate=true&type=w278_sharpen&src=https%3A%2F%2Fldb-phinf.pstatic.net%2F20240829_60%2F1724866746990znjqH_JPEG%2F%25BB%25E7%25BA%25BB_-%25BB%25E7%25BA%25BB_-%25BB%25E7%25BA%25BB_-ADA_1138.jpg', 'detail', 1);
INSERT INTO accommodation_image (accommodations_id, image_url, image_type, sort_order) VALUES (137, 'https://search.pstatic.net/common/?autoRotate=true&type=w278_sharpen&src=https%3A%2F%2Fldb-phinf.pstatic.net%2F20240829_198%2F1724866443947UdX60_JPEG%2F%25BB%25E7%25BA%25BB_-DSC_6451.jpg', 'detail', 2);
INSERT INTO accommodation_image (accommodations_id, image_url, image_type, sort_order) VALUES (137, 'https://search.pstatic.net/common/?autoRotate=true&type=w278_sharpen&src=https%3A%2F%2Fldb-phinf.pstatic.net%2F20240829_183%2F1724866800317E8GqT_JPEG%2F%25BB%25E7%25BA%25BB_-DSC_5959.jpg', 'detail', 3);
INSERT INTO accommodation_image (accommodations_id, image_url, image_type, sort_order) VALUES (137, 'https://search.pstatic.net/common/?autoRotate=true&type=w278_sharpen&src=https%3A%2F%2Fldb-phinf.pstatic.net%2F20240829_33%2F1724866858506iDfgU_JPEG%2F%25BB%25E7%25BA%25BB_-DSC_6646.jpg', 'detail', 4);
INSERT INTO room (accommodations_id, room_name, price, min_guests, max_guests, room_description, main_image_url, bathroom_count, room_type, bed_count) VALUES (137, '허니문스위트202호', 90000, 2, 2, '일반객실, 기준 2인 (최대 2인) | 침실 1, 침대 1, 욕실 1, 최소 1박', 'https://search.pstatic.net/common/?autoRotate=true&quality=95&type=w750&src=https%3A%2F%2Fnaverbooking-phinf.pstatic.net%2F20200321_152%2F1584733409308mBiXK_JPEG%2Fimage.jpg', 1, 'STANDARD', 1);
INSERT INTO room (accommodations_id, room_name, price, min_guests, max_guests, room_description, main_image_url, bathroom_count, room_type, bed_count) VALUES (137, '모던스위트101호', 108000, 2, 4, '일반객실, 기준 4인 (최대 4인) | 욕실 1, 최소 1박', 'https://search.pstatic.net/common/?autoRotate=true&quality=95&type=w750&src=https%3A%2F%2Fnaverbooking-phinf.pstatic.net%2F20200321_129%2F1584733421058Vww3E_JPEG%2Fimage.jpg', 1, 'STANDARD', 0);
INSERT INTO room (accommodations_id, room_name, price, min_guests, max_guests, room_description, main_image_url, bathroom_count, room_type, bed_count) VALUES (137, '모던스위트103호', 108000, 2, 4, '일반객실, 기준 4인 (최대 4인) | 욕실 1, 최소 1박', 'https://search.pstatic.net/common/?autoRotate=true&quality=95&type=w750&src=https%3A%2F%2Fnaverbooking-phinf.pstatic.net%2F20200321_129%2F1584733421058Vww3E_JPEG%2Fimage.jpg', 1, 'STANDARD', 0);
INSERT INTO room (accommodations_id, room_name, price, min_guests, max_guests, room_description, main_image_url, bathroom_count, room_type, bed_count) VALUES (137, '럭셔리스위트201호', 126000, 2, 6, '일반객실, 기준 5인 (최대 6인) | 욕실 1, 최소 1박', 'https://search.pstatic.net/common/?autoRotate=true&quality=95&type=w750&src=https%3A%2F%2Fnaverbooking-phinf.pstatic.net%2F20200321_263%2F1584733423657LoTuG_JPEG%2Fimage.jpg', 1, 'STANDARD', 0);
INSERT INTO room (accommodations_id, room_name, price, min_guests, max_guests, room_description, main_image_url, bathroom_count, room_type, bed_count) VALUES (137, '럭셔리스위트203호', 126000, 2, 6, '일반객실, 기준 5인 (최대 6인) | 욕실 1, 최소 1박', 'https://search.pstatic.net/common/?autoRotate=true&quality=95&type=w750&src=https%3A%2F%2Fnaverbooking-phinf.pstatic.net%2F20200321_263%2F1584733423657LoTuG_JPEG%2Fimage.jpg', 1, 'STANDARD', 0);
INSERT INTO room (accommodations_id, room_name, price, min_guests, max_guests, room_description, main_image_url, bathroom_count, room_type, bed_count) VALUES (137, '로얄스위트102호', 160000, 2, 7, '일반객실, 기준 6인 (최대 7인) | 침실 1, 침대 1, 욕실 1, 최소 1박', 'https://search.pstatic.net/common/?autoRotate=true&quality=95&type=w750&src=https%3A%2F%2Fnaverbooking-phinf.pstatic.net%2F20200321_51%2F158473341776334Rt4_JPEG%2Fimage.jpg', 1, 'STANDARD', 1);

INSERT INTO accommodation (accommodations_id, accommodations_name, accommodations_category, accommodations_description, city, district, address_detail, latitude, longitude, transport_info, parking_info, phone, rating, review_count, source_url, source_platform, sns, check_in_time, check_out_time, short_description) VALUES (138, '제주 제주리조텔', 'GUESTHOUSE', '주차장 시설, 체험 감귤 농장, 캠프 파이어가 가능하며 500여평 4계절 녹색 잔디 정원 시설과 야자수조경, 어린이 공놀이, 베드민턴 잔디 정원에서 가능합니다. \n투숙객은 잔디 정원에서 파라솔 이용이 가능합니다.\n야외 잔디 광장에서 바베큐 식사가능하며, 모든 객실에서 4인 기준 주방기물 완비, 반딧불이 있는 유일한 자연공간입니다.', '제주', '제주시', '협재로 227-1', 33.3783859, 126.2519321, '협재 해수욕장 근처에 위치.', NULL, '0507-1352-7973', null, 71, 'https://map.naver.com/p/search/%EC%A0%9C%EC%A3%BC+%EC%A0%9C%EC%A3%BC%EB%A6%AC%EC%A1%B0%ED%85%94/place/11718222?c=15.00,0,0,0,dh&placePath=/information?entry=bmp&fromPanelNum=2&timestamp=202512181306&locale=ko&svcName=map_pcv5&searchText=%EC%A0%9C%EC%A3%BC%2B%EC%A0%9C%EC%A3%BC%EB%A6%AC%EC%A1%B0%ED%85%94&businessCategory=pension&from=map&fromPanelNum=2&timestamp=202512181306&locale=ko&svcName=map_pcv5&searchText=%EC%A0%9C%EC%A3%BC%2B%EC%A0%9C%EC%A3%BC%EB%A6%AC%EC%A1%B0%ED%85%94&businessCategory=pension', 'NAVER', NULL, NULL, NULL, NULL);
INSERT INTO accommodation_image (accommodations_id, image_url, image_type, sort_order) VALUES (138, 'https://search.pstatic.net/common/?autoRotate=true&type=w560_sharpen&src=https%3A%2F%2Fldb-phinf.pstatic.net%2F20150831_11%2F1441028148621pWi1f_GIF%2F11718222_0.gif', 'banner', 0);
INSERT INTO accommodation_image (accommodations_id, image_url, image_type, sort_order) VALUES (138, 'https://search.pstatic.net/common/?autoRotate=true&type=w278_sharpen&src=https%3A%2F%2Fldb-phinf.pstatic.net%2F20150831_41%2F1441028148786HKc5q_JPEG%2F11718222_1.jpg', 'detail', 1);
INSERT INTO accommodation_image (accommodations_id, image_url, image_type, sort_order) VALUES (138, 'https://search.pstatic.net/common/?autoRotate=true&type=w278_sharpen&src=https%3A%2F%2Fldb-phinf.pstatic.net%2F20150831_72%2F1441028149090HIoUy_JPEG%2F11718222_2.jpg', 'detail', 2);
INSERT INTO accommodation_image (accommodations_id, image_url, image_type, sort_order) VALUES (138, 'https://search.pstatic.net/common/?autoRotate=true&type=w278_sharpen&src=https%3A%2F%2Fldb-phinf.pstatic.net%2F20150831_232%2F1441028149318eVUR9_JPEG%2F11718222_3.jpg', 'detail', 3);
INSERT INTO accommodation_image (accommodations_id, image_url, image_type, sort_order) VALUES (138, 'https://search.pstatic.net/common/?autoRotate=true&type=w278_sharpen&src=https%3A%2F%2Fldb-phinf.pstatic.net%2F20150831_39%2F1441028149500e5MUy_JPEG%2F11718222_4.jpg', 'detail', 4);

INSERT INTO accommodation (accommodations_id, accommodations_name, accommodations_category, accommodations_description, city, district, address_detail, latitude, longitude, transport_info, parking_info, phone, rating, review_count, source_url, source_platform, sns, check_in_time, check_out_time, short_description) VALUES (139, '제주 평평스테이', 'GUESTHOUSE', '제주 동쪽의 고즈넉하고 작은 마을 평대리에 위치한 평평스테이입니다.\n제주의 시간과 삶이 고스란이 녹아있는 돌담 속 아늑한 평평의 휴식으로 초대합니다.\n조금은 낯선 이름의 구좌읍의 작은마을 평대리는 많이 알려지지는 않은 때묻지 않은 조용한 동네입니다.\n\n평평 스테이는 제주의 돌집 그대로를 살려 옛 것과 현대적인 부분을 조화시켜 제주스러움을 극대화하였습니다.', '제주', '제주시', '평대5길 41-2 1층', 33.5324732, 126.8419040, '평대해수욕장 CU점 뒷길 놀이터에서 보이는 정면이 평평스테이입니다\n놀이터 앞에 주차하시면 됩니다', NULL, '0507-1303-6568', null, 30, 'https://map.naver.com/p/entry/place/1214804431?c=15.00,0,0,0,dh&placePath=/room?entry=bmp&fromPanelNum=1&additionalHeight=76&timestamp=202512181306&locale=ko&svcName=map_pcv5&businessCategory=guesthouse&fromPanelNum=1&additionalHeight=76&timestamp=202512181306&locale=ko&svcName=map_pcv5&businessCategory=guesthouse&from=map', 'NAVER', 'Instagram: https://instagram.com/pyungpyung_stay?igshid=YmMyMTA2M2Y=', '15:00', '11:00', '아름다운 인테리어와 고즈넉한 마을의 조화');
INSERT INTO accommodation_theme (theme_id, accommodations_id) VALUES (3, 139);
INSERT INTO accommodation_theme (theme_id, accommodations_id) VALUES (1, 139);
INSERT INTO accommodation_amenity (amenity_id, accommodations_id) VALUES (1, 139);
INSERT INTO accommodation_amenity (amenity_id, accommodations_id) VALUES (23, 139);
INSERT INTO accommodation_amenity (amenity_id, accommodations_id) VALUES (6, 139);
INSERT INTO accommodation_amenity (amenity_id, accommodations_id) VALUES (22, 139);
INSERT INTO accommodation_amenity (amenity_id, accommodations_id) VALUES (26, 139);
INSERT INTO accommodation_image (accommodations_id, image_url, image_type, sort_order) VALUES (139, 'https://search.pstatic.net/common/?autoRotate=true&type=w560_sharpen&src=https%3A%2F%2Fldb-phinf.pstatic.net%2F20240328_158%2F1711624078344JAk6R_JPEG%2FScreenshot_20240328_200536.jpg', 'banner', 0);
INSERT INTO accommodation_image (accommodations_id, image_url, image_type, sort_order) VALUES (139, 'https://search.pstatic.net/common/?autoRotate=true&type=w278_sharpen&src=https%3A%2F%2Fldb-phinf.pstatic.net%2F20220717_11%2F1658060633801Ibilo_JPEG%2FKakaoTalk_20220630_211623813_01.jpg', 'detail', 1);
INSERT INTO accommodation_image (accommodations_id, image_url, image_type, sort_order) VALUES (139, 'https://search.pstatic.net/common/?autoRotate=true&type=w278_sharpen&src=https%3A%2F%2Fldb-phinf.pstatic.net%2F20220717_253%2F1658061530986H5NjR_JPEG%2FKakaoTalk_20220630_205149549_11.jpg', 'detail', 2);
INSERT INTO accommodation_image (accommodations_id, image_url, image_type, sort_order) VALUES (139, 'https://search.pstatic.net/common/?autoRotate=true&type=w278_sharpen&src=https%3A%2F%2Fldb-phinf.pstatic.net%2F20220717_39%2F16580615311646gx5l_JPEG%2FKakaoTalk_20220630_205149549_12.jpg', 'detail', 3);
INSERT INTO accommodation_image (accommodations_id, image_url, image_type, sort_order) VALUES (139, 'https://search.pstatic.net/common/?autoRotate=true&type=w278_sharpen&src=https%3A%2F%2Fldb-phinf.pstatic.net%2F20220717_14%2F1658061531320uExcp_JPEG%2FKakaoTalk_20220630_205149549_13.jpg', 'detail', 4);
INSERT INTO room (accommodations_id, room_name, price, min_guests, max_guests, room_description, main_image_url, bathroom_count, room_type, bed_count) VALUES (139, '평평스테이', 400000, 2, 6, '일반객실, 기준 4인 (최대 6인) | 침실 1, 침대 1, 욕실 1, 최소 1박', 'https://search.pstatic.net/common/?autoRotate=true&quality=95&type=w750&src=https%3A%2F%2Fnaverbooking-phinf.pstatic.net%2F20220719_101%2F16582304329222E6d5_JPEG%2FDSC07159_1_copy.jpg', 1, 'STANDARD', 1);

INSERT INTO accommodation (accommodations_id, accommodations_name, accommodations_category, accommodations_description, city, district, address_detail, latitude, longitude, transport_info, parking_info, phone, rating, review_count, source_url, source_platform, sns, check_in_time, check_out_time, short_description) VALUES (140, '서귀포 호텔연', 'GUESTHOUSE', '당신과의 소중한 인연이 되기를 바라는 호텔연은 바쁜 일상에서 벗어난 쉼의 공간, 색다른 여행의 경험, 특별한 휴식의 소중한 기억을 선물합니다. 기존의 호텔과 다른 차별화된 컨셉으로 사색의 공간, 연인과의 다정한 공감의 시간, 가족 간의 추억을 위한 공간에서 생겨나는 다채로운 감정을 위해 만들어진 감성 숙소입니다.\n\n24년 6월 내부 리노베이션으로 새롭게 태어난 호텔연의 객실은 새파란 서귀포의 자연을 한눈에 감상하실 수 있으며 일상을 벗어나 탁 트인 테라스에서 사색을 즐기며 나를 위한 힐링, 연인, 친구, 가족과 함께하는 소중한 추억을 특별하고 아름다운 공간에서 만들어 갈 수 있습니다.\n\n객실과 연결된 테라스에는 파란 제주 바다가 한 눈에 펼쳐지고, 눈부신 푸른 하늘과 두 눈이 맑아지도록 초록한 숲까지 감상할 수 있습니다. 짙은 어둠이 내리면 새연교의 보석처럼 아름답고 반짝이는 조망을 감상 가능하며, 늦은 밤 소중한 사람과 함께 테라스에서 선사하는 밤바다의 황홀한 야경을 두 눈에 담아보세요.\n\n[무료 미니바 + 무료 조식]\n객실에 비치된 미니바는 무료이며 제주의 원재료를 활용한 제품만 선별하여 소중한 고객님께 제공하고 있습니다.\n제주어묵바 + 제주라면 + 제주한라수 + 제주스낵 + 견과류 음료 + 과즙젤리 + 버츄오 커피캡슐 + 제주녹차\n※구성은 물품 상황 및 계절에 따라 변경이 가능합니다\n\n[무료 조식 바구니]\n매일 아침 8시 객실 앞으로 제공되는 피크닉 조식에는 당일 아침에 만들어진 유부초밥 + 갓삶은 제주 유기농계란 + 제주 과일 + 유기농 시리얼 + 100% 착즙쥬스 + 고급 우유를 제공해 드립니다.\n※구성은 물품 상황 및 계절에 따라 변경이 가능합니다\n\n[객실 시설]\n몰튼브라운 어메니티(샴푸, 컨디셔너, 바디클렌저, 핸드워시), 삼성 에어드레서(스타일러), 삼성 공기청정기, 하만카돈 블루투스 스피커, 오디오테크니카 LP플레이어, 드롱기 커피포트와 네스프레소 버츄오 커피머신, 버츄오 커피캡슐, 무소음 감각 냉장고, 삼성 75인치 스마트TV(패밀리 트윈 시티뷰) 등의 품격높은 어메니티와 감성을 충족시켜주는 편의가전이 비치되어 있습니다.\n\n[객실 구성]\n1. 디럭스 더블 오션뷰\n스튜디오 룸(더블)+욕실(샤워부스)+발코니 : 10평\nLP플레이어+하만카돈 블루투스 스피커+삼성 에어드레서(스타일러)+삼성 공기청정기+네스프레소 버츄오+드롱기 커피포트+무소음 냉장고+몰튼브라운 어메니티\n\n2. 패밀리 더블 트윈 시티뷰\n스튜디오 룸(더블트윈)+거실+욕실1(샤워부스)+욕실2(욕조) : 18\n삼성 75인치 스마트TV+LP플레이어+하만카돈 블루투스 스피커+삼성 에어드레서(스타일러)+삼성 공기청정기+네스프레소 버츄오+드롱기 커피포트+무소음 냉장고+몰튼브라운 어메니티\n※거실 가구의 스타일 및 색채는 객실별 컨셉에 따라 구성되어있어 객실의 환경은 다를 수 있습니다.\n\n[재실정비]\n객실내 미니바 물품은 매일 보충해드리며 타월도 매일 교체해 드립니다. 재실 정비는 3박이상 투숙하실 경우 2박째 시트교체, 수건교체, 쓰레기 수거, 전체 정비를 해 드립니다.\n\n[주변관광지]\n로비부터 이어진 올레길 코스는 천지연과 서귀포항을 도보 1분만에 도달하게 합니다.\n작가의산책길 - 50m\n천지연폭포 - 300m\n서귀포올레시장 - 600m\n새연교, 새섬 - 1km\n자구리공원 - 1km\n정방폭포-1.3km\n외돌개 - 2km\n제주월드컵경기장 - 5km\n쇠소깍 - 7km\n서귀포치유의숲 - 9km\n중문색달해수욕장 - 15km\n남원큰엉해변 - 15km\n한라산 영실매표소 - 22km', '제주', '서귀포시', '17-2 호텔연', 33.2439430, 126.5621251, '1. 차량 이용 : 서귀포시 솔동산로 22번길 17-2 주소를 검색해서 이동 (네이버지도, 티맵, 구글맵, 카카오맵)\n2. 택시 이용 : 서귀포 호텔연 검색 요청 - 대도식당 맞은편\n3. 버스 이용 : 공항에서 600번을 이용하여 샛기정공원(서) 정류장에 하차하여 도보로 5분 이동 후 호텔연에 도착\n\n서귀포 올레시장이 자리잡은 시가지와 천지연폭포 상단에 위치한 감성 숙소로 위치 및 전망이 빼어난 오션뷰 호텔연은 올레길 7코스에 위치해 있으며 객실에서 바다 및 도시의 아름다운 전망을 감상 가능합니다.\n서귀포 올레시장, 서귀포 맛집, 서귀포 관광명소, 서귀포 카페 등의 근접한 위치의 시설을 편리하게 이용 가능합니다.\n\n문의 : 064-763-8855 / cjy6885@naver.com', '주차가능\n무료\n호텔 전용 주차장이 준비되어 있습니다. 호텔 정문 바로 옆에는 오직 호텔 고객님을 위한 24시간 전용 주차장이 마련되어 있습니다.', '0507-1416-8863', null, 181, 'https://map.naver.com/p/entry/place/37541959?c=15.00,0,0,0,dh&placePath=/information?entry=bmp&fromPanelNum=1&additionalHeight=76&timestamp=202512181307&locale=ko&svcName=map_pcv5&businessCategory=hotel&from=map&fromPanelNum=1&additionalHeight=76&timestamp=202512181307&locale=ko&svcName=map_pcv5&businessCategory=hotel', 'NAVER', NULL, '15:00', '11:00', '아름다운 풍경과 맛있는 무료 조식의 아침');
INSERT INTO accommodation_amenity (amenity_id, accommodations_id) VALUES (13, 140);
INSERT INTO accommodation_amenity (amenity_id, accommodations_id) VALUES (41, 140);
INSERT INTO accommodation_amenity (amenity_id, accommodations_id) VALUES (1, 140);
INSERT INTO accommodation_amenity (amenity_id, accommodations_id) VALUES (43, 140);
INSERT INTO accommodation_amenity (amenity_id, accommodations_id) VALUES (44, 140);
INSERT INTO accommodation_amenity (amenity_id, accommodations_id) VALUES (55, 140);
INSERT INTO accommodation_image (accommodations_id, image_url, image_type, sort_order) VALUES (140, 'https://search.pstatic.net/common/?autoRotate=true&type=w560_sharpen&src=https%3A%2F%2Fldb-phinf.pstatic.net%2F20240603_152%2F1717380100177zPYDr_JPEG%2FKHJ03937.jpg', 'banner', 0);
INSERT INTO accommodation_image (accommodations_id, image_url, image_type, sort_order) VALUES (140, 'https://search.pstatic.net/common/?autoRotate=true&type=w278_sharpen&src=https%3A%2F%2Fldb-phinf.pstatic.net%2F20240603_148%2F1717380226895mtawq_JPEG%2F%25B4%25F5%25BA%25ED%25BF%25C0%25BC%25C7%25BA%25E4_%25C4%25A7%25B4%25EB_%25282%2529.jpg', 'detail', 1);
INSERT INTO accommodation_image (accommodations_id, image_url, image_type, sort_order) VALUES (140, 'https://search.pstatic.net/common/?autoRotate=true&type=w278_sharpen&src=https%3A%2F%2Fldb-phinf.pstatic.net%2F20240603_156%2F1717380228261YC7Dc_JPEG%2FLP_%25282%2529.jpg', 'detail', 2);
INSERT INTO accommodation_image (accommodations_id, image_url, image_type, sort_order) VALUES (140, 'https://search.pstatic.net/common/?autoRotate=true&type=w278_sharpen&src=https%3A%2F%2Fldb-phinf.pstatic.net%2F20240603_54%2F1717380101394nawnm_JPEG%2FKHJ03949.jpg', 'detail', 3);
INSERT INTO accommodation_image (accommodations_id, image_url, image_type, sort_order) VALUES (140, 'https://search.pstatic.net/common/?autoRotate=true&type=w278_sharpen&src=https%3A%2F%2Fldb-phinf.pstatic.net%2F20240603_274%2F17173801007267HVNN_JPEG%2FKHJ03960.jpg', 'detail', 4);

INSERT INTO accommodation (accommodations_id, accommodations_name, accommodations_category, accommodations_description, city, district, address_detail, latitude, longitude, transport_info, parking_info, phone, rating, review_count, source_url, source_platform, sns, check_in_time, check_out_time, short_description) VALUES (141, '제주 무룸', 'GUESTHOUSE', '안녕하세요\n제주도 서귀포시 성산읍 신산리에 위치한 무룸입니다. @mooroom_stay (무룸 인스타그램)\n조용한 마을에 위치하고 있는 무룸은 걱정 없는 방이라는 뜻입니다.\n아무 생각 없이 자거나 쉬기에도 평화롭고 좋으며\n표선해수욕장 섭지코지 성산일출봉이 가깝습니다.\n도보 5분 내 해안가 산책을 하실 수 있으며 제주 올레길 3코스(B)가 나옵니다.\n\n무룸은 140평 규모로 방 3개와 거실 주방 화장실 앞마당 뒷마당으로 구성되어 있습니다.\n앞마당 귤 밭 옆 주차장에 주차 2대 가능합니다.\n\n구비품목\n캠핑의자 캠핑테이블 캠핑랜턴 캠핑용품 거치대\n다도상 다도세트 스탠바이미 소파베드 마샬 블루투스스피커 와이파이 인터넷 세탑박스 포트넘앤메이슨 차 2종류 일리캡슐커피 2종류 청귤차 꽃차 웰컴스낵 정수기(싱크대 옆에 있습니다.) 냉장고 전자레인지 식기류 인덕션 기본조리도구 일리캡슐커피머신 와인잔 오프너 전기포트\n샴푸 트리트먼트 바디워시 바디로션 핸드워시 헤어에센스 드라이기 온수', '제주', '서귀포시', '신산중앙로 5', 33.3809029, 126.8770269, '신산초등학교 앞 성산봄죽칼국수와 신산리 복지회관 사이 골목 100m', '주차가능', NULL, null, 4, 'https://map.naver.com/p/search/%EC%A0%9C%EC%A3%BC+%EB%AC%B4%EB%A3%B8/place/1885229174?isCorrectAnswer=true&c=15.00,0,0,0,dh&placePath=/room?fromPanelNum=1&additionalHeight=76&timestamp=202512181307&locale=ko&svcName=map_pcv5&searchText=%EC%A0%9C%EC%A3%BC%2B%EB%AC%B4%EB%A3%B8&businessCategory=guesthouse&additionalHeight=76&timestamp=202512181307&locale=ko&svcName=map_pcv5&searchText=%EC%A0%9C%EC%A3%BC%2B%EB%AC%B4%EB%A3%B8&businessCategory=guesthouse&fromPanelNum=1', 'NAVER', 'Instagram: https://www.instagram.com/mooroom_stay', NULL, NULL, NULL);
INSERT INTO accommodation_amenity (amenity_id, accommodations_id) VALUES (1, 141);
INSERT INTO accommodation_image (accommodations_id, image_url, image_type, sort_order) VALUES (141, 'https://search.pstatic.net/common/?autoRotate=true&type=w560_sharpen&src=https%3A%2F%2Fnaverbooking-phinf.pstatic.net%2F20250508_120%2F1746711907152FsNYG_JPEG%2F%25B9%25AB%25B7%25EB%25C0%25CE%25BD%25BA%25C5%25B8%25C7%25C7%25B5%25E5%25BA%25F3%25C6%25BC%25C1%25F6.jpg', 'banner', 0);
INSERT INTO accommodation_image (accommodations_id, image_url, image_type, sort_order) VALUES (141, 'https://search.pstatic.net/common/?autoRotate=true&type=w278_sharpen&src=https%3A%2F%2Fldb-phinf.pstatic.net%2F20250325_290%2F1742911628255CftVD_JPEG%2FIMG_20250217_114447_210.jpg', 'detail', 1);
INSERT INTO accommodation_image (accommodations_id, image_url, image_type, sort_order) VALUES (141, 'https://search.pstatic.net/common/?autoRotate=true&type=w278_sharpen&src=https%3A%2F%2Fldb-phinf.pstatic.net%2F20250325_165%2F1742911628296mdcTe_JPEG%2FIMG_20250217_114447_250.jpg', 'detail', 2);
INSERT INTO accommodation_image (accommodations_id, image_url, image_type, sort_order) VALUES (141, 'https://search.pstatic.net/common/?autoRotate=true&type=w278_sharpen&src=https%3A%2F%2Fldb-phinf.pstatic.net%2F20250325_10%2F1742911628311owSeO_JPEG%2FIMG_20250217_114447_299.jpg', 'detail', 3);
INSERT INTO accommodation_image (accommodations_id, image_url, image_type, sort_order) VALUES (141, 'https://search.pstatic.net/common/?autoRotate=true&type=w278_sharpen&src=https%3A%2F%2Fldb-phinf.pstatic.net%2F20250325_182%2F1742911591983i0g3b_JPEG%2F20250325_140343.jpg', 'detail', 4);
INSERT INTO room (accommodations_id, room_name, price, min_guests, max_guests, room_description, main_image_url, bathroom_count, room_type, bed_count) VALUES (141, '무룸', 180000, 2, 4, '독채, 기준 2인 (최대 4인) | 침실 3, 침대 2, 욕실 1, 최소 1박', 'https://search.pstatic.net/common/?autoRotate=true&quality=95&type=w750&src=https%3A%2F%2Fnaverbooking-phinf.pstatic.net%2F20230111_200%2F1673413523063SbRRv_PNG%2F%25B9%25AB%25B7%25EB%25C7%25D8%25C7%25C7%25B4%25BA%25C0%25CC%25BE%25EE1.png', 1, 'STANDARD', 2);

INSERT INTO accommodation (accommodations_id, accommodations_name, accommodations_category, accommodations_description, city, district, address_detail, latitude, longitude, transport_info, parking_info, phone, rating, review_count, source_url, source_platform, sns, check_in_time, check_out_time, short_description) VALUES (142, '제주 우리희망이', 'GUESTHOUSE', '< 제주 조천 함덕 최고의 게스트하우스 >\n\n우리희망이 게스트하우스는 제주도가 안전한 게스트하우스로 인증한 안전하고 조용한 숙소입니다.\n편안한 휴식을 취하며 행복한 제주도 여행을 준비하는 공간입니다.\n\n* 게스트 분들의 편안한 휴식을 위해 리바트 매트리스 위에 엘라비아 토퍼를 올려 숙면을 취할 수 있도록 하였습니다.\n\n* 침구류 또한 호텔 침구 전문 업체에서 제작된 좋은 침구류를 제공합니다.\n\n* 2인실, 3인실이 있습니다.\n - 싱글침대, 슈퍼싱글침대, 퀸침대, 트윈침대, 커플룸, 가족룸, 패밀리룸 등으로 구성된 다양한 방들이 있습니다.\n\n* 다른 게스트하우스와 달리 방마다 개별 화장실 겸 욕실이 있어 편리합니다.\n\n* 게스트 분들의 편안한 휴식과 안전을 위해 건물내외부의 CCTV는 24시간 작동됩니다.\n\n* 전객실 화재감지기와 소화기가 구비되어 있으며, WIFI 및 냉난방시설이 완비되어 있습니다.\n\n* 함덕 해수욕장 (함덕 서우봉 해변)은 차로 5분, 조천에 숨겨져 있어 아는 사람만 아는 제주신흥해수욕장은 도보 5분, 삼양 검은모래해변 (삼양해수욕장)은 차로 15분 거리에 있습니다.\n\n* 제주국제공항과는 30분~40분 정도의 거리에 있으며, 제주 동쪽 관광지로 알려진 함덕, 구좌읍, 김녕, 월정리, 평대리, 세화, 하도, 우도, 성산일출봉, 만장굴, 비자림, 에코랜드 등을 가기 위해 지나가야 하는 위치에 있어 제주 동쪽 관광에 최적화된 숙소입니다.\n\n* 함덕 서우봉과 차로 5분 거리, 사라봉과 차로 20분 거리에 있으며, 제주 동쪽 오름(용눈이오름, 거문오름, 다랑쉬오름, 월랑봉, 아부오름, 거침오름, 백약이오름, 궁대오름 등), 그리고 산굼부리, 절물 등을 여행가고자 할때에도 좋은 위치에 있는 게스트하우스입니다.\n\n* 가성비 좋은 제주도 숙박 업소를 알아보실 때 많은 분들께서 제주도 민박, 제주도 게스트하우스를 찾으시는데, 그 중 우리희망이 게스트하우스가 안전함, 편리함, 조용함, 깨끗함, 깔끔함 등 여러 면에서 단연 최고의 게스트하우스라 자부합니다.\n\n* 건물 1층에는 로컬맛집인 부영식당이 운영되고 있습니다.(유료)\n- 메뉴 : 동태찌개, 김치찌개, 순두부찌개 / 여름별미 : 한치물회\n- 식당 운영시간 : 09시부터 19시\n- 재료소진 여부에 따라 영업시간이 변동될 수 있습니다.\n\n여러분의 편안한 휴식을 위해 최선을 다하겠습니다.^^\n\n< 우리희망이 이용 안내 >\n\n1. 입실 시간 : 16시부터 / 퇴실 시간 : 오전 10시까지\n2. 건물 내 절대 금연\n3. 반려동물 입실 금지\n4. 기준인원 외 투숙금지\n5. 미성년자는 보호자의 책임 하에 숙박이 가능합니다. 다만 이 경우에도 미성년자만 분리해서 따로 숙박할 수는 없고 같은 객실에서 함께 숙박해야 합니다.\n6. 과도한 음주 및 고성방가 금지\n* 위 규칙을 위반하시거나 다른 게스트분들께 불편함을 초래할 경우 환불없이 퇴실 조치됩니다.\n\n< 우리희망이 룸 안내 >\n\n* 1인실 겸 2인실\n- ROOM 201 (싱글+싱글 트윈베드)\n- ROOM 202 (퀸 베드)\n- ROOM 204 (퀸 베드)\n- ROOM 206 (퀸 베드)\n- ROOM 207 (퀸 베드)\n- ROOM 208 (퀸 베드)\n\n* 3인실\n- ROOM 203 (퀸+슈퍼싱글 트윈베드)\n- ROOM 205 (퀸+슈퍼싱글 트윈베드)\n\n여러분의 편안한 휴식을 위해 제주도에서 항상 준비하며 기다리겠습니다. 감사합니다.^^', '제주', '제주시', '신흥관전길 60-1 2층', 33.5461482, 126.6494197, '우리희망이 게스트하우스는 제주 조천 함덕 근처에 있는 숙소입니다.\n\n1. 함덕해수욕장 (함덕 서우봉해변)에서 차로 5분 거리입니다.\n\n2. 제주 조천에서 숨겨진 해수욕장인 제주신흥해수욕장에서 도보 5분 거리입니다.\n\n3. 삼양 검은모래해변에서 차로 15분 거리입니다.\n\n4. 제주 올레길 19코스와 제주 환상자전거길에 위치해 있습니다.\n\n** 자동차 이용시 네이버 지도 및 네이버 내비게이션에서 ''우리희망이 게스트하우스''를 검색하시거나 ''조천읍 신흥관전길 60-1'' 또는 ''조천읍 신흥리 487''을 검색해서 오시면 됩니다.\n\n** 대중교통 이용시 함덕고등학교, 신흥리(마을입구) 버스정류장이나 충혼묘지 버스정류장에 하차하시면 도보 8분 거리입니다.\n\n건물 1층에 부영식당, 2층에 우리희망이 게스트하우스가 있습니다.', '주차가능\n무료\n주차장이 넓어 편안하게 이용하실 수 있습니다.', '0507-1361-5836', null, 145, 'https://map.naver.com/p/entry/place/37546837?c=15.00,0,0,0,dh&placePath=/room?entry=bmp&fromPanelNum=1&additionalHeight=76&timestamp=202512181307&locale=ko&svcName=map_pcv5&businessCategory=guesthouse&fromPanelNum=1&additionalHeight=76&timestamp=202512181307&locale=ko&svcName=map_pcv5&businessCategory=guesthouse&from=map', 'NAVER', 'Instagram: http://www.instagram.com/ourhope_guesthouse', '16:00', '10:00', '넓고 깨끗한 화장실과 편안한 잠자리');
INSERT INTO accommodation_theme (theme_id, accommodations_id) VALUES (1, 142);
INSERT INTO accommodation_theme (theme_id, accommodations_id) VALUES (3, 142);
INSERT INTO accommodation_amenity (amenity_id, accommodations_id) VALUES (6, 142);
INSERT INTO accommodation_amenity (amenity_id, accommodations_id) VALUES (15, 142);
INSERT INTO accommodation_amenity (amenity_id, accommodations_id) VALUES (10, 142);
INSERT INTO accommodation_amenity (amenity_id, accommodations_id) VALUES (4, 142);
INSERT INTO accommodation_amenity (amenity_id, accommodations_id) VALUES (1, 142);
INSERT INTO accommodation_amenity (amenity_id, accommodations_id) VALUES (2, 142);
INSERT INTO accommodation_image (accommodations_id, image_url, image_type, sort_order) VALUES (142, 'https://search.pstatic.net/common/?autoRotate=true&type=w560_sharpen&src=https%3A%2F%2Fldb-phinf.pstatic.net%2F20230305_78%2F1677946975122RI4Gj_JPEG%2F%25BF%25CF%25BC%25BA%25BA%25BB205_1.jpg', 'banner', 0);
INSERT INTO accommodation_image (accommodations_id, image_url, image_type, sort_order) VALUES (142, 'https://search.pstatic.net/common/?autoRotate=true&type=w278_sharpen&src=https%3A%2F%2Fldb-phinf.pstatic.net%2F20230305_107%2F16779470864537MTzK_JPEG%2F%25BF%25CF%25BC%25BA%25BA%25BB205_2.jpg', 'detail', 1);
INSERT INTO accommodation_image (accommodations_id, image_url, image_type, sort_order) VALUES (142, 'https://search.pstatic.net/common/?autoRotate=true&type=w278_sharpen&src=https%3A%2F%2Fldb-phinf.pstatic.net%2F20230305_13%2F1677965961839OBrGt_JPEG%2F%25BF%25CF%25BC%25BA%25BA%25BB206_2.jpg', 'detail', 2);
INSERT INTO accommodation_image (accommodations_id, image_url, image_type, sort_order) VALUES (142, 'https://search.pstatic.net/common/?autoRotate=true&type=w278_sharpen&src=https%3A%2F%2Fldb-phinf.pstatic.net%2F20230305_75%2F1677947086784XnCWU_JPEG%2F%25BF%25CF%25BC%25BA%25BA%25BB203_5.jpg', 'detail', 3);
INSERT INTO accommodation_image (accommodations_id, image_url, image_type, sort_order) VALUES (142, 'https://search.pstatic.net/common/?autoRotate=true&type=w278_sharpen&src=https%3A%2F%2Fldb-phinf.pstatic.net%2F20230305_105%2F1677946974549Jxczn_JPEG%2F%25BF%25CF%25BC%25BA%25BA%25BB206_1.jpg', 'detail', 4);
INSERT INTO room (accommodations_id, room_name, price, min_guests, max_guests, room_description, main_image_url, bathroom_count, room_type, bed_count) VALUES (142, 'ROOM 201 (싱글+싱글 트윈베드) / 2인금액', 58000, 2, 2, '일반객실, 기준 2인 (최대 2인) | 침실 1, 침대 2, 욕실 1, 최소 1박', 'https://search.pstatic.net/common/?autoRotate=true&quality=95&type=w750&src=https%3A%2F%2Fnaverbooking-phinf.pstatic.net%2F20230305_127%2F16779565125736yuVR_JPEG%2F%25BF%25CF%25BC%25BA%25BA%25BB201_1.jpg', 1, 'STANDARD', 2);
INSERT INTO room (accommodations_id, room_name, price, min_guests, max_guests, room_description, main_image_url, bathroom_count, room_type, bed_count) VALUES (142, 'ROOM 202 (퀸 베드) / 2인금액', 58000, 2, 2, '일반객실, 기준 2인 (최대 2인) | 침실 1, 침대 1, 욕실 1, 최소 1박', 'https://search.pstatic.net/common/?autoRotate=true&quality=95&type=w750&src=https%3A%2F%2Fnaverbooking-phinf.pstatic.net%2F20230305_161%2F1677957418115Daq0X_JPEG%2F%25BF%25CF%25BC%25BA%25BA%25BB202_1.jpg', 1, 'STANDARD', 1);
INSERT INTO room (accommodations_id, room_name, price, min_guests, max_guests, room_description, main_image_url, bathroom_count, room_type, bed_count) VALUES (142, 'ROOM 203 (퀸+슈퍼싱글 트윈베드) / 3인금액', 75000, 2, 3, '일반객실, 기준 3인 (최대 3인) | 침실 1, 침대 2, 욕실 1, 최소 1박', 'https://search.pstatic.net/common/?autoRotate=true&quality=95&type=w750&src=https%3A%2F%2Fnaverbooking-phinf.pstatic.net%2F20230305_24%2F1677958121818wX1IT_JPEG%2F%25BF%25CF%25BC%25BA%25BA%25BB203_1.jpg', 1, 'STANDARD', 2);
INSERT INTO room (accommodations_id, room_name, price, min_guests, max_guests, room_description, main_image_url, bathroom_count, room_type, bed_count) VALUES (142, 'ROOM 204 (퀸 베드) / 2인금액', 62000, 2, 3, '일반객실, 기준 2인 (최대 3인) | 침실 1, 침대 1, 욕실 1, 최소 1박', 'https://search.pstatic.net/common/?autoRotate=true&quality=95&type=w750&src=https%3A%2F%2Fnaverbooking-phinf.pstatic.net%2F20230305_150%2F1677959044117RcJB9_JPEG%2F%25BF%25CF%25BC%25BA%25BA%25BB204_3.jpg', 1, 'STANDARD', 1);
INSERT INTO room (accommodations_id, room_name, price, min_guests, max_guests, room_description, main_image_url, bathroom_count, room_type, bed_count) VALUES (142, 'ROOM 205 (퀸+슈퍼싱글 트윈베드) / 3인금액', 75000, 2, 3, '일반객실, 기준 3인 (최대 3인) | 침실 1, 침대 2, 욕실 1, 최소 1박', 'https://search.pstatic.net/common/?autoRotate=true&quality=95&type=w750&src=https%3A%2F%2Fnaverbooking-phinf.pstatic.net%2F20230305_103%2F1677960627633yslRq_JPEG%2F%25BF%25CF%25BC%25BA%25BA%25BB205_1.jpg', 1, 'STANDARD', 2);
INSERT INTO room (accommodations_id, room_name, price, min_guests, max_guests, room_description, main_image_url, bathroom_count, room_type, bed_count) VALUES (142, 'ROOM 207 (퀸 베드) / 2인금액', 58000, 2, 2, '일반객실, 기준 2인 (최대 2인) | 침실 1, 침대 1, 욕실 1, 최소 1박', 'https://search.pstatic.net/common/?autoRotate=true&quality=95&type=w750&src=https%3A%2F%2Fnaverbooking-phinf.pstatic.net%2F20240827_42%2F1724769414675fJL6w_JPEG%2F207_1.jpg', 1, 'STANDARD', 1);
INSERT INTO room (accommodations_id, room_name, price, min_guests, max_guests, room_description, main_image_url, bathroom_count, room_type, bed_count) VALUES (142, 'ROOM 208 (퀸 베드) / 2인금액', 58000, 2, 2, '일반객실, 기준 2인 (최대 2인) | 침실 1, 침대 1, 욕실 1, 최소 1박', 'https://search.pstatic.net/common/?autoRotate=true&quality=95&type=w750&src=https%3A%2F%2Fnaverbooking-phinf.pstatic.net%2F20230305_151%2F1677962712646SmOzx_JPEG%2F%25BF%25CF%25BC%25BA%25BA%25BB208_1.jpg', 1, 'STANDARD', 1);

INSERT INTO accommodation (accommodations_id, accommodations_name, accommodations_category, accommodations_description, city, district, address_detail, latitude, longitude, transport_info, parking_info, phone, rating, review_count, source_url, source_platform, sns, check_in_time, check_out_time, short_description) VALUES (143, '제주 네모스테이', 'GUESTHOUSE', '제주도게스트하우스(네모스테이)입니다.\n\n1. 깨끗하고 넓은 오션뷰(일부) 객실\n- 건물 내 cafe & bar\n 전 객실 와이파이 및 전용 테라스\n\n2. 해수욕장 및 편의시설\n- 도보 5분~10분 이내 협재&금능 해수욕장 !\n편의점, 마트, 맛집, 카페 등 5분거리 !\n-버스정류장 1분 거리!\n\n3. 네모 뮤직 파티 (파티비 별도 추가)\n- 신나는 음악을 듣고 부르며 누구나 부담없이 편하게 즐길수 있는 파티 !\n- 테이블 당 4-6명 착석\n\n4. JMT 파티 음식&주류\n- 윙봉&감자튀김, 떡볶이, 타코라이스, 카프레제, 돔베고기\n한라토닉 1SET, 와인 등 푸짐한 제공 !\n\n5. 모두가 만족하는 성비\n- 여성분들 만족도 최고 ! 그렇기에 남녀 비율\n1:1 에서 2:1 사이를 지키는 중입니다 !\n(87년생 이상 파티 제한)\n\n제주에서 좋은 사람들과 행복한 시간 보내시고\n쾌적한 객실에서 주무세요 :)\n\n항상 발전하고 부족한 부분을 채워 나가는\n네모스테이가 되겠습니다 감사합니다.\n\n숙박 및 파티 예약 : [네이버예약] [인스타그램]\n숙박예약자에게는 숙박 당일에 파티(신청 및 비용) 관련 안내문자 발송됩니다.\n숙박 이외에도 파티만 참여도 가능하니 편하게 인스타DM / 전화 문의 주세요 :)\n문의 : 010-6798-0946\n\n파티는 최소인원 미 충족 시 취소될 수 있습니다.', '제주', '제주시', '한림로 394 1층~3층', 33.3971639, 126.2447363, '본관 - 제주도 제주시 한림읍 한림로 394\n별관 - 제주도 제주시 한림읍 협재3길 9\n(공항에서 26KM / 차 이동시, 약 40~50분 소요)\n\n* 공항버스*\n4번 게이트에서 102번 버스 탑승 ㅡ> 한림환승정류장에서 하차 ㅡ> 202번 버스 환승 ㅡ> 협재리에서 하차', '주차가능\n무료', '0507-1313-0946', null, 2027, 'https://map.naver.com/p/search/%EC%A0%9C%EC%A3%BC+%EB%84%A4%EB%AA%A8%EC%8A%A4%ED%85%8C%EC%9D%B4/place/1258755883?c=15.00,0,0,0,dh&placePath=/room?entry=bmp&fromPanelNum=2&timestamp=202512181308&locale=ko&svcName=map_pcv5&searchText=%EC%A0%9C%EC%A3%BC%2B%EB%84%A4%EB%AA%A8%EC%8A%A4%ED%85%8C%EC%9D%B4&businessCategory=guesthouse&fromPanelNum=2&timestamp=202512181308&locale=ko&svcName=map_pcv5&searchText=%EC%A0%9C%EC%A3%BC%2B%EB%84%A4%EB%AA%A8%EC%8A%A4%ED%85%8C%EC%9D%B4&businessCategory=guesthouse&from=map', 'NAVER', 'Instagram: https://www.instagram.com/nemostay_jeju', NULL, NULL, '깔끔한 숙소와 다양한 즐길거리로 행복한 시간');
INSERT INTO accommodation_theme (theme_id, accommodations_id) VALUES (1, 143);
INSERT INTO accommodation_theme (theme_id, accommodations_id) VALUES (3, 143);
INSERT INTO accommodation_amenity (amenity_id, accommodations_id) VALUES (1, 143);
INSERT INTO accommodation_amenity (amenity_id, accommodations_id) VALUES (5, 143);
INSERT INTO accommodation_amenity (amenity_id, accommodations_id) VALUES (4, 143);
INSERT INTO accommodation_amenity (amenity_id, accommodations_id) VALUES (19, 143);
INSERT INTO accommodation_amenity (amenity_id, accommodations_id) VALUES (10, 143);
INSERT INTO accommodation_amenity (amenity_id, accommodations_id) VALUES (6, 143);
INSERT INTO accommodation_amenity (amenity_id, accommodations_id) VALUES (7, 143);
INSERT INTO accommodation_amenity (amenity_id, accommodations_id) VALUES (8, 143);
INSERT INTO accommodation_amenity (amenity_id, accommodations_id) VALUES (9, 143);
INSERT INTO accommodation_amenity (amenity_id, accommodations_id) VALUES (14, 143);
INSERT INTO accommodation_amenity (amenity_id, accommodations_id) VALUES (29, 143);
INSERT INTO accommodation_image (accommodations_id, image_url, image_type, sort_order) VALUES (143, 'https://search.pstatic.net/common/?autoRotate=true&type=w560_sharpen&src=https%3A%2F%2Fvideo-phinf.pstatic.net%2F20251119_78%2F17635627806552WdKB_JPEG%2FGEWgg8SF7d_01.jpg', 'banner', 0);
INSERT INTO accommodation_image (accommodations_id, image_url, image_type, sort_order) VALUES (143, 'https://search.pstatic.net/common/?autoRotate=true&type=w278_sharpen&src=https%3A%2F%2Fldb-phinf.pstatic.net%2F20251207_282%2F1765096934289IsuqP_JPEG%2FIMG_8261.jpg', 'detail', 1);
INSERT INTO accommodation_image (accommodations_id, image_url, image_type, sort_order) VALUES (143, 'https://search.pstatic.net/common/?autoRotate=true&type=w278_sharpen&src=https%3A%2F%2Fldb-phinf.pstatic.net%2F20251207_206%2F1765096934275FuXuE_JPEG%2FIMG_8264.jpg', 'detail', 2);
INSERT INTO accommodation_image (accommodations_id, image_url, image_type, sort_order) VALUES (143, 'https://search.pstatic.net/common/?autoRotate=true&type=w278_sharpen&src=https%3A%2F%2Fldb-phinf.pstatic.net%2F20251207_111%2F1765096934674q3DkD_PNG%2F%25C3%25D6%25B1%25D9_%25BB%25E7%25C1%25F8_%25BA%25B8%25B1%25E2.png', 'detail', 3);
INSERT INTO accommodation_image (accommodations_id, image_url, image_type, sort_order) VALUES (143, 'https://search.pstatic.net/common/?autoRotate=true&type=w278_sharpen&src=https%3A%2F%2Fldb-phinf.pstatic.net%2F20251207_240%2F17650969342671xiFz_JPEG%2FIMG_8263.jpg', 'detail', 4);
INSERT INTO room (accommodations_id, room_name, price, min_guests, max_guests, room_description, main_image_url, bathroom_count, room_type, bed_count) VALUES (143, '네모 파티(파티만 참석자 전용)', 35000, 2, 80, '일반객실, 기준 1인 (최대 80인) | 3시간 55분 이용, 침실 1, 침대 1', 'https://search.pstatic.net/common/?autoRotate=true&quality=95&type=w750&src=https%3A%2F%2Fnaverbooking-phinf.pstatic.net%2F20251209_153%2F1765290254730sQnVb_JPEG%2FIMG_8259.jpg', 0, 'STANDARD', 1);
INSERT INTO room (accommodations_id, room_name, price, min_guests, max_guests, room_description, main_image_url, bathroom_count, room_type, bed_count) VALUES (143, '크리스마스 네모파티(1차+2차)', 60000, 2, 80, '일반객실, 기준 1인 (최대 80인) | 3시간 55분 이용, 침실 1, 침대 1', 'https://search.pstatic.net/common/?autoRotate=true&quality=95&type=w750&src=https%3A%2F%2Fnaverbooking-phinf.pstatic.net%2F20251209_229%2F17652900682930DzOi_PNG%2FM_-_2.png', 0, 'STANDARD', 1);
INSERT INTO room (accommodations_id, room_name, price, min_guests, max_guests, room_description, main_image_url, bathroom_count, room_type, bed_count) VALUES (143, '[선착순3명] 여성 파티+숙박', 35000, 2, 3, '일반객실, 기준 1인 (최대 3인) | 침실 1, 침대 3, 욕실 1, 최소 1박', 'https://search.pstatic.net/common/?autoRotate=true&quality=95&type=w750&src=https%3A%2F%2Fnaverbooking-phinf.pstatic.net%2F20251014_106%2F1760369524669mAmdW_JPEG%2FIMG_3404.jpg', 1, 'STANDARD', 3);
INSERT INTO room (accommodations_id, room_name, price, min_guests, max_guests, room_description, main_image_url, bathroom_count, room_type, bed_count) VALUES (143, '[초특가]별관 여성 도미토리(4인실) 1인 / 파티필참', 14900, 2, 4, '공용객실, 기준 1인 (최대 4인) | 침실 1, 침대 3, 욕실 1, 최소 1박', 'https://search.pstatic.net/common/?autoRotate=true&quality=95&type=w750&src=https%3A%2F%2Fnaverbooking-phinf.pstatic.net%2F20251101_133%2F1761992075228iPp5m_JPEG%2FIMG_4473.jpg', 1, 'STANDARD', 3);
INSERT INTO room (accommodations_id, room_name, price, min_guests, max_guests, room_description, main_image_url, bathroom_count, room_type, bed_count) VALUES (143, '[특가] 별관 여성 오션뷰 도미토리 / 파티필참', 14900, 2, 6, '공용객실, 기준 1인 (최대 6인) | 침실 1, 침대 3, 욕실 1, 최소 1박', 'https://search.pstatic.net/common/?autoRotate=true&quality=95&type=w750&src=https%3A%2F%2Fnaverbooking-phinf.pstatic.net%2F20231110_242%2F1699618690342SQVgD_JPEG%2FIMG_1152.jpeg', 1, 'STANDARD', 3);
INSERT INTO room (accommodations_id, room_name, price, min_guests, max_guests, room_description, main_image_url, bathroom_count, room_type, bed_count) VALUES (143, '[초특가]본관 여성 도미토리(2층침대룸) 1인/파티선택', 19900, 2, 2, '공용객실, 기준 1인 (최대 2인) | 침실 1, 침대 1, 최소 1박', 'https://search.pstatic.net/common/?autoRotate=true&quality=95&type=w750&src=https%3A%2F%2Fnaverbooking-phinf.pstatic.net%2F20240621_272%2F1718966964617t0nEn_JPEG%2FKakaoTalk_20240621_182748097_01.jpg', 0, 'STANDARD', 1);
INSERT INTO room (accommodations_id, room_name, price, min_guests, max_guests, room_description, main_image_url, bathroom_count, room_type, bed_count) VALUES (143, '[남성] 네모 파티(숙박예약자 전용 - 숙박 별도)', 30000, 2, 80, '일반객실, 기준 1인 (최대 80인) | 3시간 55분 이용, 침실 1, 침대 1', 'https://search.pstatic.net/common/?autoRotate=true&quality=95&type=w750&src=https%3A%2F%2Fnaverbooking-phinf.pstatic.net%2F20250427_1%2F1745744337946eYJd5_JPEG%2FKakaoTalk_20250427_174739853.jpg', 0, 'STANDARD', 1);
INSERT INTO room (accommodations_id, room_name, price, min_guests, max_guests, room_description, main_image_url, bathroom_count, room_type, bed_count) VALUES (143, '[여성] 네모 파티 (숙박예약자 전용 - 숙박 별도)', 25000, 2, 80, '일반객실, 기준 1인 (최대 80인) | 3시간 55분 이용, 침실 1, 침대 1', 'https://search.pstatic.net/common/?autoRotate=true&quality=95&type=w750&src=https%3A%2F%2Fnaverbooking-phinf.pstatic.net%2F20250427_11%2F1745744369821FpAWU_JPEG%2FKakaoTalk_20250427_174739853.jpg', 0, 'STANDARD', 1);
INSERT INTO room (accommodations_id, room_name, price, min_guests, max_guests, room_description, main_image_url, bathroom_count, room_type, bed_count) VALUES (143, '본관 여성 트윈A룸 (오션뷰) / 파티필참', 63000, 2, 2, '일반객실, 기준 2인 (최대 2인) | 침실 1, 침대 2, 욕실 1, 최소 1박', 'https://search.pstatic.net/common/?autoRotate=true&quality=95&type=w750&src=https%3A%2F%2Fnaverbooking-phinf.pstatic.net%2F20240916_91%2F1726448650929dFSjO_JPEG%2FKakaoTalk_20240915_150330343_04.jpg', 1, 'STANDARD', 2);
INSERT INTO room (accommodations_id, room_name, price, min_guests, max_guests, room_description, main_image_url, bathroom_count, room_type, bed_count) VALUES (143, '본관 여성 트윈B룸 (오션뷰) / 파티필참', 68000, 2, 3, '일반객실, 기준 2인 (최대 3인) | 침실 1, 침대 2, 욕실 1, 최소 1박', 'https://search.pstatic.net/common/?autoRotate=true&quality=95&type=w750&src=https%3A%2F%2Fnaverbooking-phinf.pstatic.net%2F20221130_293%2F1669812060371MR60H_JPEG%2F%25BF%25A9%25BC%25BA%25C0%25FC%25BF%25EB%25B7%25EB_%2528A%252CB_%25C0%25FC%25BF%25EB%25B7%25EB%2529_%25284%2529.jpg', 1, 'STANDARD', 2);
INSERT INTO room (accommodations_id, room_name, price, min_guests, max_guests, room_description, main_image_url, bathroom_count, room_type, bed_count) VALUES (143, '[단체] 본관 트윈 A+B룸 / 파티선택', 150000, 2, 5, '일반객실, 기준 4인 (최대 5인) | 침실 2, 침대 4, 욕실 2, 최소 1박', 'https://search.pstatic.net/common/?autoRotate=true&quality=95&type=w750&src=https%3A%2F%2Fnaverbooking-phinf.pstatic.net%2F20221130_10%2F1669812062423Cs3T8_JPEG%2FKakaoTalk_20221130_213618433.jpg', 2, 'STANDARD', 4);
INSERT INTO room (accommodations_id, room_name, price, min_guests, max_guests, room_description, main_image_url, bathroom_count, room_type, bed_count) VALUES (143, '본관 여성 도미토리(트윈룸)싱글 1인 / 파티선택', 30000, 2, 2, '일반객실, 기준 1인 (최대 2인) | 침실 1, 침대 2, 최소 1박', 'https://search.pstatic.net/common/?autoRotate=true&quality=95&type=w750&src=https%3A%2F%2Fnaverbooking-phinf.pstatic.net%2F20241111_101%2F1731330832144OYT1B_JPEG%2FKakaoTalk_20241109_103035332_20.jpg', 0, 'STANDARD', 2);
INSERT INTO room (accommodations_id, room_name, price, min_guests, max_guests, room_description, main_image_url, bathroom_count, room_type, bed_count) VALUES (143, '본관 여성 도미토리(1인실) / 파티선택', 30000, 2, 1, '공용객실, 기준 1인 (최대 1인) | 침실 1, 침대 1, 최소 1박', 'https://search.pstatic.net/common/?autoRotate=true&quality=95&type=w750&src=https%3A%2F%2Fnaverbooking-phinf.pstatic.net%2F20240517_267%2F1715917973777I7KE5_JPEG%2FKakaoTalk_Photo_2023-08-31-00-54-34_001.jpeg', 0, 'STANDARD', 1);
INSERT INTO room (accommodations_id, room_name, price, min_guests, max_guests, room_description, main_image_url, bathroom_count, room_type, bed_count) VALUES (143, '본관 여성 도미토리(개인 더블룸) / 파티선택', 40000, 2, 2, '일반객실, 기준 1인 (최대 2인) | 침실 1, 침대 1, 최소 1박', 'https://search.pstatic.net/common/?autoRotate=true&quality=95&type=w750&src=https%3A%2F%2Fnaverbooking-phinf.pstatic.net%2F20240621_271%2F1718966922336rXEaD_JPEG%2FKakaoTalk_20240621_182748097_02.jpg', 0, 'STANDARD', 1);
INSERT INTO room (accommodations_id, room_name, price, min_guests, max_guests, room_description, main_image_url, bathroom_count, room_type, bed_count) VALUES (143, '본관 남성 도미토리 / 파티선택', 35000, 2, 4, '공용객실, 기준 1인 (최대 4인) | 침실 3, 침대 4, 최소 1박', 'https://search.pstatic.net/common/?autoRotate=true&quality=95&type=w750&src=https%3A%2F%2Fnaverbooking-phinf.pstatic.net%2F20221201_3%2F1669829023526hHP9D_JPEG%2FKakaoTalk_20220904_172130535.jpg', 0, 'STANDARD', 4);
INSERT INTO room (accommodations_id, room_name, price, min_guests, max_guests, room_description, main_image_url, bathroom_count, room_type, bed_count) VALUES (143, '본관 남성 도미토리(개인 더블룸) / 파티선택', 50000, 2, 2, '일반객실, 기준 1인 (최대 2인) | 침실 1, 침대 1, 욕실 1, 최소 1박', 'https://search.pstatic.net/common/?autoRotate=true&quality=95&type=w750&src=https%3A%2F%2Fnaverbooking-phinf.pstatic.net%2F20220904_209%2F1662280055550KI1vC_JPEG%2FKakaoTalk_20220904_172130535_12.jpg', 1, 'STANDARD', 1);
INSERT INTO room (accommodations_id, room_name, price, min_guests, max_guests, room_description, main_image_url, bathroom_count, room_type, bed_count) VALUES (143, '[특가] 별관 남성 오션뷰 도미토리 / 파티필참', 28000, 2, 6, '공용객실, 기준 1인 (최대 6인) | 침실 1, 침대 3, 욕실 1, 최소 1박', 'https://search.pstatic.net/common/?autoRotate=true&quality=95&type=w750&src=https%3A%2F%2Fnaverbooking-phinf.pstatic.net%2F20230908_151%2F1694167590394U7Fdd_JPEG%2FZ.jpeg', 1, 'STANDARD', 3);

INSERT INTO accommodation (accommodations_id, accommodations_name, accommodations_category, accommodations_description, city, district, address_detail, latitude, longitude, transport_info, parking_info, phone, rating, review_count, source_url, source_platform, sns, check_in_time, check_out_time, short_description) VALUES (144, '제주 보름', 'GUESTHOUSE', '서귀포 중문에서 제주산 흑돼지를 제대로\n드실 수 있는 곳, 오직 보름숲입니다.\n\n제주 중문 맛집 보름숲은 손님분들께\n최고의 고기를 대접해드리기 위해 당일\n생산된 최상의 흑돼지 신선육을 그대로\n받아 숙성고에서 보름동안 숙성합니다.\n\n시그니처 메뉴인 망우리불 훈증구이는\n숯불에 올린 고기를 짚멍석으로 덮고\n열을 가두어 속까지 익히는 전통 방식으로\n훈연의 향이 스며들어 어디서도 맛보지\n못한 특별한 맛을 선사합니다.\n\n제주 종갓집 한식 명인의 솜씨로 개발하고\n정성껏 만들어낸 밑반찬과 상차림도\n준비되어 있습니다.\n\n방풍림으로 둘러쌓인 안뜰의 공간은 외부\n환경과 차단되어 아늑하고 특별한 공간을\n제공하고, 감각적인 인테리어로 가장\n제주다운 공간이며 고기집 중 가장 아름\n다운 곳이라 해도 과언이 아닙니다.\n\n고즈넉한 넓은 야외좌석도 완비되어 있어\n낮에는 푸른 숲 속에서, 저녁엔 제주의\n아름다운 노을 가운데서 소중한 사람들과\n좋은 분위기를 즐기실 수 있습니다.\n\n중문관광단지와도 가까워 서귀포 중문\n여행코스 중 방문하기도 편리하고 식사의\n처음부터 끝까지 직원들이 케어해 소중한\n시간이 될 수 있도록 하고 있습니다.\n\n가장 맛있는 제주 흑돼지를 먹을 수 있는\n이곳은 매일이 보름, 날마다 축제,\n오늘의 낙원입니다.', '제주', '서귀포시', '255', 33.2229607, 126.2745085, '- 오시는길 안내\n\n[자차 이용 시]\n1100로 255 네비게이션 검색 후 오시면 됩니다.\n\n중문관광단지 인근에 위치해 있으며\n회수사거리에서 500m정도 올라오시면\n왼쪽에 위치하고 있습니다.\n\n[대중교통 이용 시]\n240번 버스 물꾸럭동산 입구 하차 후\n북쪽으로 100m 정도 올라오시면 됩니다.\n\n숲이 감춰둔 너른 뜰 하나\n가장 제주다운 음식과 공간\n밖에서 보면 우거진 숲\n들어와 보면 너른 뜰\n\n굽는 방식부터 곁들이는 찬까지\n제주의 맛으로 가득한 보름숲입니다.', '주차가능\n무료\n매장으로 들어오시면 40여대 주차 가능합니다.', '0507-1484-1041', null, 2200, 'https://map.naver.com/p/search/%EC%A0%9C%EC%A3%BC+%EB%B3%B4%EB%A6%84/place/1986476885?c=15.00,0,0,0,dh&placePath=/information?entry=bmp&fromPanelNum=2&timestamp=202512181309&locale=ko&svcName=map_pcv5&searchText=%EC%A0%9C%EC%A3%BC%2B%EB%B3%B4%EB%A6%84&from=map&fromPanelNum=2&timestamp=202512181309&locale=ko&svcName=map_pcv5&searchText=%EC%A0%9C%EC%A3%BC+%EB%B3%B4%EB%A6%84', 'NAVER', 'Instagram: https://www.instagram.com/_boreumsup/', NULL, NULL, '함흥냉면과 어우러진 구수한 고기 맛');
INSERT INTO accommodation_image (accommodations_id, image_url, image_type, sort_order) VALUES (144, 'https://search.pstatic.net/common/?autoRotate=true&type=w560_sharpen&src=https%3A%2F%2Fvideo-phinf.pstatic.net%2F20250807_299%2F1754552211002w1JQ1_JPEG%2FQceLU8NUew_03.jpg', 'banner', 0);
INSERT INTO accommodation_image (accommodations_id, image_url, image_type, sort_order) VALUES (144, 'https://search.pstatic.net/common/?autoRotate=true&type=w278_sharpen&src=https%3A%2F%2Fldb-phinf.pstatic.net%2F20240712_31%2F1720749324500iA1QE_JPEG%2F%25BA%25B8%25B8%25A7%25BD%25A3.jpg', 'detail', 1);
INSERT INTO accommodation_image (accommodations_id, image_url, image_type, sort_order) VALUES (144, 'https://search.pstatic.net/common/?autoRotate=true&type=w278_sharpen&src=https%3A%2F%2Fldb-phinf.pstatic.net%2F20220922_5%2F1663811375889O5UTd_JPEG%2F%25BA%25B8%25B8%25A7%25BD%25A3%2528%25BF%25C3%25BC%25A6%25C6%25F7%25C5%25E4%2529-03-_ASP3032.jpg', 'detail', 2);
INSERT INTO accommodation_image (accommodations_id, image_url, image_type, sort_order) VALUES (144, 'https://search.pstatic.net/common/?autoRotate=true&type=w278_sharpen&src=https%3A%2F%2Fldb-phinf.pstatic.net%2F20220922_107%2F16638113947995Qscw_JPEG%2F%25BA%25B8%25B8%25A7%25BD%25A3%2528%25BF%25C3%25BC%25A6%25C6%25F7%25C5%25E4%2529-14-_ASP3110-HDR.jpg', 'detail', 3);
INSERT INTO accommodation_image (accommodations_id, image_url, image_type, sort_order) VALUES (144, 'https://search.pstatic.net/common/?autoRotate=true&type=w278_sharpen&src=https%3A%2F%2Fldb-phinf.pstatic.net%2F20220922_38%2F16638113760561mDrH_JPEG%2F%25BA%25B8%25B8%25A7%25BD%25A3%2528%25BF%25C3%25BC%25A6%25C6%25F7%25C5%25E4%2529-06-_ASP3054.jpg', 'detail', 4);

INSERT INTO accommodation (accommodations_id, accommodations_name, accommodations_category, accommodations_description, city, district, address_detail, latitude, longitude, transport_info, parking_info, phone, rating, review_count, source_url, source_platform, sns, check_in_time, check_out_time, short_description) VALUES (145, '제주 아소낭', 'GUESTHOUSE', '" \n아소낭이란\n \n예쁘고 높은 소나무가 많은 우리 펜션을 위해\n \n한자인... 娥 예쁠:""아"" / 峨 높을:""아"" 와\n \n소나무의 제주도 사투리 ""소낭""을\n \n합하여 ""아소낭""이라 지어줬답니다~\n \n \n \n우리 아소낭도\n \n소나무처럼 사시사철 한결같은 마음으로\n \n여러분들이 몸과 마음의 여유를 가지며 편안히 쉬다 가실 수 있도록\n \n최선을 다하겠습니다^^"', '제주', '제주시', '명월성로 297-1', null, null, '제주국제공항을 나오셔서 신제주 입구에서 중문, 한림방면으로 우회전 하신 후 도령로를 따라 약 21km이동하시고 봉성교차로에서 봉성방면으로 우회전 한 후 월각로를 따라 3km 직진하셔서 누운오름사거리에서 동명방면으로 좌회전 하세요. 동명교차로에서 명월방면으로 좌회전 하시고 명월대에서 찔레꽃 남쪽마을이 있는 방향으로 우회전 하시고 쭉 오시다가 명월성로로 좌회전 하시어 나오시면 300미터 방면에 아소낭이 있습니다.', NULL, '064-796-8200', null, 2, 'https://map.naver.com/p/search/%EC%A0%9C%EC%A3%BC+%EC%95%84%EC%86%8C%EB%82%AD/place/32874640?isCorrectAnswer=true&c=15.00,0,0,0,dh&placePath=/room?fromPanelNum=1&additionalHeight=76&timestamp=202512181309&locale=ko&svcName=map_pcv5&searchText=%EC%A0%9C%EC%A3%BC%2B%EC%95%84%EC%86%8C%EB%82%AD&businessCategory=pension&additionalHeight=76&timestamp=202512181309&locale=ko&svcName=map_pcv5&searchText=%EC%A0%9C%EC%A3%BC%2B%EC%95%84%EC%86%8C%EB%82%AD&businessCategory=pension&fromPanelNum=1', 'NAVER', NULL, '14:00', '11:00', NULL);
INSERT INTO accommodation_theme (theme_id, accommodations_id) VALUES (3, 145);
INSERT INTO accommodation_amenity (amenity_id, accommodations_id) VALUES (23, 145);
INSERT INTO accommodation_amenity (amenity_id, accommodations_id) VALUES (20, 145);
INSERT INTO accommodation_amenity (amenity_id, accommodations_id) VALUES (1, 145);
INSERT INTO accommodation_image (accommodations_id, image_url, image_type, sort_order) VALUES (145, 'https://search.pstatic.net/common/?autoRotate=true&type=w560_sharpen&src=https%3A%2F%2Fldb-phinf.pstatic.net%2F20170110_228%2F1484028662152gM7Dx_JPEG%2F__1.jpg', 'banner', 0);
INSERT INTO accommodation_image (accommodations_id, image_url, image_type, sort_order) VALUES (145, 'https://search.pstatic.net/common/?autoRotate=true&type=w278_sharpen&src=https%3A%2F%2Fldb-phinf.pstatic.net%2F20170110_195%2F14840286622240G7IV_JPEG%2F__2.jpeg', 'detail', 1);
INSERT INTO accommodation_image (accommodations_id, image_url, image_type, sort_order) VALUES (145, 'https://search.pstatic.net/common/?autoRotate=true&type=w278_sharpen&src=https%3A%2F%2Fldb-phinf.pstatic.net%2F20170110_112%2F1484028662302ra5mk_JPEG%2F__3.jpeg', 'detail', 2);
INSERT INTO accommodation_image (accommodations_id, image_url, image_type, sort_order) VALUES (145, 'https://search.pstatic.net/common/?autoRotate=true&type=w278_sharpen&src=https%3A%2F%2Fldb-phinf.pstatic.net%2F20170110_250%2F1484028662370TWG0m_JPEG%2F__4.jpeg', 'detail', 3);
INSERT INTO accommodation_image (accommodations_id, image_url, image_type, sort_order) VALUES (145, 'https://search.pstatic.net/common/?autoRotate=true&type=w278_sharpen&src=https%3A%2F%2Fldb-phinf.pstatic.net%2F20170110_161%2F1484028662496GvswO_JPEG%2F__5.jpeg', 'detail', 4);
INSERT INTO room (accommodations_id, room_name, price, min_guests, max_guests, room_description, main_image_url, bathroom_count, room_type, bed_count) VALUES (145, '돌', 70000, 2, 3, '일반객실, 기준 2인 (최대 3인)', 'https://search.pstatic.net/common/?autoRotate=true&quality=95&type=w750&src=https%3A%2F%2Fnaverbooking-phinf.pstatic.net%2F20251111_42%2F1762838958870rY1n8_JPEG%2Fimage.jpg', 0, 'STANDARD', 0);
INSERT INTO room (accommodations_id, room_name, price, min_guests, max_guests, room_description, main_image_url, bathroom_count, room_type, bed_count) VALUES (145, '솔', 70000, 2, 3, '일반객실, 기준 2인 (최대 3인)', 'https://search.pstatic.net/common/?autoRotate=true&quality=95&type=w750&src=https%3A%2F%2Fnaverbooking-phinf.pstatic.net%2F20251111_163%2F1762838961014OAsgM_JPEG%2Fimage.jpg', 0, 'STANDARD', 0);
INSERT INTO room (accommodations_id, room_name, price, min_guests, max_guests, room_description, main_image_url, bathroom_count, room_type, bed_count) VALUES (145, '바람', 70000, 2, 3, '일반객실, 기준 2인 (최대 3인)', 'https://search.pstatic.net/common/?autoRotate=true&quality=95&type=w750&src=https%3A%2F%2Fnaverbooking-phinf.pstatic.net%2F20251111_136%2F1762838963106K5vRI_JPEG%2Fimage.jpg', 0, 'STANDARD', 0);
INSERT INTO room (accommodations_id, room_name, price, min_guests, max_guests, room_description, main_image_url, bathroom_count, room_type, bed_count) VALUES (145, '담', 70000, 2, 3, '일반객실, 기준 2인 (최대 3인)', 'https://search.pstatic.net/common/?autoRotate=true&quality=95&type=w750&src=https%3A%2F%2Fnaverbooking-phinf.pstatic.net%2F20251111_178%2F1762838964944pLLil_JPEG%2Fimage.jpg', 0, 'STANDARD', 0);

INSERT INTO accommodation (accommodations_id, accommodations_name, accommodations_category, accommodations_description, city, district, address_detail, latitude, longitude, transport_info, parking_info, phone, rating, review_count, source_url, source_platform, sns, check_in_time, check_out_time, short_description) VALUES (146, '제주 연북정연가', 'GUESTHOUSE', '제주도 조천읍 조천리 조천포구에 위치한 프라이빗 펜션입니다.\n40평형의 총 3층으로 이루어져 있으며,\n바다와 맞닿은 테라피가든에 30여종의 미니허브동산,테라피자쿠지 즐기며 힐링하세요.\n\n1층은 룸(퀸베드)과 주방, 식당, 거실, 욕실이 있으며,\n2층은 휴게시설과 욕실 그리고 원목의자가 비치된 옥상은 썬쎗플레이스\n3층은 하늘의 별을 볼수 있는 다락방(퀸베드)으로 구성되어 있습니다.\n\n바다와 맞닿은 테라피가든 자쿠지에서 티타임을 즐길 수 있는테이블이 준비되어 있습니다.\n연북정연가는 조천포구와 올레18코스와 맞닿아 있으며,특히 조천주변 23곳의 용천수탐방길이 있어 옛 제주현지인의 삶과 문화를 접하며 산책하기에 좋답니다.\n인근에는 삼양검은모레해수욕장,함덕해수욕장,신흥해수욕장,남녀노소 낚시즐기며 회도 먹을수있는 낚고락고 낚시체험공원,북촌구멍난돌,절물휴양림, 에코랜드,서프라이즈테마파크,선녀와나뭇꾼,제주돌문화공원,교래자연휴양림,산굼부리오름,샤려니숲길,비자림..등등 수많은 관광지가 밀집되어있어 다양한 체험과 제주여행 즐기기 너무너무 좋은 곳에 위치해 있답니다.', '제주', '제주시', '조천북1길 11-1', 33.5412717, 126.6360757, '조천읍 조천리 연북정 건너편 조천포구에 위치하고 있으며,\n안내해 드리는 포구(주차장주소)에 주차 후,\n골목으로 진입하시면 연북정연가를 만날수 있습니다.', NULL, NULL, null, 122, 'https://map.naver.com/p/search/%EC%A0%9C%EC%A3%BC+%EC%97%B0%EB%B6%81%EC%A0%95%EC%97%B0%EA%B0%80/place/1546981662?isCorrectAnswer=true&c=15.00,0,0,0,dh&placePath=/room?fromPanelNum=1&additionalHeight=76&timestamp=202512181309&locale=ko&svcName=map_pcv5&searchText=%EC%A0%9C%EC%A3%BC%2B%EC%97%B0%EB%B6%81%EC%A0%95%EC%97%B0%EA%B0%80&businessCategory=pension&additionalHeight=76&timestamp=202512181309&locale=ko&svcName=map_pcv5&searchText=%EC%A0%9C%EC%A3%BC%2B%EC%97%B0%EB%B6%81%EC%A0%95%EC%97%B0%EA%B0%80&businessCategory=pension&fromPanelNum=1', 'NAVER', 'Instagram: https://www.instagram.com/jeju_private_pansion\nBlog: https://blog.naver.com/tlsdud2441', '16:00', '11:00', '아름다운 바다와 함께하는 바다 테라피가든');
INSERT INTO accommodation_theme (theme_id, accommodations_id) VALUES (3, 146);
INSERT INTO accommodation_theme (theme_id, accommodations_id) VALUES (1, 146);
INSERT INTO accommodation_theme (theme_id, accommodations_id) VALUES (4, 146);
INSERT INTO accommodation_theme (theme_id, accommodations_id) VALUES (7, 146);
INSERT INTO accommodation_amenity (amenity_id, accommodations_id) VALUES (27, 146);
INSERT INTO accommodation_amenity (amenity_id, accommodations_id) VALUES (22, 146);
INSERT INTO accommodation_amenity (amenity_id, accommodations_id) VALUES (20, 146);
INSERT INTO accommodation_amenity (amenity_id, accommodations_id) VALUES (10, 146);
INSERT INTO accommodation_amenity (amenity_id, accommodations_id) VALUES (16, 146);
INSERT INTO accommodation_amenity (amenity_id, accommodations_id) VALUES (15, 146);
INSERT INTO accommodation_amenity (amenity_id, accommodations_id) VALUES (4, 146);
INSERT INTO accommodation_amenity (amenity_id, accommodations_id) VALUES (6, 146);
INSERT INTO accommodation_amenity (amenity_id, accommodations_id) VALUES (31, 146);
INSERT INTO accommodation_amenity (amenity_id, accommodations_id) VALUES (23, 146);
INSERT INTO accommodation_amenity (amenity_id, accommodations_id) VALUES (11, 146);
INSERT INTO accommodation_amenity (amenity_id, accommodations_id) VALUES (8, 146);
INSERT INTO accommodation_amenity (amenity_id, accommodations_id) VALUES (1, 146);
INSERT INTO accommodation_amenity (amenity_id, accommodations_id) VALUES (2, 146);
INSERT INTO accommodation_amenity (amenity_id, accommodations_id) VALUES (33, 146);
INSERT INTO accommodation_amenity (amenity_id, accommodations_id) VALUES (24, 146);
INSERT INTO accommodation_image (accommodations_id, image_url, image_type, sort_order) VALUES (146, 'https://search.pstatic.net/common/?autoRotate=true&type=w560_sharpen&src=https%3A%2F%2Fldb-phinf.pstatic.net%2F20220421_169%2F1650498128049sJBVs_JPEG%2F20220408_181811_HDR.jpg', 'banner', 0);
INSERT INTO accommodation_image (accommodations_id, image_url, image_type, sort_order) VALUES (146, 'https://search.pstatic.net/common/?autoRotate=true&type=w278_sharpen&src=https%3A%2F%2Fldb-phinf.pstatic.net%2F20220402_42%2F1648888445330fVmMz_JPEG%2F20220402_160924_HDR.jpg', 'detail', 1);
INSERT INTO accommodation_image (accommodations_id, image_url, image_type, sort_order) VALUES (146, 'https://search.pstatic.net/common/?autoRotate=true&type=w278_sharpen&src=https%3A%2F%2Fldb-phinf.pstatic.net%2F20220421_76%2F1650498128199U7zfN_JPEG%2F20220419_145316_HDR.jpg', 'detail', 2);
INSERT INTO accommodation_image (accommodations_id, image_url, image_type, sort_order) VALUES (146, 'https://search.pstatic.net/common/?autoRotate=true&type=w278_sharpen&src=https%3A%2F%2Fldb-phinf.pstatic.net%2F20220421_133%2F1650498128367TyOjL_JPEG%2F20220411_194345.jpg', 'detail', 3);
INSERT INTO accommodation_image (accommodations_id, image_url, image_type, sort_order) VALUES (146, 'https://search.pstatic.net/common/?autoRotate=true&type=w278_sharpen&src=https%3A%2F%2Fldb-phinf.pstatic.net%2F20220421_200%2F1650498127997srT6g_JPEG%2F20220408_192654.jpg', 'detail', 4);
INSERT INTO room (accommodations_id, room_name, price, min_guests, max_guests, room_description, main_image_url, bathroom_count, room_type, bed_count) VALUES (146, '연북정연가', 217000, 2, 6, '기준 4인 (최대 6인)', 'https://search.pstatic.net/common/?autoRotate=true&quality=95&type=w750&src=https%3A%2F%2Fnaverbooking-phinf.pstatic.net%2F20220216_109%2F1644981408617guOYw_JPEG%2FDSC_0617.JPG', 0, 'STANDARD', 0);

INSERT INTO accommodation (accommodations_id, accommodations_name, accommodations_category, accommodations_description, city, district, address_detail, latitude, longitude, transport_info, parking_info, phone, rating, review_count, source_url, source_platform, sns, check_in_time, check_out_time, short_description) VALUES (147, '제주스테이2', 'GUESTHOUSE', '제주도 사계해변 인근, 산방산이 자리잡은 곳\n스테이더몽 2호점 보로스름 Stay\n\n보로스름 Vorosreum은 붉은색을 뜻하는 보로스(Voros)와\n오름(Oreum)을 더하여 붉은 오름이라는 뜻을 가지고 있습니다.\n\n무한한 가능성을 지닌 붉은 사막처럼\n문화예술을 즐기는 복합문화공간이자\n여행자들이 편히 머물 수 있는\n사막의 오아시스 같은 쉼터가 되길 바랍니다.\n\n당신의 일상 속 인상깊은 한 장면이 되길', '제주', '서귀포시', '산방로 355 보로스름 2층', 33.4907243, 126.5148865, '도보 3분 이내 [사계리사무소] 버스정류장', NULL, '0507-1455-2044', null, 71, 'https://map.naver.com/p/search/%EC%A0%9C%EC%A3%BC%EC%8A%A4%ED%85%8C%EC%9D%B42/place/1027640117?c=15.00,0,0,0,dh&placePath=/information?entry=bmp&fromPanelNum=2&timestamp=202512181310&locale=ko&svcName=map_pcv5&searchText=%EC%A0%9C%EC%A3%BC%EC%8A%A4%ED%85%8C%EC%9D%B42&businessCategory=pension&from=map&fromPanelNum=2&timestamp=202512181310&locale=ko&svcName=map_pcv5&searchText=%EC%A0%9C%EC%A3%BC%EC%8A%A4%ED%85%8C%EC%9D%B42&businessCategory=pension', 'NAVER', 'Instagram: https://www.instagram.com/staythemong/\nBlog: https://blog.naver.com/themonginterior', NULL, NULL, '조용한 환경에서 즐기는 무료 맥주와 안주');
INSERT INTO accommodation_theme (theme_id, accommodations_id) VALUES (1, 147);
INSERT INTO accommodation_amenity (amenity_id, accommodations_id) VALUES (22, 147);
INSERT INTO accommodation_amenity (amenity_id, accommodations_id) VALUES (16, 147);
INSERT INTO accommodation_amenity (amenity_id, accommodations_id) VALUES (6, 147);
INSERT INTO accommodation_amenity (amenity_id, accommodations_id) VALUES (4, 147);
INSERT INTO accommodation_amenity (amenity_id, accommodations_id) VALUES (1, 147);
INSERT INTO accommodation_amenity (amenity_id, accommodations_id) VALUES (32, 147);
INSERT INTO accommodation_amenity (amenity_id, accommodations_id) VALUES (34, 147);
INSERT INTO accommodation_amenity (amenity_id, accommodations_id) VALUES (65, 147);
INSERT INTO accommodation_amenity (amenity_id, accommodations_id) VALUES (66, 147);
INSERT INTO accommodation_image (accommodations_id, image_url, image_type, sort_order) VALUES (147, 'https://search.pstatic.net/common/?autoRotate=true&type=w560_sharpen&src=https%3A%2F%2Fldb-phinf.pstatic.net%2F20230117_189%2F1673930103206YT9tF_JPEG%2F%25BC%25F6%25C1%25A4SON03209-%25C6%25ED%25C1%25FD.jpg', 'banner', 0);
INSERT INTO accommodation_image (accommodations_id, image_url, image_type, sort_order) VALUES (147, 'https://search.pstatic.net/common/?autoRotate=true&type=w278_sharpen&src=https%3A%2F%2Fldb-phinf.pstatic.net%2F20230117_146%2F1673930050184UpXTS_JPEG%2F%25BC%25F6%25C1%25A4SON03179-%25C6%25ED%25C1%25FD-%25C6%25ED%25C1%25FD-min.jpg', 'detail', 1);
INSERT INTO accommodation_image (accommodations_id, image_url, image_type, sort_order) VALUES (147, 'https://search.pstatic.net/common/?autoRotate=true&type=w278_sharpen&src=https%3A%2F%2Fldb-phinf.pstatic.net%2F20230117_32%2F1673931052956PxV76_JPEG%2FSON03053-%25C6%25ED%25C1%25FD.jpg', 'detail', 2);
INSERT INTO accommodation_image (accommodations_id, image_url, image_type, sort_order) VALUES (147, 'https://search.pstatic.net/common/?autoRotate=true&type=w278_sharpen&src=https%3A%2F%2Fldb-phinf.pstatic.net%2F20230118_194%2F1674002907750oOwOj_JPEG%2FSON02724-min.jpg', 'detail', 3);
INSERT INTO accommodation_image (accommodations_id, image_url, image_type, sort_order) VALUES (147, 'https://search.pstatic.net/common/?autoRotate=true&type=w278_sharpen&src=https%3A%2F%2Fldb-phinf.pstatic.net%2F20230117_20%2F1673931226638IbNBb_JPEG%2FSON02718.jpg', 'detail', 4);

INSERT INTO accommodation (accommodations_id, accommodations_name, accommodations_category, accommodations_description, city, district, address_detail, latitude, longitude, transport_info, parking_info, phone, rating, review_count, source_url, source_platform, sns, check_in_time, check_out_time, short_description) VALUES (148, '제주 귤하우스', 'GUESTHOUSE', '드넓게 펼쳐진 감귤밭의 정취와 귤밭체험, 고품격 실내분위기, 깔끔한 환경이 일상에서 지친 여러분들에게 휴식과 행복을 드리는 귤하우스펜션입니다.\n모든 객실 이름은 제주에서 재배하고 있거나 재래귤의 이름이며, 해안경관이 뛰어난 올레5코스지점에 위치해있습니다.', '제주', '서귀포시', '남한로 79-11', 33.5170719, 126.5228736, '제주공항입구에서 마리나 사거리를지나 거로사거리에서 번영로 봉개 표선 방면으로 우회전 후 남조로교차로에서 일주동로 서귀포방면으로 우회전하여 남원중학교4가에서 남한로 한남 방면으로 우회전하고 344m정도 이동하면 펜션이 있습니다.', NULL, '064-764-7725', null, 43, 'https://map.naver.com/p/search/%EC%A0%9C%EC%A3%BC+%EA%B7%A4%ED%95%98%EC%9A%B0%EC%8A%A4/place/37654205?c=15.00,0,0,0,dh&placePath=/room?entry=bmp&fromPanelNum=2&timestamp=202512181310&locale=ko&svcName=map_pcv5&searchText=%EC%A0%9C%EC%A3%BC%2B%EA%B7%A4%ED%95%98%EC%9A%B0%EC%8A%A4&businessCategory=pension&fromPanelNum=2&timestamp=202512181310&locale=ko&svcName=map_pcv5&searchText=%EC%A0%9C%EC%A3%BC%2B%EA%B7%A4%ED%95%98%EC%9A%B0%EC%8A%A4&businessCategory=pension&from=map', 'NAVER', NULL, '15:00', '11:00', NULL);
INSERT INTO accommodation_theme (theme_id, accommodations_id) VALUES (3, 148);
INSERT INTO accommodation_theme (theme_id, accommodations_id) VALUES (1, 148);
INSERT INTO accommodation_amenity (amenity_id, accommodations_id) VALUES (20, 148);
INSERT INTO accommodation_amenity (amenity_id, accommodations_id) VALUES (11, 148);
INSERT INTO accommodation_amenity (amenity_id, accommodations_id) VALUES (1, 148);
INSERT INTO accommodation_amenity (amenity_id, accommodations_id) VALUES (4, 148);
INSERT INTO accommodation_amenity (amenity_id, accommodations_id) VALUES (6, 148);
INSERT INTO accommodation_amenity (amenity_id, accommodations_id) VALUES (15, 148);
INSERT INTO accommodation_image (accommodations_id, image_url, image_type, sort_order) VALUES (148, 'https://search.pstatic.net/common/?autoRotate=true&type=w560_sharpen&src=https%3A%2F%2Fldb-phinf.pstatic.net%2F20210419_287%2F1618798628363cYPSB_JPEG%2FPoQd8iked-F-RPaTcTfWm7ry.jpg', 'banner', 0);
INSERT INTO accommodation_image (accommodations_id, image_url, image_type, sort_order) VALUES (148, 'https://search.pstatic.net/common/?autoRotate=true&type=w278_sharpen&src=https%3A%2F%2Fldb-phinf.pstatic.net%2F20210419_213%2F1618798643237UKiji_JPEG%2Fn-FUqDWGGt9rcZaUwP6CR_Ow.jpg', 'detail', 1);
INSERT INTO accommodation_image (accommodations_id, image_url, image_type, sort_order) VALUES (148, 'https://search.pstatic.net/common/?autoRotate=true&type=w278_sharpen&src=https%3A%2F%2Fldb-phinf.pstatic.net%2F20210419_249%2F1618798649035WFwCX_JPEG%2FRjfgUP6i9mvhYluaSa6E9Ig3.jpg', 'detail', 2);
INSERT INTO accommodation_image (accommodations_id, image_url, image_type, sort_order) VALUES (148, 'https://search.pstatic.net/common/?autoRotate=true&type=w278_sharpen&src=https%3A%2F%2Fldb-phinf.pstatic.net%2F20210419_172%2F1618798654155n88Gw_JPEG%2FF4UNo0flelEQqS4bWOGucESV.jpg', 'detail', 3);
INSERT INTO accommodation_image (accommodations_id, image_url, image_type, sort_order) VALUES (148, 'https://search.pstatic.net/common/?autoRotate=true&type=w278_sharpen&src=https%3A%2F%2Fldb-phinf.pstatic.net%2F20210419_55%2F1618798657922pbAaW_JPEG%2FpnU1E4yDo2PucAoT8l_j1nL1.jpg', 'detail', 4);
INSERT INTO room (accommodations_id, room_name, price, min_guests, max_guests, room_description, main_image_url, bathroom_count, room_type, bed_count) VALUES (148, '13평-1', 55300, 2, 3, '일반객실, 기준 2인 (최대 3인)', 'https://search.pstatic.net/common/?autoRotate=true&quality=95&type=w750&src=https%3A%2F%2Fnaverbooking-phinf.pstatic.net%2F20251111_282%2F176279216544052E99_JPEG%2Fimage.jpg', 0, 'STANDARD', 0);
INSERT INTO room (accommodations_id, room_name, price, min_guests, max_guests, room_description, main_image_url, bathroom_count, room_type, bed_count) VALUES (148, '13평-2', 55300, 2, 3, '일반객실, 기준 2인 (최대 3인)', 'https://search.pstatic.net/common/?autoRotate=true&quality=95&type=w750&src=https%3A%2F%2Fnaverbooking-phinf.pstatic.net%2F20251111_11%2F1762792159189YXQux_JPEG%2Fimage.jpg', 0, 'STANDARD', 0);
INSERT INTO room (accommodations_id, room_name, price, min_guests, max_guests, room_description, main_image_url, bathroom_count, room_type, bed_count) VALUES (148, '13평-3', 55300, 2, 3, '일반객실, 기준 2인 (최대 3인)', 'https://search.pstatic.net/common/?autoRotate=true&quality=95&type=w750&src=https%3A%2F%2Fnaverbooking-phinf.pstatic.net%2F20251111_58%2F1762792173006yHBps_JPEG%2Fimage.jpg', 0, 'STANDARD', 0);
INSERT INTO room (accommodations_id, room_name, price, min_guests, max_guests, room_description, main_image_url, bathroom_count, room_type, bed_count) VALUES (148, '20평-1', 89000, 2, 5, '일반객실, 기준 4인 (최대 5인)', 'https://search.pstatic.net/common/?autoRotate=true&quality=95&type=w750&src=https%3A%2F%2Fnaverbooking-phinf.pstatic.net%2F20251111_26%2F1762792161954IyfmS_JPEG%2Fimage.jpg', 0, 'STANDARD', 0);
INSERT INTO room (accommodations_id, room_name, price, min_guests, max_guests, room_description, main_image_url, bathroom_count, room_type, bed_count) VALUES (148, '20평-2', 89000, 2, 5, '일반객실, 기준 4인 (최대 5인)', 'https://search.pstatic.net/common/?autoRotate=true&quality=95&type=w750&src=https%3A%2F%2Fnaverbooking-phinf.pstatic.net%2F20251111_210%2F1762792164044RGDus_JPEG%2Fimage.jpg', 0, 'STANDARD', 0);
INSERT INTO room (accommodations_id, room_name, price, min_guests, max_guests, room_description, main_image_url, bathroom_count, room_type, bed_count) VALUES (148, '20평-3', 89000, 2, 5, '일반객실, 기준 4인 (최대 5인)', 'https://search.pstatic.net/common/?autoRotate=true&quality=95&type=w750&src=https%3A%2F%2Fnaverbooking-phinf.pstatic.net%2F20251111_98%2F1762792175104MgdN7_JPEG%2Fimage.jpg', 0, 'STANDARD', 0);
INSERT INTO room (accommodations_id, room_name, price, min_guests, max_guests, room_description, main_image_url, bathroom_count, room_type, bed_count) VALUES (148, '23평-1', 99000, 2, 6, '일반객실, 기준 5인 (최대 6인)', 'https://search.pstatic.net/common/?autoRotate=true&quality=95&type=w750&src=https%3A%2F%2Fnaverbooking-phinf.pstatic.net%2F20251111_57%2F1762792167582SUVfv_JPEG%2Fimage.jpg', 0, 'STANDARD', 0);
INSERT INTO room (accommodations_id, room_name, price, min_guests, max_guests, room_description, main_image_url, bathroom_count, room_type, bed_count) VALUES (148, '23평-2', 99000, 2, 6, '일반객실, 기준 5인 (최대 6인)', 'https://search.pstatic.net/common/?autoRotate=true&quality=95&type=w750&src=https%3A%2F%2Fnaverbooking-phinf.pstatic.net%2F20251111_286%2F1762792169589MAcpM_JPEG%2Fimage.jpg', 0, 'STANDARD', 0);
INSERT INTO room (accommodations_id, room_name, price, min_guests, max_guests, room_description, main_image_url, bathroom_count, room_type, bed_count) VALUES (148, '사두감', 99000, 2, 6, '일반객실, 기준 5인 (최대 6인)', 'https://search.pstatic.net/common/?autoRotate=true&quality=95&type=w750&src=https%3A%2F%2Fnaverbooking-phinf.pstatic.net%2F20251111_142%2F1762792171722W84rI_JPEG%2Fimage.jpg', 0, 'STANDARD', 0);

INSERT INTO accommodation (accommodations_id, accommodations_name, accommodations_category, accommodations_description, city, district, address_detail, latitude, longitude, transport_info, parking_info, phone, rating, review_count, source_url, source_platform, sns, check_in_time, check_out_time, short_description) VALUES (149, '제주 동백바다', 'GUESTHOUSE', '이국적 정취의 3500평 정원과 수국. 동백정원, 오션뷰, 귤밭. 올레길5코스 앞에 위치한 제주의 모든 아름다움을 느낄수 있는 신축펜션입니다.', '제주', '서귀포시', '태위로360번길 46', 33.2724841, 126.6840941, '대형카페( 루브린라운지)와 함께 운영 [올레길5코스앞 위치]', '주차가능\n무료', NULL, null, 219, 'https://map.naver.com/p/search/%EC%A0%9C%EC%A3%BC+%EB%8F%99%EB%B0%B1%EB%B0%94%EB%8B%A4/place/1095035363?isCorrectAnswer=true&c=15.00,0,0,0,dh&placePath=/room?fromPanelNum=1&additionalHeight=76&timestamp=202512181310&locale=ko&svcName=map_pcv5&searchText=%EC%A0%9C%EC%A3%BC%2B%EB%8F%99%EB%B0%B1%EB%B0%94%EB%8B%A4&businessCategory=pension&additionalHeight=76&timestamp=202512181310&locale=ko&svcName=map_pcv5&searchText=%EC%A0%9C%EC%A3%BC%2B%EB%8F%99%EB%B0%B1%EB%B0%94%EB%8B%A4&businessCategory=pension&fromPanelNum=1', 'NAVER', 'Instagram: https://www.instagram.com/dongbaek_bada', '15:00', '11:00', '아름다운 정원 뷰와 편안한 객실에서의 휴식');
INSERT INTO accommodation_theme (theme_id, accommodations_id) VALUES (1, 149);
INSERT INTO accommodation_amenity (amenity_id, accommodations_id) VALUES (15, 149);
INSERT INTO accommodation_amenity (amenity_id, accommodations_id) VALUES (4, 149);
INSERT INTO accommodation_amenity (amenity_id, accommodations_id) VALUES (6, 149);
INSERT INTO accommodation_amenity (amenity_id, accommodations_id) VALUES (33, 149);
INSERT INTO accommodation_amenity (amenity_id, accommodations_id) VALUES (24, 149);
INSERT INTO accommodation_amenity (amenity_id, accommodations_id) VALUES (1, 149);
INSERT INTO accommodation_amenity (amenity_id, accommodations_id) VALUES (65, 149);
INSERT INTO accommodation_image (accommodations_id, image_url, image_type, sort_order) VALUES (149, 'https://search.pstatic.net/common/?autoRotate=true&type=w560_sharpen&src=https%3A%2F%2Fldb-phinf.pstatic.net%2F20240406_162%2F1712329549230BmYBt_JPEG%2F1712328546605.jpg', 'banner', 0);
INSERT INTO accommodation_image (accommodations_id, image_url, image_type, sort_order) VALUES (149, 'https://search.pstatic.net/common/?autoRotate=true&type=w278_sharpen&src=https%3A%2F%2Fldb-phinf.pstatic.net%2F20240406_121%2F1712329420488jjCTv_JPEG%2F1712328547046.jpg', 'detail', 1);
INSERT INTO accommodation_image (accommodations_id, image_url, image_type, sort_order) VALUES (149, 'https://search.pstatic.net/common/?autoRotate=true&type=w278_sharpen&src=https%3A%2F%2Fldb-phinf.pstatic.net%2F20240406_84%2F1712330527465hhm2Y_JPEG%2F1712330096920.jpg', 'detail', 2);
INSERT INTO accommodation_image (accommodations_id, image_url, image_type, sort_order) VALUES (149, 'https://search.pstatic.net/common/?autoRotate=true&type=w278_sharpen&src=https%3A%2F%2Fldb-phinf.pstatic.net%2F20240406_188%2F1712330530442olSus_JPEG%2F1712330096869.jpg', 'detail', 3);
INSERT INTO accommodation_image (accommodations_id, image_url, image_type, sort_order) VALUES (149, 'https://search.pstatic.net/common/?autoRotate=true&type=w278_sharpen&src=https%3A%2F%2Fldb-phinf.pstatic.net%2F20240406_245%2F17123305295445pnkF_JPEG%2F1712330096592.jpg', 'detail', 4);
INSERT INTO room (accommodations_id, room_name, price, min_guests, max_guests, room_description, main_image_url, bathroom_count, room_type, bed_count) VALUES (149, '301호', 80000, 2, 3, '일반객실, 기준 2인 (최대 3인) | 침실 1, 침대 1, 욕실 1, 최소 1박', 'https://search.pstatic.net/common/?autoRotate=true&quality=95&type=w750&src=https%3A%2F%2Fnaverbooking-phinf.pstatic.net%2F20210706_46%2F1625553831031Ovuyu_JPEG%2Fimage.jpg', 1, 'STANDARD', 1);
INSERT INTO room (accommodations_id, room_name, price, min_guests, max_guests, room_description, main_image_url, bathroom_count, room_type, bed_count) VALUES (149, '302호', 80000, 2, 3, '일반객실, 기준 2인 (최대 3인) | 침실 1, 침대 1, 욕실 1, 최소 1박', 'https://search.pstatic.net/common/?autoRotate=true&quality=95&type=w750&src=https%3A%2F%2Fnaverbooking-phinf.pstatic.net%2F20210706_15%2F1625553836250rRSbQ_JPEG%2Fimage.jpg', 1, 'STANDARD', 1);
INSERT INTO room (accommodations_id, room_name, price, min_guests, max_guests, room_description, main_image_url, bathroom_count, room_type, bed_count) VALUES (149, '303호', 80000, 2, 3, '일반객실, 기준 2인 (최대 3인) | 침실 1, 침대 1, 욕실 1, 최소 1박', 'https://search.pstatic.net/common/?autoRotate=true&quality=95&type=w750&src=https%3A%2F%2Fnaverbooking-phinf.pstatic.net%2F20210706_205%2F1625553842160yFi8x_JPEG%2Fimage.jpg', 1, 'STANDARD', 1);
INSERT INTO room (accommodations_id, room_name, price, min_guests, max_guests, room_description, main_image_url, bathroom_count, room_type, bed_count) VALUES (149, '401호', 80000, 2, 3, '일반객실, 기준 2인 (최대 3인) | 침실 1, 침대 1, 욕실 1, 최소 1박', 'https://search.pstatic.net/common/?autoRotate=true&quality=95&type=w750&src=https%3A%2F%2Fnaverbooking-phinf.pstatic.net%2F20210706_237%2F1625553845676y9n3l_JPEG%2Fimage.jpg', 1, 'STANDARD', 1);
INSERT INTO room (accommodations_id, room_name, price, min_guests, max_guests, room_description, main_image_url, bathroom_count, room_type, bed_count) VALUES (149, '402호', 80000, 2, 3, '일반객실, 기준 2인 (최대 3인) | 침실 1, 침대 1, 욕실 1, 최소 1박', 'https://search.pstatic.net/common/?autoRotate=true&quality=95&type=w750&src=https%3A%2F%2Fnaverbooking-phinf.pstatic.net%2F20210706_126%2F1625553849783m6ocC_JPEG%2Fimage.jpg', 1, 'STANDARD', 1);
INSERT INTO room (accommodations_id, room_name, price, min_guests, max_guests, room_description, main_image_url, bathroom_count, room_type, bed_count) VALUES (149, '403호', 80000, 2, 3, '일반객실, 기준 2인 (최대 3인) | 침실 1, 침대 1, 욕실 1, 최소 1박', 'https://search.pstatic.net/common/?autoRotate=true&quality=95&type=w750&src=https%3A%2F%2Fnaverbooking-phinf.pstatic.net%2F20210706_110%2F1625553854920xUAbk_JPEG%2Fimage.jpg', 1, 'STANDARD', 1);

INSERT INTO accommodation (accommodations_id, accommodations_name, accommodations_category, accommodations_description, city, district, address_detail, latitude, longitude, transport_info, parking_info, phone, rating, review_count, source_url, source_platform, sns, check_in_time, check_out_time, short_description) VALUES (150, '제주 하도생각나', 'GUESTHOUSE', '제주 하도리 감성 독채 숙소, 하도생각나\n제주도 여행에서 가장 중요한 것은 단순히 머무는 공간이 아니라, 여행의 분위기를 완성해주는 특별한 숙소입니다. 하도리 바닷마을에 위치한 하도생각나는 이름처럼 한 번 다녀가면 계속해서 생각나는 제주 감성 독채 숙소입니다. 감각적인 인테리어와 프라이빗한 구조, 그리고 각 객실마다 마련된 노천 자쿠지까지, 여행의 모든 순간을 특별하게 만들어주는 제주 자쿠지 숙소입니다.\n\n프라이빗 독채, 나만의 공간에서 즐기는 힐링\n하도생각나는 총 4개의 독채로 이루어져 있습니다. 객실 이름은 모두 제주 방언에서 따왔습니다. 곱닥(예쁜), 소랑(사랑), 또똣(따뜻한), 아꼽(귀여운)이라는 이름처럼 객실마다 아늑하고 따뜻한 감성이 담겨 있습니다. 이름만 들어도 포근한 제주 감성이 전해지는 이 숙소는, 연인, 가족, 친구, 그리고 반려동물과 함께 머물기 좋은 제주 프라이빗 독채 숙소로 많은 여행자들의 사랑을 받고 있습니다.\n\n패밀리 & 단체 전용 타입\n하도생각나는 대가족과 단체 여행객을 위해 복수 객실을 묶어 이용할 수 있는 전용 타입을 마련했습니다. 개별 예약보다 5% 이상 할인된 금액으로, 편리함과 경제성을 동시에 갖췄습니다.\n\n@곱닥 + 또똣 2가족형 타입 (기준 4인 / 최대 6인)\n두 개의 아늑한 독채를 함께 이용하는 타입으로, 커플 2쌍이나 소규모 가족에게 적합합니다. 소규모 제주 가족 여행 숙소를 찾는 분들에게 추천드립니다.\n\n@소랑 + 곱닥 + 또똣 패밀리 타입 (기준 6인 / 최대 10인)\n세 개의 독채를 동시에 이용할 수 있어 대가족이나 여러 커플 여행에 알맞습니다. 각 객실의 자쿠지를 개별적으로 즐기면서도 한 마당에서 함께 모일 수 있어 제주 단체 숙소로 인기가 높습니다.\n\n@전체동 단독 사용 타입 (기준 10인 / 최대 16인)\n아꼽동, 소랑동, 곱닥동, 또똣동까지 모든 객실을 한 팀이 전부 이용하는 특별한 구성입니다. 최대 16명까지 수용 가능하며, 대가족 여행, 단체 모임, 워크숍 등 제주 대가족 단체 숙소를 찾는 분들에게 최고의 선택입니다.\n\n감성을 채워주는 인테리어와 고급 가전\n하도생각나는 단순히 숙박을 제공하는 공간이 아니라, 머무는 동안 삶의 질을 높여주는 공간입니다.\n-빔프로젝터와 스크린: 침대에 누워 영화와 넷플릭스를 감상할 수 있습니다.\n-마샬 스피커와 스탠바이미 TV: 감성적인 음악과 생생한 화면을 통해 여유로운 시간을 보낼 수 있습니다.\n-다이슨 드라이기, 네스프레소 커피머신, 발뮤다 토스터기: 세심한 디테일이 느껴지는 프리미엄 가전이 준비되어 있습니다.\n-세탁기와 세제: 장기 숙박 시에도 편리하게 빨래가 가능해 가족 여행객들에게 큰 만족을 줍니다.\n\n하도생각나의 하이라이트, 노천 자쿠지\n하도생각나의 가장 큰 매력은 단연 프라이빗 노천 자쿠지입니다. 객실마다 마련된 자쿠지는 연인과의 로맨틱한 시간, 가족과의 즐거운 물놀이, 친구들과의 특별한 파티를 가능하게 합니다. 제주 바람이 조금 차갑게 불어오는 계절에도 따뜻한 물 속에 몸을 담그면 여행의 피로가 스르르 풀리고, 별빛이 쏟아지는 하도리 밤하늘 아래에서 잊지 못할 추억을 남길 수 있습니다.\n\n세심한 배려가 담긴 편의시설\n하도생각나는 작은 부분 하나까지 놓치지 않고 준비되어 있습니다.\n포근한 침구와 토퍼, 넉넉한 수건, 고급 어메니티(샴푸, 린스, 바디워시, 면봉, 화장솜 등)\n와인 오프너, 허브 솔트, 주방 조리도구, 전자레인지 등 취사 가능 시설 완비\n여름철 모기를 대비한 전자 모기채, 에프킬라까지 구비\n이처럼 작은 것 하나까지 신경 쓴 덕분에 몸만 오면 되는 숙소, 사장님의 세심한 배려가 느껴진다는 평가를 받고 있습니다.\n\n제주 하도리, 최고의 입지\n하도생각나는 숙소에서 차로 5분 거리에 하도해수욕장이 있고, 조금만 더 가면 성산일출봉과 우도에 닿을 수 있습니다. 관광객들로 붐비는 곳과 달리 조용하고 한적한 마을 분위기 속에서 제주 본연의 매력을 느낄 수 있다는 점이 큰 장점입니다.\n\n 이번 여행에서 최고의 제주 자쿠지 숙소, 제주 단체 숙소를 찾는다면 하도생각나가 답이 될 것입니다.', '제주', '제주시', '하도서길 22-6 하도 생각나', 33.5224730, 126.8818152, '제주시 구좌읍 하도서길 22-6\n제주 하도리 감성 독채 숙소, 하도생각나 제주도 여행 에서 가장 중요한 것은 단순히 머무는 공간이 아니라, 여행의 분위기를 완성해주는 특별한 숙소입니...', '주차가능\n무료', '0507-1327-1853', null, 31, 'https://map.naver.com/p/search/%EC%A0%9C%EC%A3%BC+%ED%95%98%EB%8F%84%EC%83%9D%EA%B0%81%EB%82%98/place/1055229380?c=15.00,0,0,0,dh&placePath=/room?entry=bmp&fromPanelNum=2&timestamp=202512181311&locale=ko&svcName=map_pcv5&searchText=%EC%A0%9C%EC%A3%BC%2B%ED%95%98%EB%8F%84%EC%83%9D%EA%B0%81%EB%82%98&businessCategory=guesthouse&fromPanelNum=2&timestamp=202512181311&locale=ko&svcName=map_pcv5&searchText=%EC%A0%9C%EC%A3%BC%2B%ED%95%98%EB%8F%84%EC%83%9D%EA%B0%81%EB%82%98&businessCategory=guesthouse&from=map', 'NAVER', 'Instagram: http://instagram.com/remember_hado', '16:00', NULL, '조용한 마을에서 쾌적한 펜션 컨디션');
INSERT INTO accommodation_image (accommodations_id, image_url, image_type, sort_order) VALUES (150, 'https://search.pstatic.net/common/?autoRotate=true&type=w560_sharpen&src=https%3A%2F%2Fldb-phinf.pstatic.net%2F20250901_290%2F1756688673040ird1I_JPEG%2F1._%25B0%25F6%25B4%25DA_2-2_%25BF%25DC%25BA%25CE%25BE%25DF%25B0%25A3_12.jpg', 'banner', 0);
INSERT INTO accommodation_image (accommodations_id, image_url, image_type, sort_order) VALUES (150, 'https://search.pstatic.net/common/?autoRotate=true&type=w278_sharpen&src=https%3A%2F%2Fldb-phinf.pstatic.net%2F20250911_151%2F1757568128967uDzny_JPEG%2F3._%25B6%25C7f_2._%25B0%25C5%25BD%25C7_4.jpg', 'detail', 1);
INSERT INTO accommodation_image (accommodations_id, image_url, image_type, sort_order) VALUES (150, 'https://search.pstatic.net/common/?autoRotate=true&type=w278_sharpen&src=https%3A%2F%2Fldb-phinf.pstatic.net%2F20250911_75%2F1757568128898fvwGM_JPEG%2F3._%25B6%25C7f_6.%25B0%25B4%25BD%25C7_12.jpg', 'detail', 2);
INSERT INTO accommodation_image (accommodations_id, image_url, image_type, sort_order) VALUES (150, 'https://search.pstatic.net/common/?autoRotate=true&type=w278_sharpen&src=https%3A%2F%2Fldb-phinf.pstatic.net%2F20250911_64%2F1757568202326BBIcj_JPEG%2F4._%25BE%25C6%25B2%25C5_10._%25C0%25DA%25C4%25ED%25C1%25F6_6.jpg', 'detail', 3);
INSERT INTO accommodation_image (accommodations_id, image_url, image_type, sort_order) VALUES (150, 'https://search.pstatic.net/common/?autoRotate=true&type=w278_sharpen&src=https%3A%2F%2Fldb-phinf.pstatic.net%2F20250911_12%2F1757568202207Lz0gq_JPEG%2F4._%25BE%25C6%25B2%25C5_6._%25BF%25E5%25C1%25B6_4.jpg', 'detail', 4);
INSERT INTO room (accommodations_id, room_name, price, min_guests, max_guests, room_description, main_image_url, bathroom_count, room_type, bed_count) VALUES (150, '아꼽동(넓은공간, 노천자쿠지, 최대6인)', 280000, 2, 6, '독채, 기준 4인 (최대 6인) | 침실 2, 침대 3, 욕실 2, 최소 1박', 'https://search.pstatic.net/common/?autoRotate=true&quality=95&type=w750&src=https%3A%2F%2Fnaverbooking-phinf.pstatic.net%2F20250911_265%2F1757564658205lswIj_PNG%2F%25BD%25BA%25C5%25A9%25B8%25B0%25BC%25A6_2025-09-11_%25BF%25C0%25C8%25C4_1.24.04.png', 2, 'STANDARD', 3);
INSERT INTO room (accommodations_id, room_name, price, min_guests, max_guests, room_description, main_image_url, bathroom_count, room_type, bed_count) VALUES (150, '소랑동(독립정원, 실내독립형자쿠지, 최대4인)', 220000, 2, 4, '독채, 기준 2인 (최대 4인) | 침실 1, 침대 1, 욕실 1, 최소 1박', 'https://search.pstatic.net/common/?autoRotate=true&quality=95&type=w750&src=https%3A%2F%2Fnaverbooking-phinf.pstatic.net%2F20250828_55%2F1756355647992jFnM3_JPEG%2F2._%25BC%25D2%25B6%25FB_2-2._%25BF%25DC%25BA%25CE_8.jpg', 1, 'STANDARD', 1);
INSERT INTO room (accommodations_id, room_name, price, min_guests, max_guests, room_description, main_image_url, bathroom_count, room_type, bed_count) VALUES (150, '곱닥동(노천자쿠지, 최대4인)', 190000, 2, 4, '독채, 기준 2인 (최대 4인) | 침실 1, 침대 1, 욕실 1, 최소 1박', 'https://search.pstatic.net/common/?autoRotate=true&quality=95&type=w750&src=https%3A%2F%2Fnaverbooking-phinf.pstatic.net%2F20250828_65%2F17563553516892zQI0_JPEG%2F1._%25B0%25F6%25B4%25DA_2-2_%25BF%25DC%25BA%25CE%25BE%25DF%25B0%25A3_11.jpg', 1, 'STANDARD', 1);
INSERT INTO room (accommodations_id, room_name, price, min_guests, max_guests, room_description, main_image_url, bathroom_count, room_type, bed_count) VALUES (150, '또똣동(커플형, 노천자쿠지, 최대2인)', 190000, 2, 2, '독채, 기준 2인 (최대 2인) | 침실 1, 침대 1, 욕실 1, 최소 1박', 'https://search.pstatic.net/common/?autoRotate=true&quality=95&type=w750&src=https%3A%2F%2Fnaverbooking-phinf.pstatic.net%2F20250911_219%2F1757563786036l9jo6_JPEG%2F3._%25B6%25C7f_2._%25B0%25C5%25BD%25C7_4.jpg', 1, 'STANDARD', 1);
INSERT INTO room (accommodations_id, room_name, price, min_guests, max_guests, room_description, main_image_url, bathroom_count, room_type, bed_count) VALUES (150, '곱닥+또똣 두가족형(최대6인)', 360000, 2, 6, '독채, 기준 4인 (최대 6인) | 침실 2, 침대 2, 욕실 2, 최소 1박', 'https://search.pstatic.net/common/?autoRotate=true&quality=95&type=w750&src=https%3A%2F%2Fnaverbooking-phinf.pstatic.net%2F20250911_95%2F17575658190739ecds_JPEG%2F1._%25B0%25F6%25B4%25DA_2-2_%25BF%25DC%25BA%25CE%25BE%25DF%25B0%25A3_14.jpg', 2, 'STANDARD', 2);
INSERT INTO room (accommodations_id, room_name, price, min_guests, max_guests, room_description, main_image_url, bathroom_count, room_type, bed_count) VALUES (150, '곱닥+또똣+소랑 대가족형(최대10인)', 560000, 2, 10, '독채, 기준 6인 (최대 10인) | 침실 3, 침대 3, 욕실 3, 최소 1박', 'https://search.pstatic.net/common/?autoRotate=true&quality=95&type=w750&src=https%3A%2F%2Fnaverbooking-phinf.pstatic.net%2F20250911_226%2F1757566933322UGN8t_JPEG%2F3._%25B6%25C7f_2._%25B0%25C5%25BD%25C7_5.jpg', 3, 'STANDARD', 3);
INSERT INTO room (accommodations_id, room_name, price, min_guests, max_guests, room_description, main_image_url, bathroom_count, room_type, bed_count) VALUES (150, '전체 4개동 단독사용(최대16인)', 860000, 2, 16, '독채, 기준 10인 (최대 16인) | 침실 5, 침대 6, 욕실 5, 최소 1박', 'https://search.pstatic.net/common/?autoRotate=true&quality=95&type=w750&src=https%3A%2F%2Fnaverbooking-phinf.pstatic.net%2F20250911_51%2F1757567905936kR6I3_JPEG%2F1._%25B0%25F6%25B4%25DA_2-1._%25BF%25DC%25BA%25CE%25BE%25DF%25B0%25A3_13.jpg', 5, 'STANDARD', 6);

INSERT INTO accommodation (accommodations_id, accommodations_name, accommodations_category, accommodations_description, city, district, address_detail, latitude, longitude, transport_info, parking_info, phone, rating, review_count, source_url, source_platform, sns, check_in_time, check_out_time, short_description) VALUES (151, '제주 소롱코지', 'GUESTHOUSE', '제주도 남쪽, 고즈넉한 자연마을 서귀포 남원에 자리한\n감귤나무 정원이 있는 시골집 숙소 소롱코지 제주입니다.\n\n오래도록(For so long), 아늑한(Cozy)이라는 마음을 담아\n머무는 동안 온전한 쉼을 느끼실 수 있는 편안한 공간이 되고자 합니다.\n\n주변에는 동백수목원, 큰엉해안경승지, 동백포레스트, 위미항, 태웃개해안, 쇠소깍 해변 등\n자연 명소와 가까워 제주여행의 특별하고 아름다운 추억을 담아보세요\n담소요, 세러데이아일랜드 등 핫플레이스도 놓치지 마세요\n방문 전 호스트가 추천하는 최신여행 정보도 꼭 받아보세요\n\n웰빙(Well-being), 행복(Happiness), 건강(Fitness)\n세 가지가 조화를 이루는 웰니스 여행을 위한 최적의 공간,\n소롱코지 제주에서 아늑한 휴식을 경험해보세요.\n\n- 기준인원 : 2인\n- 최대인원 : 4인 (1인 추가 15,000원(36개월이상)\n- 추가인원 침구 제공', '제주', '서귀포시', '태위로 463-5', 33.2752970, 126.6966781, '- 네비검색: 태위로463-5 (T맵/카카오네비 : 소롱코지)\n- 남원읍 신성동 버스정류장 하차 도보 3분 거리(201번/231번/ 510번)\n- 공항 급행버스 131/132 번 종점 금호리조트 하차 도보 9분 거리', '주차가능\n무료', NULL, null, 26, 'https://map.naver.com/p/search/%EC%A0%9C%EC%A3%BC+%EC%86%8C%EB%A1%B1%EC%BD%94%EC%A7%80/place/1568089614?isCorrectAnswer=true&c=15.00,0,0,0,dh&placePath=/room?fromPanelNum=1&additionalHeight=76&timestamp=202512181311&locale=ko&svcName=map_pcv5&searchText=%EC%A0%9C%EC%A3%BC%2B%EC%86%8C%EB%A1%B1%EC%BD%94%EC%A7%80&businessCategory=guesthouse&additionalHeight=76&timestamp=202512181311&locale=ko&svcName=map_pcv5&searchText=%EC%A0%9C%EC%A3%BC%2B%EC%86%8C%EB%A1%B1%EC%BD%94%EC%A7%80&businessCategory=guesthouse&fromPanelNum=1', 'NAVER', 'Instagram: https://www.instagram.com/solongcozy\nBlog: https://blog.naver.com/solongcozy', '16:00', '11:00', '쾌적한 분위기와 취향저격 인테리어의 조화');
INSERT INTO accommodation_theme (theme_id, accommodations_id) VALUES (3, 151);
INSERT INTO accommodation_theme (theme_id, accommodations_id) VALUES (1, 151);
INSERT INTO accommodation_amenity (amenity_id, accommodations_id) VALUES (20, 151);
INSERT INTO accommodation_amenity (amenity_id, accommodations_id) VALUES (1, 151);
INSERT INTO accommodation_image (accommodations_id, image_url, image_type, sort_order) VALUES (151, 'https://search.pstatic.net/common/?autoRotate=true&type=w560_sharpen&src=https%3A%2F%2Fldb-phinf.pstatic.net%2F20221215_9%2F1671082445081MClma_JPEG%2FKakaoTalk_20221215_134726678_19.jpg', 'banner', 0);
INSERT INTO accommodation_image (accommodations_id, image_url, image_type, sort_order) VALUES (151, 'https://search.pstatic.net/common/?autoRotate=true&type=w278_sharpen&src=https%3A%2F%2Fldb-phinf.pstatic.net%2F20240327_13%2F1711501475165F2wVf_JPEG%2FIMG_20240315_231932_236.jpg', 'detail', 1);
INSERT INTO accommodation_image (accommodations_id, image_url, image_type, sort_order) VALUES (151, 'https://search.pstatic.net/common/?autoRotate=true&type=w278_sharpen&src=https%3A%2F%2Fldb-phinf.pstatic.net%2F20231109_141%2F1699489880832oQmjT_JPEG%2Ftemp_file.jpg', 'detail', 2);
INSERT INTO accommodation_image (accommodations_id, image_url, image_type, sort_order) VALUES (151, 'https://search.pstatic.net/common/?autoRotate=true&type=w278_sharpen&src=https%3A%2F%2Fldb-phinf.pstatic.net%2F20240327_11%2F1711501763189rCDEO_JPEG%2F20240310_150822.jpg', 'detail', 3);
INSERT INTO accommodation_image (accommodations_id, image_url, image_type, sort_order) VALUES (151, 'https://search.pstatic.net/common/?autoRotate=true&type=w278_sharpen&src=https%3A%2F%2Fldb-phinf.pstatic.net%2F20240327_253%2F1711501719771L638R_JPEG%2F20240310_150829.jpg', 'detail', 4);
INSERT INTO room (accommodations_id, room_name, price, min_guests, max_guests, room_description, main_image_url, bathroom_count, room_type, bed_count) VALUES (151, '소롱코지', 168000, 2, 4, '독채, 기준 2인 (최대 4인) | 침실 1, 침대 1, 욕실 1, 최소 1박', 'https://search.pstatic.net/common/?autoRotate=true&quality=95&type=w750&src=https%3A%2F%2Fnaverbooking-phinf.pstatic.net%2F20221110_209%2F1668062493589jA6EN_JPEG%2F1667724015920.jpg', 1, 'STANDARD', 1);
INSERT INTO room (accommodations_id, room_name, price, min_guests, max_guests, room_description, main_image_url, bathroom_count, room_type, bed_count) VALUES (151, '아녹헌', 188000, 2, 6, '독채, 기준 2인 (최대 6인) | 침실 3, 침대 5, 욕실 1, 최소 1박', 'https://search.pstatic.net/common/?autoRotate=true&quality=95&type=w750&src=https%3A%2F%2Fnaverbooking-phinf.pstatic.net%2F20251110_216%2F1762751646437RoohL_JPEG%2FKakaoTalk_20251110_140548967_02.jpg', 1, 'STANDARD', 5);

INSERT INTO accommodation (accommodations_id, accommodations_name, accommodations_category, accommodations_description, city, district, address_detail, latitude, longitude, transport_info, parking_info, phone, rating, review_count, source_url, source_platform, sns, check_in_time, check_out_time, short_description) VALUES (152, '제주 북촌리 1925', 'GUESTHOUSE', '북촌리1925-억물집\n\n+북촌리1925는 4대째 내려오는 제주에고옥입니다. 옛 고옥을 리모델링하여 옛감성과 현대 감성이 어우러진 제주 돌담집입니다.\n\n입실 4시이후 / 퇴실 11시이전\n -다음손님을위해 퇴실시간을 꼭 지켜주세요!\n조식미포함\n타올은 넉넉히 준비되어 있습니다\n안채- 객실2 거실 화장실1\n\n티비. 냉장고1대. 제습기. 공기청청기. 인덕션3구. 전자렌지. 조리도구. 냄비. 기본양념. 식기. 수저세트. 토스터기. 커피포트1대. 전자동커피머신. 와인잔. 커피잔. 레트로잔.\n-객실에서는 냄새가 많이 나는 음식을 조리하거나 드실수 없습니다.\n\n야외에서 숯불바비큐에 감성을 그대로 재현할수 있습니다. 바비큐장 사용은 무료입니다. 토치와 집게 가위는 재공됩니다 - 숯.번개탄.장갑.일회용그릴.부탄가스(토치용)은 구매해 오셔야합니다.\n\n마당한편에 불멍자리가 마련되어있습니다.\n -화재시 모든책임은 사용자에 있으므로 불을피우는곳 외에서의 불장난 또는 너무 큰불을 내지 않도록 주의부탁드립니다\n\n 200평 대지에 안채와 바깥채 그리고 넓은 마당이 있어 아이들이나 반려견,묘가 뛰어 놀기에 좋습니다.\n넓은 잔디밭에 홈캠핑도 할수 있는 공간이 있어 텐트치고 놀기도 좋습니다.\n\n객실에는 조그마한 욕실이 마련되어 자녀분들 3명정도는 충분히 물놀이를 즐길수있습니다.\n\n주변이 조용하고 한적하여 가족. 커플모두 자유롭게 지내실수 있습니다.\n\n파손및 분실, 심한 오염물 발생시 책임을 물을수 있으니 소중히 다뤄주세요.\n\n숙소에서 발생하는 모든 사고는 책임지지 않습니다.\n 아이들이 다치지 않게 지도 부탁드립니다.\n\n북촌리1925는 시골집입니다 주변에 나무가 많고 한적한 옛 주택이라 방역에 신경 쓰고 있으나 해충 유입을 100% 막을수 없습니다. 이로인한 환불은 불가하며. 벌레에 예민하신분들은 예약시 고려 부탁드립니다.', '제주', '제주시', '북촌서5길 13', 33.5265922, 126.6883845, '크라운골프장 옆 작은 골목에 위치해 있습니다.\n북촌리1925-억물집 +북촌리1925는 4대째 내려오는 제주에고옥입니다. 옛 고옥을 리모델링하여 옛감성과 현대 감성이 어우러진 제주 돌담집입니다. 입실...', '주차가능', '0507-1381-7874', null, 3, 'https://map.naver.com/p/search/%EC%A0%9C%EC%A3%BC+%EB%B6%81%EC%B4%8C%EB%A6%AC+1925/place/1244920992?isCorrectAnswer=true&c=15.00,0,0,0,dh&placePath=/room?fromPanelNum=1&additionalHeight=76&timestamp=202512181312&locale=ko&svcName=map_pcv5&searchText=%EC%A0%9C%EC%A3%BC%2B%EB%B6%81%EC%B4%8C%EB%A6%AC%2B1925&businessCategory=guesthouse&additionalHeight=76&timestamp=202512181312&locale=ko&svcName=map_pcv5&searchText=%EC%A0%9C%EC%A3%BC%2B%EB%B6%81%EC%B4%8C%EB%A6%AC%2B1925&businessCategory=guesthouse&fromPanelNum=1', 'NAVER', 'Instagram: https://www.instagram.com/bukchonri1925_jeju_stay\nBlog: https://blog.naver.com/tlfl4866', NULL, NULL, NULL);
INSERT INTO accommodation_amenity (amenity_id, accommodations_id) VALUES (29, 152);
INSERT INTO accommodation_amenity (amenity_id, accommodations_id) VALUES (1, 152);
INSERT INTO accommodation_image (accommodations_id, image_url, image_type, sort_order) VALUES (152, 'https://search.pstatic.net/common/?autoRotate=true&type=w560_sharpen&src=https%3A%2F%2Fldb-phinf.pstatic.net%2F20220528_244%2F1653741256934sSlB2_JPEG%2F2CEB0250-8B79-47DC-BA39-C270FCACC512.jpeg', 'banner', 0);
INSERT INTO accommodation_image (accommodations_id, image_url, image_type, sort_order) VALUES (152, 'https://search.pstatic.net/common/?autoRotate=true&type=w278_sharpen&src=https%3A%2F%2Fldb-phinf.pstatic.net%2F20220528_20%2F1653741256829VTKDx_JPEG%2FBB3A1EFE-98D1-4C56-9F8F-63201A5BF1A0.jpeg', 'detail', 1);
INSERT INTO accommodation_image (accommodations_id, image_url, image_type, sort_order) VALUES (152, 'https://search.pstatic.net/common/?autoRotate=true&type=w278_sharpen&src=https%3A%2F%2Fldb-phinf.pstatic.net%2F20220528_132%2F1653741256835v3EV7_JPEG%2F181A79B2-7F87-43BA-B0E2-3E0355193920.jpeg', 'detail', 2);
INSERT INTO accommodation_image (accommodations_id, image_url, image_type, sort_order) VALUES (152, 'https://search.pstatic.net/common/?autoRotate=true&type=w278_sharpen&src=https%3A%2F%2Fldb-phinf.pstatic.net%2F20220528_60%2F1653741256897yBf3J_JPEG%2FF99C09AB-3A64-47B3-BC2D-AB31A66CE623.jpeg', 'detail', 3);
INSERT INTO accommodation_image (accommodations_id, image_url, image_type, sort_order) VALUES (152, 'https://search.pstatic.net/common/?autoRotate=true&type=w278_sharpen&src=https%3A%2F%2Fldb-phinf.pstatic.net%2F20220528_34%2F16537412566228cpNS_JPEG%2F44D8DF21-9600-47F4-86D4-962D79973D20.jpeg', 'detail', 4);
INSERT INTO room (accommodations_id, room_name, price, min_guests, max_guests, room_description, main_image_url, bathroom_count, room_type, bed_count) VALUES (152, '북촌리1925', 400000, 2, 6, '독채, 기준 4인 (최대 6인) | 침실 2, 침대 2, 욕실 1, 최소 2박', 'https://search.pstatic.net/common/?autoRotate=true&quality=95&type=w750&src=https%3A%2F%2Fnaverbooking-phinf.pstatic.net%2F20230622_201%2F1687372683335F1Y9i_JPEG%2FP20220324_144750654_27068235-CFB1-4E29-AF00-B7489F3AF8E6.jpeg', 1, 'STANDARD', 2);

INSERT INTO accommodation (accommodations_id, accommodations_name, accommodations_category, accommodations_description, city, district, address_detail, latitude, longitude, transport_info, parking_info, phone, rating, review_count, source_url, source_platform, sns, check_in_time, check_out_time, short_description) VALUES (153, '제주 전통한옥 초가집', 'GUESTHOUSE', NULL, '제주', '서귀포시', '번영로 2528', 33.4060520, 126.7769667, NULL, '주차가능\n무료', '0507-1337-4008', null, 0, 'https://map.naver.com/p/search/%EC%A0%9C%EC%A3%BC+%EC%A0%84%ED%86%B5%ED%95%9C%EC%98%A5+%EC%B4%88%EA%B0%80%EC%A7%91/place/1265633568?isCorrectAnswer=true&c=15.00,0,0,0,dh&placePath=/information?fromPanelNum=1&additionalHeight=76&timestamp=202512181312&locale=ko&svcName=map_pcv5&searchText=%EC%A0%9C%EC%A3%BC%2B%EC%A0%84%ED%86%B5%ED%95%9C%EC%98%A5%2B%EC%B4%88%EA%B0%80%EC%A7%91&businessCategory=pension&fromPanelNum=1&additionalHeight=76&timestamp=202512181312&locale=ko&svcName=map_pcv5&searchText=%EC%A0%9C%EC%A3%BC%2B%EC%A0%84%ED%86%B5%ED%95%9C%EC%98%A5%2B%EC%B4%88%EA%B0%80%EC%A7%91&businessCategory=pension', 'NAVER', NULL, NULL, NULL, NULL);
INSERT INTO accommodation_image (accommodations_id, image_url, image_type, sort_order) VALUES (153, 'https://search.pstatic.net/common/?autoRotate=true&quality=95&type=w750&src=https%3A%2F%2Fapis.naver.com%2Fplace%2Fpanorama%2Fthumbnail%2F1265633568%2F0%3Fwidth%3D800%26height%3D400%26msgpad%3D1766031146577%26md%3Ds21%252Fp3w56L%252BEdVoKqtHEYvzUNGs%253D', 'banner', 0);

INSERT INTO accommodation (accommodations_id, accommodations_name, accommodations_category, accommodations_description, city, district, address_detail, latitude, longitude, transport_info, parking_info, phone, rating, review_count, source_url, source_platform, sns, check_in_time, check_out_time, short_description) VALUES (154, '제주 유니콘', 'GUESTHOUSE', '안녕하세요. 제주 애견 동반 펜션 유니콘 펜션입니다.\n2023년 7월 21일 올 리모델링을 실시하여 여러분께 안락한 편안함을 선물해 드립니다.\n\n산방산과 사계항의 아름다운 조화로 최적의 쉼터로 모시겠습니다.\n\n펜션의 인테리어나 분위기도 중요하지만 무엇보다도 펜션의 본질은 청결과 편안함이고 펜션의 본질은 꼼꼼하고 규칙적인 관리에서 나온다고 생각합니다.\n\n꼼꼼한 관리를 고집해 나가며 일상에서 놓쳤던 휴식과 편안함을 판매하다 보면 그 고집이 손님들께 잘 전달될 거라 굳게 믿습니다.\n\n가족, 친구, 애견 동반으로도 탁월하고 조용하고 편안한 공간으로 술 한 잔 기울이기에도 탁월합니다.\n\n제주도 혹은 서귀포 어디서든 근처에 계신 분들이라면 꼭 한번 들려보셔야할 제주도 신축 펜션입니다.\n\n@ 체크인 방법 : 별관 인포메이션 체킹 후, 입실(도어록 번호 전화번호 뒷자리)\n\n@ 비품 안내 : 와이파이(비번 없음), 헤어드라이어기, 에어컨, 냉장고, 전자레인지, 와인 오프너, 어메니티(샴푸, 린스, 바디워시, 치약, 칫솔, 로션, 빗, 위생용품), 타월 1인 2매(추가 요청 가능), 블루투스 스피커, 각종 조리기구\n\n@ 반려견 입실 가능(반려견 물품 개인 지참)\n\n@ 전 객실 내(화장실 포함) 금연구역입니다.\n\n@ 베란다 이용 시 안전에 반드시 유의 바라며 4층은 아직 준비중이라 잠깐의 전경 감상은 가능하나 유아 및 청소년 분들은 보호자 보호 아래 감상 부탁드립니다.\n-아기 보조의자도 구비되어 있어서 외식장소로 탁월합니다.\n\n@ 편의점은 도보 3분, 주변에 안덕 하나로 마트(차로 5분), 더 큰곳을 원하시면\n 대정 하나로 마트(차로 15분) 가시면 됩니다. 장은 보고 들어오시는 것을 추천드립니다.\n\n* 입실/퇴실 시간안내\n - 입실: 15:00~21:00(시간 엄수) 퇴실: AM 11:00\n - 15시 이전에는 객실 청소 및 정리로 입실시간 이전에 도착하셔도 입실이 어려울 수 있습니다.\n - 퇴실 시간 1시간 초과당 20,000원 추가요금 납부해 주셔야 합니다.\n\n* 추가 인원 금액\n - 기준 인원 이상 추가 1인당 20,000원\n(방문객 포함 동일 추가요금 발생됩니다)\n(24개월 미만 무료 단 서류 지참)\n\n* 이용안내\n - 이용 날짜 변경 후 취소 시 환불 불가입니다.\n - 미성년자는 보호자의 동반 아래에서만 입실이 가능합니다.\n - 시설물의 파손 및 훼손 시 원상복구 및 배상을 하셔야 하오니 주의해 주세요.\n - 객실 및 기타 시설물은 깨끗이 사용해 주시길 부탁드립니다.\n - 조용하고 편안한 휴식을 위해 무분별한 음주, 고성방가는 삼가하여 주시기 바랍니다.\n - 자연환경을 위하여 음식 찌꺼기 및 쓰레기는 분리수거해 주세요.\n - 객실 내에서의 촛불사용은 절대 불가능합니다.\n - 개인 물품은 분실 시 책임지지 않습니다.\n - 모든 문의와 전화는 새벽 1시 이후로 삼가하여주시기 바랍니다.\n\n앞으로도 많은 관심 부탁드리며 일상의 편안함과 좋은 추억이 되시도록 노력하겠습니다.', '제주', '서귀포시', '사계남로153번길 16', 33.2300914, 126.3057597, '*내비게이션\nT맵, 카카오, 네이버 등등 어플을 이용하여 ''유니콘펜션'' 검색 후 찾아오시면 됩니다.\n\n*주차\n양쪽 건물 옆에 펜션 전용 주차장 주차 가능\n\n*인근 주차장 안내\n별도의 공간은 없습니다.\n\n*위치\n서귀포시 안덕면 사계리 153번길 16', NULL, '0507-1383-3439', null, 45, 'https://map.naver.com/p/search/%EC%A0%9C%EC%A3%BC+%EC%9C%A0%EB%8B%88%EC%BD%98/place/11669254?c=15.00,0,0,0,dh&placePath=/room?entry=bmp&fromPanelNum=2&timestamp=202512181312&locale=ko&svcName=map_pcv5&searchText=%EC%A0%9C%EC%A3%BC%2B%EC%9C%A0%EB%8B%88%EC%BD%98&businessCategory=pension&fromPanelNum=2&timestamp=202512181312&locale=ko&svcName=map_pcv5&searchText=%EC%A0%9C%EC%A3%BC%2B%EC%9C%A0%EB%8B%88%EC%BD%98&businessCategory=pension&from=map', 'NAVER', NULL, NULL, NULL, '넓고 깨끗한 숙소에서의 편안한 휴식');
INSERT INTO accommodation_theme (theme_id, accommodations_id) VALUES (3, 154);
INSERT INTO accommodation_theme (theme_id, accommodations_id) VALUES (4, 154);
INSERT INTO accommodation_theme (theme_id, accommodations_id) VALUES (1, 154);
INSERT INTO accommodation_amenity (amenity_id, accommodations_id) VALUES (6, 154);
INSERT INTO accommodation_amenity (amenity_id, accommodations_id) VALUES (31, 154);
INSERT INTO accommodation_amenity (amenity_id, accommodations_id) VALUES (4, 154);
INSERT INTO accommodation_amenity (amenity_id, accommodations_id) VALUES (15, 154);
INSERT INTO accommodation_amenity (amenity_id, accommodations_id) VALUES (29, 154);
INSERT INTO accommodation_amenity (amenity_id, accommodations_id) VALUES (1, 154);
INSERT INTO accommodation_amenity (amenity_id, accommodations_id) VALUES (24, 154);
INSERT INTO accommodation_amenity (amenity_id, accommodations_id) VALUES (34, 154);
INSERT INTO accommodation_amenity (amenity_id, accommodations_id) VALUES (18, 154);
INSERT INTO accommodation_amenity (amenity_id, accommodations_id) VALUES (65, 154);
INSERT INTO accommodation_amenity (amenity_id, accommodations_id) VALUES (66, 154);
INSERT INTO accommodation_image (accommodations_id, image_url, image_type, sort_order) VALUES (154, 'https://search.pstatic.net/common/?autoRotate=true&type=w560_sharpen&src=https%3A%2F%2Fldb-phinf.pstatic.net%2F20230725_160%2F16902653895478aDoB_JPEG%2F01.jpg', 'banner', 0);
INSERT INTO accommodation_image (accommodations_id, image_url, image_type, sort_order) VALUES (154, 'https://search.pstatic.net/common/?autoRotate=true&type=w278_sharpen&src=https%3A%2F%2Fldb-phinf.pstatic.net%2F20230725_273%2F1690265388577bz5YK_JPEG%2F02.jpg', 'detail', 1);
INSERT INTO accommodation_image (accommodations_id, image_url, image_type, sort_order) VALUES (154, 'https://search.pstatic.net/common/?autoRotate=true&type=w278_sharpen&src=https%3A%2F%2Fldb-phinf.pstatic.net%2F20230725_267%2F1690265389299gomwh_JPEG%2F03.jpg', 'detail', 2);
INSERT INTO accommodation_image (accommodations_id, image_url, image_type, sort_order) VALUES (154, 'https://search.pstatic.net/common/?autoRotate=true&type=w278_sharpen&src=https%3A%2F%2Fldb-phinf.pstatic.net%2F20230725_20%2F1690265389709p0AYT_JPEG%2F04.jpg', 'detail', 3);
INSERT INTO accommodation_image (accommodations_id, image_url, image_type, sort_order) VALUES (154, 'https://search.pstatic.net/common/?autoRotate=true&type=w278_sharpen&src=https%3A%2F%2Fldb-phinf.pstatic.net%2F20230725_139%2F1690265389271z9qJ0_JPEG%2F05.jpg', 'detail', 4);
INSERT INTO room (accommodations_id, room_name, price, min_guests, max_guests, room_description, main_image_url, bathroom_count, room_type, bed_count) VALUES (154, '산방동 101', 162000, 2, 6, '독채, 기준 4인 (최대 6인)', 'https://search.pstatic.net/common/?autoRotate=true&quality=95&type=w750&src=https%3A%2F%2Fnaverbooking-phinf.pstatic.net%2F20230725_247%2F16902673331080BLHW_JPEG%2Fimage.jpg', 0, 'STANDARD', 0);
INSERT INTO room (accommodations_id, room_name, price, min_guests, max_guests, room_description, main_image_url, bathroom_count, room_type, bed_count) VALUES (154, '산방동 102', 162000, 2, 6, '일반객실, 기준 4인 (최대 6인)', 'https://search.pstatic.net/common/?autoRotate=true&quality=95&type=w750&src=https%3A%2F%2Fnaverbooking-phinf.pstatic.net%2F20230725_67%2F1690267333146xOR4l_JPEG%2Fimage.jpg', 0, 'STANDARD', 0);
INSERT INTO room (accommodations_id, room_name, price, min_guests, max_guests, room_description, main_image_url, bathroom_count, room_type, bed_count) VALUES (154, '산방동 301', 162000, 2, 6, '일반객실, 기준 4인 (최대 6인)', 'https://search.pstatic.net/common/?autoRotate=true&quality=95&type=w750&src=https%3A%2F%2Fnaverbooking-phinf.pstatic.net%2F20230725_67%2F1690267333146xOR4l_JPEG%2Fimage.jpg', 0, 'STANDARD', 0);
INSERT INTO room (accommodations_id, room_name, price, min_guests, max_guests, room_description, main_image_url, bathroom_count, room_type, bed_count) VALUES (154, '산방동 202', 162000, 2, 6, '일반객실, 기준 4인 (최대 6인)', 'https://search.pstatic.net/common/?autoRotate=true&quality=95&type=w750&src=https%3A%2F%2Fnaverbooking-phinf.pstatic.net%2F20230725_67%2F1690267333146xOR4l_JPEG%2Fimage.jpg', 0, 'STANDARD', 0);
INSERT INTO room (accommodations_id, room_name, price, min_guests, max_guests, room_description, main_image_url, bathroom_count, room_type, bed_count) VALUES (154, '산방동 302', 162000, 2, 6, '일반객실, 기준 4인 (최대 6인)', 'https://search.pstatic.net/common/?autoRotate=true&quality=95&type=w750&src=https%3A%2F%2Fnaverbooking-phinf.pstatic.net%2F20230725_67%2F1690267333146xOR4l_JPEG%2Fimage.jpg', 0, 'STANDARD', 0);
INSERT INTO room (accommodations_id, room_name, price, min_guests, max_guests, room_description, main_image_url, bathroom_count, room_type, bed_count) VALUES (154, '산방동 201', 162000, 2, 6, '일반객실, 기준 4인 (최대 6인)', 'https://search.pstatic.net/common/?autoRotate=true&quality=95&type=w750&src=https%3A%2F%2Fnaverbooking-phinf.pstatic.net%2F20230725_110%2F1690267333043Ttyvx_JPEG%2Fimage.jpg', 0, 'STANDARD', 0);
INSERT INTO room (accommodations_id, room_name, price, min_guests, max_guests, room_description, main_image_url, bathroom_count, room_type, bed_count) VALUES (154, '형제동 101', 81000, 2, 3, '일반객실, 기준 2인 (최대 3인)', 'https://search.pstatic.net/common/?autoRotate=true&quality=95&type=w750&src=https%3A%2F%2Fnaverbooking-phinf.pstatic.net%2F20230725_248%2F1690267336854FPvkg_JPEG%2Fimage.jpg', 0, 'STANDARD', 0);
INSERT INTO room (accommodations_id, room_name, price, min_guests, max_guests, room_description, main_image_url, bathroom_count, room_type, bed_count) VALUES (154, '형제동 201', 81000, 2, 3, '일반객실, 기준 2인 (최대 3인)', 'https://search.pstatic.net/common/?autoRotate=true&quality=95&type=w750&src=https%3A%2F%2Fnaverbooking-phinf.pstatic.net%2F20230725_156%2F1690267336801oCRAI_JPEG%2Fimage.jpg', 0, 'STANDARD', 0);
INSERT INTO room (accommodations_id, room_name, price, min_guests, max_guests, room_description, main_image_url, bathroom_count, room_type, bed_count) VALUES (154, '형제동 102', 81000, 2, 2, '일반객실, 기준 2인 (최대 2인)', 'https://search.pstatic.net/common/?autoRotate=true&quality=95&type=w750&src=https%3A%2F%2Fnaverbooking-phinf.pstatic.net%2F20230725_40%2F1690267336784vcbQy_JPEG%2Fimage.jpg', 0, 'STANDARD', 0);
INSERT INTO room (accommodations_id, room_name, price, min_guests, max_guests, room_description, main_image_url, bathroom_count, room_type, bed_count) VALUES (154, '형제동 203', 81000, 2, 2, '일반객실, 기준 2인 (최대 2인)', 'https://search.pstatic.net/common/?autoRotate=true&quality=95&type=w750&src=https%3A%2F%2Fnaverbooking-phinf.pstatic.net%2F20230725_248%2F1690267336854FPvkg_JPEG%2Fimage.jpg', 0, 'STANDARD', 0);
INSERT INTO room (accommodations_id, room_name, price, min_guests, max_guests, room_description, main_image_url, bathroom_count, room_type, bed_count) VALUES (154, '형제동 301', 81000, 2, 3, '일반객실, 기준 2인 (최대 3인)', 'https://search.pstatic.net/common/?autoRotate=true&quality=95&type=w750&src=https%3A%2F%2Fnaverbooking-phinf.pstatic.net%2F20230725_202%2F1690267339215XsBHs_JPEG%2Fimage.jpg', 0, 'STANDARD', 0);
INSERT INTO room (accommodations_id, room_name, price, min_guests, max_guests, room_description, main_image_url, bathroom_count, room_type, bed_count) VALUES (154, '형제동 202', 81000, 2, 3, '일반객실, 기준 2인 (최대 3인)', 'https://search.pstatic.net/common/?autoRotate=true&quality=95&type=w750&src=https%3A%2F%2Fnaverbooking-phinf.pstatic.net%2F20230725_218%2F1690267336817g4pa4_JPEG%2Fimage.jpg', 0, 'STANDARD', 0);
INSERT INTO room (accommodations_id, room_name, price, min_guests, max_guests, room_description, main_image_url, bathroom_count, room_type, bed_count) VALUES (154, '형제동 303', 81000, 2, 3, '일반객실, 기준 2인 (최대 3인)', 'https://search.pstatic.net/common/?autoRotate=true&quality=95&type=w750&src=https%3A%2F%2Fnaverbooking-phinf.pstatic.net%2F20230725_265%2F1690267339195qNgeQ_JPEG%2Fimage.jpg', 0, 'STANDARD', 0);
INSERT INTO room (accommodations_id, room_name, price, min_guests, max_guests, room_description, main_image_url, bathroom_count, room_type, bed_count) VALUES (154, '형제동 302', 81000, 2, 3, '일반객실, 기준 2인 (최대 3인)', 'https://search.pstatic.net/common/?autoRotate=true&quality=95&type=w750&src=https%3A%2F%2Fnaverbooking-phinf.pstatic.net%2F20230725_64%2F1690267339184LA6zj_JPEG%2Fimage.jpg', 0, 'STANDARD', 0);

INSERT INTO accommodation (accommodations_id, accommodations_name, accommodations_category, accommodations_description, city, district, address_detail, latitude, longitude, transport_info, parking_info, phone, rating, review_count, source_url, source_platform, sns, check_in_time, check_out_time, short_description) VALUES (155, '제주 노노레타', 'GUESTHOUSE', '제주 세화리에 위치한 노노레타 펜션입니다.\n(월정리, 세화해변, 성산일출봉, 비자림, 스누피가든)', '제주', '제주시', '충렬로 141-5', 33.5108797, 126.8474884, '[바비큐 시설] 개별바비큐 ● 사랑하는 사람과 맛있는 바비큐 파티를 즐겨보세요! ● 바비큐 이용 안내 금액 ▷ 숯+그릴 요금 : 20,000원 (4인 기준) ● 바비...', NULL, '0507-1395-1027', null, 38, 'https://map.naver.com/p/search/%EC%A0%9C%EC%A3%BC+%EB%85%B8%EB%85%B8%EB%A0%88%ED%83%80/place/1185446469?isCorrectAnswer=true&c=15.00,0,0,0,dh&placePath=/room?fromPanelNum=1&additionalHeight=76&timestamp=202512181313&locale=ko&svcName=map_pcv5&searchText=%EC%A0%9C%EC%A3%BC%2B%EB%85%B8%EB%85%B8%EB%A0%88%ED%83%80&businessCategory=pension&additionalHeight=76&timestamp=202512181313&locale=ko&svcName=map_pcv5&searchText=%EC%A0%9C%EC%A3%BC+%EB%85%B8%EB%85%B8%EB%A0%88%ED%83%80&businessCategory=pension&fromPanelNum=1', 'NAVER', 'Instagram: http://www.instagram.com/nonho_jeju', '16:00', '11:00', NULL);
INSERT INTO accommodation_theme (theme_id, accommodations_id) VALUES (3, 155);
INSERT INTO accommodation_theme (theme_id, accommodations_id) VALUES (1, 155);
INSERT INTO accommodation_amenity (amenity_id, accommodations_id) VALUES (1, 155);
INSERT INTO accommodation_amenity (amenity_id, accommodations_id) VALUES (34, 155);
INSERT INTO accommodation_amenity (amenity_id, accommodations_id) VALUES (4, 155);
INSERT INTO accommodation_amenity (amenity_id, accommodations_id) VALUES (16, 155);
INSERT INTO accommodation_amenity (amenity_id, accommodations_id) VALUES (23, 155);
INSERT INTO accommodation_amenity (amenity_id, accommodations_id) VALUES (33, 155);
INSERT INTO accommodation_image (accommodations_id, image_url, image_type, sort_order) VALUES (155, 'https://search.pstatic.net/common/?autoRotate=true&type=w560_sharpen&src=https%3A%2F%2Fldb-phinf.pstatic.net%2F20200814_217%2F1597377179064AyG4E_JPEG%2FKakaoTalk_Image_2020-08-12-17-00-01.jpeg', 'banner', 0);
INSERT INTO accommodation_image (accommodations_id, image_url, image_type, sort_order) VALUES (155, 'https://search.pstatic.net/common/?autoRotate=true&type=w278_sharpen&src=https%3A%2F%2Fldb-phinf.pstatic.net%2F20210110_178%2F1610279609912wl18n_JPEG%2FKakaoTalk_20210110_204539112.jpg', 'detail', 1);
INSERT INTO accommodation_image (accommodations_id, image_url, image_type, sort_order) VALUES (155, 'https://search.pstatic.net/common/?autoRotate=true&type=w278_sharpen&src=https%3A%2F%2Fldb-phinf.pstatic.net%2F20210110_220%2F1610279609800O3Nr0_JPEG%2FKakaoTalk_20210110_204548790.jpg', 'detail', 2);
INSERT INTO accommodation_image (accommodations_id, image_url, image_type, sort_order) VALUES (155, 'https://search.pstatic.net/common/?autoRotate=true&type=w278_sharpen&src=https%3A%2F%2Fldb-phinf.pstatic.net%2F20210110_243%2F16102796365441KGcD_JPEG%2F%25A4%25B1.jpg', 'detail', 3);
INSERT INTO accommodation_image (accommodations_id, image_url, image_type, sort_order) VALUES (155, 'https://search.pstatic.net/common/?autoRotate=true&type=w278_sharpen&src=https%3A%2F%2Fldb-phinf.pstatic.net%2F20200824_232%2F1598240643386nfyYY_JPEG%2FfP6sEZ16-c9XnWPTmw3ZQ2nZ.jpeg.jpg', 'detail', 4);
INSERT INTO room (accommodations_id, room_name, price, min_guests, max_guests, room_description, main_image_url, bathroom_count, room_type, bed_count) VALUES (155, '로즈마리', 65000, 2, 2, '일반객실, 기준 2인 (최대 2인)', 'https://search.pstatic.net/common/?autoRotate=true&quality=95&type=w750&src=https%3A%2F%2Fnaverbooking-phinf.pstatic.net%2F20251111_60%2F1762857893115CQlzs_JPEG%2Fimage.jpg', 0, 'STANDARD', 0);
INSERT INTO room (accommodations_id, room_name, price, min_guests, max_guests, room_description, main_image_url, bathroom_count, room_type, bed_count) VALUES (155, '페퍼민트', 65000, 2, 2, '일반객실, 기준 2인 (최대 2인)', 'https://search.pstatic.net/common/?autoRotate=true&quality=95&type=w750&src=https%3A%2F%2Fnaverbooking-phinf.pstatic.net%2F20251111_72%2F1762857893687RAqve_JPEG%2Fimage.jpg', 0, 'STANDARD', 0);
INSERT INTO room (accommodations_id, room_name, price, min_guests, max_guests, room_description, main_image_url, bathroom_count, room_type, bed_count) VALUES (155, '제라늄', 65000, 2, 2, '일반객실, 기준 2인 (최대 2인)', 'https://search.pstatic.net/common/?autoRotate=true&quality=95&type=w750&src=https%3A%2F%2Fnaverbooking-phinf.pstatic.net%2F20251111_28%2F1762857894296Pu2HV_JPEG%2Fimage.jpg', 0, 'STANDARD', 0);
INSERT INTO room (accommodations_id, room_name, price, min_guests, max_guests, room_description, main_image_url, bathroom_count, room_type, bed_count) VALUES (155, '라벤더a', 90000, 2, 4, '일반객실, 기준 2인 (최대 4인)', 'https://search.pstatic.net/common/?autoRotate=true&quality=95&type=w750&src=https%3A%2F%2Fnaverbooking-phinf.pstatic.net%2F20251111_131%2F1762857894795jDMxF_JPEG%2Fimage.jpg', 0, 'STANDARD', 0);
INSERT INTO room (accommodations_id, room_name, price, min_guests, max_guests, room_description, main_image_url, bathroom_count, room_type, bed_count) VALUES (155, '라벤더b', 100000, 2, 4, '일반객실, 기준 2인 (최대 4인)', 'https://search.pstatic.net/common/?autoRotate=true&quality=95&type=w750&src=https%3A%2F%2Fnaverbooking-phinf.pstatic.net%2F20251111_201%2F1762857895315eAy2P_JPEG%2Fimage.jpg', 0, 'STANDARD', 0);

INSERT INTO accommodation (accommodations_id, accommodations_name, accommodations_category, accommodations_description, city, district, address_detail, latitude, longitude, transport_info, parking_info, phone, rating, review_count, source_url, source_platform, sns, check_in_time, check_out_time, short_description) VALUES (156, '제주 코지하우스앤투어', 'GUESTHOUSE', '넓고 쾌적한 신축 펜션입니다!\n취사 당연히 가능하며 넓은 통창과 테라스로 경치를 즐길 수 있습니다 :)\n\n2채의 건물 1,2층으로 구성되어 다른 손님과 마주치지 않습니다!', '제주', '제주시', '납읍로2길 29', null, null, '납읍초등학교에서 도보 5분 거리에 위치해 있습니다 :)', NULL, NULL, null, 12, 'https://map.naver.com/p/entry/place/1341351151?c=15.00,0,0,0,dh&placePath=/room?entry=bmp&fromPanelNum=1&additionalHeight=76&timestamp=202512181313&locale=ko&svcName=map_pcv5&businessCategory=pension&fromPanelNum=1&additionalHeight=76&timestamp=202512181313&locale=ko&svcName=map_pcv5&businessCategory=pension&from=map', 'NAVER', 'Blog: https://blog.naver.com/ysun1105', '15:00', '11:00', NULL);
INSERT INTO accommodation_theme (theme_id, accommodations_id) VALUES (3, 156);
INSERT INTO accommodation_amenity (amenity_id, accommodations_id) VALUES (20, 156);
INSERT INTO accommodation_amenity (amenity_id, accommodations_id) VALUES (6, 156);
INSERT INTO accommodation_amenity (amenity_id, accommodations_id) VALUES (4, 156);
INSERT INTO accommodation_amenity (amenity_id, accommodations_id) VALUES (15, 156);
INSERT INTO accommodation_amenity (amenity_id, accommodations_id) VALUES (11, 156);
INSERT INTO accommodation_amenity (amenity_id, accommodations_id) VALUES (18, 156);
INSERT INTO accommodation_amenity (amenity_id, accommodations_id) VALUES (2, 156);
INSERT INTO accommodation_image (accommodations_id, image_url, image_type, sort_order) VALUES (156, 'https://search.pstatic.net/common/?autoRotate=true&type=w560_sharpen&src=https%3A%2F%2Fldb-phinf.pstatic.net%2F20220713_276%2F1657694332682lbMN4_JPEG%2FKakaoTalk_20220618_205205698_02.jpg', 'banner', 0);
INSERT INTO accommodation_image (accommodations_id, image_url, image_type, sort_order) VALUES (156, 'https://search.pstatic.net/common/?autoRotate=true&type=w278_sharpen&src=https%3A%2F%2Fldb-phinf.pstatic.net%2F20220713_271%2F1657694326859IeEFH_JPEG%2FKakaoTalk_20220628_174906816_02.jpg', 'detail', 1);
INSERT INTO accommodation_image (accommodations_id, image_url, image_type, sort_order) VALUES (156, 'https://search.pstatic.net/common/?autoRotate=true&type=w278_sharpen&src=https%3A%2F%2Fldb-phinf.pstatic.net%2F20220713_91%2F1657694324208jYdh9_JPEG%2FKakaoTalk_20220628_174906816_01.jpg', 'detail', 2);
INSERT INTO accommodation_image (accommodations_id, image_url, image_type, sort_order) VALUES (156, 'https://search.pstatic.net/common/?autoRotate=true&type=w278_sharpen&src=https%3A%2F%2Fldb-phinf.pstatic.net%2F20220713_151%2F1657694316659ghFNH_JPEG%2FKakaoTalk_20220618_205205698_01.jpg', 'detail', 3);
INSERT INTO accommodation_image (accommodations_id, image_url, image_type, sort_order) VALUES (156, 'https://search.pstatic.net/common/?autoRotate=true&type=w278_sharpen&src=https%3A%2F%2Fldb-phinf.pstatic.net%2F20220713_229%2F1657694311059FV0g6_JPEG%2F%25B4%25D9%25BF%25EE%25B7%25CE%25B5%25E5.jpg', 'detail', 4);
INSERT INTO room (accommodations_id, room_name, price, min_guests, max_guests, room_description, main_image_url, bathroom_count, room_type, bed_count) VALUES (156, '그린', 37000, 2, 6, '기준 2인 (최대 6인)', 'https://search.pstatic.net/common/?autoRotate=true&quality=95&type=w750&src=https%3A%2F%2Fnaverbooking-phinf.pstatic.net%2F20220715_245%2F1657852405133EKiHh_JPEG%2FKakaoTalk_20220715_113029243_01.jpg', 0, 'STANDARD', 0);
INSERT INTO room (accommodations_id, room_name, price, min_guests, max_guests, room_description, main_image_url, bathroom_count, room_type, bed_count) VALUES (156, '엘로우', 37000, 2, 6, '기준 2인 (최대 6인)', 'https://search.pstatic.net/common/?autoRotate=true&quality=95&type=w750&src=https%3A%2F%2Fnaverbooking-phinf.pstatic.net%2F20220715_35%2F16578531714129DXpe_JPEG%2FKakaoTalk_20220715_113029243_04.jpg', 0, 'STANDARD', 0);
INSERT INTO room (accommodations_id, room_name, price, min_guests, max_guests, room_description, main_image_url, bathroom_count, room_type, bed_count) VALUES (156, '핑크', 37000, 2, 6, '기준 2인 (최대 6인)', 'https://search.pstatic.net/common/?autoRotate=true&quality=95&type=w750&src=https%3A%2F%2Fnaverbooking-phinf.pstatic.net%2F20220716_144%2F1657947870821d19fJ_JPEG%2FKakaoTalk_20220716_135621053_07.jpg', 0, 'STANDARD', 0);
INSERT INTO room (accommodations_id, room_name, price, min_guests, max_guests, room_description, main_image_url, bathroom_count, room_type, bed_count) VALUES (156, '블루', 39000, 2, 6, '기준 2인 (최대 6인)', 'https://search.pstatic.net/common/?autoRotate=true&quality=95&type=w750&src=https%3A%2F%2Fnaverbooking-phinf.pstatic.net%2F20220716_10%2F16579484291224lgKd_JPEG%2FKakaoTalk_20220716_135621053_08.jpg', 0, 'STANDARD', 0);

INSERT INTO accommodation (accommodations_id, accommodations_name, accommodations_category, accommodations_description, city, district, address_detail, latitude, longitude, transport_info, parking_info, phone, rating, review_count, source_url, source_platform, sns, check_in_time, check_out_time, short_description) VALUES (157, '제주 합전스테이', 'GUESTHOUSE', '상호명 : 합전스테이\n대표자 : 김 유 미\n사업자등록번호 : 365-21-02138', '제주', '제주시', '세화합전2길 31-1', 33.5145298, 126.8601053, '대여: 바비큐(텃밭,그릴,토치만 제공/ 숯은 미제공) - 가격: 무료 주차: 숙소 건물 내 무료주차 WIFI: 무료 기타 부대시설 정보: 테라스 주변 명소: 세화해...', NULL, NULL, null, 15, 'https://map.naver.com/p/entry/place/1276751408?c=15.00,0,0,0,dh&placePath=/room?entry=bmp&fromPanelNum=1&additionalHeight=76&timestamp=202512181314&locale=ko&svcName=map_pcv5&businessCategory=guesthouse&fromPanelNum=1&additionalHeight=76&timestamp=202512181314&locale=ko&svcName=map_pcv5&businessCategory=guesthouse&from=map', 'NAVER', 'Instagram: https://www.instagram.com/habjeonstay/', '16:00', '11:00', NULL);
INSERT INTO accommodation_amenity (amenity_id, accommodations_id) VALUES (20, 157);
INSERT INTO accommodation_image (accommodations_id, image_url, image_type, sort_order) VALUES (157, 'https://search.pstatic.net/common/?autoRotate=true&type=w560_sharpen&src=https%3A%2F%2Fldb-phinf.pstatic.net%2F20240105_203%2F17044004580140QKA7_JPEG%2F1000004051.jpg', 'banner', 0);
INSERT INTO accommodation_image (accommodations_id, image_url, image_type, sort_order) VALUES (157, 'https://search.pstatic.net/common/?autoRotate=true&type=w278_sharpen&src=https%3A%2F%2Fldb-phinf.pstatic.net%2F20240105_37%2F1704400461042xfElq_JPEG%2F1000004079.jpg', 'detail', 1);
INSERT INTO accommodation_image (accommodations_id, image_url, image_type, sort_order) VALUES (157, 'https://search.pstatic.net/common/?autoRotate=true&type=w278_sharpen&src=https%3A%2F%2Fldb-phinf.pstatic.net%2F20240105_261%2F1704400458139UEYeQ_JPEG%2F1000004055.jpg', 'detail', 2);
INSERT INTO accommodation_image (accommodations_id, image_url, image_type, sort_order) VALUES (157, 'https://search.pstatic.net/common/?autoRotate=true&type=w278_sharpen&src=https%3A%2F%2Fldb-phinf.pstatic.net%2F20210410_192%2F1618030499442jzN3M_JPEG%2FL_bPk1-7sLLh3V0TkOMeJPZE.jpg', 'detail', 3);
INSERT INTO accommodation_image (accommodations_id, image_url, image_type, sort_order) VALUES (157, 'https://search.pstatic.net/common/?autoRotate=true&type=w278_sharpen&src=https%3A%2F%2Fldb-phinf.pstatic.net%2F20210410_246%2F1618030541339I9sSf_JPEG%2Fe6T8oc6LTCCGMYgrOkOAJWG-.jpg', 'detail', 4);
INSERT INTO room (accommodations_id, room_name, price, min_guests, max_guests, room_description, main_image_url, bathroom_count, room_type, bed_count) VALUES (157, '객실', 270000, 2, 8, '일반객실, 기준 4인 (최대 8인)', 'https://search.pstatic.net/common/?autoRotate=true&quality=95&type=w750&src=https%3A%2F%2Fnaverbooking-phinf.pstatic.net%2F20251111_14%2F1762842143226isGTB_JPEG%2Fimage.jpg', 0, 'STANDARD', 0);

INSERT INTO accommodation (accommodations_id, accommodations_name, accommodations_category, accommodations_description, city, district, address_detail, latitude, longitude, transport_info, parking_info, phone, rating, review_count, source_url, source_platform, sns, check_in_time, check_out_time, short_description) VALUES (158, '제주공항 첫날밤 게스트하우스', 'GUESTHOUSE', '*분실방지를 위해 개인 사물함을 구비해 놓았습니다.\n열쇠 분실시 20000원이 부과됩니다.\n(키링구입비, 열쇠복사비, 배송비 포함입니다.)\n꼭 숙지하여 주십시요.\n\n*할인적용 상품은 환불이 불가합니다.\n\n바로옆 편의점,무인빨래방,마트,식당등 편의시설 많습니다. 궁금하신사항은 톡톡으로 문의주세요.\n2개의객실 거실 주방 욕실1 화장실1 남성전용입니다\n\n수건은 개인 당 2개\n *객실이용안내\n1. 체크인: 오후4시부터 오후 12시까지\n 체크아웃: 익일 오전11시까지\n2. 게스트하우스 실내 및 전 객실은 금연 입니다.\n3. 다른 손님에게 피해를 주는 행위(다른 객실 무단출입, 고성방가, 주사, 기물파손 등), 객실내 음주, 흡연 시 환불 없이 퇴실 조치 합니다.\n4. 이불, 매트리스에 구토등 지워지지않는 오염훼손시에는 전액 보상을 하도록합니다.\n5. 외부 음식물은 반입이 가능하지만, 뒷정리(설겆이,그릇정리)와 분리수거(음식물처리 못할시 비닐에 넣어 씽크대에 위에 놔주세요.)를 직접 깔끔하게 해주셔야 합니다.\n6. 애완동물은 동반입실 금지입니다.\n7. 고객님의 부주의로 일어난 안전사고 및 도난은 책임지지 않으며, 시설물 훼손 시 변상조치 합니다.\n8.소등시간은 24시이며, 거실등 객실의 소등을 부탁드리며, 실내화는 객실에서만 착용하여 주시기바랍니다.\n9.비어있는 옆의 침구류 수건등 건들지말아주세요. 1박요금이 추가됩니다.\n10.퇴실시 전자기기 off 입구문을 호가실하게 닫아주세요.\n부탁드립니다. ^^', '제주', '제주시', '22-1 첫날밤게스트하우스, 택시:제주공항에서 (네비게이션:제주시 용화로 22-1 또는,첫날밤게스트하우스, 진영식당 검색) 4~5분정도 소요진영식당', 33.5096389, 126.5060223, '택시:제주공항에서 (네비게이션:제주시 용화로 22-1 또는,첫날밤게스트하우스, 진영식당 검색) 4~5분정도 소요\n진영식당 바로 옆 2층집 문은 정문과 후문 둘다 되어있습니다.', NULL, NULL, null, 165, 'https://map.naver.com/p/entry/place/1637107138?c=15.00,0,0,0,dh&placePath=/information?entry=bmp&fromPanelNum=1&additionalHeight=76&timestamp=202512181314&locale=ko&svcName=map_pcv5&businessCategory=guesthouse&from=map&fromPanelNum=1&additionalHeight=76&timestamp=202512181314&locale=ko&svcName=map_pcv5&businessCategory=guesthouse', 'NAVER', 'Instagram: http://www.instagram.com/the_first_night', '16:00', '10:30', NULL);
INSERT INTO accommodation_theme (theme_id, accommodations_id) VALUES (4, 158);
INSERT INTO accommodation_theme (theme_id, accommodations_id) VALUES (1, 158);
INSERT INTO accommodation_theme (theme_id, accommodations_id) VALUES (3, 158);
INSERT INTO accommodation_amenity (amenity_id, accommodations_id) VALUES (6, 158);
INSERT INTO accommodation_amenity (amenity_id, accommodations_id) VALUES (4, 158);
INSERT INTO accommodation_amenity (amenity_id, accommodations_id) VALUES (14, 158);
INSERT INTO accommodation_amenity (amenity_id, accommodations_id) VALUES (1, 158);
INSERT INTO accommodation_amenity (amenity_id, accommodations_id) VALUES (7, 158);
INSERT INTO accommodation_amenity (amenity_id, accommodations_id) VALUES (10, 158);
INSERT INTO accommodation_amenity (amenity_id, accommodations_id) VALUES (8, 158);
INSERT INTO accommodation_image (accommodations_id, image_url, image_type, sort_order) VALUES (158, 'https://search.pstatic.net/common/?autoRotate=true&type=w560_sharpen&src=https%3A%2F%2Fldb-phinf.pstatic.net%2F20200511_70%2F15891871661075fq0G_PNG%2F%25BF%25DC.png', 'banner', 0);
INSERT INTO accommodation_image (accommodations_id, image_url, image_type, sort_order) VALUES (158, 'https://search.pstatic.net/common/?autoRotate=true&type=w278_sharpen&src=https%3A%2F%2Fldb-phinf.pstatic.net%2F20200511_235%2F15891871668873tAqf_PNG%2F%25BF%25DC2.png', 'detail', 1);
INSERT INTO accommodation_image (accommodations_id, image_url, image_type, sort_order) VALUES (158, 'https://search.pstatic.net/common/?autoRotate=true&type=w278_sharpen&src=https%3A%2F%2Fldb-phinf.pstatic.net%2F20200511_18%2F15891871660989O7QW_PNG%2F%25BF%25DC1.png', 'detail', 2);
INSERT INTO accommodation_image (accommodations_id, image_url, image_type, sort_order) VALUES (158, 'https://search.pstatic.net/common/?autoRotate=true&type=w278_sharpen&src=https%3A%2F%2Fldb-phinf.pstatic.net%2F20200720_7%2F1595174204882HGHcw_JPEG%2F%25C1%25D6%25B9%25E6.jpg', 'detail', 3);
INSERT INTO accommodation_image (accommodations_id, image_url, image_type, sort_order) VALUES (158, 'https://search.pstatic.net/common/?autoRotate=true&type=w278_sharpen&src=https%3A%2F%2Fldb-phinf.pstatic.net%2F20200720_76%2F1595171393248l2VVJ_JPEG%2FIMG_20200719_234414_672.jpg', 'detail', 4);

INSERT INTO accommodation (accommodations_id, accommodations_name, accommodations_category, accommodations_description, city, district, address_detail, latitude, longitude, transport_info, parking_info, phone, rating, review_count, source_url, source_platform, sns, check_in_time, check_out_time, short_description) VALUES (159, '제주 라이트하우스', 'GUESTHOUSE', '국내에서는 드문 [캠브리지 국제교수 CELTA 자격증] 을 가진 호주원어민과 EBS강사가 제주에서 참된 영어교육의 장을 열었습니다. 유아에서 비즈니스에 이르기 까지 15년 교수경력으로 다양한 교수법으로 학생들의 영어사용을 최대한 이끌어 내는 환경을 만들어 냅니다. 유아를 위한 CBI(컨텐츠) 수업, 초등부를 위한 다독과 프로젝트 수업, 중등부를 위한 TBLT, 수능영어 및 각종 수험 영어 준비생을 위한 Discourse Analysis수업, 그리고 성인 및 비즈니스인들을 위한 Reflective Tasks 수업을 제안합니다. 교사 중심이 아닌 학생 중심의 환경을 통해, 학생들이 적극적인 영어 사용자가 될 수 있도록 교사는 따뜻한 보조인의 역할은 합니다. 국제 도시라는 타이틀과는 달리(아무리 여러 국제학교들이 있다하여도), 다소 제한적인 영어교육이 진행되고 있는 제주. 입증되지 않은 강사들로 넘쳐나는 학원들. 저희가 나서지 않을 수가 없었습니다. 제대로 된 영어교육의 장을 열고저 합니다. 영국 유학을 통해, EBS강의를 통해, 그리고, 대학원 논문 저술을 통해 배운 모든 학습법을 공유하려 합니다. 누군가가 잘하고 있으니 우리 아이도 그렇겠다는 기대감만 가지고 자녀들 끌고 학원으로 가지마시요. 제발 부탁드립니다. 아까운 시간과 돈과 노력을 함부로 쓰지 마세요. 상담도 좋으니 꼭 오셔서 진단받고 영어학습의 목표설정을, 바른 영어교육학습방향을 잡아 가시길 바랍니다.\n[라이트하우스 영어교육문화센터]', '제주', '제주시', '하귀동남1길 32-4', 33.2924063, 126.7237306, '하귀 하나로마트 뒷 편 수영장에서 1분 거리', '주차가능\n무료', '0507-1359-6721', null, 20, 'https://map.naver.com/p/search/%EC%A0%9C%EC%A3%BC+%EB%9D%BC%EC%9D%B4%ED%8A%B8%ED%95%98%EC%9A%B0%EC%8A%A4/place/34857236?c=15.00,0,0,0,dh&placePath=/information?entry=bmp&fromPanelNum=2&timestamp=202512181315&locale=ko&svcName=map_pcv5&searchText=%EC%A0%9C%EC%A3%BC%2B%EB%9D%BC%EC%9D%B4%ED%8A%B8%ED%95%98%EC%9A%B0%EC%8A%A4&from=map&fromPanelNum=2&timestamp=202512181315&locale=ko&svcName=map_pcv5&searchText=%EC%A0%9C%EC%A3%BC+%EB%9D%BC%EC%9D%B4%ED%8A%B8%ED%95%98%EC%9A%B0%EC%8A%A4', 'NAVER', 'Instagram: https://www.instagram.com/lighthouseenglish\nBlog: https://blog.naver.com/11lighthouse', NULL, NULL, NULL);
INSERT INTO accommodation_amenity (amenity_id, accommodations_id) VALUES (13, 159);
INSERT INTO accommodation_amenity (amenity_id, accommodations_id) VALUES (67, 159);
INSERT INTO accommodation_amenity (amenity_id, accommodations_id) VALUES (40, 159);
INSERT INTO accommodation_amenity (amenity_id, accommodations_id) VALUES (39, 159);
INSERT INTO accommodation_amenity (amenity_id, accommodations_id) VALUES (36, 159);
INSERT INTO accommodation_image (accommodations_id, image_url, image_type, sort_order) VALUES (159, 'https://search.pstatic.net/common/?autoRotate=true&type=w560_sharpen&src=https%3A%2F%2Fldb-phinf.pstatic.net%2F20241019_227%2F1729327697371mKW1f_JPEG%2F%25B6%25F3%25C0%25CC%25C6%25AE%25C7%25CF%25BF%25EC%25BD%25BA%25C7%25D0%25BF%25F8_%25B5%25B5%25BC%25AD%25B0%25FC.jpg', 'banner', 0);
INSERT INTO accommodation_image (accommodations_id, image_url, image_type, sort_order) VALUES (159, 'https://search.pstatic.net/common/?autoRotate=true&type=w278_sharpen&src=https%3A%2F%2Fldb-phinf.pstatic.net%2F20241019_162%2F1729327721927jYazE_JPEG%2F%25C7%25D0%25BF%25F8%25C4%25A5%25C6%25C7%25B4%25DE%25B7%25C2.jpg', 'detail', 1);
INSERT INTO accommodation_image (accommodations_id, image_url, image_type, sort_order) VALUES (159, 'https://search.pstatic.net/common/?autoRotate=true&type=w278_sharpen&src=https%3A%2F%2Fldb-phinf.pstatic.net%2F20241019_213%2F1729327741680G2Yev_JPEG%2F%25C7%25D0%25BF%25F8%25C3%25A5%25C1%25F8%25BF%25AD.jpg', 'detail', 2);
INSERT INTO accommodation_image (accommodations_id, image_url, image_type, sort_order) VALUES (159, 'https://search.pstatic.net/common/?autoRotate=true&type=w278_sharpen&src=https%3A%2F%2Fldb-phinf.pstatic.net%2F20241019_225%2F1729327715513Db7zH_JPEG%2F%25C7%25D1%25B1%25DB%25B3%25AF_%25C7%25D0%25BB%25FD%25B1%25DB.jpg', 'detail', 3);
INSERT INTO accommodation_image (accommodations_id, image_url, image_type, sort_order) VALUES (159, 'https://search.pstatic.net/common/?autoRotate=true&type=w278_sharpen&src=https%3A%2F%2Fldb-phinf.pstatic.net%2F20241019_11%2F1729327707302F1PW3_JPEG%2FAcademic_Coaching_%25C7%25D0%25BB%25FD%25B1%25DB3.jpg', 'detail', 4);

INSERT INTO accommodation (accommodations_id, accommodations_name, accommodations_category, accommodations_description, city, district, address_detail, latitude, longitude, transport_info, parking_info, phone, rating, review_count, source_url, source_platform, sns, check_in_time, check_out_time, short_description) VALUES (160, '우도 소섬바당 게스트하우스', 'GUESTHOUSE', '소섬바당에 오신 분들 모두 안전하고 안락하게 지내시다가 재충전하고 가시길 바랍니다.\n\n(민폐는 받지도 말고 끼치지도 맙시다)\n\n자세한 정보는 soseombadang.com 있습니다 :-)\n\n남/녀 전용 도미토리/온돌/침대/2인실\n에어컨/개별커튼/화장실/사물함/수건/세면도구/헤어드라이기/거울/옷걸이', '제주', '제주시', '우도로 190', 33.5088425, 126.9535997, '우도 한가운데 위치하고 있습니다', NULL, '0507-1412-0588', null, 586, 'https://map.naver.com/p/search/%EC%9A%B0%EB%8F%84+%EC%86%8C%EC%84%AC%EB%B0%94%EB%8B%B9+%EA%B2%8C%EC%8A%A4%ED%8A%B8%ED%95%98%EC%9A%B0%EC%8A%A4/place/37925899?isCorrectAnswer=true&c=15.00,0,0,0,dh&placePath=/room?fromPanelNum=1&additionalHeight=76&timestamp=202512181315&locale=ko&svcName=map_pcv5&searchText=%EC%9A%B0%EB%8F%84%2B%EC%86%8C%EC%84%AC%EB%B0%94%EB%8B%B9%2B%EA%B2%8C%EC%8A%A4%ED%8A%B8%ED%95%98%EC%9A%B0%EC%8A%A4&businessCategory=guesthouse&additionalHeight=76&timestamp=202512181315&locale=ko&svcName=map_pcv5&searchText=%EC%9A%B0%EB%8F%84%2B%EC%86%8C%EC%84%AC%EB%B0%94%EB%8B%B9%2B%EA%B2%8C%EC%8A%A4%ED%8A%B8%ED%95%98%EC%9A%B0%EC%8A%A4&businessCategory=guesthouse&fromPanelNum=1', 'NAVER', 'Instagram: http://www.instagram.com/soseombadang', '15:00', '10:00', '편안한 분위기와 개인 공간 보장의 휴식처');
INSERT INTO accommodation_theme (theme_id, accommodations_id) VALUES (3, 160);
INSERT INTO accommodation_amenity (amenity_id, accommodations_id) VALUES (3, 160);
INSERT INTO accommodation_amenity (amenity_id, accommodations_id) VALUES (18, 160);
INSERT INTO accommodation_amenity (amenity_id, accommodations_id) VALUES (1, 160);
INSERT INTO accommodation_amenity (amenity_id, accommodations_id) VALUES (7, 160);
INSERT INTO accommodation_amenity (amenity_id, accommodations_id) VALUES (5, 160);
INSERT INTO accommodation_amenity (amenity_id, accommodations_id) VALUES (31, 160);
INSERT INTO accommodation_amenity (amenity_id, accommodations_id) VALUES (6, 160);
INSERT INTO accommodation_amenity (amenity_id, accommodations_id) VALUES (15, 160);
INSERT INTO accommodation_amenity (amenity_id, accommodations_id) VALUES (4, 160);
INSERT INTO accommodation_image (accommodations_id, image_url, image_type, sort_order) VALUES (160, 'https://search.pstatic.net/common/?autoRotate=true&type=w560_sharpen&src=https%3A%2F%2Fldb-phinf.pstatic.net%2F20160921_259%2F1474463815488XRRwd_JPEG%2F176871624675326_0.jpeg', 'banner', 0);
INSERT INTO accommodation_image (accommodations_id, image_url, image_type, sort_order) VALUES (160, 'https://search.pstatic.net/common/?autoRotate=true&type=w278_sharpen&src=https%3A%2F%2Fldb-phinf.pstatic.net%2F20170217_198%2F1487322028996UW1Gc_JPEG%2F186167583048770_1.jpeg', 'detail', 1);
INSERT INTO accommodation_image (accommodations_id, image_url, image_type, sort_order) VALUES (160, 'https://search.pstatic.net/common/?autoRotate=true&type=w278_sharpen&src=https%3A%2F%2Fldb-phinf.pstatic.net%2F20170217_153%2F1487322029118dtWGY_JPEG%2F186167583048770_2.jpeg', 'detail', 2);
INSERT INTO accommodation_image (accommodations_id, image_url, image_type, sort_order) VALUES (160, 'https://search.pstatic.net/common/?autoRotate=true&type=w278_sharpen&src=https%3A%2F%2Fldb-phinf.pstatic.net%2F20160924_264%2F1474723829506JIdTy_JPEG%2F176874626049203_3.jpeg', 'detail', 3);
INSERT INTO accommodation_image (accommodations_id, image_url, image_type, sort_order) VALUES (160, 'https://search.pstatic.net/common/?autoRotate=true&type=w278_sharpen&src=https%3A%2F%2Fldb-phinf.pstatic.net%2F20160627_221%2F1467031643329ISy7j_JPEG%2F176577617742386_2.jpeg', 'detail', 4);
INSERT INTO room (accommodations_id, room_name, price, min_guests, max_guests, room_description, main_image_url, bathroom_count, room_type, bed_count) VALUES (160, '여성 전용 4인실 도미토리', 30000, 2, 4, '공용객실, 기준 1인 (최대 4인) | 침실 1, 침대 4, 욕실 1, 최소 1박', 'https://search.pstatic.net/common/?autoRotate=true&quality=95&type=w750&src=https%3A%2F%2Fnaverbooking-phinf.pstatic.net%2F20181010_107%2F1539171465882xFPKL_JPEG%2FKakaoTalk_20181010_195133494.jpg', 1, 'STANDARD', 4);
INSERT INTO room (accommodations_id, room_name, price, min_guests, max_guests, room_description, main_image_url, bathroom_count, room_type, bed_count) VALUES (160, '캡틴룸(침대2-4인실)', 70000, 2, 4, '기준 2인 (최대 4인)', 'https://search.pstatic.net/common/?autoRotate=true&quality=95&type=w750&src=https%3A%2F%2Fnaverbooking-phinf.pstatic.net%2F20170917_100%2F1505575808978sftNp_JPEG%2F%25C4%25B8%25C6%25BE%25B7%25EB.jpg', 0, 'STANDARD', 0);
INSERT INTO room (accommodations_id, room_name, price, min_guests, max_guests, room_description, main_image_url, bathroom_count, room_type, bed_count) VALUES (160, '상군실(온돌2-4인실)', 70000, 2, 4, '기준 2인 (최대 4인)', 'https://search.pstatic.net/common/?autoRotate=true&quality=95&type=w750&src=https%3A%2F%2Fnaverbooking-phinf.pstatic.net%2F20170917_163%2F15055741857271SGKE_JPEG%2F20161211_103021.jpg', 0, 'STANDARD', 0);
INSERT INTO room (accommodations_id, room_name, price, min_guests, max_guests, room_description, main_image_url, bathroom_count, room_type, bed_count) VALUES (160, '1-4인실', 50000, 2, 4, '일반객실, 기준 1인 (최대 4인) | 침실 1, 침대 4, 욕실 1, 최소 1박', 'https://search.pstatic.net/common/?autoRotate=true&quality=95&type=w750&src=https%3A%2F%2Fnaverbooking-phinf.pstatic.net%2F20181010_163%2F1539171621640GjIEL_JPEG%2FKakaoTalk_20181010_195133494.jpg', 1, 'STANDARD', 4);

INSERT INTO accommodation (accommodations_id, accommodations_name, accommodations_category, accommodations_description, city, district, address_detail, latitude, longitude, transport_info, parking_info, phone, rating, review_count, source_url, source_platform, sns, check_in_time, check_out_time, short_description) VALUES (161, '제주 엠스테이', 'GUESTHOUSE', '엠스테이 호텔 제주는 제주 서귀포의 숨겨진 보석 같은 위치에 자리 잡고 있습니다. 북쪽으로는 웅장한 한라산, 남쪽으로는 남태평양의 푸른 바다와 함께 새섬, 문섬, 섶섬이 한눈에 펼쳐지는 파노라마 같은 전망을 자랑합니다.\n\n호텔 주변에는 천지연 폭포, 서귀포 미항, 새연교, 이중섭 거리(박물관)등 매력적인 관광지가 가득하며, 제주의 자연을 만끽할 수 있는 올레 6,7 코스, 예술과 감성을 자극하는 왈종미술관과 정방폭포, 문화적 깊이를 더하는 서복전시관과 올레 재래시장도 가까이에서 즐길 수 있습니다.\n\n자연, 예술, 힐링을 완벽히 아우르는 서귀포 최고의 관광 환경을 경험해 보세요. 엠스테이 호텔 제주에서 당신만의 특별한 순간을 만들어 보세요!', '제주', '서귀포시', '14', 33.2469120, 126.5608387, NULL, '주차가능\n무료\n주차가능(무료) / 기계식 주차장 SUV 이상 차량은 근처 공영주차장 이용(18:00~09:00 무료)후 영수증 지참후 프론트에 전달(1일최대 5천원 지원)', '064-800-6000', null, 3, 'https://map.naver.com/p/search/%EC%A0%9C%EC%A3%BC+%EC%97%A0%EC%8A%A4%ED%85%8C%EC%9D%B4/place/1988987247?c=9.00,0,0,0,dh&placePath=/information?entry=bmp&fromPanelNum=2&timestamp=202512181315&locale=ko&svcName=map_pcv5&searchText=%EC%A0%9C%EC%A3%BC%2B%EC%97%A0%EC%8A%A4%ED%85%8C%EC%9D%B4&businessCategory=hotel&from=map&fromPanelNum=2&timestamp=202512181315&locale=ko&svcName=map_pcv5&searchText=%EC%A0%9C%EC%A3%BC%2B%EC%97%A0%EC%8A%A4%ED%85%8C%EC%9D%B4&businessCategory=hotel', 'NAVER', NULL, '15:00', '11:00', NULL);
INSERT INTO accommodation_amenity (amenity_id, accommodations_id) VALUES (40, 161);
INSERT INTO accommodation_amenity (amenity_id, accommodations_id) VALUES (36, 161);
INSERT INTO accommodation_amenity (amenity_id, accommodations_id) VALUES (41, 161);
INSERT INTO accommodation_amenity (amenity_id, accommodations_id) VALUES (13, 161);
INSERT INTO accommodation_amenity (amenity_id, accommodations_id) VALUES (39, 161);
INSERT INTO accommodation_amenity (amenity_id, accommodations_id) VALUES (61, 161);
INSERT INTO accommodation_amenity (amenity_id, accommodations_id) VALUES (38, 161);
INSERT INTO accommodation_amenity (amenity_id, accommodations_id) VALUES (30, 161);
INSERT INTO accommodation_amenity (amenity_id, accommodations_id) VALUES (1, 161);
INSERT INTO accommodation_amenity (amenity_id, accommodations_id) VALUES (26, 161);
INSERT INTO accommodation_amenity (amenity_id, accommodations_id) VALUES (43, 161);
INSERT INTO accommodation_amenity (amenity_id, accommodations_id) VALUES (44, 161);
INSERT INTO accommodation_amenity (amenity_id, accommodations_id) VALUES (68, 161);
INSERT INTO accommodation_amenity (amenity_id, accommodations_id) VALUES (45, 161);
INSERT INTO accommodation_amenity (amenity_id, accommodations_id) VALUES (50, 161);
INSERT INTO accommodation_amenity (amenity_id, accommodations_id) VALUES (51, 161);
INSERT INTO accommodation_image (accommodations_id, image_url, image_type, sort_order) VALUES (161, 'https://search.pstatic.net/common/?autoRotate=true&type=w560_sharpen&src=https%3A%2F%2Fldb-phinf.pstatic.net%2F20250225_250%2F1740448021496BzWLQ_JPEG%2F4%2528%25B8%25DE%25C0%25CE%2529.JPG', 'banner', 0);
INSERT INTO accommodation_image (accommodations_id, image_url, image_type, sort_order) VALUES (161, 'https://search.pstatic.net/common/?autoRotate=true&type=w278_sharpen&src=https%3A%2F%2Fldb-phinf.pstatic.net%2F20250225_65%2F1740448031076ziMix_JPEG%2F3.jpg', 'detail', 1);
INSERT INTO accommodation_image (accommodations_id, image_url, image_type, sort_order) VALUES (161, 'https://search.pstatic.net/common/?autoRotate=true&type=w278_sharpen&src=https%3A%2F%2Fldb-phinf.pstatic.net%2F20250225_29%2F174044803877755BTA_JPEG%2F6.jpg', 'detail', 2);
INSERT INTO accommodation_image (accommodations_id, image_url, image_type, sort_order) VALUES (161, 'https://search.pstatic.net/common/?autoRotate=true&type=w278_sharpen&src=https%3A%2F%2Fldb-phinf.pstatic.net%2F20250225_247%2F174044805009326xO8_JPEG%2F7.jpg', 'detail', 3);
INSERT INTO accommodation_image (accommodations_id, image_url, image_type, sort_order) VALUES (161, 'https://search.pstatic.net/common/?autoRotate=true&type=w278_sharpen&src=https%3A%2F%2Fldb-phinf.pstatic.net%2F20250225_201%2F1740448089062w7XJn_JPEG%2F%25BF%25A5%25BD%25BA%25C5%25D7%25C0%25CC%25C8%25A3%25C5%25DA_%25BC%25F6%25BF%25B5%25C0%25E5_%25B8%25AE%25C5%25CD%25C4%25AA%25BB%25E7%25C1%25F8.jpg', 'detail', 4);

INSERT INTO accommodation (accommodations_id, accommodations_name, accommodations_category, accommodations_description, city, district, address_detail, latitude, longitude, transport_info, parking_info, phone, rating, review_count, source_url, source_platform, sns, check_in_time, check_out_time, short_description) VALUES (162, '제주 월정가옥', 'GUESTHOUSE', '제주독채펜션 월정가옥은 오래된 가옥을 리모델링한 제주 전통 가옥 입니다.\n내외부에 전통적인 제주도 집 틀들이 존재해 정말 옛날의 제주로 온 느낌을 주고요.\n위치 또한 제주공항에서 동쪽으로 20킬로미터 떨어진 구좌읍에 속해 있는 월정리마을에 위치해 있습니다.\n예로부터 주민들은 무주에 또는 무주개라 불렀다고 하네요. ''무주''의 뜻은 확실하지 않으나 ''개''는 포구를 뜻한답니다.\n월정은 마을의 모양이 반달 같고 바닷가에 접해 있다는 뜻으로 ''달이 뜨는 바닷가'' 라는 의미에서 유래되었다고 전해진답니다.\n옛 시골의 향기를 뿜는 것이 아니라 마을 전체가 70년대 후반의 건축물들인 제주의 전통 돌집들이 모여 운치와 평화가 있습니다.\n우리 월정가옥 근처에는 긴 해안도로가 있는데 그 해안도로를 따라 드라이브를 하면 멋진 바다 풍광을 보고 오시면 월정리 마을 안길에 겹겹이 띠를 두른 병풍같은 돌담들이 마중 나옵니다.\n해녀들이 물질 갈때 걸어갔던 숨비소리길을 따라가다 보면 해녀의 숨소리를 들을 수 있을 것만 같고, 천연기념물 제 384호인 당처물 동굴이 있으며, 이쁜 월정리 카페촌과 맛집들이 옹기종기 모여, 이 곳에서 한가로운 하루를 보내 실 수 있습니다.\n월정리에서 시작하여 해원리(바람이 항상 불어 행원풍력단지),평대리(TV에서도 알려진 맛집들),세화리(넓은 해수욕장), 하도리(환해장성,별방진성,철새도래지), 성산(성산일출봉,섭지코지)까지 해안도로를 달리다 보면 정말 볼 것들 맛볼것들이 넘 많은 환상의 동쪽 코스 입니다.\n\n월정가옥은 월정리해수욕장에서 도보로 1분 거리에 위치해 있습니다.\n\n2인커플룸독채 2개와 4인까지 수용가능한 패밀리룸독채로 3개동이 함께있는 숙소입니다. 3개동 모두 대여가능해 단체로도 많이 찾는곳입니다.아이들과 함께 물놀이후에 도보로 1분거리에있어 더더욱 편한위치에 있습니다.\n마당과 옥탑이 있어 개별 사용이 가능하며\n옥탑에선 월정리바다가 시원하게 내려다 보이는 장점이 있습니다.', '제주', '제주시', '월정중길 39 월정가옥', 33.5585531, 126.7926449, NULL, '주차가능\n무료', NULL, null, 198, 'https://map.naver.com/p/entry/place/1201914461?c=15.00,0,0,0,dh&placePath=/room?entry=bmp&fromPanelNum=1&additionalHeight=76&timestamp=202512181316&locale=ko&svcName=map_pcv5&businessCategory=pension&fromPanelNum=1&additionalHeight=76&timestamp=202512181316&locale=ko&svcName=map_pcv5&businessCategory=pension&from=map', 'NAVER', NULL, '16:00', '10:00', '아름다운 인테리어와 바다 풍광의 조화');
INSERT INTO accommodation_theme (theme_id, accommodations_id) VALUES (3, 162);
INSERT INTO accommodation_theme (theme_id, accommodations_id) VALUES (1, 162);
INSERT INTO accommodation_amenity (amenity_id, accommodations_id) VALUES (20, 162);
INSERT INTO accommodation_amenity (amenity_id, accommodations_id) VALUES (10, 162);
INSERT INTO accommodation_amenity (amenity_id, accommodations_id) VALUES (4, 162);
INSERT INTO accommodation_amenity (amenity_id, accommodations_id) VALUES (6, 162);
INSERT INTO accommodation_amenity (amenity_id, accommodations_id) VALUES (31, 162);
INSERT INTO accommodation_amenity (amenity_id, accommodations_id) VALUES (15, 162);
INSERT INTO accommodation_amenity (amenity_id, accommodations_id) VALUES (29, 162);
INSERT INTO accommodation_amenity (amenity_id, accommodations_id) VALUES (1, 162);
INSERT INTO accommodation_amenity (amenity_id, accommodations_id) VALUES (26, 162);
INSERT INTO accommodation_image (accommodations_id, image_url, image_type, sort_order) VALUES (162, 'https://search.pstatic.net/common/?autoRotate=true&type=w560_sharpen&src=https%3A%2F%2Fldb-phinf.pstatic.net%2F20200703_228%2F1593762449273pJipp_JPEG%2FCgXuTrhr5oReoytPZ0lT2Sb_.jpg', 'banner', 0);
INSERT INTO accommodation_image (accommodations_id, image_url, image_type, sort_order) VALUES (162, 'https://search.pstatic.net/common/?autoRotate=true&type=w278_sharpen&src=https%3A%2F%2Fldb-phinf.pstatic.net%2F20200628_123%2F1593331309837QyzWv_JPEG%2Fm7ykWiYX8w6xNxCD_ppNJC_R.JPG.jpg', 'detail', 1);
INSERT INTO accommodation_image (accommodations_id, image_url, image_type, sort_order) VALUES (162, 'https://search.pstatic.net/common/?autoRotate=true&type=w278_sharpen&src=https%3A%2F%2Fldb-phinf.pstatic.net%2F20200628_298%2F1593331092453b3Bn5_JPEG%2F9vCltUG7fasIIjnXbNLmWywB.JPG.jpg', 'detail', 2);
INSERT INTO accommodation_image (accommodations_id, image_url, image_type, sort_order) VALUES (162, 'https://search.pstatic.net/common/?autoRotate=true&type=w278_sharpen&src=https%3A%2F%2Fldb-phinf.pstatic.net%2F20200628_298%2F1593331089383w3uCQ_JPEG%2Fxbynzuti4O_T9CNGEb_fF55f.JPG.jpg', 'detail', 3);
INSERT INTO accommodation_image (accommodations_id, image_url, image_type, sort_order) VALUES (162, 'https://search.pstatic.net/common/?autoRotate=true&type=w278_sharpen&src=https%3A%2F%2Fldb-phinf.pstatic.net%2F20200628_279%2F1593330938211DF2Fq_JPEG%2Fi6_wKSQoGDC9DmI_Q6WyjqL6.JPG.jpg', 'detail', 4);
INSERT INTO room (accommodations_id, room_name, price, min_guests, max_guests, room_description, main_image_url, bathroom_count, room_type, bed_count) VALUES (162, '월정가옥 해피', 150000, 2, 4, '독채, 기준 2인 (최대 4인) | 침실 2, 침대 2, 욕실 1, 최소 1박', 'https://search.pstatic.net/common/?autoRotate=true&quality=95&type=w750&src=https%3A%2F%2Fnaverbooking-phinf.pstatic.net%2F20220102_59%2F1641051889352EObOc_JPEG%2F20200701_133713_HDR2.jpg', 1, 'STANDARD', 2);
INSERT INTO room (accommodations_id, room_name, price, min_guests, max_guests, room_description, main_image_url, bathroom_count, room_type, bed_count) VALUES (162, '월정가옥 샤인', 120000, 2, 2, '독채, 기준 2인 (최대 2인) | 침실 1, 침대 1, 욕실 1, 최소 1박', 'https://search.pstatic.net/common/?autoRotate=true&quality=95&type=w750&src=https%3A%2F%2Fnaverbooking-phinf.pstatic.net%2F20240125_204%2F1706165078047DOeJG_JPEG%2F1587913799519-4_-_%25BA%25B9%25BB%25E7%25BA%25BB.jpg', 1, 'STANDARD', 1);

INSERT INTO accommodation (accommodations_id, accommodations_name, accommodations_category, accommodations_description, city, district, address_detail, latitude, longitude, transport_info, parking_info, phone, rating, review_count, source_url, source_platform, sns, check_in_time, check_out_time, short_description) VALUES (163, '제주 렉스호텔', 'GUESTHOUSE', NULL, '제주', '서귀포시', '42-1', 33.2490822, 126.5662157, NULL, '주차가능', '064-762-1600', null, 4, 'https://map.naver.com/p/entry/place/36651629?c=15.00,0,0,0,dh&placePath=/information?entry=bmp&fromPanelNum=1&additionalHeight=76&timestamp=202512181316&locale=ko&svcName=map_pcv5&businessCategory=guesthouse&from=map&fromPanelNum=1&additionalHeight=76&timestamp=202512181316&locale=ko&svcName=map_pcv5&businessCategory=guesthouse', 'NAVER', NULL, NULL, NULL, NULL);
INSERT INTO accommodation_theme (theme_id, accommodations_id) VALUES (3, 163);
INSERT INTO accommodation_theme (theme_id, accommodations_id) VALUES (4, 163);
INSERT INTO accommodation_theme (theme_id, accommodations_id) VALUES (1, 163);
INSERT INTO accommodation_amenity (amenity_id, accommodations_id) VALUES (1, 163);
INSERT INTO accommodation_image (accommodations_id, image_url, image_type, sort_order) VALUES (163, 'https://search.pstatic.net/common/?autoRotate=true&type=w560_sharpen&src=https%3A%2F%2Fldb-phinf.pstatic.net%2F20190831_270%2F15672368083206Axt8_JPEG%2F4-r7-U7X-sbgX-RFdbaburcU.jpg', 'banner', 0);
INSERT INTO accommodation_image (accommodations_id, image_url, image_type, sort_order) VALUES (163, 'https://search.pstatic.net/common/?autoRotate=true&type=w278_sharpen&src=https%3A%2F%2Fldb-phinf.pstatic.net%2F20190831_51%2F1567236805875rIbA9_JPEG%2FAZYGflnPvOKqBDSzeQWmpK9h.jpg', 'detail', 1);
INSERT INTO accommodation_image (accommodations_id, image_url, image_type, sort_order) VALUES (163, 'https://search.pstatic.net/common/?autoRotate=true&type=w278_sharpen&src=https%3A%2F%2Fldb-phinf.pstatic.net%2F20190831_252%2F1567236847224IKVQ0_JPEG%2Fc5iTn__3JCsD6gGz8Wgd_OyX.jpg', 'detail', 2);
INSERT INTO accommodation_image (accommodations_id, image_url, image_type, sort_order) VALUES (163, 'https://search.pstatic.net/common/?autoRotate=true&type=w278_sharpen&src=https%3A%2F%2Fldb-phinf.pstatic.net%2F20190831_275%2F1567236849375CKR7s_JPEG%2FUiydifZTS3lvaXFX3DzWzxxa.jpg', 'detail', 3);
INSERT INTO accommodation_image (accommodations_id, image_url, image_type, sort_order) VALUES (163, 'https://search.pstatic.net/common/?autoRotate=true&type=w278_sharpen&src=https%3A%2F%2Fldb-phinf.pstatic.net%2F20190831_167%2F1567236850414GMd8k_JPEG%2Fh_bj4JZhJf3Xm586o4rQW1yf.jpg', 'detail', 4);

INSERT INTO accommodation (accommodations_id, accommodations_name, accommodations_category, accommodations_description, city, district, address_detail, latitude, longitude, transport_info, parking_info, phone, rating, review_count, source_url, source_platform, sns, check_in_time, check_out_time, short_description) VALUES (164, '제주 라온스테이', 'GUESTHOUSE', '제주 동쪽 성산일출봉 근처의 독채풀빌라 라온스테이는 단독 수영장을 갖춘 프라이빗 독채풀빌라에요.\n\n올레길을 따라 걷다보면 온평포구와 가까워 성산의 아름다운 해안길과 만날 수 있어요.\n\n40평 복층구조로 1층에는 침대방1개와온돌방 1개, 욕실1개,8명이 앉을 수 있는 넓은 식탁,복층의 높은 천장거실,단독수영장과 바베큐테라스와세탁실을 갖추고 있어요.\n2층에는 침대방과, 파우더룸이 있는 욕실,야외테라스로 꾸며져 있어요.\n\n코로나로 지친 일상을 달랠 수 있게 입실전 철저한 방역과 소독으로 준비하고 있습니다\n\n가족..친구..연인..소중한 인연들과의 행복한 여행의 추억만들기를 자연향 가득한 힐링하우스 라온스테이와 함께 하세요~^^', '제주', '서귀포시', '온평서로 28-17', 33.4115881, 126.8973090, '제주도 서귀포시 온평서로 28-17 라온스테이', '주차가능', NULL, null, 17, 'https://map.naver.com/p/search/%EC%A0%9C%EC%A3%BC+%EB%9D%BC%EC%98%A8%EC%8A%A4%ED%85%8C%EC%9D%B4/place/1913755550?c=15.00,0,0,0,dh&placePath=/information?entry=bmp&fromPanelNum=2&timestamp=202512181316&locale=ko&svcName=map_pcv5&searchText=%EC%A0%9C%EC%A3%BC%2B%EB%9D%BC%EC%98%A8%EC%8A%A4%ED%85%8C%EC%9D%B4&businessCategory=guesthouse&from=map&fromPanelNum=2&timestamp=202512181316&locale=ko&svcName=map_pcv5&searchText=%EC%A0%9C%EC%A3%BC%2B%EB%9D%BC%EC%98%A8%EC%8A%A4%ED%85%8C%EC%9D%B4&businessCategory=guesthouse', 'NAVER', 'Blog: https://blog.naver.com/saintsemi\nInstagram: http://www.instagram.com/atomsemi', NULL, NULL, NULL);
INSERT INTO accommodation_amenity (amenity_id, accommodations_id) VALUES (1, 164);
INSERT INTO accommodation_image (accommodations_id, image_url, image_type, sort_order) VALUES (164, 'https://search.pstatic.net/common/?autoRotate=true&type=w560_sharpen&src=https%3A%2F%2Fldb-phinf.pstatic.net%2F20181201_181%2F15436676429237xujB_JPEG%2F2eLSOZKP0uIhPDl_OeSPQX7P.jpg', 'banner', 0);
INSERT INTO accommodation_image (accommodations_id, image_url, image_type, sort_order) VALUES (164, 'https://search.pstatic.net/common/?autoRotate=true&type=w278_sharpen&src=https%3A%2F%2Fldb-phinf.pstatic.net%2F20181201_134%2F15436677256321ITIS_JPEG%2FgnxZQJ1o-c7hD-2RFimDrwcl.jpg', 'detail', 1);
INSERT INTO accommodation_image (accommodations_id, image_url, image_type, sort_order) VALUES (164, 'https://search.pstatic.net/common/?autoRotate=true&type=w278_sharpen&src=https%3A%2F%2Fldb-phinf.pstatic.net%2F20181201_102%2F1543667643942qnEEf_JPEG%2FIcTd4QGtSBLsm44opIYNg-zt.jpg', 'detail', 2);
INSERT INTO accommodation_image (accommodations_id, image_url, image_type, sort_order) VALUES (164, 'https://search.pstatic.net/common/?autoRotate=true&type=w278_sharpen&src=https%3A%2F%2Fldb-phinf.pstatic.net%2F20181201_242%2F1543667643206e8yve_JPEG%2F9w68Ud-39ZinKIZik9-wzMgP.jpg', 'detail', 3);
INSERT INTO accommodation_image (accommodations_id, image_url, image_type, sort_order) VALUES (164, 'https://search.pstatic.net/common/?autoRotate=true&type=w278_sharpen&src=https%3A%2F%2Fldb-phinf.pstatic.net%2F20181201_69%2F1543667755669N4Jya_JPEG%2FFY-Y22mhJfbnw0S5pYt-2pAs.jpg', 'detail', 4);

INSERT INTO accommodation (accommodations_id, accommodations_name, accommodations_category, accommodations_description, city, district, address_detail, latitude, longitude, transport_info, parking_info, phone, rating, review_count, source_url, source_platform, sns, check_in_time, check_out_time, short_description) VALUES (165, '제주 콘크리트맨숀', 'GUESTHOUSE', '- 입실 16시~22시까지 / 퇴실 10시\n- 소등시간 23시입니다.\n (다른 여행객들을 위해 소등시간 꼭 지켜주세요.)\n\n제주도 게스트하우스 콘크리트맨숀 입니다.\n\n제각각 긴 길을 걷고 있을 여행자들의 오아시스가 되고 싶은\n월정리 게스트하우스 콘크리트맨숀입니다.\n\n서로 배려하는 공간을 만들어주세요.', '제주', '제주시', '월정1길 27 가동', 33.5543520, 126.7906574, '주소 : 제주특별자치도 제주시 구좌읍 월정리 878\n[버스] 제주국제공항에서 급행 101번 버스를 이용하셔서 월정리\n정류장에서 하차 후 건너편 편의점 왼쪽길로 5분정도 내려오시면\n민트색 건물 뒤에 회색 콘크리트 건물 입니다.\n*렌트카 이용시 네비에 ''월정리 878'' 검색 하시면 된답니다.\n 주차정보 : 무료', NULL, '0507-1313-8780', null, 152, 'https://map.naver.com/p/entry/place/1647106153?c=15.00,0,0,0,dh&placePath=/room?entry=bmp&fromPanelNum=1&additionalHeight=76&timestamp=202512181317&locale=ko&svcName=map_pcv5&businessCategory=guesthouse&fromPanelNum=1&additionalHeight=76&timestamp=202512181317&locale=ko&svcName=map_pcv5&businessCategory=guesthouse&from=map', 'NAVER', 'Instagram: https://www.instagram.com/concrete_mansion', '16:00', '10:00', '스텝의 친절함으로 기억되는 곳');
INSERT INTO accommodation_theme (theme_id, accommodations_id) VALUES (4, 165);
INSERT INTO accommodation_theme (theme_id, accommodations_id) VALUES (1, 165);
INSERT INTO accommodation_theme (theme_id, accommodations_id) VALUES (3, 165);
INSERT INTO accommodation_amenity (amenity_id, accommodations_id) VALUES (8, 165);
INSERT INTO accommodation_amenity (amenity_id, accommodations_id) VALUES (1, 165);
INSERT INTO accommodation_amenity (amenity_id, accommodations_id) VALUES (7, 165);
INSERT INTO accommodation_amenity (amenity_id, accommodations_id) VALUES (2, 165);
INSERT INTO accommodation_amenity (amenity_id, accommodations_id) VALUES (5, 165);
INSERT INTO accommodation_amenity (amenity_id, accommodations_id) VALUES (6, 165);
INSERT INTO accommodation_amenity (amenity_id, accommodations_id) VALUES (4, 165);
INSERT INTO accommodation_amenity (amenity_id, accommodations_id) VALUES (10, 165);
INSERT INTO accommodation_image (accommodations_id, image_url, image_type, sort_order) VALUES (165, 'https://search.pstatic.net/common/?autoRotate=true&type=w560_sharpen&src=https%3A%2F%2Fldb-phinf.pstatic.net%2F20200217_124%2F1581941037633oxRfz_JPEG%2FyrkYA0e-nbhLnhz257P13Z2z.jpeg.jpg', 'banner', 0);
INSERT INTO accommodation_image (accommodations_id, image_url, image_type, sort_order) VALUES (165, 'https://search.pstatic.net/common/?autoRotate=true&type=w278_sharpen&src=https%3A%2F%2Fldb-phinf.pstatic.net%2F20200217_186%2F15819409548749D28C_JPEG%2FV3yUZl-yUqFfbJCj0SXMFHIz.jpeg.jpg', 'detail', 1);
INSERT INTO accommodation_image (accommodations_id, image_url, image_type, sort_order) VALUES (165, 'https://search.pstatic.net/common/?autoRotate=true&type=w278_sharpen&src=https%3A%2F%2Fldb-phinf.pstatic.net%2F20200217_273%2F1581940990169KnL4F_JPEG%2FifbGyJv3fHA3BBo7N8BS2Nc2.jpeg.jpg', 'detail', 2);
INSERT INTO accommodation_image (accommodations_id, image_url, image_type, sort_order) VALUES (165, 'https://search.pstatic.net/common/?autoRotate=true&type=w278_sharpen&src=https%3A%2F%2Fldb-phinf.pstatic.net%2F20200217_86%2F1581941003948OuW1b_JPEG%2FajJqeNt85T4xITbh_07rD708.jpeg.jpg', 'detail', 3);
INSERT INTO accommodation_image (accommodations_id, image_url, image_type, sort_order) VALUES (165, 'https://search.pstatic.net/common/?autoRotate=true&type=w278_sharpen&src=https%3A%2F%2Fldb-phinf.pstatic.net%2F20200217_270%2F1581941012260kqjAK_JPEG%2FNXEtGHm3JUIPtMjT1g5nCipC.jpeg.jpg', 'detail', 4);
INSERT INTO room (accommodations_id, room_name, price, min_guests, max_guests, room_description, main_image_url, bathroom_count, room_type, bed_count) VALUES (165, '2인실', 60000, 2, 2, '기준 1인 (최대 2인)', 'https://search.pstatic.net/common/?autoRotate=true&quality=95&type=w750&src=https%3A%2F%2Fldb-phinf.pstatic.net%2F20200217_164%2F15819437371302Iw4H_JPEG%2FyS-_1ynL4M1MBM1PsAQhphu9.jpeg.jpg', 0, 'STANDARD', 0);
INSERT INTO room (accommodations_id, room_name, price, min_guests, max_guests, room_description, main_image_url, bathroom_count, room_type, bed_count) VALUES (165, '남자 도미토리(6인실)', 25000, 2, 6, '기준 6인 (최대 6인)', 'https://search.pstatic.net/common/?autoRotate=true&quality=95&type=w750&src=https%3A%2F%2Fldb-phinf.pstatic.net%2F20200217_190%2F1581943643624tHufO_JPEG%2FuysOT3m52xn7WXc46nrn4Qnv.jpeg.jpg', 0, 'STANDARD', 0);
INSERT INTO room (accommodations_id, room_name, price, min_guests, max_guests, room_description, main_image_url, bathroom_count, room_type, bed_count) VALUES (165, '여자 도미토리(6인실)', 25000, 2, 6, '기준 6인 (최대 6인)', 'https://search.pstatic.net/common/?autoRotate=true&quality=95&type=w750&src=https%3A%2F%2Fldb-phinf.pstatic.net%2F20200217_261%2F1581943545959sU3A9_JPEG%2F2K4eiPLwTALg8dJSx5e84r5A.jpeg.jpg', 0, 'STANDARD', 0);
INSERT INTO room (accommodations_id, room_name, price, min_guests, max_guests, room_description, main_image_url, bathroom_count, room_type, bed_count) VALUES (165, '여자 도미토리(4인실)', 25000, 2, 4, '기준 4인 (최대 4인)', 'https://search.pstatic.net/common/?autoRotate=true&quality=95&type=w750&src=https%3A%2F%2Fldb-phinf.pstatic.net%2F20200217_24%2F15819433188334ETrz_JPEG%2F1kuqsZYkQokohKHUvCjBx6Zt.jpeg.jpg', 0, 'STANDARD', 0);

INSERT INTO accommodation (accommodations_id, accommodations_name, accommodations_category, accommodations_description, city, district, address_detail, latitude, longitude, transport_info, parking_info, phone, rating, review_count, source_url, source_platform, sns, check_in_time, check_out_time, short_description) VALUES (166, '제주 필하우스', 'GUESTHOUSE', '대지 150평 건평 35평의 단독 독채를 단지 장소만이 바뀌었을 뿐 사는 집을 옮겨 놓은 듯한 편안하고 자유로운 환경하에서 사용 하시게 됩니다.\n\n전객실 애견 동반 가능하며 층고가 3m이상이 되는 넓은 거실과 방2개, 비데가 설치된 욕실2개. 넓은 주방 그리고 대형 TV, 냉장고,전자렌지, 각종 주방용품 등 다양한 편의 시설을 고루 갖추고 있습니다.\n\n별도의 바비큐장과 캠프파이어 시설을 갖추고 있어 가족여행에 적합하며 연인, 친구, 모임이나 단체에서도 친목과 화합을 위한 공간으로 활용하기에 충분할 것입니다.', '제주', '제주시', '종달동길 81-1', 33.2540536, 126.5084935, '제주시 동부해안 종달항에서 성산항으로 가는 해안도로변에 위치하며,\n해월정 뒤편 Local Krab 건너편 골목길로 들어오면 바로 찾을 수 있습니다', '주차가능\n무료', NULL, null, 32, 'https://map.naver.com/p/search/%EC%A0%9C%EC%A3%BC+%ED%95%84%ED%95%98%EC%9A%B0%EC%8A%A4/place/1135181251?c=15.00,0,0,0,dh&placePath=/room?entry=bmp&fromPanelNum=2&timestamp=202512181318&locale=ko&svcName=map_pcv5&searchText=%EC%A0%9C%EC%A3%BC%2B%ED%95%84%ED%95%98%EC%9A%B0%EC%8A%A4&businessCategory=pension&fromPanelNum=2&timestamp=202512181318&locale=ko&svcName=map_pcv5&searchText=%EC%A0%9C%EC%A3%BC%2B%ED%95%84%ED%95%98%EC%9A%B0%EC%8A%A4&businessCategory=pension&from=map', 'NAVER', NULL, '15:00', '11:00', NULL);
INSERT INTO accommodation_theme (theme_id, accommodations_id) VALUES (3, 166);
INSERT INTO accommodation_theme (theme_id, accommodations_id) VALUES (4, 166);
INSERT INTO accommodation_theme (theme_id, accommodations_id) VALUES (1, 166);
INSERT INTO accommodation_theme (theme_id, accommodations_id) VALUES (5, 166);
INSERT INTO accommodation_amenity (amenity_id, accommodations_id) VALUES (20, 166);
INSERT INTO accommodation_amenity (amenity_id, accommodations_id) VALUES (23, 166);
INSERT INTO accommodation_amenity (amenity_id, accommodations_id) VALUES (6, 166);
INSERT INTO accommodation_amenity (amenity_id, accommodations_id) VALUES (1, 166);
INSERT INTO accommodation_amenity (amenity_id, accommodations_id) VALUES (8, 166);
INSERT INTO accommodation_amenity (amenity_id, accommodations_id) VALUES (2, 166);
INSERT INTO accommodation_amenity (amenity_id, accommodations_id) VALUES (11, 166);
INSERT INTO accommodation_amenity (amenity_id, accommodations_id) VALUES (29, 166);
INSERT INTO accommodation_amenity (amenity_id, accommodations_id) VALUES (24, 166);
INSERT INTO accommodation_image (accommodations_id, image_url, image_type, sort_order) VALUES (166, 'https://search.pstatic.net/common/?autoRotate=true&type=w560_sharpen&src=https%3A%2F%2Fldb-phinf.pstatic.net%2F20211104_24%2F1636009965597oGffd_JPEG%2F1EfEYn5zrux_pVQA-GUEnxW_.jpg', 'banner', 0);
INSERT INTO accommodation_image (accommodations_id, image_url, image_type, sort_order) VALUES (166, 'https://search.pstatic.net/common/?autoRotate=true&type=w278_sharpen&src=https%3A%2F%2Fldb-phinf.pstatic.net%2F20211104_173%2F1636009965691f93oU_JPEG%2FYsOUD3-RAubgqG5_CFH9z4Xa.jpg', 'detail', 1);
INSERT INTO accommodation_image (accommodations_id, image_url, image_type, sort_order) VALUES (166, 'https://search.pstatic.net/common/?autoRotate=true&type=w278_sharpen&src=https%3A%2F%2Fldb-phinf.pstatic.net%2F20211104_60%2F1636010001048xalmF_JPEG%2F0x0mZ8Sb9DdQ3dgocydhdn5q.jpg', 'detail', 2);
INSERT INTO accommodation_image (accommodations_id, image_url, image_type, sort_order) VALUES (166, 'https://search.pstatic.net/common/?autoRotate=true&type=w278_sharpen&src=https%3A%2F%2Fldb-phinf.pstatic.net%2F20211104_61%2F1636010001046z0aXl_JPEG%2FaIldGUbdaVL_VBC8dbCDFXHD.jpg', 'detail', 3);
INSERT INTO accommodation_image (accommodations_id, image_url, image_type, sort_order) VALUES (166, 'https://search.pstatic.net/common/?autoRotate=true&type=w278_sharpen&src=https%3A%2F%2Fldb-phinf.pstatic.net%2F20211104_42%2F1636009965594vVlLL_JPEG%2Fm9cNnBnYebJL1Tmh7ePSaw-V.jpg', 'detail', 4);
INSERT INTO room (accommodations_id, room_name, price, min_guests, max_guests, room_description, main_image_url, bathroom_count, room_type, bed_count) VALUES (166, '1호동(독채/애견동반가능)', 210000, 2, 6, '독채, 기준 4인 (최대 6인) | 침실 2, 침대 3, 욕실 2, 최소 1박', 'https://search.pstatic.net/common/?autoRotate=true&quality=95&type=w750&src=https%3A%2F%2Fnaverbooking-phinf.pstatic.net%2F20211029_106%2F1635495850626hnm5K_JPEG%2Fimage.jpg', 2, 'STANDARD', 3);
INSERT INTO room (accommodations_id, room_name, price, min_guests, max_guests, room_description, main_image_url, bathroom_count, room_type, bed_count) VALUES (166, '2호동(독채/애견동반가능)', 210000, 2, 6, '독채, 기준 4인 (최대 6인) | 침실 2, 침대 3, 욕실 2, 최소 1박', 'https://search.pstatic.net/common/?autoRotate=true&quality=95&type=w750&src=https%3A%2F%2Fnaverbooking-phinf.pstatic.net%2F20211029_234%2F1635495856084SWdfY_JPEG%2Fimage.jpg', 2, 'STANDARD', 3);

INSERT INTO accommodation (accommodations_id, accommodations_name, accommodations_category, accommodations_description, city, district, address_detail, latitude, longitude, transport_info, parking_info, phone, rating, review_count, source_url, source_platform, sns, check_in_time, check_out_time, short_description) VALUES (167, '제주 우주스테이', 'GUESTHOUSE', '문훈 건축가가 설계한 <바람의 집>이 스테이폴리오와 만나 <우주오리>로 재탄생했습니다. 기발한 상상력과 스타일링이 돋보이는 다채로운 공간은 여러분들에게 특별한 경험을 선사합니다.\n\n우주오리는 이름만큼이나 상상력이 넘치고 특별한 스테이입니다. 스스로를 건축가의 탈을 쓴 아티스트라고 소개하는 문훈 건축가의 설계 개념은 존중하고 이를 재해석한 스타일링, 노천탕으로 머무는 분들의 만족도를 최대한 높이고자 하였습니다. 일상에서는 느껴보지 못했던 감성과 영감을 느꼈으면 합니다. 기발한 상상력의 공간, 우주오리로 여러분들을 초대합니다.', '제주', '제주시', '저지12길 62-14', 33.2590597, 126.2656378, '제주국제공항에서 네비게이션으로 제주시 한경면 저지리 3265-4를 검색해서 오시면 55분 정도 소요됩니다.', '주차가능', NULL, null, 30, 'https://map.naver.com/p/search/%EC%A0%9C%EC%A3%BC+%EC%9A%B0%EC%A3%BC%EC%8A%A4%ED%85%8C%EC%9D%B4/place/37778394?isCorrectAnswer=true&c=15.00,0,0,0,dh&placePath=/information?fromPanelNum=1&additionalHeight=76&timestamp=202512181318&locale=ko&svcName=map_pcv5&searchText=%EC%A0%9C%EC%A3%BC%2B%EC%9A%B0%EC%A3%BC%EC%8A%A4%ED%85%8C%EC%9D%B4&businessCategory=guesthouse&fromPanelNum=1&additionalHeight=76&timestamp=202512181318&locale=ko&svcName=map_pcv5&searchText=%EC%A0%9C%EC%A3%BC%2B%EC%9A%B0%EC%A3%BC%EC%8A%A4%ED%85%8C%EC%9D%B4&businessCategory=guesthouse', 'NAVER', 'Instagram: https://www.instagram.com/spaceduck_official', '17:00', '12:00', NULL);
INSERT INTO accommodation_amenity (amenity_id, accommodations_id) VALUES (20, 167);
INSERT INTO accommodation_amenity (amenity_id, accommodations_id) VALUES (1, 167);
INSERT INTO accommodation_amenity (amenity_id, accommodations_id) VALUES (23, 167);
INSERT INTO accommodation_image (accommodations_id, image_url, image_type, sort_order) VALUES (167, 'https://search.pstatic.net/common/?autoRotate=true&type=w560_sharpen&src=https%3A%2F%2Fldb-phinf.pstatic.net%2F20230423_257%2F1682241883200MR39k_JPEG%2FDSC05034-HDR.jpeg', 'banner', 0);
INSERT INTO accommodation_image (accommodations_id, image_url, image_type, sort_order) VALUES (167, 'https://search.pstatic.net/common/?autoRotate=true&type=w278_sharpen&src=https%3A%2F%2Fldb-phinf.pstatic.net%2F20230425_97%2F1682391170065hl5Ef_JPEG%2F2_%25281%2529.jpg', 'detail', 1);
INSERT INTO accommodation_image (accommodations_id, image_url, image_type, sort_order) VALUES (167, 'https://search.pstatic.net/common/?autoRotate=true&type=w278_sharpen&src=https%3A%2F%2Fldb-phinf.pstatic.net%2F20230425_9%2F1682391216239wYI3K_JPEG%2F8.jpg', 'detail', 2);
INSERT INTO accommodation_image (accommodations_id, image_url, image_type, sort_order) VALUES (167, 'https://search.pstatic.net/common/?autoRotate=true&type=w278_sharpen&src=https%3A%2F%2Fldb-phinf.pstatic.net%2F20230423_260%2F1682241883266u8Bz9_JPEG%2FDSC04450-HDR.jpeg', 'detail', 3);
INSERT INTO accommodation_image (accommodations_id, image_url, image_type, sort_order) VALUES (167, 'https://search.pstatic.net/common/?autoRotate=true&type=w278_sharpen&src=https%3A%2F%2Fldb-phinf.pstatic.net%2F20230423_16%2F1682241883287PLgdy_JPEG%2FDSC04372-HDR.jpeg', 'detail', 4);

INSERT INTO accommodation (accommodations_id, accommodations_name, accommodations_category, accommodations_description, city, district, address_detail, latitude, longitude, transport_info, parking_info, phone, rating, review_count, source_url, source_platform, sns, check_in_time, check_out_time, short_description) VALUES (168, '제주 소담여관', 'GUESTHOUSE', '비양도 도항선 선착장 도보 3분. 협재해수욕장 차량으로 7~8분. 일주도로 버스정류장 도보3분. 1인실,2인실. 무료주차장, 셀프빨래방, 사우나 모두 1분거리. 인근 맛집(보영반점, 한림칼국수등)과 도보로 가능한 위치.', '제주', '제주시', '한림로19길 7 2층', 33.4171274, 126.2640305, '일주도로 한림성당 사거리 경남상회 옆 골목으로 10m. GS편의점 맞은편', NULL, '064-796-4447', null, 6, 'https://map.naver.com/p/entry/place/1807969790?c=15.00,0,0,0,dh&placePath=/information?entry=bmp&fromPanelNum=1&additionalHeight=76&timestamp=202512181318&locale=ko&svcName=map_pcv5&businessCategory=motel&from=map&fromPanelNum=1&additionalHeight=76&timestamp=202512181318&locale=ko&svcName=map_pcv5&businessCategory=motel', 'NAVER', 'Instagram: http://instagram.com/sodam_dalda', NULL, NULL, NULL);
INSERT INTO accommodation_amenity (amenity_id, accommodations_id) VALUES (1, 168);
INSERT INTO accommodation_image (accommodations_id, image_url, image_type, sort_order) VALUES (168, 'https://search.pstatic.net/common/?autoRotate=true&type=w560_sharpen&src=https%3A%2F%2Fldb-phinf.pstatic.net%2F20190930_178%2F1569841399846n3UUM_JPEG%2FjZNsZ-Jn_x3h95wGodC9sW1k.jpg', 'banner', 0);
INSERT INTO accommodation_image (accommodations_id, image_url, image_type, sort_order) VALUES (168, 'https://search.pstatic.net/common/?autoRotate=true&type=w560_sharpen&src=https%3A%2F%2Fldb-phinf.pstatic.net%2F20190930_150%2F1569841388793BHV4v_JPEG%2FT7ADOkh27MYLIztx63087ZTf.jpg', 'detail', 1);
INSERT INTO accommodation_image (accommodations_id, image_url, image_type, sort_order) VALUES (168, 'https://search.pstatic.net/common/?autoRotate=true&type=w560_sharpen&src=https%3A%2F%2Fldb-phinf.pstatic.net%2F20190930_157%2F15698414190406o6ve_JPEG%2Ft5_swFxIsoupaUMGJ2oFjDon.jpg', 'detail', 2);

INSERT INTO accommodation (accommodations_id, accommodations_name, accommodations_category, accommodations_description, city, district, address_detail, latitude, longitude, transport_info, parking_info, phone, rating, review_count, source_url, source_platform, sns, check_in_time, check_out_time, short_description) VALUES (169, '제주 칸나하우스', 'GUESTHOUSE', '''하나게스트하우스''가 ''칸나하우스[CANNA HAUSE]''로 새단장 했습니다^^', '제주', '제주시', '154-1', 33.4966990, 126.4502889, '[승용차] 제주공항 ~ 이호테우해변(5.5 km)\n(택시 7,000원 정도)\n[약 14분 소요]\n\n[버스] 1. 제주공항 36, 37, 38, 1009번 승차 후,\n현사마을 정거장 하차.\n2. CU편의점 건물 왼쪽골목으로 150m,\n다시 우측으로 107m 이동 후\n왼편으로 10m 전방으로 하나게스트하우스 위치.\n[약 30분 소요]', '주차가능', '0507-1436-7580', null, 2, 'https://map.naver.com/p/search/%EC%A0%9C%EC%A3%BC+%EC%B9%B8%EB%82%98%ED%95%98%EC%9A%B0%EC%8A%A4/place/36957251?isCorrectAnswer=true&c=15.00,0,0,0,dh&placePath=/room?fromPanelNum=1&additionalHeight=76&timestamp=202512181319&locale=ko&svcName=map_pcv5&searchText=%EC%A0%9C%EC%A3%BC%2B%EC%B9%B8%EB%82%98%ED%95%98%EC%9A%B0%EC%8A%A4&businessCategory=guesthouse&additionalHeight=76&timestamp=202512181319&locale=ko&svcName=map_pcv5&searchText=%EC%A0%9C%EC%A3%BC%2B%EC%B9%B8%EB%82%98%ED%95%98%EC%9A%B0%EC%8A%A4&businessCategory=guesthouse&fromPanelNum=1', 'NAVER', NULL, '16:00', '10:00', NULL);
INSERT INTO accommodation_theme (theme_id, accommodations_id) VALUES (3, 169);
INSERT INTO accommodation_theme (theme_id, accommodations_id) VALUES (1, 169);
INSERT INTO accommodation_amenity (amenity_id, accommodations_id) VALUES (6, 169);
INSERT INTO accommodation_amenity (amenity_id, accommodations_id) VALUES (5, 169);
INSERT INTO accommodation_amenity (amenity_id, accommodations_id) VALUES (1, 169);
INSERT INTO accommodation_amenity (amenity_id, accommodations_id) VALUES (7, 169);
INSERT INTO accommodation_image (accommodations_id, image_url, image_type, sort_order) VALUES (169, 'https://search.pstatic.net/common/?autoRotate=true&type=w560_sharpen&src=https%3A%2F%2Fldb-phinf.pstatic.net%2F20200318_85%2F1584490672582yAIeR_JPEG%2FzS65ccDds2YFbRlcpJaDxJZ_.jpg', 'banner', 0);
INSERT INTO accommodation_image (accommodations_id, image_url, image_type, sort_order) VALUES (169, 'https://search.pstatic.net/common/?autoRotate=true&type=w278_sharpen&src=https%3A%2F%2Fldb-phinf.pstatic.net%2F20200318_111%2F1584491326825hmlTA_JPEG%2FloaGlc1BgfpeRHtpYfPyImO_.jpg', 'detail', 1);
INSERT INTO accommodation_image (accommodations_id, image_url, image_type, sort_order) VALUES (169, 'https://search.pstatic.net/common/?autoRotate=true&type=w278_sharpen&src=https%3A%2F%2Fldb-phinf.pstatic.net%2F20200318_139%2F1584491327235VfPVW_JPEG%2F3FDkkmESDJ7AytXNTKIGglzt.jpg', 'detail', 2);
INSERT INTO accommodation_image (accommodations_id, image_url, image_type, sort_order) VALUES (169, 'https://search.pstatic.net/common/?autoRotate=true&type=w278_sharpen&src=https%3A%2F%2Fldb-phinf.pstatic.net%2F20200318_41%2F15844905744798JRxR_JPEG%2FKsNWaWpYxfeJvqfo8fZcBu_t.jpg', 'detail', 3);
INSERT INTO accommodation_image (accommodations_id, image_url, image_type, sort_order) VALUES (169, 'https://search.pstatic.net/common/?autoRotate=true&type=w278_sharpen&src=https%3A%2F%2Fldb-phinf.pstatic.net%2F20200318_110%2F1584490574327ARQhv_JPEG%2F5bVi6V5OYsdWsvykbcjGa92E.jpg', 'detail', 4);
INSERT INTO room (accommodations_id, room_name, price, min_guests, max_guests, room_description, main_image_url, bathroom_count, room_type, bed_count) VALUES (169, '2층독채', 130000, 2, 4, '일반객실, 기준 4인 (최대 4인)', 'https://search.pstatic.net/common/?autoRotate=true&quality=95&type=w750&src=https%3A%2F%2Fnaverbooking-phinf.pstatic.net%2F20251215_174%2F1765725044078hf3qj_JPEG%2Fimage.jpg', 0, 'STANDARD', 0);

INSERT INTO accommodation (accommodations_id, accommodations_name, accommodations_category, accommodations_description, city, district, address_detail, latitude, longitude, transport_info, parking_info, phone, rating, review_count, source_url, source_platform, sns, check_in_time, check_out_time, short_description) VALUES (170, '제주 힐링리조트', 'GUESTHOUSE', '제주에 오셔서 힐링 하실 수 있게, 편안하고 안락한 분위기에 쉬실 수 있게 호스트도 최선을 다합니다.\n방문 해 주 시는 모든 분들의 재방문율이 높은 리조트입니다.\n오셔서 쉬시는 동안 묵묵히 최상의 서비스 제공하겠습니다.\n\n*필수안내사항* 본래 토스트가 제공되던 조식에서 최근 제주도 집밥같은 퀄리티 높은 아침식사를 제공해드리기 위해 소정의 조식비용을 받고있으니 많은 이용 부탁드립니다^^', '제주', '제주시', '금악서길 11', 33.3463453, 126.2820668, '홈페이지에 찾아 오시는 길 상세히 나와 있습니다.', '주차가능', '0507-1336-3533', null, 53, 'https://map.naver.com/p/search/%EC%A0%9C%EC%A3%BC+%ED%9E%90%EB%A7%81%EB%A6%AC%EC%A1%B0%ED%8A%B8/place/1490945593?c=15.00,0,0,0,dh&placePath=/information?entry=bmp&fromPanelNum=2&timestamp=202512181319&locale=ko&svcName=map_pcv5&searchText=%EC%A0%9C%EC%A3%BC%2B%ED%9E%90%EB%A7%81%EB%A6%AC%EC%A1%B0%ED%8A%B8&businessCategory=hotel&from=map&fromPanelNum=2&timestamp=202512181319&locale=ko&svcName=map_pcv5&searchText=%EC%A0%9C%EC%A3%BC%2B%ED%9E%90%EB%A7%81%EB%A6%AC%EC%A1%B0%ED%8A%B8&businessCategory=hotel', 'NAVER', NULL, '15:00', '11:00', NULL);
INSERT INTO accommodation_amenity (amenity_id, accommodations_id) VALUES (36, 170);
INSERT INTO accommodation_amenity (amenity_id, accommodations_id) VALUES (13, 170);
INSERT INTO accommodation_amenity (amenity_id, accommodations_id) VALUES (1, 170);
INSERT INTO accommodation_image (accommodations_id, image_url, image_type, sort_order) VALUES (170, 'https://search.pstatic.net/common/?autoRotate=true&type=w560_sharpen&src=https%3A%2F%2Fldb-phinf.pstatic.net%2F20180507_178%2F1525670385330jBfca_JPEG%2FAt6Zlvs1v7WkK_BiPXnc9bQD.jpg', 'banner', 0);
INSERT INTO accommodation_image (accommodations_id, image_url, image_type, sort_order) VALUES (170, 'https://search.pstatic.net/common/?autoRotate=true&type=w278_sharpen&src=https%3A%2F%2Fldb-phinf.pstatic.net%2F20180507_230%2F1525670409219YSVy7_JPEG%2FaZso-hnwIy6R0QCFmCgxhztY.jpg', 'detail', 1);
INSERT INTO accommodation_image (accommodations_id, image_url, image_type, sort_order) VALUES (170, 'https://search.pstatic.net/common/?autoRotate=true&type=w278_sharpen&src=https%3A%2F%2Fldb-phinf.pstatic.net%2F20180507_119%2F1525670411063eHLrs_JPEG%2F0rSfThfD-I6AXx0O_-wX9eDO.jpg', 'detail', 2);
INSERT INTO accommodation_image (accommodations_id, image_url, image_type, sort_order) VALUES (170, 'https://search.pstatic.net/common/?autoRotate=true&type=w278_sharpen&src=https%3A%2F%2Fldb-phinf.pstatic.net%2F20180507_240%2F1525670410603e1Or8_JPEG%2FCVwv0J5_dGmqs-lTiiEl_Qut.jpg', 'detail', 3);
INSERT INTO accommodation_image (accommodations_id, image_url, image_type, sort_order) VALUES (170, 'https://search.pstatic.net/common/?autoRotate=true&type=w278_sharpen&src=https%3A%2F%2Fldb-phinf.pstatic.net%2F20180507_60%2F1525670412767xQPdY_JPEG%2FUuygbfHajQuyp9Fc8im4H0R6.jpg', 'detail', 4);

INSERT INTO accommodation (accommodations_id, accommodations_name, accommodations_category, accommodations_description, city, district, address_detail, latitude, longitude, transport_info, parking_info, phone, rating, review_count, source_url, source_platform, sns, check_in_time, check_out_time, short_description) VALUES (171, '제주 스테이 모락&오몽', 'GUESTHOUSE', NULL, '제주', '제주시', '고산남8길 11 .', 33.3016863, 126.1927426, '제주 서쪽 일몰 명소 수월봉 & 차귀도의 동네.\n\n 제주시 한경면 고산리 마을 안에 위치한 농가주택입니다~\n\n제주공항에서 102번 버스를 타시고,\n''고산성당''에서 내리시면 됩니다.\n버스정류장으로 픽업서비스 합니다^^\n\n따뜻한 여행의 추억을 담아가시길 바랍니다.\n오시는 길은 문자로 자세하게 안내해 드립니다. :-)', NULL, NULL, null, 57, 'https://map.naver.com/p/entry/place/1973518769?c=15.00,0,0,0,dh&placePath=/room?entry=bmp&fromPanelNum=1&additionalHeight=76&timestamp=202512181320&locale=ko&svcName=map_pcv5&businessCategory=guesthouse&from=map&fromPanelNum=1&additionalHeight=76&timestamp=202512181320&locale=ko&svcName=map_pcv5&businessCategory=guesthouse', 'NAVER', NULL, NULL, NULL, '편안한 분위기와 조용한 휴식의 조화');
INSERT INTO accommodation_image (accommodations_id, image_url, image_type, sort_order) VALUES (171, 'https://search.pstatic.net/common/?autoRotate=true&type=w560_sharpen&src=https%3A%2F%2Fnaverbooking-phinf.pstatic.net%2F20240404_117%2F1712212088608G7bIg_JPEG%2F4K4B0546.jpg', 'banner', 0);
INSERT INTO accommodation_image (accommodations_id, image_url, image_type, sort_order) VALUES (171, 'https://search.pstatic.net/common/?autoRotate=true&type=w278_sharpen&src=https%3A%2F%2Fnaverbooking-phinf.pstatic.net%2F20240404_86%2F1712212087958d2TzE_JPEG%2F4K4B0522.jpg', 'detail', 1);
INSERT INTO accommodation_image (accommodations_id, image_url, image_type, sort_order) VALUES (171, 'https://search.pstatic.net/common/?autoRotate=true&type=w278_sharpen&src=https%3A%2F%2Fldb-phinf.pstatic.net%2F20230618_106%2F1687048067715niEH1_JPEG%2F%25B9%25AE.JPG', 'detail', 2);
INSERT INTO accommodation_image (accommodations_id, image_url, image_type, sort_order) VALUES (171, 'https://search.pstatic.net/common/?autoRotate=true&type=w278_sharpen&src=https%3A%2F%2Fldb-phinf.pstatic.net%2F20230618_33%2F1687048068058w9gtB_JPEG%2F%25C1%25D6%25B9%25E6%25B0%25C5%25BD%25C73.JPG', 'detail', 3);
INSERT INTO accommodation_image (accommodations_id, image_url, image_type, sort_order) VALUES (171, 'https://search.pstatic.net/common/?autoRotate=true&type=w278_sharpen&src=https%3A%2F%2Fldb-phinf.pstatic.net%2F20230618_188%2F16870480680802E83a_JPEG%2F%25C4%25A7%25BD%25C71.jpg', 'detail', 4);
INSERT INTO room (accommodations_id, room_name, price, min_guests, max_guests, room_description, main_image_url, bathroom_count, room_type, bed_count) VALUES (171, '스테이모락:', 150000, 2, 4, '독채, 기준 2인 (최대 4인) | 침실 2, 침대 2, 욕실 1, 최소 1박', 'https://search.pstatic.net/common/?autoRotate=true&quality=95&type=w750&src=https%3A%2F%2Fnaverbooking-phinf.pstatic.net%2F20240404_279%2F17122112274936YoLt_JPEG%2F4K4B0499.jpg', 1, 'STANDARD', 2);
INSERT INTO room (accommodations_id, room_name, price, min_guests, max_guests, room_description, main_image_url, bathroom_count, room_type, bed_count) VALUES (171, '스테이오몽:', 130000, 2, 4, '독채, 기준 2인 (최대 4인) | 침실 2, 침대 2, 욕실 1, 최소 1박', 'https://search.pstatic.net/common/?autoRotate=true&quality=95&type=w750&src=https%3A%2F%2Fnaverbooking-phinf.pstatic.net%2F20240404_146%2F1712211907754V8euc_JPEG%2F4K4B0679.jpg', 1, 'STANDARD', 2);

INSERT INTO accommodation (accommodations_id, accommodations_name, accommodations_category, accommodations_description, city, district, address_detail, latitude, longitude, transport_info, parking_info, phone, rating, review_count, source_url, source_platform, sns, check_in_time, check_out_time, short_description) VALUES (172, '제주 채송화 한옥스테이', 'GUESTHOUSE', '- 판포포구 도보 2분, 바닷가 30초거리\n- 해안 풍차배경의 몽환적인 노을인생샷 포인트\n- 걸어서 즐길 수 있는 판포포구에서의 스노클링\n- 펜션에서 채비해서 걸어가서 낚시해보자\n- 마을 해녀들의 물질 시즌에는 뿔소라, 전복, 문어 등 현지 어획물을 저렴한 가격에 구매할 수 있는 기회\n- 펜션 앞 바닷가에서 물때에 맞춰 낚시,보말 등을 잡아보는 바다 체험의 명소\n- 협재, 금능 해수욕장을 비롯하여 신창풍차해안도로, 비양도, 차귀도 15분 이내 도착 가능한 거리\n- 대형할인마트 및 편의점 근접', '제주', '제주시', '판포1길 21 채송화펜션', null, null, '[네비게이션 ''채송화펜션'' 검색]\n[바비큐 시설] 바비큐장 · 이용시간 : 오후 21시 까지 · 화재 예방에 유의해 주세요. (소화기구 비치) · 사용한 그릴은 그대로 두시고, 집기류와 음식물은 깨끗...', '주차가능\n무료\n정낭앞 잔디밭 주차장 이용', NULL, null, 69, 'https://map.naver.com/p/search/%EC%A0%9C%EC%A3%BC+%EC%B1%84%EC%86%A1%ED%99%94+%ED%95%9C%EC%98%A5%EC%8A%A4%ED%85%8C%EC%9D%B4/place/33752661?c=8.00,0,0,0,dh&placePath=/room?entry=pbl&fromPanelNum=2&timestamp=202512181320&locale=ko&svcName=map_pcv5&searchText=%EC%A0%9C%EC%A3%BC%2B%EC%B1%84%EC%86%A1%ED%99%94%2B%ED%95%9C%EC%98%A5%EC%8A%A4%ED%85%8C%EC%9D%B4&businessCategory=pension&fromPanelNum=2&timestamp=202512181320&locale=ko&svcName=map_pcv5&searchText=%EC%A0%9C%EC%A3%BC%2B%EC%B1%84%EC%86%A1%ED%99%94%2B%ED%95%9C%EC%98%A5%EC%8A%A4%ED%85%8C%EC%9D%B4&businessCategory=pension&from=map', 'NAVER', 'Instagram: http://instagram.com/that_delicacy', '15:00', '11:00', '인생샷 포인트가 있는 숙소');
INSERT INTO accommodation_theme (theme_id, accommodations_id) VALUES (3, 172);
INSERT INTO accommodation_theme (theme_id, accommodations_id) VALUES (4, 172);
INSERT INTO accommodation_theme (theme_id, accommodations_id) VALUES (1, 172);
INSERT INTO accommodation_theme (theme_id, accommodations_id) VALUES (7, 172);
INSERT INTO accommodation_amenity (amenity_id, accommodations_id) VALUES (23, 172);
INSERT INTO accommodation_amenity (amenity_id, accommodations_id) VALUES (31, 172);
INSERT INTO accommodation_amenity (amenity_id, accommodations_id) VALUES (20, 172);
INSERT INTO accommodation_amenity (amenity_id, accommodations_id) VALUES (4, 172);
INSERT INTO accommodation_amenity (amenity_id, accommodations_id) VALUES (15, 172);
INSERT INTO accommodation_amenity (amenity_id, accommodations_id) VALUES (33, 172);
INSERT INTO accommodation_amenity (amenity_id, accommodations_id) VALUES (6, 172);
INSERT INTO accommodation_amenity (amenity_id, accommodations_id) VALUES (10, 172);
INSERT INTO accommodation_amenity (amenity_id, accommodations_id) VALUES (21, 172);
INSERT INTO accommodation_amenity (amenity_id, accommodations_id) VALUES (11, 172);
INSERT INTO accommodation_amenity (amenity_id, accommodations_id) VALUES (1, 172);
INSERT INTO accommodation_amenity (amenity_id, accommodations_id) VALUES (7, 172);
INSERT INTO accommodation_amenity (amenity_id, accommodations_id) VALUES (24, 172);
INSERT INTO accommodation_amenity (amenity_id, accommodations_id) VALUES (34, 172);
INSERT INTO accommodation_amenity (amenity_id, accommodations_id) VALUES (14, 172);
INSERT INTO accommodation_amenity (amenity_id, accommodations_id) VALUES (69, 172);
INSERT INTO accommodation_image (accommodations_id, image_url, image_type, sort_order) VALUES (172, 'https://search.pstatic.net/common/?autoRotate=true&type=w560_sharpen&src=https%3A%2F%2Fldb-phinf.pstatic.net%2F20240717_224%2F1721201242856etFlO_JPEG%2FIMG_8436.jpeg', 'banner', 0);
INSERT INTO accommodation_image (accommodations_id, image_url, image_type, sort_order) VALUES (172, 'https://search.pstatic.net/common/?autoRotate=true&type=w278_sharpen&src=https%3A%2F%2Fldb-phinf.pstatic.net%2F20240717_280%2F17212012437825g9uO_JPEG%2FIMG_8398.jpeg', 'detail', 1);
INSERT INTO accommodation_image (accommodations_id, image_url, image_type, sort_order) VALUES (172, 'https://search.pstatic.net/common/?autoRotate=true&type=w278_sharpen&src=https%3A%2F%2Fldb-phinf.pstatic.net%2F20240717_16%2F1721201243980C4KW4_JPEG%2FIMG_8328.jpeg', 'detail', 2);
INSERT INTO accommodation_image (accommodations_id, image_url, image_type, sort_order) VALUES (172, 'https://search.pstatic.net/common/?autoRotate=true&type=w278_sharpen&src=https%3A%2F%2Fldb-phinf.pstatic.net%2F20240717_145%2F1721201243989tcG0C_JPEG%2FIMG_7472.jpeg', 'detail', 3);
INSERT INTO accommodation_image (accommodations_id, image_url, image_type, sort_order) VALUES (172, 'https://search.pstatic.net/common/?autoRotate=true&type=w278_sharpen&src=https%3A%2F%2Fldb-phinf.pstatic.net%2F20240717_90%2F1721201237794MeMAg_JPEG%2FCD401461-0663-433C-B60A-093BF951190A.jpeg', 'detail', 4);
INSERT INTO room (accommodations_id, room_name, price, min_guests, max_guests, room_description, main_image_url, bathroom_count, room_type, bed_count) VALUES (172, '원앙채', 79000, 2, 3, '일반객실, 기준 2인 (최대 3인)', 'https://search.pstatic.net/common/?autoRotate=true&quality=95&type=w750&src=https%3A%2F%2Fnaverbooking-phinf.pstatic.net%2F20251111_153%2F1762837572472B6HLC_JPEG%2Fimage.jpg', 0, 'STANDARD', 0);
INSERT INTO room (accommodations_id, room_name, price, min_guests, max_guests, room_description, main_image_url, bathroom_count, room_type, bed_count) VALUES (172, '뜨락채', 109000, 2, 4, '일반객실, 기준 2인 (최대 4인)', 'https://search.pstatic.net/common/?autoRotate=true&quality=95&type=w750&src=https%3A%2F%2Fnaverbooking-phinf.pstatic.net%2F20251111_146%2F1762837576433TKbrV_JPEG%2Fimage.jpg', 0, 'STANDARD', 0);
INSERT INTO room (accommodations_id, room_name, price, min_guests, max_guests, room_description, main_image_url, bathroom_count, room_type, bed_count) VALUES (172, '사랑채', 109000, 2, 6, '일반객실, 기준 4인 (최대 6인)', 'https://search.pstatic.net/common/?autoRotate=true&quality=95&type=w750&src=https%3A%2F%2Fnaverbooking-phinf.pstatic.net%2F20251111_131%2F1762837575470bGhHJ_JPEG%2Fimage.jpg', 0, 'STANDARD', 0);

INSERT INTO accommodation (accommodations_id, accommodations_name, accommodations_category, accommodations_description, city, district, address_detail, latitude, longitude, transport_info, parking_info, phone, rating, review_count, source_url, source_platform, sns, check_in_time, check_out_time, short_description) VALUES (173, '제주 애월 소길스테이', 'GUESTHOUSE', '제주 애월읍 소길리에서 가족과 작은 숙소를 운영중에 있습니다. 넓은 잔디밭과 사계절 피는 꽃들이 있는 정원이 아름답습니다. 숙소에서 편히 쉬어 가실 수 있도록 노력하겠습니다.', '제주', '제주시', '장소로 147-23', 33.4392024, 126.3838678, '차량, 택시 이용시, 주차가 가능합니다.\n대중 교통 이용시, 세곳못, 소길리사무소, 소길장밭 정류장으로부터 도보로 15분 정도.', '주차가능', '0507-1349-9764', null, 18, 'https://map.naver.com/p/search/%EC%A0%9C%EC%A3%BC+%EC%95%A0%EC%9B%94+%EC%86%8C%EA%B8%B8%EC%8A%A4%ED%85%8C%EC%9D%B4/place/1213462405?c=15.00,0,0,0,dh&placePath=/information?entry=bmp&fromPanelNum=2&timestamp=202512181321&locale=ko&svcName=map_pcv5&searchText=%EC%A0%9C%EC%A3%BC%2B%EC%95%A0%EC%9B%94%2B%EC%86%8C%EA%B8%B8%EC%8A%A4%ED%85%8C%EC%9D%B4&businessCategory=guesthouse&from=map&fromPanelNum=2&timestamp=202512181321&locale=ko&svcName=map_pcv5&searchText=%EC%A0%9C%EC%A3%BC%2B%EC%95%A0%EC%9B%94%2B%EC%86%8C%EA%B8%B8%EC%8A%A4%ED%85%8C%EC%9D%B4&businessCategory=guesthouse', 'NAVER', NULL, NULL, NULL, NULL);
INSERT INTO accommodation_amenity (amenity_id, accommodations_id) VALUES (1, 173);
INSERT INTO accommodation_image (accommodations_id, image_url, image_type, sort_order) VALUES (173, 'https://search.pstatic.net/common/?autoRotate=true&type=w560_sharpen&src=https%3A%2F%2Fldb-phinf.pstatic.net%2F20211118_86%2F1637162336511KqHav_JPEG%2F45670908-938D-46FA-B63B-D8E48D28C0B7.jpeg', 'banner', 0);
INSERT INTO accommodation_image (accommodations_id, image_url, image_type, sort_order) VALUES (173, 'https://search.pstatic.net/common/?autoRotate=true&type=w278_sharpen&src=https%3A%2F%2Fldb-phinf.pstatic.net%2F20211118_296%2F1637162250946RYsJJ_JPEG%2FB449B735-2610-4460-9001-87B032A35907.jpeg', 'detail', 1);
INSERT INTO accommodation_image (accommodations_id, image_url, image_type, sort_order) VALUES (173, 'https://search.pstatic.net/common/?autoRotate=true&type=w278_sharpen&src=https%3A%2F%2Fldb-phinf.pstatic.net%2F20211118_144%2F1637162250304boG71_JPEG%2FD1D23056-FC20-4CDE-B374-F3AA9D0E297C.jpeg', 'detail', 2);
INSERT INTO accommodation_image (accommodations_id, image_url, image_type, sort_order) VALUES (173, 'https://search.pstatic.net/common/?autoRotate=true&type=w278_sharpen&src=https%3A%2F%2Fldb-phinf.pstatic.net%2F20211118_65%2F1637162249854T1z8o_JPEG%2FB6EC6B2A-6018-4EFD-9C1D-2784D0D244EB.jpeg', 'detail', 3);
INSERT INTO accommodation_image (accommodations_id, image_url, image_type, sort_order) VALUES (173, 'https://search.pstatic.net/common/?autoRotate=true&type=w278_sharpen&src=https%3A%2F%2Fldb-phinf.pstatic.net%2F20211118_71%2F1637162250210xoj6x_JPEG%2FAE41BCFF-6569-4765-82B3-570996FAD7DB.jpeg', 'detail', 4);

INSERT INTO accommodation (accommodations_id, accommodations_name, accommodations_category, accommodations_description, city, district, address_detail, latitude, longitude, transport_info, parking_info, phone, rating, review_count, source_url, source_platform, sns, check_in_time, check_out_time, short_description) VALUES (174, '제주 국제호텔', 'GUESTHOUSE', '제주 시내 중심가에 있는 국제호텔은 도심 속 관광 쇼핑 명소에 쉽게 접근할 수 있는 편리한 위치를 자랑하며 공항에서 차로 5분 정도 소요되어 투숙객 분들의 제주도 여행의 시작과 마무리를 위한 가장 이상적인 숙소입니다.\n\n1급 종합병원인 한라병원과 롯데시티호텔 맞은편에 위치해 있으며 롯데면세점, 신라면세점, 드림타워, 대형마트, 신제주 쇼핑명소인 누웨마루거리 등이 도보 5분 거리에 인접해 있어 편리한 여행 및 쇼핑을 즐길 수 있을 뿐만 아니라\n\n대중교통의 요충지로 애월, 한림, 중문 등 제주도내 주요 관광지로 향하는 모든 노선의 버스가 지나는 제주시 최대 규모의 정류장이 바로 앞에 위치해 있어 도내 유명 관광 명소에 쉽고 편리하게 접근할 수 있습니다.\n\n투숙객 편의를 위해 숙소에서 Wi-Fi (무료/전 객실), 일일 청소 서비스, 익스프레스 체크인/체크아웃, 여행가방 및 자전거 보관 등을 제공하며, 숙소 1층에 코인세탁, 국제택배서비스 등 다양한 시설이 마련되어 있습니다.', '제주', '제주시', '8', 33.4892667, 126.4865416, '제주 한라병원, 롯데시티호텔 맞은편', NULL, '0507-1366-4992', null, 123, 'https://map.naver.com/p/search/%EC%A0%9C%EC%A3%BC+%EA%B5%AD%EC%A0%9C%ED%98%B8%ED%85%94/place/16843529?isCorrectAnswer=true&c=15.00,0,0,0,dh&placePath=/information?fromPanelNum=1&additionalHeight=76&timestamp=202512181321&locale=ko&svcName=map_pcv5&searchText=%EC%A0%9C%EC%A3%BC%2B%EA%B5%AD%EC%A0%9C%ED%98%B8%ED%85%94&businessCategory=hotel&fromPanelNum=1&additionalHeight=76&timestamp=202512181321&locale=ko&svcName=map_pcv5&searchText=%EC%A0%9C%EC%A3%BC%2B%EA%B5%AD%EC%A0%9C%ED%98%B8%ED%85%94&businessCategory=hotel', 'NAVER', NULL, '15:00', '11:00', '편리한 교통과 깔끔한 식사의 만남');
INSERT INTO accommodation_amenity (amenity_id, accommodations_id) VALUES (13, 174);
INSERT INTO accommodation_amenity (amenity_id, accommodations_id) VALUES (36, 174);
INSERT INTO accommodation_amenity (amenity_id, accommodations_id) VALUES (12, 174);
INSERT INTO accommodation_amenity (amenity_id, accommodations_id) VALUES (1, 174);
INSERT INTO accommodation_amenity (amenity_id, accommodations_id) VALUES (52, 174);
INSERT INTO accommodation_image (accommodations_id, image_url, image_type, sort_order) VALUES (174, 'https://search.pstatic.net/common/?autoRotate=true&type=w560_sharpen&src=https%3A%2F%2Fldb-phinf.pstatic.net%2F20211008_36%2F1633692654559oMkKg_JPEG%2FMVsGHz-tNXTPuFdqR2-O9RWW.jpg', 'banner', 0);
INSERT INTO accommodation_image (accommodations_id, image_url, image_type, sort_order) VALUES (174, 'https://search.pstatic.net/common/?autoRotate=true&type=w278_sharpen&src=https%3A%2F%2Fldb-phinf.pstatic.net%2F20211008_86%2F1633692660795dC6FA_JPEG%2FrS2vGZSXCPxmKHDhGtwZAsAO.jpg', 'detail', 1);
INSERT INTO accommodation_image (accommodations_id, image_url, image_type, sort_order) VALUES (174, 'https://search.pstatic.net/common/?autoRotate=true&type=w278_sharpen&src=https%3A%2F%2Fldb-phinf.pstatic.net%2F20211008_278%2F1633692672367qBbUQ_JPEG%2F6i84Y3-xyrUOwsP1iZHKA108.jpg', 'detail', 2);
INSERT INTO accommodation_image (accommodations_id, image_url, image_type, sort_order) VALUES (174, 'https://search.pstatic.net/common/?autoRotate=true&type=w278_sharpen&src=https%3A%2F%2Fldb-phinf.pstatic.net%2F20211016_20%2F1634383686564JMXAh_JPEG%2F3_%25281%2529.jpg', 'detail', 3);
INSERT INTO accommodation_image (accommodations_id, image_url, image_type, sort_order) VALUES (174, 'https://search.pstatic.net/common/?autoRotate=true&type=w278_sharpen&src=https%3A%2F%2Fldb-phinf.pstatic.net%2F20211016_71%2F1634383686593lRwjJ_JPEG%2F5_%25281%2529.jpg', 'detail', 4);

INSERT INTO accommodation (accommodations_id, accommodations_name, accommodations_category, accommodations_description, city, district, address_detail, latitude, longitude, transport_info, parking_info, phone, rating, review_count, source_url, source_platform, sns, check_in_time, check_out_time, short_description) VALUES (175, '제주 GD스테이 독채', 'GUESTHOUSE', NULL, '제주', '제주시', '해맞이해안로 1156-3', null, null, '# 객실금액은 기준인원에 대한 금액으로 기준인원 초 과 시 추가요금이 발생합니다. 예약 시 예약인원을 꼭 확인해주세요. - 당일 예약 후 당일 이용하는 ...', '주차가능\n무료', NULL, null, 16, 'https://map.naver.com/p/search/%EC%A0%9C%EC%A3%BC%20%EC%8A%A4%ED%85%8C%EC%9D%B4%20%EB%8F%85%EC%B1%84/place/1993570924?c=15.00,0,0,0,dh&placePath=/room?entry=bmp&fromPanelNum=2&timestamp=202512181321&locale=ko&svcName=map_pcv5&searchText=%EC%A0%9C%EC%A3%BC%20%EC%8A%A4%ED%85%8C%EC%9D%B4%20%EB%8F%85%EC%B1%84&businessCategory=pension&fromPanelNum=2&timestamp=202512181321&locale=ko&svcName=map_pcv5&searchText=%EC%A0%9C%EC%A3%BC%20%EC%8A%A4%ED%85%8C%EC%9D%B4%20%EB%8F%85%EC%B1%84&businessCategory=pension&from=map', 'NAVER', NULL, '15:00', '10:00', NULL);
INSERT INTO accommodation_image (accommodations_id, image_url, image_type, sort_order) VALUES (175, 'https://search.pstatic.net/common/?autoRotate=true&type=w560_sharpen&src=https%3A%2F%2Fldb-phinf.pstatic.net%2F20221018_167%2F1666081020704M7062_JPEG%2F1.jpg', 'banner', 0);
INSERT INTO accommodation_image (accommodations_id, image_url, image_type, sort_order) VALUES (175, 'https://search.pstatic.net/common/?autoRotate=true&type=w278_sharpen&src=https%3A%2F%2Fldb-phinf.pstatic.net%2F20221018_279%2F1666081020675MiumA_JPEG%2F2.jpg', 'detail', 1);
INSERT INTO accommodation_image (accommodations_id, image_url, image_type, sort_order) VALUES (175, 'https://search.pstatic.net/common/?autoRotate=true&type=w278_sharpen&src=https%3A%2F%2Fldb-phinf.pstatic.net%2F20221018_31%2F1666081020606GRFpi_JPEG%2F3.jpg', 'detail', 2);
INSERT INTO accommodation_image (accommodations_id, image_url, image_type, sort_order) VALUES (175, 'https://search.pstatic.net/common/?autoRotate=true&type=w278_sharpen&src=https%3A%2F%2Fldb-phinf.pstatic.net%2F20221018_8%2F1666081020594nA8dk_JPEG%2F4.jpg', 'detail', 3);
INSERT INTO accommodation_image (accommodations_id, image_url, image_type, sort_order) VALUES (175, 'https://search.pstatic.net/common/?autoRotate=true&type=w278_sharpen&src=https%3A%2F%2Fldb-phinf.pstatic.net%2F20221018_88%2F1666081020713nDqfU_JPEG%2F5.jpg', 'detail', 4);
INSERT INTO room (accommodations_id, room_name, price, min_guests, max_guests, room_description, main_image_url, bathroom_count, room_type, bed_count) VALUES (175, '안거리(독채/야외자쿠지)', 220000, 2, 6, '독채, 기준 4인 (최대 6인) | 침실 1, 침대 1, 욕실 1, 최소 1박', 'https://search.pstatic.net/common/?autoRotate=true&quality=95&type=w750&src=https%3A%2F%2Fnaverbooking-phinf.pstatic.net%2F20211209_182%2F1639036001791kiQ8a_JPEG%2Fimage.jpg', 1, 'STANDARD', 1);
INSERT INTO room (accommodations_id, room_name, price, min_guests, max_guests, room_description, main_image_url, bathroom_count, room_type, bed_count) VALUES (175, '목거리(독채)', 130000, 2, 2, '독채, 기준 2인 (최대 2인) | 침실 1, 침대 1, 욕실 1, 최소 1박', 'https://search.pstatic.net/common/?autoRotate=true&quality=95&type=w750&src=https%3A%2F%2Fnaverbooking-phinf.pstatic.net%2F20211209_120%2F1639036008820gQARt_JPEG%2Fimage.jpg', 1, 'STANDARD', 1);

INSERT INTO accommodation (accommodations_id, accommodations_name, accommodations_category, accommodations_description, city, district, address_detail, latitude, longitude, transport_info, parking_info, phone, rating, review_count, source_url, source_platform, sns, check_in_time, check_out_time, short_description) VALUES (176, '제주 서귀 더 부티크', 'GUESTHOUSE', '서귀포 매일 올레시장 도보 5분거리 및 유명 관광지가 가까운 아랑조을거리에 위치해 있는 신축 레지던스 입니다.\n아랑조을거리 안에는 맛집도 많아서 식당찾기 편리합니다.\n이중섭거리,천지연,새연교,자구리공원,외돌개,서귀포항,칠십리 공원등 유명관광지 도보가능 합니다.\n병의원 및 하나로마트 도보 3-5분\n편의점,빨래방,버스정류장 도보 1분도 안걸려요~\n대형마트 차량 홈플러스는 3분, 이마트 8분정도 입니다.\n자차없어도 대중교통 이용 편리합니다.\n쾌적한 객실환경을 위해 취사는 불가하며 전자렌지 이용은 가능합니다. (25평 큰투룸은 취사가능하며 밥솥만 없습니다)\n조미료 및 세탁세제는 비치되어있지않습니다.\n전객실 금연입니다.\n반려견,묘 동반금지 입니다.', '제주', '서귀포시', '10-1', 33.2489261, 126.5587694, NULL, '주차가능', '0507-1336-0261', null, 23, 'https://map.naver.com/p/entry/place/1789077395?c=15.00,0,0,0,dh&placePath=/information?entry=bmp&fromPanelNum=1&additionalHeight=76&timestamp=202512181322&locale=ko&svcName=map_pcv5&businessCategory=hotel&from=map&fromPanelNum=1&additionalHeight=76&timestamp=202512181322&locale=ko&svcName=map_pcv5&businessCategory=hotel', 'NAVER', NULL, NULL, NULL, '편리한 대중교통으로 만나는 시장과 관광지');
INSERT INTO accommodation_amenity (amenity_id, accommodations_id) VALUES (13, 176);
INSERT INTO accommodation_amenity (amenity_id, accommodations_id) VALUES (36, 176);
INSERT INTO accommodation_image (accommodations_id, image_url, image_type, sort_order) VALUES (176, 'https://search.pstatic.net/common/?autoRotate=true&type=w560_sharpen&src=https%3A%2F%2Fldb-phinf.pstatic.net%2F20200824_70%2F1598235864455b1vGj_JPEG%2F20200824_112105.jpg', 'banner', 0);
INSERT INTO accommodation_image (accommodations_id, image_url, image_type, sort_order) VALUES (176, 'https://search.pstatic.net/common/?autoRotate=true&type=w560_sharpen&src=https%3A%2F%2Fldb-phinf.pstatic.net%2F20200818_230%2F1597679691607gFBUl_JPEG%2Fimage.jpg', 'detail', 1);
INSERT INTO accommodation_image (accommodations_id, image_url, image_type, sort_order) VALUES (176, 'https://search.pstatic.net/common/?autoRotate=true&type=w560_sharpen&src=https%3A%2F%2Fldb-phinf.pstatic.net%2F20200818_78%2F1597679707157mST7s_JPEG%2Fimage.jpg', 'detail', 2);

INSERT INTO accommodation (accommodations_id, accommodations_name, accommodations_category, accommodations_description, city, district, address_detail, latitude, longitude, transport_info, parking_info, phone, rating, review_count, source_url, source_platform, sns, check_in_time, check_out_time, short_description) VALUES (177, '제주 사남매하우스', 'GUESTHOUSE', '혼저 옵서예~\n제주 바람 부는 사남매하우스입니다.\n\n사남매를 키운 엄마 아빠가 지금은 정겹게 손님을 맞이하는 제주 동네 속 진짜 집, 사남매하우스에 오신 걸 환영합니다.\n\n월정리 해변에서 차로 금방 도착할 수 있는 조용한 마을에 자리한 이곳은 작은 텃밭과 아늑한 마당, 그리고 여유로운 바람이 머무는 공간이에요.\n\n마당에서는 바베큐를 무상으로 즐기실 수 있고, 숙소 옆 텃밭에서는 직접 상추와 제철 채소를 따서 바로 구워 드실 수 있어요.\n\n다만, 텃밭의 채소는 모든 숙박객분들과 함께 나누는 공간이니 드실 만큼만 살짝씩 수확해 주세요.\n\n자연이 준 선물, 서로 아껴 나누면 더 오래, 더 맛있게 즐기실 수 있답니다.\n\n고기 및 기타 식재료는 개별 준비 부탁드립니다.\n\n편안히 누워 바람소리 들으며 하루 쉬어가는 기분 그게 이 집이 드릴 수 있는 가장 제주다운 휴식이에요.\n\n10대부터 부모님 모시고 오는 가족까지, 혼자 오든 여럿이 오든 편하게 머물다 가는 이 집엔 다음에 또 올게요~라는 말이 자주 들립니다.\n\n사남매처럼 정든 이 집에서, 여러분도 좋은 기억 하나, 남겨가시길 바랍니다.\n\n사남매 대신, 부모님이 기다리고 계십니다 :)', '제주', '제주시', '행원로 20-15', 33.5497443, 126.7984859, '< 오시는 길 안내 >\n\n제주공항에서 대중교통 이용 시\n1) 제주공항 -> 월정리 정류장\n101번 버스 탑승 -> 월정리 정류장 하차\n\n2) 제주공항 -> 구좌중앙초등학교 정류장 (환승 시)\n101번 버스 탑승 -> 월정리 정류장 하차\n201번 버스로 환승 -> 구좌중앙초등학교 정류장 하차\n\n* 노선 선택은 숙소 위치나 일정에 따라 편리한 쪽을 이용해주세요.\n\n< 픽업 안내 >\n픽업 가능 정류장 : 월정리 정류장\n- 사전 예약 필수\n- 방문 하루 전까지 예약 및 문의 필수\n- 미예약 시 픽업 서비스 이용이 어렵습니다.\n\n* 예약 시 도착 시간과 정류장 정보를 함께 알려주시면 빠르게 모실 수 있어요.', '주차가능\n무료\n사남매하우스는 건물 바로 앞에 주차가 가능합니다. 숙소 와 가까운 위치에 주차하실 수 있어 짐을 옮기거나 이동하 시기에 편리합니다. 별도의 주차 공간 안내 없이 도착 후 바로 주차하시면 됩니다.', NULL, null, 26, 'https://map.naver.com/p/entry/place/1682791341?c=15.00,0,0,0,dh&placePath=/room?entry=bmp&fromPanelNum=1&additionalHeight=76&timestamp=202512181322&locale=ko&svcName=map_pcv5&businessCategory=guesthouse&fromPanelNum=1&additionalHeight=76&timestamp=202512181322&locale=ko&svcName=map_pcv5&businessCategory=guesthouse&from=map', 'NAVER', NULL, '15:00', '11:00', NULL);
INSERT INTO accommodation_theme (theme_id, accommodations_id) VALUES (3, 177);
INSERT INTO accommodation_amenity (amenity_id, accommodations_id) VALUES (1, 177);
INSERT INTO accommodation_amenity (amenity_id, accommodations_id) VALUES (23, 177);
INSERT INTO accommodation_amenity (amenity_id, accommodations_id) VALUES (18, 177);
INSERT INTO accommodation_image (accommodations_id, image_url, image_type, sort_order) VALUES (177, 'https://search.pstatic.net/common/?autoRotate=true&type=w560_sharpen&src=https%3A%2F%2Fldb-phinf.pstatic.net%2F20181102_119%2F1541121453028d8EEO_JPEG%2FyUKLwCmbQoD1GxjkCOIvcLzG.jpg', 'banner', 0);
INSERT INTO accommodation_image (accommodations_id, image_url, image_type, sort_order) VALUES (177, 'https://search.pstatic.net/common/?autoRotate=true&type=w278_sharpen&src=https%3A%2F%2Fldb-phinf.pstatic.net%2F20181102_192%2F1541121453154QwYJX_JPEG%2Fy7nhAhwkiV_7vzQgWNnbl-ye.jpg', 'detail', 1);
INSERT INTO accommodation_image (accommodations_id, image_url, image_type, sort_order) VALUES (177, 'https://search.pstatic.net/common/?autoRotate=true&type=w278_sharpen&src=https%3A%2F%2Fldb-phinf.pstatic.net%2F20181102_101%2F1541121453809bIqM7_JPEG%2FD7M0oYYKDraiMCRJbET7s5a9.jpg', 'detail', 2);
INSERT INTO accommodation_image (accommodations_id, image_url, image_type, sort_order) VALUES (177, 'https://search.pstatic.net/common/?autoRotate=true&type=w278_sharpen&src=https%3A%2F%2Fldb-phinf.pstatic.net%2F20250621_155%2F1750505039759BTW90_JPEG%2FKakaoTalk_20250621_195402375_03.jpg', 'detail', 3);
INSERT INTO accommodation_image (accommodations_id, image_url, image_type, sort_order) VALUES (177, 'https://search.pstatic.net/common/?autoRotate=true&type=w278_sharpen&src=https%3A%2F%2Fldb-phinf.pstatic.net%2F20250621_79%2F1750505034818VbqpX_JPEG%2FKakaoTalk_20250621_195402375_02.jpg', 'detail', 4);
INSERT INTO room (accommodations_id, room_name, price, min_guests, max_guests, room_description, main_image_url, bathroom_count, room_type, bed_count) VALUES (177, '201', 59000, 2, 4, '일반객실, 기준 2인 (최대 4인) | 침실 1, 침대 1, 욕실 1, 최소 1박', 'https://search.pstatic.net/common/?autoRotate=true&quality=95&type=w750&src=https%3A%2F%2Fnaverbooking-phinf.pstatic.net%2F20210406_80%2F1617694015926enwF8_JPEG%2Fimage.jpg', 1, 'STANDARD', 1);
INSERT INTO room (accommodations_id, room_name, price, min_guests, max_guests, room_description, main_image_url, bathroom_count, room_type, bed_count) VALUES (177, '202', 59000, 2, 4, '일반객실, 기준 2인 (최대 4인) | 침실 1, 침대 1, 욕실 1, 최소 1박', 'https://search.pstatic.net/common/?autoRotate=true&quality=95&type=w750&src=https%3A%2F%2Fnaverbooking-phinf.pstatic.net%2F20210406_95%2F1617694024676jQ1Yp_JPEG%2Fimage.jpg', 1, 'STANDARD', 1);
INSERT INTO room (accommodations_id, room_name, price, min_guests, max_guests, room_description, main_image_url, bathroom_count, room_type, bed_count) VALUES (177, '203', 59000, 2, 4, '일반객실, 기준 2인 (최대 4인) | 침실 1, 침대 1, 욕실 1, 최소 1박', 'https://search.pstatic.net/common/?autoRotate=true&quality=95&type=w750&src=https%3A%2F%2Fnaverbooking-phinf.pstatic.net%2F20210406_191%2F1617694033007ung7c_JPEG%2Fimage.jpg', 1, 'STANDARD', 1);

INSERT INTO accommodation (accommodations_id, accommodations_name, accommodations_category, accommodations_description, city, district, address_detail, latitude, longitude, transport_info, parking_info, phone, rating, review_count, source_url, source_platform, sns, check_in_time, check_out_time, short_description) VALUES (178, '제주 스테이 인 성산', 'GUESTHOUSE', '성산 여행, 숙소 고민은 끝!\n유네스코 세계자연유산 성산일출봉이 차로 5분 거리에 있는\n성산 최고의 가성비 호텔, 스테이인성산입니다.\n합리적인 가격은 물론, 여행의 피로를 풀어주는 편안한 잠자리를 찾는 여행자에게 완벽한 선택이 되어드리는 제주성산호텔입니다.\n\n성산펜션, 포인트짚어보기\n\nPOINT 1. 압도적인 가성비\n현명한 여행의 시작 부담 없는 가격으로 성산의 핵심을 모두 누리세요. 불필요한 거품을 걷어내고 오직 편안한 휴식의 본질에 집중했습니다. 알뜰한 여행객과 출장객 모두에게 최고의 만족을 선사합니다.\n\nPOINT 2. 깨끗한 침구와 편안한 침대\n꿀잠 보장!많은 고객님들이 칭찬해주시는 저희 호텔의 자랑입니다.\n매일 꼼꼼하게 관리하는 깨끗하고 포근한 침구와 편안한 침대가 여행의 피로를 싹 풀어드립니다.\n\nPOINT 3. 핵심 관광지가 모두 5분 거리\n완벽한 위치 성산일출봉, 섭지코지, 아쿠아플라넷, 광치기해변 등 성산의 주요 관광 명소들이 모두 차량 5분 이내 거리에 있어 동선이 편리합니다. 아침에는 성산일출봉의 일출을, 저녁에는 섭지코지의 노을을 여유롭게 감상하세요.\n\nPOINT 4. 편안한 휴식을 위한 기본에 충실\n전 객실 무료 Wi-Fi\n넉넉한 무료 주차 공간\n개별 냉난방 시스템 완비\n평화로운 제주의 밭 뷰 (일부 객실)\n\n제주 동쪽 여행의 완벽한 베이스캠프, 스테이인성산 성산일출봉 근처 숙소에서 합리적인 가격으로 편안한 휴식과 잊지 못할 추억을 모두 만들어가세요.', '제주', '서귀포시', '신고로 11 스테이인성산', null, null, '제주공항에서 찾아오시는 길 안내드립니다.\n\n[대중교통 이용시]\n- 급행 버스 111번 또는 112번 이용 (추천)\n- 약 1시간 20분 ~ 1시간 40분 소요\n- 제주국제공항 1층 3번 게이트 근처 C10 정류장 탑승\n고성리 환승정류장(성산농협)에서 하차, 정류장에서 호텔까지 도보로 약 5~7분 소요됩니다.\n\n제주 시외버스 터미널로 이동 후, 701번(동일주) 또는 710번 버스를 이용하는 방법도 있지만, 공항에서 바로 출발하는 급행 버스를 이용하는 것이 더 빠르고 편리합니다.\n\n[자가용(렌터카)이용시]\n- 약 50분 ~ 1시간 (약 45km) 소요\n- 네비게이션에 [스테이인성산] 검색하세요!\n\n!!제주의 교통 상황은 시간대에 따라 달라질 수 있으니, 출발 전 실시간 교통 정보를 확인하시는 것이 좋습니다.', '주차가능\n무료\n스테이인성산 도착하시면 주차장이 넓게 마련되어있습니다.', '0507-1374-8877', null, 383, 'https://map.naver.com/p/search/%EC%A0%9C%EC%A3%BC+%EC%8A%A4%ED%85%8C%EC%9D%B4+%EC%9D%B8+%EC%84%B1%EC%82%B0/place/38314042?isCorrectAnswer=true&c=15.00,0,0,0,dh&placePath=/information?fromPanelNum=1&additionalHeight=76&timestamp=202512181322&locale=ko&svcName=map_pcv5&searchText=%EC%A0%9C%EC%A3%BC%2B%EC%8A%A4%ED%85%8C%EC%9D%B4%2B%EC%9D%B8%2B%EC%84%B1%EC%82%B0&businessCategory=hotel&fromPanelNum=1&additionalHeight=76&timestamp=202512181322&locale=ko&svcName=map_pcv5&searchText=%EC%A0%9C%EC%A3%BC%2B%EC%8A%A4%ED%85%8C%EC%9D%B4%2B%EC%9D%B8%2B%EC%84%B1%EC%82%B0&businessCategory=hotel', 'NAVER', 'Instagram: https://www.instagram.com/jejustay.in.sungsan/', '15:00', '11:00', '깨끗한 침구와 접근성 좋은 가시아방');
INSERT INTO accommodation_amenity (amenity_id, accommodations_id) VALUES (13, 178);
INSERT INTO accommodation_amenity (amenity_id, accommodations_id) VALUES (40, 178);
INSERT INTO accommodation_amenity (amenity_id, accommodations_id) VALUES (36, 178);
INSERT INTO accommodation_amenity (amenity_id, accommodations_id) VALUES (1, 178);
INSERT INTO accommodation_amenity (amenity_id, accommodations_id) VALUES (44, 178);
INSERT INTO accommodation_amenity (amenity_id, accommodations_id) VALUES (46, 178);
INSERT INTO accommodation_amenity (amenity_id, accommodations_id) VALUES (50, 178);
INSERT INTO accommodation_amenity (amenity_id, accommodations_id) VALUES (52, 178);
INSERT INTO accommodation_image (accommodations_id, image_url, image_type, sort_order) VALUES (178, 'https://search.pstatic.net/common/?autoRotate=true&type=w560_sharpen&src=https%3A%2F%2Fldb-phinf.pstatic.net%2F20180615_125%2F1529062476146HYn3H_JPEG%2Fimage.JPEG', 'banner', 0);
INSERT INTO accommodation_image (accommodations_id, image_url, image_type, sort_order) VALUES (178, 'https://search.pstatic.net/common/?autoRotate=true&type=w278_sharpen&src=https%3A%2F%2Fldb-phinf.pstatic.net%2F20180615_272%2F1529062475898EQdib_JPEG%2FJEJU_STAY_Main_N01_03.jpg', 'detail', 1);
INSERT INTO accommodation_image (accommodations_id, image_url, image_type, sort_order) VALUES (178, 'https://search.pstatic.net/common/?autoRotate=true&type=w278_sharpen&src=https%3A%2F%2Fldb-phinf.pstatic.net%2F20180615_53%2F1529062476021XhlQj_JPEG%2FB01X3906.JPG', 'detail', 2);
INSERT INTO accommodation_image (accommodations_id, image_url, image_type, sort_order) VALUES (178, 'https://search.pstatic.net/common/?autoRotate=true&type=w278_sharpen&src=https%3A%2F%2Fldb-phinf.pstatic.net%2F20180615_160%2F152906247602292xy3_JPEG%2FB01X3960-1.jpg', 'detail', 3);
INSERT INTO accommodation_image (accommodations_id, image_url, image_type, sort_order) VALUES (178, 'https://search.pstatic.net/common/?autoRotate=true&type=w278_sharpen&src=https%3A%2F%2Fldb-phinf.pstatic.net%2F20180615_191%2F1529062476168wvTJk_JPEG%2F908F9514.JPG', 'detail', 4);

INSERT INTO accommodation (accommodations_id, accommodations_name, accommodations_category, accommodations_description, city, district, address_detail, latitude, longitude, transport_info, parking_info, phone, rating, review_count, source_url, source_platform, sns, check_in_time, check_out_time, short_description) VALUES (179, '제주 외갓집 민박', 'GUESTHOUSE', '우도 전통 가옥인 우도별이네 민박은 전통 가옥의 멋스러움을 지키면서도 여행자님들의 편리함을 위해 현대식으로 인테리어를 하여 더욱 안락하게 여행객을 맞고 있는 아름다운 민박입니다. 백년된 돌담집으로 우도에서는 흔하지 않는 전통가옥입니다. 농어촌 민박 체험을 하고 싶은 고객에게는 외가집을 놀러온 듯한 예쁜 추억을 만들어 주는 숙소입니다. 근처에는 하우목동항이 있어 새벽 산책의 즐거움이 있고 낚시체험처럼 익스트림한 재미를 즐길 수 있습니다.', '제주', '제주시', '우목길 67 1층', null, null, '하우목동항에서 우도 면사무소 방향으로 도보로 5분 거리에 있고 차량이동시 2분 거리에 있습니다', '주차가능\n무료', '0507-1367-9456', null, 2, 'https://map.naver.com/p/entry/place/1482495274?c=15.00,0,0,0,dh&placePath=/information?entry=bmp&fromPanelNum=1&additionalHeight=76&timestamp=202512181323&locale=ko&svcName=map_pcv5&businessCategory=hotel&from=map&fromPanelNum=1&additionalHeight=76&timestamp=202512181323&locale=ko&svcName=map_pcv5&businessCategory=hotel', 'NAVER', NULL, NULL, NULL, NULL);
INSERT INTO accommodation_amenity (amenity_id, accommodations_id) VALUES (13, 179);
INSERT INTO accommodation_amenity (amenity_id, accommodations_id) VALUES (36, 179);
INSERT INTO accommodation_image (accommodations_id, image_url, image_type, sort_order) VALUES (179, 'https://search.pstatic.net/common/?autoRotate=true&type=w560_sharpen&src=https%3A%2F%2Fldb-phinf.pstatic.net%2F20230805_259%2F1691186646047Knjra_JPEG%2F20230804_125206.jpg', 'banner', 0);
INSERT INTO accommodation_image (accommodations_id, image_url, image_type, sort_order) VALUES (179, 'https://search.pstatic.net/common/?autoRotate=true&type=w278_sharpen&src=https%3A%2F%2Fldb-phinf.pstatic.net%2F20230805_163%2F1691186621284MfpDK_JPEG%2F20230804_125230.jpg', 'detail', 1);
INSERT INTO accommodation_image (accommodations_id, image_url, image_type, sort_order) VALUES (179, 'https://search.pstatic.net/common/?autoRotate=true&type=w278_sharpen&src=https%3A%2F%2Fldb-phinf.pstatic.net%2F20230805_11%2F1691186598029rsDVW_JPEG%2F20230804_125550.jpg', 'detail', 2);
INSERT INTO accommodation_image (accommodations_id, image_url, image_type, sort_order) VALUES (179, 'https://search.pstatic.net/common/?autoRotate=true&type=w278_sharpen&src=https%3A%2F%2Fldb-phinf.pstatic.net%2F20230805_121%2F1691186586485qPPU2_JPEG%2F20230804_125458.jpg', 'detail', 3);
INSERT INTO accommodation_image (accommodations_id, image_url, image_type, sort_order) VALUES (179, 'https://search.pstatic.net/common/?autoRotate=true&type=w278_sharpen&src=https%3A%2F%2Fldb-phinf.pstatic.net%2F20230805_249%2F1691186568171CoViJ_JPEG%2F20230804_125529.jpg', 'detail', 4);

INSERT INTO accommodation (accommodations_id, accommodations_name, accommodations_category, accommodations_description, city, district, address_detail, latitude, longitude, transport_info, parking_info, phone, rating, review_count, source_url, source_platform, sns, check_in_time, check_out_time, short_description) VALUES (180, '제주 에덴 호스텔', 'GUESTHOUSE', '제주공항에서 7,8분 정도 걸리는 제주시 해안도로변에 위치해 전망 좋은 숙소입니다', '제주', '제주시', '456-12 에덴호스텔', 33.5183702, 126.4891898, '제주공항에서 자가차량 또는 택시 이용시 7,8분 정도 소요 돼는 제주시 해안도로에 위치해 있습니다', '주차가능', '064-749-0006', null, 8, 'https://map.naver.com/p/search/%EC%A0%9C%EC%A3%BC+%EC%97%90%EB%8D%B4+%ED%98%B8%EC%8A%A4%ED%85%94/place/33054574?isCorrectAnswer=true&c=15.00,0,0,0,dh&placePath=/information?fromPanelNum=1&additionalHeight=76&timestamp=202512181323&locale=ko&svcName=map_pcv5&searchText=%EC%A0%9C%EC%A3%BC%2B%EC%97%90%EB%8D%B4%2B%ED%98%B8%EC%8A%A4%ED%85%94&businessCategory=hotel&fromPanelNum=1&additionalHeight=76&timestamp=202512181323&locale=ko&svcName=map_pcv5&searchText=%EC%A0%9C%EC%A3%BC%2B%EC%97%90%EB%8D%B4%2B%ED%98%B8%EC%8A%A4%ED%85%94&businessCategory=hotel', 'NAVER', NULL, '15:00', '11:00', NULL);
INSERT INTO accommodation_amenity (amenity_id, accommodations_id) VALUES (13, 180);
INSERT INTO accommodation_amenity (amenity_id, accommodations_id) VALUES (1, 180);
INSERT INTO accommodation_amenity (amenity_id, accommodations_id) VALUES (48, 180);
INSERT INTO accommodation_image (accommodations_id, image_url, image_type, sort_order) VALUES (180, 'https://search.pstatic.net/common/?autoRotate=true&type=w560_sharpen&src=https%3A%2F%2Fldb-phinf.pstatic.net%2F20200706_141%2F1594022295953zzRHN_JPEG%2Fqjz5Pfn56MoaoKsjNsTUvLZz.jpg', 'banner', 0);
INSERT INTO accommodation_image (accommodations_id, image_url, image_type, sort_order) VALUES (180, 'https://search.pstatic.net/common/?autoRotate=true&type=w278_sharpen&src=https%3A%2F%2Fldb-phinf.pstatic.net%2F20200706_165%2F1594022343122K3JBy_JPEG%2FYJpJJuirUsIPTHMucVHQAqvZ.jpg', 'detail', 1);
INSERT INTO accommodation_image (accommodations_id, image_url, image_type, sort_order) VALUES (180, 'https://search.pstatic.net/common/?autoRotate=true&type=w278_sharpen&src=https%3A%2F%2Fldb-phinf.pstatic.net%2F20200706_195%2F1594022360811L8CWz_JPEG%2FQf7nv6G-rhiGbMhaIiv_R2t6.jpg', 'detail', 2);
INSERT INTO accommodation_image (accommodations_id, image_url, image_type, sort_order) VALUES (180, 'https://search.pstatic.net/common/?autoRotate=true&type=w278_sharpen&src=https%3A%2F%2Fldb-phinf.pstatic.net%2F20200706_218%2F1594022374605OEImz_JPEG%2FUrEtQMwqqqXK5gHyYCCogfo4.jpg', 'detail', 3);
INSERT INTO accommodation_image (accommodations_id, image_url, image_type, sort_order) VALUES (180, 'https://search.pstatic.net/common/?autoRotate=true&type=w278_sharpen&src=https%3A%2F%2Fldb-phinf.pstatic.net%2F20200706_297%2F1594022392965ilgiK_JPEG%2FD9F_5VG7oMKyBuaumUmLE2Eo.jpg', 'detail', 4);

INSERT INTO accommodation (accommodations_id, accommodations_name, accommodations_category, accommodations_description, city, district, address_detail, latitude, longitude, transport_info, parking_info, phone, rating, review_count, source_url, source_platform, sns, check_in_time, check_out_time, short_description) VALUES (181, '월정 루프탑 게스트하우스', 'GUESTHOUSE', '월정리에서 서핑과 함께 운영중인 게스트하우스 입니다\n저희 게하는 제주도에 여행객들을위해 저렴한 가격으로 운영중인 숙박업 입니다 퇴실도 12시라 조금더 쉬쉬다가 가셔도 됩니다\n저렴한 게하라 손님들 모든 조건을 다 만족시켜드릴수 없는점을 양해부탁드립니다\n이용시 불편한점이나 필요하신게있으면 언제든연락주세요\n\n강아지동반가능합니다(만원추가요금)\n\n서핑 강습 및 렌탈 할인된가격으로 이용가능 하십니다\n\n*서핑강습 및 장비대여(보드,패들) 할인*(서프 홀릭제주)\n*스노클링 장비대여\n*고등어회,딱새우회등 저희 숙박분이시면 할인 *\n\n24시간 시시티비 완비\n전객실 화장실 구비\n\n*주의* 12시이후에는 다른 숙박객분들 피해가지 않게 주의해주시기 바람니다 (강제 퇴실 사유가 됩니다)', '제주', '제주시', '월정3길 41 루프탑게스트하우스', null, null, '공항에서 101번 버스타고 월정리 정류장에서 해변으로 오시다보면\n바로 있습니다', '주차가능\n무료', '0507-1339-5585', null, 81, 'https://map.naver.com/p/entry/place/1997948247?c=15.00,0,0,0,dh&placePath=/room?entry=bmp&fromPanelNum=1&additionalHeight=76&timestamp=202512181324&locale=ko&svcName=map_pcv5&businessCategory=guesthouse&fromPanelNum=1&additionalHeight=76&timestamp=202512181324&locale=ko&svcName=map_pcv5&businessCategory=guesthouse&from=map', 'NAVER', NULL, '16:00', '12:00', '깨끗한 방에서 즐기는 아름다운 뷰');
INSERT INTO accommodation_theme (theme_id, accommodations_id) VALUES (3, 181);
INSERT INTO accommodation_theme (theme_id, accommodations_id) VALUES (1, 181);
INSERT INTO accommodation_theme (theme_id, accommodations_id) VALUES (4, 181);
INSERT INTO accommodation_amenity (amenity_id, accommodations_id) VALUES (6, 181);
INSERT INTO accommodation_amenity (amenity_id, accommodations_id) VALUES (4, 181);
INSERT INTO accommodation_amenity (amenity_id, accommodations_id) VALUES (5, 181);
INSERT INTO accommodation_amenity (amenity_id, accommodations_id) VALUES (19, 181);
INSERT INTO accommodation_amenity (amenity_id, accommodations_id) VALUES (1, 181);
INSERT INTO accommodation_amenity (amenity_id, accommodations_id) VALUES (29, 181);
INSERT INTO accommodation_amenity (amenity_id, accommodations_id) VALUES (14, 181);
INSERT INTO accommodation_image (accommodations_id, image_url, image_type, sort_order) VALUES (181, 'https://search.pstatic.net/common/?autoRotate=true&type=w560_sharpen&src=https%3A%2F%2Fldb-phinf.pstatic.net%2F20220527_172%2F1653636654968PjKco_JPEG%2F%25BF%25DC%25B0%25FC.jpg', 'banner', 0);
INSERT INTO accommodation_image (accommodations_id, image_url, image_type, sort_order) VALUES (181, 'https://search.pstatic.net/common/?autoRotate=true&type=w278_sharpen&src=https%3A%2F%2Fldb-phinf.pstatic.net%2F20220513_155%2F1652429629954HV3Ho_JPEG%2FKakaoTalk_20210128_165749320_01_%25281%2529.jpg', 'detail', 1);
INSERT INTO accommodation_image (accommodations_id, image_url, image_type, sort_order) VALUES (181, 'https://search.pstatic.net/common/?autoRotate=true&type=w278_sharpen&src=https%3A%2F%2Fldb-phinf.pstatic.net%2F20220513_52%2F1652429629986Kn6qt_JPEG%2FKakaoTalk_20200223_170516008.jpg', 'detail', 2);
INSERT INTO accommodation_image (accommodations_id, image_url, image_type, sort_order) VALUES (181, 'https://search.pstatic.net/common/?autoRotate=true&type=w278_sharpen&src=https%3A%2F%2Fldb-phinf.pstatic.net%2F20220513_97%2F1652429629974fjgSU_JPEG%2FKakaoTalk_20210128_165749320_03.jpg', 'detail', 3);
INSERT INTO accommodation_image (accommodations_id, image_url, image_type, sort_order) VALUES (181, 'https://search.pstatic.net/common/?autoRotate=true&type=w278_sharpen&src=https%3A%2F%2Fldb-phinf.pstatic.net%2F20220513_235%2F1652429630212KHCAW_JPEG%2FKakaoTalk_20210128_165749320_02.jpg', 'detail', 4);
INSERT INTO room (accommodations_id, room_name, price, min_guests, max_guests, room_description, main_image_url, bathroom_count, room_type, bed_count) VALUES (181, '1인실 룸', 35000, 2, 1, '일반객실, 기준 1인 (최대 1인) | 침실 1, 침대 1, 욕실 1, 최소 1박', 'https://search.pstatic.net/common/?autoRotate=true&quality=95&type=w750&src=https%3A%2F%2Fnaverbooking-phinf.pstatic.net%2F20231212_56%2F1702376467864hWOlO_JPEG%2FKakaoTalk_20231207_184731777_03.jpg', 1, 'STANDARD', 1);
INSERT INTO room (accommodations_id, room_name, price, min_guests, max_guests, room_description, main_image_url, bathroom_count, room_type, bed_count) VALUES (181, '여자 2인실 도미토리(1인가격)', 25000, 2, 2, '공용객실, 기준 1인 (최대 2인) | 침실 1, 침대 2, 욕실 1, 최소 1박', 'https://search.pstatic.net/common/?autoRotate=true&quality=95&type=w750&src=https%3A%2F%2Fnaverbooking-phinf.pstatic.net%2F20231212_159%2F1702376952234mBBg9_JPEG%2FKakaoTalk_20231212_190758052_19.jpg', 1, 'STANDARD', 2);
INSERT INTO room (accommodations_id, room_name, price, min_guests, max_guests, room_description, main_image_url, bathroom_count, room_type, bed_count) VALUES (181, '남자 2인 도미토리 (1인가격)', 25000, 2, 2, '공용객실, 기준 1인 (최대 2인) | 침실 1, 침대 2, 욕실 1, 최소 1박', 'https://search.pstatic.net/common/?autoRotate=true&quality=95&type=w750&src=https%3A%2F%2Fnaverbooking-phinf.pstatic.net%2F20231212_49%2F1702377310257jGIPb_JPEG%2FKakaoTalk_20231207_184731777_10.jpg', 1, 'STANDARD', 2);

INSERT INTO accommodation (accommodations_id, accommodations_name, accommodations_category, accommodations_description, city, district, address_detail, latitude, longitude, transport_info, parking_info, phone, rating, review_count, source_url, source_platform, sns, check_in_time, check_out_time, short_description) VALUES (182, '제주 브라운캐빈', 'GUESTHOUSE', '천혜의 아름다운 제주 자연과 어우러진 이국적인 분위기의 브라운 캐빈을 찾아주신 여러분께 감사의 말씀 드립니다. 2000평의 솔 향 가득한 소나무 숲 위에 복층 구조의 펜션 7동,관리동으로 구성 되어진 브라운 캐빈은 펜션 지기 부부가 약 2년 여간에 걸쳐 직접 설계 시공하고 인테리어 소품까지 손수 제작하였기에 남다른 애정을 가지고 내 가족처럼 여러분을 모실 것입니다.', '제주', '제주시', '소길남길 190-40', 33.4148193, 126.3753157, '공항입구에서 중문,한림,신제주방면으로 우회전 하세요. 평화로를 타고 오시다가 운전면허시험장에서 소길방향으로 우회전 하신후 브라운 캐빈 안내표지판을 따라 1.3km이동하시면 브라운캐빈이 나옵니다.', NULL, NULL, null, 143, 'https://map.naver.com/p/entry/place/36666473?c=15.00,0,0,0,dh&placePath=/room?entry=bmp&fromPanelNum=1&additionalHeight=76&timestamp=202512181324&locale=ko&svcName=map_pcv5&businessCategory=pension&fromPanelNum=1&additionalHeight=76&timestamp=202512181324&locale=ko&svcName=map_pcv5&businessCategory=pension&from=map', 'NAVER', 'Blog: https://blog.naver.com/lee0lee2000/220360040142', '15:00', '11:00', '아름다운 야외 전경과 조용한 분위기의 휴식처');
INSERT INTO accommodation_theme (theme_id, accommodations_id) VALUES (1, 182);
INSERT INTO accommodation_amenity (amenity_id, accommodations_id) VALUES (11, 182);
INSERT INTO accommodation_amenity (amenity_id, accommodations_id) VALUES (1, 182);
INSERT INTO accommodation_amenity (amenity_id, accommodations_id) VALUES (20, 182);
INSERT INTO accommodation_amenity (amenity_id, accommodations_id) VALUES (16, 182);
INSERT INTO accommodation_amenity (amenity_id, accommodations_id) VALUES (2, 182);
INSERT INTO accommodation_image (accommodations_id, image_url, image_type, sort_order) VALUES (182, 'https://search.pstatic.net/common/?autoRotate=true&type=w560_sharpen&src=https%3A%2F%2Fldb-phinf.pstatic.net%2F20150901_273%2F1441091233890jyYQ3_JPEG%2FSUBMIT_1432831105641_36666473.jpg', 'banner', 0);
INSERT INTO accommodation_image (accommodations_id, image_url, image_type, sort_order) VALUES (182, 'https://search.pstatic.net/common/?autoRotate=true&type=w278_sharpen&src=https%3A%2F%2Fldb-phinf.pstatic.net%2F20150901_5%2F14410912341073pBzh_JPEG%2FSUBMIT_1432831145507_36666473.jpg', 'detail', 1);
INSERT INTO accommodation_image (accommodations_id, image_url, image_type, sort_order) VALUES (182, 'https://search.pstatic.net/common/?autoRotate=true&type=w278_sharpen&src=https%3A%2F%2Fldb-phinf.pstatic.net%2F20150901_270%2F1441091234348XX0wy_JPEG%2FSUBMIT_1432831168953_36666473.jpg', 'detail', 2);
INSERT INTO accommodation_image (accommodations_id, image_url, image_type, sort_order) VALUES (182, 'https://search.pstatic.net/common/?autoRotate=true&type=w278_sharpen&src=https%3A%2F%2Fldb-phinf.pstatic.net%2F20150901_162%2F1441091234578wzzVX_JPEG%2FSUBMIT_1432831199903_36666473.jpg', 'detail', 3);
INSERT INTO accommodation_image (accommodations_id, image_url, image_type, sort_order) VALUES (182, 'https://search.pstatic.net/common/?autoRotate=true&type=w278_sharpen&src=https%3A%2F%2Fldb-phinf.pstatic.net%2F20150901_189%2F1441091234785Qfc4p_JPEG%2FSUBMIT_1432831238468_36666473.jpg', 'detail', 4);
INSERT INTO room (accommodations_id, room_name, price, min_guests, max_guests, room_description, main_image_url, bathroom_count, room_type, bed_count) VALUES (182, 'Tail B 1', 90000, 2, 4, '독채, 기준 2인 (최대 4인) | 침실 1, 침대 1, 욕실 1, 최소 1박', 'https://search.pstatic.net/common/?autoRotate=true&quality=95&type=w750&src=https%3A%2F%2Fnaverbooking-phinf.pstatic.net%2F20191108_105%2F15731804197901wP8Y_JPEG%2Fimage.jpg', 1, 'STANDARD', 1);
INSERT INTO room (accommodations_id, room_name, price, min_guests, max_guests, room_description, main_image_url, bathroom_count, room_type, bed_count) VALUES (182, 'Tail B 2', 90000, 2, 4, '독채, 기준 2인 (최대 4인) | 침실 1, 침대 1, 욕실 1, 최소 1박', 'https://search.pstatic.net/common/?autoRotate=true&quality=95&type=w750&src=https%3A%2F%2Fnaverbooking-phinf.pstatic.net%2F20191108_105%2F15731804197901wP8Y_JPEG%2Fimage.jpg', 1, 'STANDARD', 1);
INSERT INTO room (accommodations_id, room_name, price, min_guests, max_guests, room_description, main_image_url, bathroom_count, room_type, bed_count) VALUES (182, 'Tail A 1', 110000, 2, 6, '독채, 기준 4인 (최대 6인) | 침실 1, 침대 2, 욕실 1, 최소 1박', 'https://search.pstatic.net/common/?autoRotate=true&quality=95&type=w750&src=https%3A%2F%2Fnaverbooking-phinf.pstatic.net%2F20191108_293%2F1573180428513iDULK_JPEG%2Fimage.jpg', 1, 'STANDARD', 2);
INSERT INTO room (accommodations_id, room_name, price, min_guests, max_guests, room_description, main_image_url, bathroom_count, room_type, bed_count) VALUES (182, 'Tail A 2', 110000, 2, 6, '독채, 기준 4인 (최대 6인) | 침실 1, 침대 2, 욕실 1, 최소 1박', 'https://search.pstatic.net/common/?autoRotate=true&quality=95&type=w750&src=https%3A%2F%2Fnaverbooking-phinf.pstatic.net%2F20191108_293%2F1573180428513iDULK_JPEG%2Fimage.jpg', 1, 'STANDARD', 2);
INSERT INTO room (accommodations_id, room_name, price, min_guests, max_guests, room_description, main_image_url, bathroom_count, room_type, bed_count) VALUES (182, 'Tail A 3', 110000, 2, 6, '독채, 기준 4인 (최대 6인) | 침실 1, 침대 2, 욕실 1, 최소 1박', 'https://search.pstatic.net/common/?autoRotate=true&quality=95&type=w750&src=https%3A%2F%2Fnaverbooking-phinf.pstatic.net%2F20191108_293%2F1573180428513iDULK_JPEG%2Fimage.jpg', 1, 'STANDARD', 2);
INSERT INTO room (accommodations_id, room_name, price, min_guests, max_guests, room_description, main_image_url, bathroom_count, room_type, bed_count) VALUES (182, 'Body 1', 150000, 2, 8, '독채, 기준 6인 (최대 8인) | 침실 1, 침대 3, 욕실 2, 최소 1박', 'https://search.pstatic.net/common/?autoRotate=true&quality=95&type=w750&src=https%3A%2F%2Fnaverbooking-phinf.pstatic.net%2F20191108_95%2F1573180447779SAF8M_JPEG%2Fimage.jpg', 2, 'STANDARD', 3);
INSERT INTO room (accommodations_id, room_name, price, min_guests, max_guests, room_description, main_image_url, bathroom_count, room_type, bed_count) VALUES (182, 'Body 2', 150000, 2, 8, '독채, 기준 6인 (최대 8인) | 침실 1, 침대 3, 욕실 2, 최소 1박', 'https://search.pstatic.net/common/?autoRotate=true&quality=95&type=w750&src=https%3A%2F%2Fnaverbooking-phinf.pstatic.net%2F20191108_95%2F1573180447779SAF8M_JPEG%2Fimage.jpg', 2, 'STANDARD', 3);

INSERT INTO accommodation (accommodations_id, accommodations_name, accommodations_category, accommodations_description, city, district, address_detail, latitude, longitude, transport_info, parking_info, phone, rating, review_count, source_url, source_platform, sns, check_in_time, check_out_time, short_description) VALUES (183, '제주 바다야펜션', 'GUESTHOUSE', '저희 바다야펜션은 제주공항에서 승용차로 30분 거리에 위치해 있고 제주도의 모든 관광지를 1시간 이내로 이동하실 수 있습니다. 펜션 앞으로는 제주의 에메랄드 빛 푸른바다가 아름다운 함덕해수욕장이 펼쳐져있고 모든 객실을 세심하고 세련되게 꾸미기 위해 최선을 다했습니다. 객실에는 바다가 한눈에 들어오는 넓은 창이 있어 푸른바다와 황금빛 모래사장을 바라볼 수 있으며 저녁노을과 한밤의 바다풍경의 아름다움을 만끽할 수 있을 것입니다.', '제주', '제주시', '조함해안로 478 2,3층', 33.5430493, 126.6640235, '공항입구에서 중문,한림,신제주방면으로 우회전하신 후 공항로를 따라 가시다가 신제주입구에서 성산,시청방면으로 좌회전하세요. 서광로를 따라 5.07km 이동후 국립박물관사거리에서 표선,봉개동 방면으로 우회전 하세요. 번영로를 따라 가시다가 거로사거리에서 성산,삼양 방면으로 좌회전후 삼양검문소삼거리가 나오면 성산,조천방면으로 우회전하시고 일주동로를 따라가세요. 큰백교차로에서 좌회전하세요. 함대로를 가시다가 성산,함덕방면으로 우회전 후 함덕우체국이나오면 좌측으로 꺾으시고 썬샤인호텔을 지나 우측으로꺾으시고 제주비치호텔을 지나시면 바다야펜션이 나옵니다.', '주차가능\n무료', '064-784-0800', null, 280, 'https://map.naver.com/p/search/%EC%A0%9C%EC%A3%BC+%EB%B0%94%EB%8B%A4%EC%95%BC%ED%8E%9C%EC%85%98/place/31343437?c=15.00,0,0,0,dh&placePath=/room?entry=bmp&fromPanelNum=2&timestamp=202512181325&locale=ko&svcName=map_pcv5&searchText=%EC%A0%9C%EC%A3%BC%2B%EB%B0%94%EB%8B%A4%EC%95%BC%ED%8E%9C%EC%85%98&businessCategory=pension&fromPanelNum=2&timestamp=202512181325&locale=ko&svcName=map_pcv5&searchText=%EC%A0%9C%EC%A3%BC%2B%EB%B0%94%EB%8B%A4%EC%95%BC%ED%8E%9C%EC%85%98&businessCategory=pension&from=map', 'NAVER', NULL, '15:00', '11:00', '아름다운 바다 전망을 자랑하는 넓고 깨끗한 방');
INSERT INTO accommodation_theme (theme_id, accommodations_id) VALUES (3, 183);
INSERT INTO accommodation_theme (theme_id, accommodations_id) VALUES (1, 183);
INSERT INTO accommodation_amenity (amenity_id, accommodations_id) VALUES (6, 183);
INSERT INTO accommodation_amenity (amenity_id, accommodations_id) VALUES (1, 183);
INSERT INTO accommodation_amenity (amenity_id, accommodations_id) VALUES (4, 183);
INSERT INTO accommodation_amenity (amenity_id, accommodations_id) VALUES (15, 183);
INSERT INTO accommodation_amenity (amenity_id, accommodations_id) VALUES (34, 183);
INSERT INTO accommodation_amenity (amenity_id, accommodations_id) VALUES (65, 183);
INSERT INTO accommodation_amenity (amenity_id, accommodations_id) VALUES (66, 183);
INSERT INTO accommodation_image (accommodations_id, image_url, image_type, sort_order) VALUES (183, 'https://search.pstatic.net/common/?autoRotate=true&type=w560_sharpen&src=https%3A%2F%2Fnaverbooking-phinf.pstatic.net%2F20230402_23%2F1680418868971FVQ60_JPEG%2F20230402_150909.jpg', 'banner', 0);
INSERT INTO accommodation_image (accommodations_id, image_url, image_type, sort_order) VALUES (183, 'https://search.pstatic.net/common/?autoRotate=true&type=w278_sharpen&src=https%3A%2F%2Fnaverbooking-phinf.pstatic.net%2F20230402_76%2F16804188702054ltpo_JPEG%2F20230402_150852.jpg', 'detail', 1);
INSERT INTO accommodation_image (accommodations_id, image_url, image_type, sort_order) VALUES (183, 'https://search.pstatic.net/common/?autoRotate=true&type=w278_sharpen&src=https%3A%2F%2Fnaverbooking-phinf.pstatic.net%2F20230402_66%2F1680418869788yibhg_JPEG%2F20230402_150934.jpg', 'detail', 2);
INSERT INTO accommodation_image (accommodations_id, image_url, image_type, sort_order) VALUES (183, 'https://search.pstatic.net/common/?autoRotate=true&type=w278_sharpen&src=https%3A%2F%2Fnaverbooking-phinf.pstatic.net%2F20230402_249%2F168041948948608sG9_JPEG%2F20230402_151823.jpg', 'detail', 3);
INSERT INTO accommodation_image (accommodations_id, image_url, image_type, sort_order) VALUES (183, 'https://search.pstatic.net/common/?autoRotate=true&type=w278_sharpen&src=https%3A%2F%2Fnaverbooking-phinf.pstatic.net%2F20230402_63%2F1680419489918qJyJS_JPEG%2F20230402_151745.jpg', 'detail', 4);
INSERT INTO room (accommodations_id, room_name, price, min_guests, max_guests, room_description, main_image_url, bathroom_count, room_type, bed_count) VALUES (183, '15평 바다전망', 45000, 2, 4, '일반객실, 기준 2인 (최대 4인) | 침실 1, 침대 1, 욕실 1, 최소 1박', 'https://search.pstatic.net/common/?autoRotate=true&quality=95&type=w750&src=https%3A%2F%2Fnaverbooking-phinf.pstatic.net%2F20230402_55%2F1680422334529tMPA5_JPEG%2F20230402_150909.jpg', 1, 'STANDARD', 1);
INSERT INTO room (accommodations_id, room_name, price, min_guests, max_guests, room_description, main_image_url, bathroom_count, room_type, bed_count) VALUES (183, '17평 산전망(2층)', 45000, 2, 3, '일반객실, 기준 2인 (최대 3인) | 침실 1, 침대 1, 욕실 1, 최소 1박', 'https://search.pstatic.net/common/?autoRotate=true&quality=95&type=w750&src=https%3A%2F%2Fnaverbooking-phinf.pstatic.net%2F20250602_161%2F1748853037876rm8KL_JPEG%2FKakaoTalk_20250531_142549506_01.jpg', 1, 'STANDARD', 1);
INSERT INTO room (accommodations_id, room_name, price, min_guests, max_guests, room_description, main_image_url, bathroom_count, room_type, bed_count) VALUES (183, '20평 산전망A(2층)', 65000, 2, 5, '일반객실, 기준 4인 (최대 5인) | 침실 1, 침대 1, 욕실 1, 최소 1박', 'https://search.pstatic.net/common/?autoRotate=true&quality=95&type=w750&src=https%3A%2F%2Fnaverbooking-phinf.pstatic.net%2F20230402_22%2F1680420554097aSPT6_JPEG%2F20230402_150337.jpg', 1, 'STANDARD', 1);
INSERT INTO room (accommodations_id, room_name, price, min_guests, max_guests, room_description, main_image_url, bathroom_count, room_type, bed_count) VALUES (183, '20평 산전망B(3층)', 65000, 2, 5, '일반객실, 기준 4인 (최대 5인) | 침실 1, 침대 1, 욕실 1, 최소 1박', 'https://search.pstatic.net/common/?autoRotate=true&quality=95&type=w750&src=https%3A%2F%2Fnaverbooking-phinf.pstatic.net%2F20230402_171%2F1680421964843d3TTE_JPEG%2F20210629_123708.jpg', 1, 'STANDARD', 1);

INSERT INTO accommodation (accommodations_id, accommodations_name, accommodations_category, accommodations_description, city, district, address_detail, latitude, longitude, transport_info, parking_info, phone, rating, review_count, source_url, source_platform, sns, check_in_time, check_out_time, short_description) VALUES (184, '제주 스완지 리조트', 'GUESTHOUSE', '스완지리조트 방문을 진심으로 환영합니다.\n제주공항에서 10분거리에 위치해 교통이 편리하고\n제주의 푸른바다가 지척에 있어 파도소리와 바다내음을\n느낄 수 있습니다.\n해안 도로는 올레길로 지정되어 있으먀,\n원시적인 어로시설인 \n"원담"이라는 돌그물과 야간 개장을 하는 \n이호 해수욕장이 인접해 있어 주간에 관광하고\n야간에는 해수욕을 즐길 수 있어 많은 사람들이 찾는 곳입니다.\n고객 여러분께 아름다운 자연풍경과 더불어\n건강까지 휴양을 위한 최적의 조건을 갖추고 있습니다.\n연인들간의 달콤한 휴식과 가족간의 여유로운 여행을\n느낄 수 있도록 마련된 공간입니다.\n사랑하는 사람들과의 편안한 휴식공간으로 함께하는\n스완지가 되겠습니다.', '제주', '제주시', '84', 33.5030450, 126.4582212, '제주공항 주자창 나와서 좌회전 후, 사거리에서 약 1km 직진합니다. 용두암방면으로 좌회전한 후, 해안도로 입구 삼거리에서 좌회전합니다. 해안도로따라서 이호 해수욕장 가기 전 좌측을 보시면 스완지펜션이 보입니다.', NULL, '064-744-6700', null, 94, 'https://map.naver.com/p/entry/place/32785986?c=15.00,0,0,0,dh&placePath=/room?entry=bmp&fromPanelNum=1&additionalHeight=76&timestamp=202512181325&locale=ko&svcName=map_pcv5&businessCategory=pension&fromPanelNum=1&additionalHeight=76&timestamp=202512181325&locale=ko&svcName=map_pcv5&businessCategory=pension&from=map', 'NAVER', NULL, '15:00', '11:00', '깨끗한 숙소에서 즐기는 아름다운 뷰');
INSERT INTO accommodation_theme (theme_id, accommodations_id) VALUES (3, 184);
INSERT INTO accommodation_theme (theme_id, accommodations_id) VALUES (1, 184);
INSERT INTO accommodation_amenity (amenity_id, accommodations_id) VALUES (11, 184);
INSERT INTO accommodation_image (accommodations_id, image_url, image_type, sort_order) VALUES (184, 'https://search.pstatic.net/common/?autoRotate=true&type=w560_sharpen&src=https%3A%2F%2Fldb-phinf.pstatic.net%2F20170110_287%2F1484028144612M9Ctv_JPEG%2F__1.jpg', 'banner', 0);
INSERT INTO accommodation_image (accommodations_id, image_url, image_type, sort_order) VALUES (184, 'https://search.pstatic.net/common/?autoRotate=true&type=w278_sharpen&src=https%3A%2F%2Fldb-phinf.pstatic.net%2F20170110_161%2F1484028144678PQsmd_JPEG%2F__2.jpg', 'detail', 1);
INSERT INTO accommodation_image (accommodations_id, image_url, image_type, sort_order) VALUES (184, 'https://search.pstatic.net/common/?autoRotate=true&type=w278_sharpen&src=https%3A%2F%2Fldb-phinf.pstatic.net%2F20170110_149%2F1484028144727Mgwht_JPEG%2F__3.jpg', 'detail', 2);
INSERT INTO accommodation_image (accommodations_id, image_url, image_type, sort_order) VALUES (184, 'https://search.pstatic.net/common/?autoRotate=true&type=w278_sharpen&src=https%3A%2F%2Fldb-phinf.pstatic.net%2F20171129_282%2F15119518890210qpzu_JPEG%2F__1.jpg', 'detail', 3);
INSERT INTO accommodation_image (accommodations_id, image_url, image_type, sort_order) VALUES (184, 'https://search.pstatic.net/common/?autoRotate=true&type=w278_sharpen&src=https%3A%2F%2Fldb-phinf.pstatic.net%2F20171129_125%2F1511951889291YfNQG_JPEG%2F__2.jpg', 'detail', 4);
INSERT INTO room (accommodations_id, room_name, price, min_guests, max_guests, room_description, main_image_url, bathroom_count, room_type, bed_count) VALUES (184, '스탠다드', 70000, 2, 3, '기준 2인 (최대 3인)', 'https://search.pstatic.net/common/?autoRotate=true&quality=95&type=w750&src=https%3A%2F%2Fnaverbooking-phinf.pstatic.net%2F20161020_203%2F1476952223303n0Jr8_JPEG%2F%25BD%25BA%25BF%25CF%25C1%25F6_%25BD%25BA%25C5%25C4%25B4%25D9%25B5%25E5_%25B4%25EB%25C7%25A5.jpg', 0, 'STANDARD', 0);
INSERT INTO room (accommodations_id, room_name, price, min_guests, max_guests, room_description, main_image_url, bathroom_count, room_type, bed_count) VALUES (184, '스탠다드 트윈', 70000, 2, 4, '기준 2인 (최대 4인)', 'https://search.pstatic.net/common/?autoRotate=true&quality=95&type=w750&src=https%3A%2F%2Fnaverbooking-phinf.pstatic.net%2F20161020_86%2F14769523323968O4wE_JPEG%2F%25BD%25BA%25BF%25CF%25C1%25F6_%25BD%25BA%25C5%25C4%25B4%25D9%25B5%25E5_%25C6%25AE%25C0%25A9_%25B4%25EB%25C7%25A5.jpg', 0, 'STANDARD', 0);
INSERT INTO room (accommodations_id, room_name, price, min_guests, max_guests, room_description, main_image_url, bathroom_count, room_type, bed_count) VALUES (184, '디럭스', 100000, 2, 5, '기준 2인 (최대 5인)', 'https://search.pstatic.net/common/?autoRotate=true&quality=95&type=w750&src=https%3A%2F%2Fnaverbooking-phinf.pstatic.net%2F20161020_11%2F1476951598143cGWrK_JPEG%2F%25BD%25BA%25BF%25CF%25C1%25F6_%25B5%25F0%25B7%25B0%25BD%25BA_%25B4%25EB%25C7%25A5.jpg', 0, 'STANDARD', 0);
INSERT INTO room (accommodations_id, room_name, price, min_guests, max_guests, room_description, main_image_url, bathroom_count, room_type, bed_count) VALUES (184, '스위트', 154000, 2, 6, '기준 4인 (최대 6인)', 'https://search.pstatic.net/common/?autoRotate=true&quality=95&type=w750&src=https%3A%2F%2Fnaverbooking-phinf.pstatic.net%2F20161020_10%2F1476952482677wEl2I_JPEG%2F%25BD%25BA%25BF%25CF%25C1%25F6_%25BD%25BA%25C0%25A7%25C6%25AE_%25B4%25EB%25C7%25A5.jpg', 0, 'STANDARD', 0);
INSERT INTO room (accommodations_id, room_name, price, min_guests, max_guests, room_description, main_image_url, bathroom_count, room_type, bed_count) VALUES (184, '패밀리', 214000, 2, 10, '일반객실, 기준 6인 (최대 10인) | 침실 1, 욕실 2, 최소 1박', 'https://search.pstatic.net/common/?autoRotate=true&quality=95&type=w750&src=https%3A%2F%2Fnaverbooking-phinf.pstatic.net%2F20240629_272%2F1719624239542EDSMo_JPEG%2Froom_fa_01.jpg', 2, 'STANDARD', 0);
INSERT INTO room (accommodations_id, room_name, price, min_guests, max_guests, room_description, main_image_url, bathroom_count, room_type, bed_count) VALUES (184, '디럭스한실룸', 100000, 2, 5, '기준 3인 (최대 5인)', 'https://search.pstatic.net/common/?autoRotate=true&quality=95&type=w750&src=https%3A%2F%2Fnaverbooking-phinf.pstatic.net%2F20190917_19%2F1568682169255a0ToW_JPEG%2F%25B5%25F0%25B7%25B0%25BD%25C7%25BF%25C2%25B5%25B9%25B9%25E6.jpg', 0, 'STANDARD', 0);

INSERT INTO accommodation (accommodations_id, accommodations_name, accommodations_category, accommodations_description, city, district, address_detail, latitude, longitude, transport_info, parking_info, phone, rating, review_count, source_url, source_platform, sns, check_in_time, check_out_time, short_description) VALUES (185, '제주 오라스테이', 'GUESTHOUSE', '제주시내위치, 올레17코스에 있는 오라스테이!\n관광지, 맛집, 바다, 일석삼조를 즐길 수 있는 위치\n따뜻한 온돌과 푹신한 침구가 있어 편안하게 머무를 수 있는 곳\n즐거운 제주 여행을 위한 숙소, 오라스테이\n\n가족과 연인, 친구들과 함께하세요!\n\n전 객실 리모델링하여 단 하루를 묵으셔도 편안하게 쉴 수 있는 공간이 되도록 만들었습니다.', '제주', '제주시', '44 오라스테이', 33.5142845, 126.5199322, NULL, '주차 불가\n주차 공간 없습니다', '0507-1409-9788', null, 7, 'https://map.naver.com/p/search/%EC%A0%9C%EC%A3%BC+%EC%98%A4%EB%9D%BC%EC%8A%A4%ED%85%8C%EC%9D%B4/place/1023481935?c=15.00,0,0,0,dh&placePath=/information?entry=bmp&fromPanelNum=2&timestamp=202512181326&locale=ko&svcName=map_pcv5&searchText=%EC%A0%9C%EC%A3%BC%2B%EC%98%A4%EB%9D%BC%EC%8A%A4%ED%85%8C%EC%9D%B4&businessCategory=motel&from=map&fromPanelNum=2&timestamp=202512181326&locale=ko&svcName=map_pcv5&searchText=%EC%A0%9C%EC%A3%BC%2B%EC%98%A4%EB%9D%BC%EC%8A%A4%ED%85%8C%EC%9D%B4&businessCategory=motel', 'NAVER', NULL, NULL, NULL, NULL);
INSERT INTO accommodation_image (accommodations_id, image_url, image_type, sort_order) VALUES (185, 'https://search.pstatic.net/common/?autoRotate=true&type=w560_sharpen&src=https%3A%2F%2Fldb-phinf.pstatic.net%2F20240413_214%2F1712988880831lUyYs_JPEG%2F%25B7%25CE%25BA%25F12.jpg', 'banner', 0);
INSERT INTO accommodation_image (accommodations_id, image_url, image_type, sort_order) VALUES (185, 'https://search.pstatic.net/common/?autoRotate=true&type=w278_sharpen&src=https%3A%2F%2Fldb-phinf.pstatic.net%2F20240413_164%2F1712988880495MgxmR_JPEG%2F%25B0%25B4%25BD%25C7_7.jpg', 'detail', 1);
INSERT INTO accommodation_image (accommodations_id, image_url, image_type, sort_order) VALUES (185, 'https://search.pstatic.net/common/?autoRotate=true&type=w278_sharpen&src=https%3A%2F%2Fldb-phinf.pstatic.net%2F20240413_211%2F1712988880493xiVP5_JPEG%2F%25B0%25B4%25BD%25C73.jpg', 'detail', 2);
INSERT INTO accommodation_image (accommodations_id, image_url, image_type, sort_order) VALUES (185, 'https://search.pstatic.net/common/?autoRotate=true&type=w278_sharpen&src=https%3A%2F%2Fldb-phinf.pstatic.net%2F20240413_2%2F1712988880458Fw9tQ_JPEG%2F%25B0%25B4%25BD%25C76.jpg', 'detail', 3);
INSERT INTO accommodation_image (accommodations_id, image_url, image_type, sort_order) VALUES (185, 'https://search.pstatic.net/common/?autoRotate=true&type=w278_sharpen&src=https%3A%2F%2Fldb-phinf.pstatic.net%2F20240413_105%2F1712988880878NhRfE_JPEG%2F%25B7%25CE%25BA%25F1.jpg', 'detail', 4);

INSERT INTO accommodation (accommodations_id, accommodations_name, accommodations_category, accommodations_description, city, district, address_detail, latitude, longitude, transport_info, parking_info, phone, rating, review_count, source_url, source_platform, sns, check_in_time, check_out_time, short_description) VALUES (186, '제주 바람이 불어오는 곳', 'GUESTHOUSE', '개인사정으로 당분간 휴무입니다.', '제주', '서귀포시', '상모대서로20번길 31-15', 33.2259544, 126.2598728, '서귀포시 대정읍 상모리 3749\n서귀포시 대정읍 상모대서로 20번길 31-15', NULL, NULL, null, 430, 'https://map.naver.com/p/entry/place/37408487?c=15.00,0,0,0,dh&placePath=/room?entry=bmp&fromPanelNum=1&additionalHeight=76&timestamp=202512181327&locale=ko&svcName=map_pcv5&businessCategory=guesthouse&fromPanelNum=1&additionalHeight=76&timestamp=202512181327&locale=ko&svcName=map_pcv5&businessCategory=guesthouse&from=map', 'NAVER', NULL, '16:00', '11:00', '편리한 위치와 편안한 분위기의 휴식처');
INSERT INTO accommodation_amenity (amenity_id, accommodations_id) VALUES (4, 186);
INSERT INTO accommodation_amenity (amenity_id, accommodations_id) VALUES (5, 186);
INSERT INTO accommodation_amenity (amenity_id, accommodations_id) VALUES (6, 186);
INSERT INTO accommodation_amenity (amenity_id, accommodations_id) VALUES (1, 186);
INSERT INTO accommodation_image (accommodations_id, image_url, image_type, sort_order) VALUES (186, 'https://search.pstatic.net/common/?autoRotate=true&type=w560_sharpen&src=https%3A%2F%2Fldb-phinf.pstatic.net%2F20170720_206%2F1500545998780XYA56_JPEG%2F186670594978558_0.jpeg', 'banner', 0);
INSERT INTO accommodation_image (accommodations_id, image_url, image_type, sort_order) VALUES (186, 'https://search.pstatic.net/common/?autoRotate=true&type=w278_sharpen&src=https%3A%2F%2Fldb-phinf.pstatic.net%2F20170720_259%2F1500545998946m8Q50_JPEG%2F186670594978558_2.jpeg', 'detail', 1);
INSERT INTO accommodation_image (accommodations_id, image_url, image_type, sort_order) VALUES (186, 'https://search.pstatic.net/common/?autoRotate=true&type=w278_sharpen&src=https%3A%2F%2Fldb-phinf.pstatic.net%2F20170720_100%2F1500545999030CvVjd_JPEG%2F186670594978558_3.jpeg', 'detail', 2);
INSERT INTO accommodation_image (accommodations_id, image_url, image_type, sort_order) VALUES (186, 'https://search.pstatic.net/common/?autoRotate=true&type=w278_sharpen&src=https%3A%2F%2Fldb-phinf.pstatic.net%2F20170720_215%2F15005459991664lk4C_JPEG%2F186670594978558_4.jpeg', 'detail', 3);
INSERT INTO accommodation_image (accommodations_id, image_url, image_type, sort_order) VALUES (186, 'https://search.pstatic.net/common/?autoRotate=true&type=w278_sharpen&src=https%3A%2F%2Fldb-phinf.pstatic.net%2F20170720_147%2F1500545999241VFem6_JPEG%2F186670594978558_5.jpeg', 'detail', 4);
INSERT INTO room (accommodations_id, room_name, price, min_guests, max_guests, room_description, main_image_url, bathroom_count, room_type, bed_count) VALUES (186, '더블룸', 50000, 2, 2, '기준 2인 (최대 2인)', 'https://search.pstatic.net/common/?autoRotate=true&quality=95&type=w750&src=https%3A%2F%2Fldb-phinf.pstatic.net%2F20170720_79%2F15005453165792dqmw_JPEG%2F825363a4-d71f-433c-80fc-ca1c18989d0b.jpeg', 0, 'STANDARD', 0);
INSERT INTO room (accommodations_id, room_name, price, min_guests, max_guests, room_description, main_image_url, bathroom_count, room_type, bed_count) VALUES (186, '트윈1', 50000, 2, 2, '기준 2인 (최대 2인)', 'https://search.pstatic.net/common/?autoRotate=true&quality=95&type=w750&src=https%3A%2F%2Fldb-phinf.pstatic.net%2F20170720_21%2F1500545386189dRWfg_JPEG%2F22b17d68-50a1-43fe-8d8e-acf77c2856c4.jpeg', 0, 'STANDARD', 0);
INSERT INTO room (accommodations_id, room_name, price, min_guests, max_guests, room_description, main_image_url, bathroom_count, room_type, bed_count) VALUES (186, '트윈2', 50000, 2, 3, '기준 2인 (최대 3인)', 'https://search.pstatic.net/common/?autoRotate=true&quality=95&type=w750&src=https%3A%2F%2Fldb-phinf.pstatic.net%2F20170831_285%2F1504160499894jQ5vY_JPEG%2F8wxYhmLDi_5DENPGL96Bkfep.jpg', 0, 'STANDARD', 0);
INSERT INTO room (accommodations_id, room_name, price, min_guests, max_guests, room_description, main_image_url, bathroom_count, room_type, bed_count) VALUES (186, '싱글룸', 40000, 2, 1, '기준 1인 (최대 1인)', 'https://search.pstatic.net/common/?autoRotate=true&quality=95&type=w750&src=https%3A%2F%2Fldb-phinf.pstatic.net%2F20230601_228%2F1685600206607LCqIC_JPEG%2F20230601_150202.jpg', 0, 'STANDARD', 0);
INSERT INTO room (accommodations_id, room_name, price, min_guests, max_guests, room_description, main_image_url, bathroom_count, room_type, bed_count) VALUES (186, '여자 4인실', 25000, 2, 4, '기준 4인 (최대 4인)', 'https://search.pstatic.net/common/?autoRotate=true&quality=95&type=w750&src=https%3A%2F%2Fldb-phinf.pstatic.net%2F20170831_99%2F1504160967914fUTD1_JPEG%2FoyD43_jO_4tI5IvAnow6ami6.jpg', 0, 'STANDARD', 0);
INSERT INTO room (accommodations_id, room_name, price, min_guests, max_guests, room_description, main_image_url, bathroom_count, room_type, bed_count) VALUES (186, '남자 4인실', 25000, 2, 4, '기준 4인 (최대 4인)', 'https://search.pstatic.net/common/?autoRotate=true&quality=95&type=w750&src=https%3A%2F%2Fldb-phinf.pstatic.net%2F20170909_14%2F1504943228103dGtov_JPEG%2F8iU5fWZli2IP5qGUJLi_C3BK.jpg', 0, 'STANDARD', 0);

INSERT INTO accommodation (accommodations_id, accommodations_name, accommodations_category, accommodations_description, city, district, address_detail, latitude, longitude, transport_info, parking_info, phone, rating, review_count, source_url, source_platform, sns, check_in_time, check_out_time, short_description) VALUES (187, '제주 스위스마을 216동', 'GUESTHOUSE', '최근핫플레이스로 떠오르고있는 제주 조천 스위스마을.TV동물농장에 소개된 바로 그곳입니다.\n독립된 공간의 호텔식 객실이며 룸 안에 욕실을 갖추고 있습니다.\n셀프 체크인 셀프 체크아웃 가능합니다.\n제주 삼다수가 생산되는 물 맑고 공기좋은 중산간 마을입니다.\n마을 내 광장에 서면 멀리 함덕해수욕장과 서우봉이 보이고, 그 옆으로 이어지는 김녕해변의 풍차가 멋지게 펼쳐져 있는것을 감상하실수있습니다.\n가까운곳에 검은오름.선녀와나뭇꾼.크라운cc,한화봉개프라자등이 인접해있어서 휴양지로도 좋고\n제주공항에서 30분거리로 편리하고\n마을내에 cu편의점과 카페 음식점등이 있어서 즐기기에도 최고로 만족스런장소가될것입니다.', '제주', '제주시', '함와로 566-27', 33.4949439, 126.6766028, '스위스마을 215, 216동\n# 객실금액은 기준인원에 대한 금액으로 기준인원 초 과 시 추가요금이 발생합니다. 예약 시 예약인원을 꼭 확인해주세요. - 당일 예약 후 당일 이용하는 ...', NULL, NULL, null, 2, 'https://map.naver.com/p/search/%EC%A0%9C%EC%A3%BC+%EC%8A%A4%EC%9C%84%EC%8A%A4%EB%A7%88%EC%9D%84+216%EB%8F%99/place/1699802615?isCorrectAnswer=true&c=15.00,0,0,0,dh&placePath=/room?fromPanelNum=1&additionalHeight=76&timestamp=202512181327&locale=ko&svcName=map_pcv5&searchText=%EC%A0%9C%EC%A3%BC%2B%EC%8A%A4%EC%9C%84%EC%8A%A4%EB%A7%88%EC%9D%84%2B216%EB%8F%99&businessCategory=pension&additionalHeight=76&timestamp=202512181327&locale=ko&svcName=map_pcv5&searchText=%EC%A0%9C%EC%A3%BC%2B%EC%8A%A4%EC%9C%84%EC%8A%A4%EB%A7%88%EC%9D%84%2B216%EB%8F%99&businessCategory=pension&fromPanelNum=1', 'NAVER', NULL, NULL, NULL, NULL);
INSERT INTO accommodation_amenity (amenity_id, accommodations_id) VALUES (6, 187);
INSERT INTO accommodation_amenity (amenity_id, accommodations_id) VALUES (4, 187);
INSERT INTO accommodation_amenity (amenity_id, accommodations_id) VALUES (1, 187);
INSERT INTO accommodation_image (accommodations_id, image_url, image_type, sort_order) VALUES (187, 'https://search.pstatic.net/common/?autoRotate=true&type=w560_sharpen&src=https%3A%2F%2Fldb-phinf.pstatic.net%2F20210603_84%2F1622697861516tHg1l_JPEG%2FCloga07aAkapD32ByfqvU69w.jpg', 'banner', 0);
INSERT INTO accommodation_image (accommodations_id, image_url, image_type, sort_order) VALUES (187, 'https://search.pstatic.net/common/?autoRotate=true&type=w278_sharpen&src=https%3A%2F%2Fldb-phinf.pstatic.net%2F20210603_34%2F1622697877072eHBoK_JPEG%2FT9mpOdWbi6ytLCCXuAcwP8Kh.jpg', 'detail', 1);
INSERT INTO accommodation_image (accommodations_id, image_url, image_type, sort_order) VALUES (187, 'https://search.pstatic.net/common/?autoRotate=true&type=w278_sharpen&src=https%3A%2F%2Fldb-phinf.pstatic.net%2F20210603_19%2F1622697861521f4u0g_JPEG%2FYb82jfuBVhZrRy2XDk04N7xq.jpg', 'detail', 2);
INSERT INTO accommodation_image (accommodations_id, image_url, image_type, sort_order) VALUES (187, 'https://search.pstatic.net/common/?autoRotate=true&type=w278_sharpen&src=https%3A%2F%2Fldb-phinf.pstatic.net%2F20210603_57%2F1622697861826o1fjR_JPEG%2F0ZU_aoMuh0NwBRL1W-QFaXwu.jpg', 'detail', 3);
INSERT INTO accommodation_image (accommodations_id, image_url, image_type, sort_order) VALUES (187, 'https://search.pstatic.net/common/?autoRotate=true&type=w278_sharpen&src=https%3A%2F%2Fldb-phinf.pstatic.net%2F20210603_103%2F1622697891707kJPYA_JPEG%2Fbw0caPRLllcQzY7WMqRwbNmw.jpg', 'detail', 4);
INSERT INTO room (accommodations_id, room_name, price, min_guests, max_guests, room_description, main_image_url, bathroom_count, room_type, bed_count) VALUES (187, '201호-1(랜덤배정)', 70000, 2, 2, '일반객실, 기준 2인 (최대 2인) | 침실 1, 침대 1, 욕실 1, 최소 1박', 'https://search.pstatic.net/common/?autoRotate=true&quality=95&type=w750&src=https%3A%2F%2Fnaverbooking-phinf.pstatic.net%2F20211207_112%2F1638840979071VMQxM_JPEG%2Fimage.jpg', 1, 'STANDARD', 1);
INSERT INTO room (accommodations_id, room_name, price, min_guests, max_guests, room_description, main_image_url, bathroom_count, room_type, bed_count) VALUES (187, '202호-1(랜덤배정)', 80000, 2, 3, '일반객실, 기준 2인 (최대 3인) | 침실 1, 침대 1, 욕실 1, 최소 1박', 'https://search.pstatic.net/common/?autoRotate=true&quality=95&type=w750&src=https%3A%2F%2Fnaverbooking-phinf.pstatic.net%2F20211207_61%2F1638841058194eidRp_JPEG%2Fimage.jpg', 1, 'STANDARD', 1);
INSERT INTO room (accommodations_id, room_name, price, min_guests, max_guests, room_description, main_image_url, bathroom_count, room_type, bed_count) VALUES (187, '300호', 140000, 2, 6, '일반객실, 기준 2인 (최대 6인) | 침실 1, 침대 1, 욕실 1, 최소 1박', 'https://search.pstatic.net/common/?autoRotate=true&quality=95&type=w750&src=https%3A%2F%2Fnaverbooking-phinf.pstatic.net%2F20211207_153%2F1638841060166pXrur_JPEG%2Fimage.jpg', 1, 'STANDARD', 1);

INSERT INTO accommodation (accommodations_id, accommodations_name, accommodations_category, accommodations_description, city, district, address_detail, latitude, longitude, transport_info, parking_info, phone, rating, review_count, source_url, source_platform, sns, check_in_time, check_out_time, short_description) VALUES (188, '제주 스테이 비젠빌리지', 'GUESTHOUSE', '도심을 떠나 차별화된 감성 여행을 원하신다면\n\n제주도 ''비젠빌리지''를 찾아주세요.\n\n비젠빌리지에서 700m 하도해수욕장\n\n윌리의 카메라(아날로그 필름카메라)\n대여.\n필름카메라\n\n판매.\n필름 카메라\n일회용 카메라\n로모 카메라\n필름\n\n제주 하도리 아날로그 사진여행(필름사진)\n다양한 체험 프로그램:\n\n- 제주 하도리 아날로그 사진여행(필름사진)\n\n하도리사진관(Slowstone): 사진 스튜디오 예약제\n\n비어라운드 청음카페\n\n1.이곳에선 모두가 주인공\n모든곳이 사진 스튜디오같은 이곳\n-\n동상이몽 ''한고은 부부''\n글랜스 TV\n원나잇 푸드트립 ''오세득쉐프''\nB1A4 뮤직비디오 촬영\n이달의 소녀 뮤직비디오 촬영\n우아 촬영\n예쁘장한 구오즈(가수 육성재)\n아리랑TV\n-\n각종 방송 & 뮤직비디오에 소개된 비젠빌리지\n세트장 같은 숙소에서 인생사진을!\n\n인스타그램\n- 비어라운드 @bearoundcafe\n- 아날로그샵 & 로프트 마켓 @analog_lifestyleshop\n- 슬로우스톤 (하도리사진관) @slowstonejeju\n\n비젠빌리지\n입실시간은 16:00-20:00 입니다.\n\n비행기의 늦은 도착이 아닌 다른 사유인 경우\n20:00 이후 시간당 만원의 추가요금이 적용됩니다.\n21:00 이후는 입실이 허락되지 않습니다.\n다른 분들이 불편하지 않도록 입실시간을 지켜주시길 바랍니다.\n\n예약변경은 네이버예약을 통해서 부탁드립니다.\n: (예약 취소 네이버예약을 통해서만 진행됩니다. 예약시 환불 규정을 확인 후 예약 부탁드립니다.)', '제주', '제주시', '하도9길 72 비젠빌리지', 33.5115710, 126.8908021, '버스 이용시.\n구좌읍 세화리에서 환승 가능합니다.\n\n택시 이용시.\n오후 들어오시는 경우\n로컬택인 구좌읍 택시를 검색하셔서 연락하시면 2만원 미만의 금액으로 이용 가능하세요.\n\n주소. 제주시 구좌읍 하도리 907번지 입니다.', '주차가능\n무료', NULL, null, 436, 'https://map.naver.com/p/search/%EC%A0%9C%EC%A3%BC+%EC%8A%A4%ED%85%8C%EC%9D%B4+%EB%B9%84%EC%A0%A0%EB%B9%8C%EB%A6%AC%EC%A7%80/place/37779178?isCorrectAnswer=true&c=15.00,0,0,0,dh&placePath=/information?fromPanelNum=1&additionalHeight=76&timestamp=202512181327&locale=ko&svcName=map_pcv5&searchText=%EC%A0%9C%EC%A3%BC%2B%EC%8A%A4%ED%85%8C%EC%9D%B4%2B%EB%B9%84%EC%A0%A0%EB%B9%8C%EB%A6%AC%EC%A7%80&businessCategory=pension&fromPanelNum=1&additionalHeight=76&timestamp=202512181327&locale=ko&svcName=map_pcv5&searchText=%EC%A0%9C%EC%A3%BC%2B%EC%8A%A4%ED%85%8C%EC%9D%B4%2B%EB%B9%84%EC%A0%A0%EB%B9%8C%EB%A6%AC%EC%A7%80&businessCategory=pension', 'NAVER', 'Blog: https://blog.naver.com/wiesenvillagejeju\nInstagram: http://www.instagram.com/wiesenvillage', '16:00', '11:00', NULL);
INSERT INTO accommodation_theme (theme_id, accommodations_id) VALUES (3, 188);
INSERT INTO accommodation_theme (theme_id, accommodations_id) VALUES (4, 188);
INSERT INTO accommodation_theme (theme_id, accommodations_id) VALUES (1, 188);
INSERT INTO accommodation_amenity (amenity_id, accommodations_id) VALUES (6, 188);
INSERT INTO accommodation_amenity (amenity_id, accommodations_id) VALUES (15, 188);
INSERT INTO accommodation_amenity (amenity_id, accommodations_id) VALUES (20, 188);
INSERT INTO accommodation_amenity (amenity_id, accommodations_id) VALUES (10, 188);
INSERT INTO accommodation_amenity (amenity_id, accommodations_id) VALUES (24, 188);
INSERT INTO accommodation_amenity (amenity_id, accommodations_id) VALUES (53, 188);
INSERT INTO accommodation_amenity (amenity_id, accommodations_id) VALUES (70, 188);
INSERT INTO accommodation_amenity (amenity_id, accommodations_id) VALUES (11, 188);
INSERT INTO accommodation_amenity (amenity_id, accommodations_id) VALUES (5, 188);
INSERT INTO accommodation_amenity (amenity_id, accommodations_id) VALUES (34, 188);
INSERT INTO accommodation_amenity (amenity_id, accommodations_id) VALUES (4, 188);
INSERT INTO accommodation_image (accommodations_id, image_url, image_type, sort_order) VALUES (188, 'https://search.pstatic.net/common/?autoRotate=true&type=w560_sharpen&src=https%3A%2F%2Fldb-phinf.pstatic.net%2F20230528_103%2F1685248862367Uzli0_JPEG%2FIMG_7059.jpg', 'banner', 0);
INSERT INTO accommodation_image (accommodations_id, image_url, image_type, sort_order) VALUES (188, 'https://search.pstatic.net/common/?autoRotate=true&type=w278_sharpen&src=https%3A%2F%2Fldb-phinf.pstatic.net%2F20201214_276%2F1607911169947LHhfo_JPEG%2FYZ-YphgL6U6P18uNB3iHVy-z.jpg', 'detail', 1);
INSERT INTO accommodation_image (accommodations_id, image_url, image_type, sort_order) VALUES (188, 'https://search.pstatic.net/common/?autoRotate=true&type=w278_sharpen&src=https%3A%2F%2Fldb-phinf.pstatic.net%2F20240731_252%2F1722403368131G9K92_JPEG%2FL1006859.jpg', 'detail', 2);
INSERT INTO accommodation_image (accommodations_id, image_url, image_type, sort_order) VALUES (188, 'https://search.pstatic.net/common/?autoRotate=true&type=w278_sharpen&src=https%3A%2F%2Fldb-phinf.pstatic.net%2F20240731_255%2F17224030618621oH1d_JPEG%2FL1006882.jpg', 'detail', 3);
INSERT INTO accommodation_image (accommodations_id, image_url, image_type, sort_order) VALUES (188, 'https://search.pstatic.net/common/?autoRotate=true&type=w278_sharpen&src=https%3A%2F%2Fldb-phinf.pstatic.net%2F20230528_117%2F16852487054212Vq6t_JPEG%2FIMG_7063.jpg', 'detail', 4);

INSERT INTO accommodation (accommodations_id, accommodations_name, accommodations_category, accommodations_description, city, district, address_detail, latitude, longitude, transport_info, parking_info, phone, rating, review_count, source_url, source_platform, sns, check_in_time, check_out_time, short_description) VALUES (189, '제주 조이핑블하우스', 'GUESTHOUSE', '동쪽 제주도의 조용한 (애견동반)펜션 및 게스트하우스 조이핑블하우스입니다.\n넓은 마당과 한적하고 여유로운 제주를 즐길 수 있어요!\n\n** 계좌이체시 할인 해드리니 010-2970-3467로 문의주세요!**.\n* 숯불 바베큐는 미리 말씀해주시면 이용 가능합니다.\n*도미토리 이용고객은 휴게실 내에서 저녁 6시부터 저녁 10시30분까지 포트럭파티 가능합니다.(독채 이용하시는 분들도 이용 가능)\n* 픽업가능 하오니 연락주세요.(평대초등학교 픽업)\n* JOY핑블하우스에서는 다른 게스트들을 위해서 객실 내 금연을 하고 있으며 핑블하우스 외부에서는 가능합니다.\n* 한달살기가 가능한 취사방이 있으며 전화로 문의주시면 감사하겠습니다.\n* 애견동반은 모든 방이 가능하며 예약시 주의사항을 잘 읽어주시면 감사하겠습니다.\n* 체크인시간은 오후 4시이며 체크아웃은 오전 10시30분입니다.\n* 주차공간은 제공됩니다.\n* 애견동반 렌트카 문의할시 전화 또는 문자 주시면 감사하겠습니다.', '제주', '제주시', '비자림로동1길 60-25', 33.5159602, 126.8249965, '네이버지도,다음지도,카카오지도에 조이핑블하우스를 검색하신 후 찾아오시면 됩니다.', '주차가능\n무료\n주차공간 많으니 숙소 앞으로 주차해주시면 됩니다.', NULL, null, 69, 'https://map.naver.com/p/search/%EC%A0%9C%EC%A3%BC+%EC%A1%B0%EC%9D%B4%ED%95%91%EB%B8%94%ED%95%98%EC%9A%B0%EC%8A%A4/place/1580256025?isCorrectAnswer=true&c=15.00,0,0,0,dh&placePath=/room?fromPanelNum=1&additionalHeight=76&timestamp=202512181328&locale=ko&svcName=map_pcv5&searchText=%EC%A0%9C%EC%A3%BC%2B%EC%A1%B0%EC%9D%B4%ED%95%91%EB%B8%94%ED%95%98%EC%9A%B0%EC%8A%A4&businessCategory=pension&additionalHeight=76&timestamp=202512181328&locale=ko&svcName=map_pcv5&searchText=%EC%A0%9C%EC%A3%BC%2B%EC%A1%B0%EC%9D%B4%ED%95%91%EB%B8%94%ED%95%98%EC%9A%B0%EC%8A%A4&businessCategory=pension&fromPanelNum=1', 'NAVER', 'Instagram: http://www.instagram.com/joy.pingble_house', '16:00', '10:30', NULL);
INSERT INTO accommodation_theme (theme_id, accommodations_id) VALUES (3, 189);
INSERT INTO accommodation_theme (theme_id, accommodations_id) VALUES (1, 189);
INSERT INTO accommodation_amenity (amenity_id, accommodations_id) VALUES (20, 189);
INSERT INTO accommodation_amenity (amenity_id, accommodations_id) VALUES (6, 189);
INSERT INTO accommodation_amenity (amenity_id, accommodations_id) VALUES (16, 189);
INSERT INTO accommodation_amenity (amenity_id, accommodations_id) VALUES (4, 189);
INSERT INTO accommodation_amenity (amenity_id, accommodations_id) VALUES (29, 189);
INSERT INTO accommodation_amenity (amenity_id, accommodations_id) VALUES (1, 189);
INSERT INTO accommodation_amenity (amenity_id, accommodations_id) VALUES (15, 189);
INSERT INTO accommodation_amenity (amenity_id, accommodations_id) VALUES (7, 189);
INSERT INTO accommodation_amenity (amenity_id, accommodations_id) VALUES (34, 189);
INSERT INTO accommodation_amenity (amenity_id, accommodations_id) VALUES (24, 189);
INSERT INTO accommodation_amenity (amenity_id, accommodations_id) VALUES (5, 189);
INSERT INTO accommodation_amenity (amenity_id, accommodations_id) VALUES (18, 189);
INSERT INTO accommodation_amenity (amenity_id, accommodations_id) VALUES (65, 189);
INSERT INTO accommodation_amenity (amenity_id, accommodations_id) VALUES (8, 189);
INSERT INTO accommodation_amenity (amenity_id, accommodations_id) VALUES (11, 189);
INSERT INTO accommodation_image (accommodations_id, image_url, image_type, sort_order) VALUES (189, 'https://search.pstatic.net/common/?autoRotate=true&type=w560_sharpen&src=https%3A%2F%2Fldb-phinf.pstatic.net%2F20200623_295%2F1592914795358bhICX_JPEG%2F8259gmkwm6KPg3TGghY1G_Ge.jpeg.jpg', 'banner', 0);
INSERT INTO accommodation_image (accommodations_id, image_url, image_type, sort_order) VALUES (189, 'https://search.pstatic.net/common/?autoRotate=true&type=w278_sharpen&src=https%3A%2F%2Fldb-phinf.pstatic.net%2F20240914_35%2F1726319533024dKCmk_JPEG%2F1000011861.jpg', 'detail', 1);
INSERT INTO accommodation_image (accommodations_id, image_url, image_type, sort_order) VALUES (189, 'https://search.pstatic.net/common/?autoRotate=true&type=w278_sharpen&src=https%3A%2F%2Fldb-phinf.pstatic.net%2F20240914_196%2F1726319532981QGvI4_JPEG%2F1000011869.jpg', 'detail', 2);
INSERT INTO accommodation_image (accommodations_id, image_url, image_type, sort_order) VALUES (189, 'https://search.pstatic.net/common/?autoRotate=true&type=w278_sharpen&src=https%3A%2F%2Fldb-phinf.pstatic.net%2F20240914_28%2F17263195331062TpVP_JPEG%2F1000011870.jpg', 'detail', 3);
INSERT INTO accommodation_image (accommodations_id, image_url, image_type, sort_order) VALUES (189, 'https://search.pstatic.net/common/?autoRotate=true&type=w278_sharpen&src=https%3A%2F%2Fldb-phinf.pstatic.net%2F20240914_49%2F1726319533158p1cP3_JPEG%2F1000011880.jpg', 'detail', 4);
INSERT INTO room (accommodations_id, room_name, price, min_guests, max_guests, room_description, main_image_url, bathroom_count, room_type, bed_count) VALUES (189, '핑크제주/한달살이가능(취사방/더블침대/세탁기有)', 110000, 2, 4, '독채, 기준 2인 (최대 4인)', 'https://search.pstatic.net/common/?autoRotate=true&quality=95&type=w750&src=https%3A%2F%2Fnaverbooking-phinf.pstatic.net%2F20250502_74%2F1746165199240NMgYw_JPEG%2Fimage.jpg', 0, 'STANDARD', 0);
INSERT INTO room (accommodations_id, room_name, price, min_guests, max_guests, room_description, main_image_url, bathroom_count, room_type, bed_count) VALUES (189, '핑크하늘/한달살이가능(취사방/싱글침대2개)', 110000, 2, 4, '독채, 기준 2인 (최대 4인)', 'https://search.pstatic.net/common/?autoRotate=true&quality=95&type=w750&src=https%3A%2F%2Fnaverbooking-phinf.pstatic.net%2F20240903_202%2F1725334751509lBeMC_JPEG%2Fimage.jpg', 0, 'STANDARD', 0);

INSERT INTO accommodation (accommodations_id, accommodations_name, accommodations_category, accommodations_description, city, district, address_detail, latitude, longitude, transport_info, parking_info, phone, rating, review_count, source_url, source_platform, sns, check_in_time, check_out_time, short_description) VALUES (190, '더타임제주 독채', 'GUESTHOUSE', NULL, '제주', '제주시', '44-2', null, null, NULL, NULL, NULL, null, 1, 'https://map.naver.com/p/search/%EB%8D%94%ED%83%80%EC%9E%84%EC%A0%9C%EC%A3%BC+%EB%8F%85%EC%B1%84/place/1643542134?isCorrectAnswer=true&c=15.00,0,0,0,dh&placePath=/information?fromPanelNum=1&additionalHeight=76&timestamp=202512181328&locale=ko&svcName=map_pcv5&searchText=%EB%8D%94%ED%83%80%EC%9E%84%EC%A0%9C%EC%A3%BC%2B%EB%8F%85%EC%B1%84&businessCategory=guesthouse&fromPanelNum=1&additionalHeight=76&timestamp=202512181328&locale=ko&svcName=map_pcv5&searchText=%EB%8D%94%ED%83%80%EC%9E%84%EC%A0%9C%EC%A3%BC%2B%EB%8F%85%EC%B1%84&businessCategory=guesthouse', 'NAVER', NULL, NULL, NULL, NULL);
INSERT INTO accommodation_image (accommodations_id, image_url, image_type, sort_order) VALUES (190, 'https://search.pstatic.net/common/?autoRotate=true&quality=95&type=w750&src=https%3A%2F%2Fldb-phinf.pstatic.net%2F20210223_55%2F1614057794436d1UsG_JPEG%2FcDo5cnE6JMit0h1nx2hfh1ea.jpeg.jpg', 'banner', 0);

INSERT INTO accommodation (accommodations_id, accommodations_name, accommodations_category, accommodations_description, city, district, address_detail, latitude, longitude, transport_info, parking_info, phone, rating, review_count, source_url, source_platform, sns, check_in_time, check_out_time, short_description) VALUES (191, '제주 거문오름 호스텔', 'GUESTHOUSE', '제주세계자연유산인 거문오름까지 도보 또는 픽업가능\n주위관광명소추천 제주세계자연유산 거문오름\n한라산 샤려니숲 산굼부리 교래자연휴향림\n동백동산 만장굴 비자림 함덕해수욕장 서우봉해변\n\n1.한라산이보인 잔듸구장 이용가능\n2.야외바베큐 이용가능\n3.성수기 수영장 이용가능\n4.한밤의 흥겨운 노래방 이용가능\n5.가족적인 분위의 힐링할수있는 곳입니다', '제주', '제주시', '선교로 434-2', 33.4674271, 126.7093833, '번영로- 거문오름 탐방쎈타(자연유산쎈터)- *중간위치*- 선녀와나무꾼\n제주시외버스터미널-720번버스-거문오름 정류장 하차\n전화주시면 픽업도 나갑니다', NULL, '064-782-9977', null, 2, 'https://map.naver.com/p/search/%EC%A0%9C%EC%A3%BC+%EA%B1%B0%EB%AC%B8%EC%98%A4%EB%A6%84+%ED%98%B8%EC%8A%A4%ED%85%94/place/17037378?isCorrectAnswer=true&c=15.00,0,0,0,dh&placePath=/room?fromPanelNum=1&additionalHeight=76&timestamp=202512181328&locale=ko&svcName=map_pcv5&searchText=%EC%A0%9C%EC%A3%BC%2B%EA%B1%B0%EB%AC%B8%EC%98%A4%EB%A6%84%2B%ED%98%B8%EC%8A%A4%ED%85%94&businessCategory=guesthouse&additionalHeight=76&timestamp=202512181328&locale=ko&svcName=map_pcv5&searchText=%EC%A0%9C%EC%A3%BC%2B%EA%B1%B0%EB%AC%B8%EC%98%A4%EB%A6%84%2B%ED%98%B8%EC%8A%A4%ED%85%94&businessCategory=guesthouse&fromPanelNum=1', 'NAVER', NULL, NULL, NULL, NULL);
INSERT INTO accommodation_amenity (amenity_id, accommodations_id) VALUES (30, 191);
INSERT INTO accommodation_image (accommodations_id, image_url, image_type, sort_order) VALUES (191, 'https://search.pstatic.net/common/?autoRotate=true&type=w560_sharpen&src=https%3A%2F%2Fldb-phinf.pstatic.net%2F20221202_261%2F1669940414769lD89O_JPEG%2F20.jpg', 'banner', 0);
INSERT INTO accommodation_image (accommodations_id, image_url, image_type, sort_order) VALUES (191, 'https://search.pstatic.net/common/?autoRotate=true&type=w278_sharpen&src=https%3A%2F%2Fldb-phinf.pstatic.net%2F20221202_71%2F1669940410266R3rwq_JPEG%2F24.jpg', 'detail', 1);
INSERT INTO accommodation_image (accommodations_id, image_url, image_type, sort_order) VALUES (191, 'https://search.pstatic.net/common/?autoRotate=true&type=w278_sharpen&src=https%3A%2F%2Fldb-phinf.pstatic.net%2F20221202_195%2F1669940406901cD1F3_JPEG%2F25.jpg', 'detail', 2);
INSERT INTO accommodation_image (accommodations_id, image_url, image_type, sort_order) VALUES (191, 'https://search.pstatic.net/common/?autoRotate=true&type=w278_sharpen&src=https%3A%2F%2Fldb-phinf.pstatic.net%2F20221202_112%2F1669940403092qyn50_JPEG%2F26.jpg', 'detail', 3);
INSERT INTO accommodation_image (accommodations_id, image_url, image_type, sort_order) VALUES (191, 'https://search.pstatic.net/common/?autoRotate=true&type=w278_sharpen&src=https%3A%2F%2Fldb-phinf.pstatic.net%2F20221202_167%2F1669940399204nzPYu_JPEG%2F27.jpg', 'detail', 4);
INSERT INTO room (accommodations_id, room_name, price, min_guests, max_guests, room_description, main_image_url, bathroom_count, room_type, bed_count) VALUES (191, '아파트형 1층D', 60000, 2, 6, '일반객실, 기준 2인 (최대 6인) | 침실 1, 침대 2, 욕실 1, 최소 1박', 'https://search.pstatic.net/common/?autoRotate=true&quality=95&type=w750&src=https%3A%2F%2Fnaverbooking-phinf.pstatic.net%2F20190724_102%2F1563979985353hcBeX_JPEG%2Fimage.jpg', 1, 'STANDARD', 2);
INSERT INTO room (accommodations_id, room_name, price, min_guests, max_guests, room_description, main_image_url, bathroom_count, room_type, bed_count) VALUES (191, '아파트형 1층E', 60000, 2, 6, '일반객실, 기준 2인 (최대 6인) | 침실 1, 침대 2, 욕실 1, 최소 1박', 'https://search.pstatic.net/common/?autoRotate=true&quality=95&type=w750&src=https%3A%2F%2Fnaverbooking-phinf.pstatic.net%2F20190724_102%2F1563979985353hcBeX_JPEG%2Fimage.jpg', 1, 'STANDARD', 2);
INSERT INTO room (accommodations_id, room_name, price, min_guests, max_guests, room_description, main_image_url, bathroom_count, room_type, bed_count) VALUES (191, '아파트형 2층D', 65000, 2, 6, '일반객실, 기준 2인 (최대 6인) | 침실 1, 침대 2, 욕실 1, 최소 1박', 'https://search.pstatic.net/common/?autoRotate=true&quality=95&type=w750&src=https%3A%2F%2Fnaverbooking-phinf.pstatic.net%2F20190724_278%2F1563979999410pgcuw_JPEG%2Fimage.jpg', 1, 'STANDARD', 2);
INSERT INTO room (accommodations_id, room_name, price, min_guests, max_guests, room_description, main_image_url, bathroom_count, room_type, bed_count) VALUES (191, '아파트형 2층E', 65000, 2, 6, '일반객실, 기준 2인 (최대 6인) | 침실 1, 침대 2, 욕실 1, 최소 1박', 'https://search.pstatic.net/common/?autoRotate=true&quality=95&type=w750&src=https%3A%2F%2Fnaverbooking-phinf.pstatic.net%2F20190724_278%2F1563979999410pgcuw_JPEG%2Fimage.jpg', 1, 'STANDARD', 2);
INSERT INTO room (accommodations_id, room_name, price, min_guests, max_guests, room_description, main_image_url, bathroom_count, room_type, bed_count) VALUES (191, '아파트형 1층F(취사불가)', 60000, 2, 6, '일반객실, 기준 2인 (최대 6인) | 침실 1, 침대 2, 욕실 1, 최소 1박', 'https://search.pstatic.net/common/?autoRotate=true&quality=95&type=w750&src=https%3A%2F%2Fnaverbooking-phinf.pstatic.net%2F20190724_102%2F1563979985353hcBeX_JPEG%2Fimage.jpg', 1, 'STANDARD', 2);
INSERT INTO room (accommodations_id, room_name, price, min_guests, max_guests, room_description, main_image_url, bathroom_count, room_type, bed_count) VALUES (191, '아파트형 1층A(취사불가)', 60000, 2, 6, '일반객실, 기준 2인 (최대 6인) | 침실 1, 침대 2, 욕실 1, 최소 1박', 'https://search.pstatic.net/common/?autoRotate=true&quality=95&type=w750&src=https%3A%2F%2Fnaverbooking-phinf.pstatic.net%2F20190724_278%2F1563979999410pgcuw_JPEG%2Fimage.jpg', 1, 'STANDARD', 2);
INSERT INTO room (accommodations_id, room_name, price, min_guests, max_guests, room_description, main_image_url, bathroom_count, room_type, bed_count) VALUES (191, '아파트형 1층A(취사불가)', 60000, 2, 6, '일반객실, 기준 2인 (최대 6인) | 침실 1, 침대 2, 욕실 1, 최소 1박', 'https://search.pstatic.net/common/?autoRotate=true&quality=95&type=w750&src=https%3A%2F%2Fnaverbooking-phinf.pstatic.net%2F20190724_102%2F1563979985353hcBeX_JPEG%2Fimage.jpg', 1, 'STANDARD', 2);
INSERT INTO room (accommodations_id, room_name, price, min_guests, max_guests, room_description, main_image_url, bathroom_count, room_type, bed_count) VALUES (191, '아파트형 1층B(취사불가)', 60000, 2, 6, '일반객실, 기준 2인 (최대 6인) | 침실 1, 침대 2, 욕실 1, 최소 1박', 'https://search.pstatic.net/common/?autoRotate=true&quality=95&type=w750&src=https%3A%2F%2Fnaverbooking-phinf.pstatic.net%2F20190724_102%2F1563979985353hcBeX_JPEG%2Fimage.jpg', 1, 'STANDARD', 2);
INSERT INTO room (accommodations_id, room_name, price, min_guests, max_guests, room_description, main_image_url, bathroom_count, room_type, bed_count) VALUES (191, '아파트형 1층C(취사불가)', 60000, 2, 6, '일반객실, 기준 2인 (최대 6인) | 침실 1, 침대 2, 욕실 1, 최소 1박', 'https://search.pstatic.net/common/?autoRotate=true&quality=95&type=w750&src=https%3A%2F%2Fnaverbooking-phinf.pstatic.net%2F20190724_102%2F1563979985353hcBeX_JPEG%2Fimage.jpg', 1, 'STANDARD', 2);
INSERT INTO room (accommodations_id, room_name, price, min_guests, max_guests, room_description, main_image_url, bathroom_count, room_type, bed_count) VALUES (191, '아파트형 2층B(취사불가)', 63000, 2, 6, '일반객실, 기준 2인 (최대 6인) | 침실 1, 침대 2, 욕실 1, 최소 1박', 'https://search.pstatic.net/common/?autoRotate=true&quality=95&type=w750&src=https%3A%2F%2Fnaverbooking-phinf.pstatic.net%2F20190724_278%2F1563979999410pgcuw_JPEG%2Fimage.jpg', 1, 'STANDARD', 2);
INSERT INTO room (accommodations_id, room_name, price, min_guests, max_guests, room_description, main_image_url, bathroom_count, room_type, bed_count) VALUES (191, '아파트형 2층C(취사불가)', 63000, 2, 6, '일반객실, 기준 2인 (최대 6인) | 침실 1, 침대 2, 욕실 1, 최소 1박', 'https://search.pstatic.net/common/?autoRotate=true&quality=95&type=w750&src=https%3A%2F%2Fnaverbooking-phinf.pstatic.net%2F20190724_278%2F1563979999410pgcuw_JPEG%2Fimage.jpg', 1, 'STANDARD', 2);

INSERT INTO accommodation (accommodations_id, accommodations_name, accommodations_category, accommodations_description, city, district, address_detail, latitude, longitude, transport_info, parking_info, phone, rating, review_count, source_url, source_platform, sns, check_in_time, check_out_time, short_description) VALUES (192, '제주 하얀등대 펜션', 'GUESTHOUSE', '*코로나로 인해 기존에 함께 운영하던 게스트하우스는 폐쇄하여 카페로 운영중입니다.\n*펜션만 정상 운영중입니다.\n*TYPE01 객실은 애견 동반이 불가능합니다.\n*TYPE02 객실은 12KG이하의 애견 동반이 가능한 객실입니다.\n\n제주공항에서 차로 5분 거리에 위치한 산토리니 풍의 펜션입니다.\n하얀등대 펜션이 위치한 용담해안도로에는 횟집거리, 카페거리가 조성되어있으며 용담해안도로를 산책하며, 용두암, 용연다리, 무지개해안도로, 도두봉, 동한두기 등 다양한 관광지를 도보로 즐길 수 있습니다.\n\n애월한담해변, 이호테우해변 등 제주의 대표적인 관광지들과도 차로 가까운 위치로 제주 여행하기에 최적의 장소입니다.\n\n제주공항 하얀등대 펜션 근처 맛집소개 해드리겠습니다.\n( 광고로 유명한 식당은 제외하고 하얀등대 펜션과 가깝고 직접 가본 곳 중에 추천해드릴 만한 곳만 추려보았습니다.)\n\n삼다도횟집 ( 용담해안도로 횟집, 도보로 2~3분 )\n김희선몸국 ( 아빠 어디가 등 다양한 방송에 나온 제주도 고사리 육개장 및 몸국 전문점, 몸국, 고사리 육개장이 주 메뉴이며 메뉴 자체가 호불호가 있을 수 있으나 몸국과 고사리 육개장을 좋아하시는 분이라면 좋아할 만한 식당, 도보 1분)\n동백 부엌 ( 요즘 가장 핫 한 정식 집, 차로 10분, 웨이팅 있음)\n자매 국수 ( 제주도에서 가장 유명한 국수 집, 차로 10분, 웨이팅 있음)\n순옥이네명가 ( 차로5~7분, 웨이팅 있음)\n도두해녀의집 ( 차로5~7분, 웨이팅 있음)\n우진해장국 ( 차로5~7분, 고사리육개장 전문점, 제주도에서 가장 유명한 식당 중 하나, 웨이팅 심함)\n도토리키친 본점 ( 청귤소바집, 점심에 약간의 웨이팅, 차로 7~8분)\n돈사촌 ( 흑돼지 전문점, 차로 7~8분 )\n아살람 레스토랑 ( 예멘 쉐프가 운영하는 아랍 레스토랑, 차로 10분거리)\n\n다음으로는 하얀등대 펜션 근방 카페를 소개 해드릴께요.\n\n빽다방 베이커리 제주 사수점 ( 전국 빽다방 중에 최고, 최고의 오션뷰, 대형카페 )\n아베베 베이커리 ( 차로 10분, 웨이팅 아주 김 )\n나모나모 베이커리 ( 차로 3분, 용담해안도로 오션뷰 대형 카페)\n할리스 제주 도두해안DT점 ( 차로 5분, 외관이 멋진 대형 카페)\n\n추가 문의는\n대표 번호 010-6798-0567 문자나 전화 부탁 드립니다.\n\n심야에는 010-5504-0567 로 문자 주시면 아주 늦은 밤이라도 확인 후 빠른 답장 드리겠습니다.\n\n감사합니다.', '제주', '제주시', '64-14', 33.5174262, 126.4982314, '하얀등대 펜션 제주공항점은 용담해안도로에 ...', NULL, '0507-1400-0567', null, 470, 'https://map.naver.com/p/search/%EC%A0%9C%EC%A3%BC+%ED%95%98%EC%96%80%EB%93%B1%EB%8C%80+%ED%8E%9C%EC%85%98/place/37322818?isCorrectAnswer=true&c=15.00,0,0,0,dh&placePath=/room?fromPanelNum=1&additionalHeight=76&timestamp=202512181329&locale=ko&svcName=map_pcv5&searchText=%EC%A0%9C%EC%A3%BC%2B%ED%95%98%EC%96%80%EB%93%B1%EB%8C%80%2B%ED%8E%9C%EC%85%98&businessCategory=pension&additionalHeight=76&timestamp=202512181329&locale=ko&svcName=map_pcv5&searchText=%EC%A0%9C%EC%A3%BC%2B%ED%95%98%EC%96%80%EB%93%B1%EB%8C%80%2B%ED%8E%9C%EC%85%98&businessCategory=pension&fromPanelNum=1', 'NAVER', 'Instagram: https://www.instagram.com/jejupension_lighthouse/', '15:00', '10:00', '좋은 위치와 쾌적한 객실에서 편안한 휴식');
INSERT INTO accommodation_theme (theme_id, accommodations_id) VALUES (1, 192);
INSERT INTO accommodation_theme (theme_id, accommodations_id) VALUES (3, 192);
INSERT INTO accommodation_amenity (amenity_id, accommodations_id) VALUES (6, 192);
INSERT INTO accommodation_amenity (amenity_id, accommodations_id) VALUES (15, 192);
INSERT INTO accommodation_amenity (amenity_id, accommodations_id) VALUES (4, 192);
INSERT INTO accommodation_amenity (amenity_id, accommodations_id) VALUES (10, 192);
INSERT INTO accommodation_amenity (amenity_id, accommodations_id) VALUES (2, 192);
INSERT INTO accommodation_amenity (amenity_id, accommodations_id) VALUES (33, 192);
INSERT INTO accommodation_amenity (amenity_id, accommodations_id) VALUES (24, 192);
INSERT INTO accommodation_amenity (amenity_id, accommodations_id) VALUES (34, 192);
INSERT INTO accommodation_amenity (amenity_id, accommodations_id) VALUES (71, 192);
INSERT INTO accommodation_amenity (amenity_id, accommodations_id) VALUES (1, 192);
INSERT INTO accommodation_amenity (amenity_id, accommodations_id) VALUES (69, 192);
INSERT INTO accommodation_amenity (amenity_id, accommodations_id) VALUES (29, 192);
INSERT INTO accommodation_amenity (amenity_id, accommodations_id) VALUES (66, 192);
INSERT INTO accommodation_amenity (amenity_id, accommodations_id) VALUES (65, 192);
INSERT INTO accommodation_image (accommodations_id, image_url, image_type, sort_order) VALUES (192, 'https://search.pstatic.net/common/?autoRotate=true&type=w560_sharpen&src=https%3A%2F%2Fldb-phinf.pstatic.net%2F20210617_12%2F1623904177552auMrm_JPEG%2Fi9XQ6hIXPfh84WXdaUccFyvl.jpg', 'banner', 0);
INSERT INTO accommodation_image (accommodations_id, image_url, image_type, sort_order) VALUES (192, 'https://search.pstatic.net/common/?autoRotate=true&type=w278_sharpen&src=https%3A%2F%2Fldb-phinf.pstatic.net%2F20241218_45%2F1734515403491E7qPH_JPEG%2FDSC03243-Enhanced-NR-%25C6%25ED%25C1%25FD.jpg', 'detail', 1);
INSERT INTO accommodation_image (accommodations_id, image_url, image_type, sort_order) VALUES (192, 'https://search.pstatic.net/common/?autoRotate=true&type=w278_sharpen&src=https%3A%2F%2Fldb-phinf.pstatic.net%2F20241218_297%2F17345154175089uMap_JPEG%2FDSC03378-Enhanced-NR-%25C6%25ED%25C1%25FD.jpg', 'detail', 2);
INSERT INTO accommodation_image (accommodations_id, image_url, image_type, sort_order) VALUES (192, 'https://search.pstatic.net/common/?autoRotate=true&type=w278_sharpen&src=https%3A%2F%2Fldb-phinf.pstatic.net%2F20241218_75%2F1734515417595L6GwK_JPEG%2FDSC03353-Enhanced-NR-%25C6%25ED%25C1%25FD.jpg', 'detail', 3);
INSERT INTO accommodation_image (accommodations_id, image_url, image_type, sort_order) VALUES (192, 'https://search.pstatic.net/common/?autoRotate=true&type=w278_sharpen&src=https%3A%2F%2Fldb-phinf.pstatic.net%2F20210617_247%2F1623904179254eqo84_JPEG%2Fx55kdcWq5l_F8lUFB9Sk2x-J.jpg', 'detail', 4);
INSERT INTO room (accommodations_id, room_name, price, min_guests, max_guests, room_description, main_image_url, bathroom_count, room_type, bed_count) VALUES (192, 'TYPE 01 ( 애견 동반 불가 )', 88000, 2, 6, '일반객실, 기준 2인 (최대 6인) | 침실 1, 침대 1, 욕실 1, 최소 1박', 'https://search.pstatic.net/common/?autoRotate=true&quality=95&type=w750&src=https%3A%2F%2Fnaverbooking-phinf.pstatic.net%2F20171006_109%2F1507282798803VTHvH_JPEG%2FMLW_8693.jpg', 1, 'STANDARD', 1);
INSERT INTO room (accommodations_id, room_name, price, min_guests, max_guests, room_description, main_image_url, bathroom_count, room_type, bed_count) VALUES (192, 'TYPE 02 ( 12kg이하 애견 동반 가능 )', 129000, 2, 6, '일반객실, 기준 2인 (최대 6인) | 침실 1, 침대 1, 욕실 1, 최소 1박', 'https://search.pstatic.net/common/?autoRotate=true&quality=95&type=w750&src=https%3A%2F%2Fnaverbooking-phinf.pstatic.net%2F20171006_109%2F1507282798803VTHvH_JPEG%2FMLW_8693.jpg', 1, 'STANDARD', 1);

INSERT INTO accommodation (accommodations_id, accommodations_name, accommodations_category, accommodations_description, city, district, address_detail, latitude, longitude, transport_info, parking_info, phone, rating, review_count, source_url, source_platform, sns, check_in_time, check_out_time, short_description) VALUES (193, '제주 대동호텔', 'GUESTHOUSE', '대동호텔은 1970년 7월에 2층 규모의 ''대동여관''으로 시작하였습니다. 창업자인 주인장 부부의 정성과 노력으로 2001년에 리모델링을 하여 지금의 ''호텔대동''으로 거듭났습니다. 100년 호텔을 꿈꾸며 가족 경영을 하는 저희 호텔은 제주에 오시는 손님 한 분, 한 분을 가족처럼 편안하고 따뜻하게 맞이합니다.\n- 여행 + 예술 + 전통의 이야기가 베어있는 호텔!\n- 올레 18코스 시작점 & 동문시장 위치!\n- 제주공항 차량 10분 & 제주항 5분 위치!\n- 여행작가들이 추천하는 호텔!\n- 더블룸 & 트윈룸 & 온돌룸 객실 보유', '제주', '제주시', '6', 33.5137923, 126.5269913, '동문시장 게이트 4 맞은편 골목. 제일공영주차빌딩 앞.(제주공항에서 차로 10~15분)', NULL, '064-723-2600', null, 82, 'https://map.naver.com/p/entry/place/1546371534?c=15.00,0,0,0,dh&placePath=/information?entry=bmp&fromPanelNum=1&additionalHeight=76&timestamp=202512181329&locale=ko&svcName=map_pcv5&businessCategory=hotel&from=map&fromPanelNum=1&additionalHeight=76&timestamp=202512181329&locale=ko&svcName=map_pcv5&businessCategory=hotel', 'NAVER', NULL, '15:00', '11:00', '편리한 위치에서 추억 남기는 여행');
INSERT INTO accommodation_amenity (amenity_id, accommodations_id) VALUES (1, 193);
INSERT INTO accommodation_amenity (amenity_id, accommodations_id) VALUES (43, 193);
INSERT INTO accommodation_amenity (amenity_id, accommodations_id) VALUES (44, 193);
INSERT INTO accommodation_amenity (amenity_id, accommodations_id) VALUES (55, 193);
INSERT INTO accommodation_amenity (amenity_id, accommodations_id) VALUES (51, 193);
INSERT INTO accommodation_image (accommodations_id, image_url, image_type, sort_order) VALUES (193, 'https://search.pstatic.net/common/?autoRotate=true&type=w560_sharpen&src=https%3A%2F%2Fldb-phinf.pstatic.net%2F20200719_185%2F1595102377985PIeJX_JPEG%2FAaDn4PIrU4-2SyWVFldOXON8.jpg', 'banner', 0);
INSERT INTO accommodation_image (accommodations_id, image_url, image_type, sort_order) VALUES (193, 'https://search.pstatic.net/common/?autoRotate=true&type=w278_sharpen&src=https%3A%2F%2Fldb-phinf.pstatic.net%2F20200928_10%2F16012985258539ooBN_JPEG%2FIMG_2808.JPG', 'detail', 1);
INSERT INTO accommodation_image (accommodations_id, image_url, image_type, sort_order) VALUES (193, 'https://search.pstatic.net/common/?autoRotate=true&type=w278_sharpen&src=https%3A%2F%2Fldb-phinf.pstatic.net%2F20200928_289%2F1601298526205EC9os_JPEG%2FIMG_3140.JPG', 'detail', 2);
INSERT INTO accommodation_image (accommodations_id, image_url, image_type, sort_order) VALUES (193, 'https://search.pstatic.net/common/?autoRotate=true&type=w278_sharpen&src=https%3A%2F%2Fldb-phinf.pstatic.net%2F20200928_209%2F1601298526258xGeef_JPEG%2FIMG_3101.JPG', 'detail', 3);
INSERT INTO accommodation_image (accommodations_id, image_url, image_type, sort_order) VALUES (193, 'https://search.pstatic.net/common/?autoRotate=true&type=w278_sharpen&src=https%3A%2F%2Fldb-phinf.pstatic.net%2F20200928_11%2F1601298526170G2sS2_JPEG%2FIMG_3130.JPG', 'detail', 4);

INSERT INTO accommodation (accommodations_id, accommodations_name, accommodations_category, accommodations_description, city, district, address_detail, latitude, longitude, transport_info, parking_info, phone, rating, review_count, source_url, source_platform, sns, check_in_time, check_out_time, short_description) VALUES (194, '제주 HY 초이호스텔', 'GUESTHOUSE', '1. 무료 주차장 완비\n2. 동급 대비 넓은 객실과 전용 욕실,개별 냉난방 시스템\n3. 객실내 TV, 냉장고, 에어컨, 헤어드라이기 구비\n4. 전구역 CCTV 24시간 안전관리\n5. 공용 주방 시설(전자레인지 및 에어프라이기 구비) 취사가능\n6. 올레시장, 이중섭거리, 천지연폭포, 새연교, 서귀포항, 외돌개 등 도보로 이동 가능한 서귀포 관광 중심지에 위치\n7. 제주올레여행자센터 30m 거리, 제주올레 7코스, 7-1코스 시작점 및 6코스 도착점으로 올레길 여행의 최적화 위치.\n8.연박시 생수는 첫날만 제공됩니다. ( 부족시 8층 정수기 사용)\n9. 연박시 수건은 1층 카운터에 수건을 챙겨가시면 됩니다.\n10. 연박시 일주일에 5만원, 14일이상 7만원 한달 10만원 관리비가 있습니다. 관리비는 현장에서 지불 바랍니다.', '제주', '서귀포시', '11-1', 33.2470636, 126.5583324, '제주공항 5번 게이트에서 공항버스 600번을 약 한시간 정도타고 샛기정공원 정류장에서 내리시면 도보로 2분 거리에 있습니다.\n제주공항에서 181번 또는 182번 타시고 중앙로터리 정류장에 하차하시어 도보로 10정도 오시면 됩니다.\n\n시내버스 이용시 평생학습관(201, 202, 281, 282, 521, 633, 651, 652, 691, 5002 버스) 또는 서문로터리입구 또는 구 중앙파출소(510, 531, 532, 611, 615, 627, 641, 690,880, 5003 버스) 에서 내려서 도보 이동하시면 됩니다.\n\n서귀포 올레시장, 이중섭거리, 천지연폭포, 새연교, 서귀포항, 외돌개 등 유명한 서귀포 관광지가 모두 걸어서 이동 가능한 위치에 있습니다.', '주차가능\n무료\n주차장 부족시 앞 건물 도로변에 주차가능하십니다. 건물 입구에도 두대 주차 가능하십니다', '0507-1376-5570', null, 80, 'https://map.naver.com/p/search/%EC%A0%9C%EC%A3%BC+HY+%EC%B4%88%EC%9D%B4%ED%98%B8%EC%8A%A4%ED%85%94/place/1063598607?isCorrectAnswer=true&c=15.00,0,0,0,dh&placePath=/information?fromPanelNum=1&additionalHeight=76&timestamp=202512181330&locale=ko&svcName=map_pcv5&searchText=%EC%A0%9C%EC%A3%BC%2BHY%2B%EC%B4%88%EC%9D%B4%ED%98%B8%EC%8A%A4%ED%85%94&businessCategory=hotel&fromPanelNum=1&additionalHeight=76&timestamp=202512181330&locale=ko&svcName=map_pcv5&searchText=%EC%A0%9C%EC%A3%BC%2BHY%2B%EC%B4%88%EC%9D%B4%ED%98%B8%EC%8A%A4%ED%85%94&businessCategory=hotel', 'NAVER', NULL, '15:00', '11:00', NULL);
INSERT INTO accommodation_amenity (amenity_id, accommodations_id) VALUES (36, 194);
INSERT INTO accommodation_amenity (amenity_id, accommodations_id) VALUES (13, 194);
INSERT INTO accommodation_amenity (amenity_id, accommodations_id) VALUES (40, 194);
INSERT INTO accommodation_amenity (amenity_id, accommodations_id) VALUES (57, 194);
INSERT INTO accommodation_amenity (amenity_id, accommodations_id) VALUES (37, 194);
INSERT INTO accommodation_amenity (amenity_id, accommodations_id) VALUES (12, 194);
INSERT INTO accommodation_amenity (amenity_id, accommodations_id) VALUES (39, 194);
INSERT INTO accommodation_amenity (amenity_id, accommodations_id) VALUES (61, 194);
INSERT INTO accommodation_amenity (amenity_id, accommodations_id) VALUES (38, 194);
INSERT INTO accommodation_amenity (amenity_id, accommodations_id) VALUES (1, 194);
INSERT INTO accommodation_amenity (amenity_id, accommodations_id) VALUES (12, 194);
INSERT INTO accommodation_amenity (amenity_id, accommodations_id) VALUES (44, 194);
INSERT INTO accommodation_amenity (amenity_id, accommodations_id) VALUES (48, 194);
INSERT INTO accommodation_amenity (amenity_id, accommodations_id) VALUES (46, 194);
INSERT INTO accommodation_amenity (amenity_id, accommodations_id) VALUES (50, 194);
INSERT INTO accommodation_image (accommodations_id, image_url, image_type, sort_order) VALUES (194, 'https://search.pstatic.net/common/?autoRotate=true&type=w560_sharpen&src=https%3A%2F%2Fldb-phinf.pstatic.net%2F20220730_78%2F1659148005504AmJmQ_JPEG%2F%25B7%25E7%25C7%25C1%25C5%25BE_1.jpg', 'banner', 0);
INSERT INTO accommodation_image (accommodations_id, image_url, image_type, sort_order) VALUES (194, 'https://search.pstatic.net/common/?autoRotate=true&type=w278_sharpen&src=https%3A%2F%2Fldb-phinf.pstatic.net%2F20220730_96%2F1659148005761i70fJ_JPEG%2F%25B7%25E7%25C7%25C1%25C5%25BE2.jpg', 'detail', 1);
INSERT INTO accommodation_image (accommodations_id, image_url, image_type, sort_order) VALUES (194, 'https://search.pstatic.net/common/?autoRotate=true&type=w278_sharpen&src=https%3A%2F%2Fldb-phinf.pstatic.net%2F20220730_45%2F16591480062499Wa6U_JPEG%2F%25B7%25E7%25C7%25C1%25C5%25BE3.jpg', 'detail', 2);
INSERT INTO accommodation_image (accommodations_id, image_url, image_type, sort_order) VALUES (194, 'https://search.pstatic.net/common/?autoRotate=true&type=w278_sharpen&src=https%3A%2F%2Fldb-phinf.pstatic.net%2F20220730_101%2F165914800649089IYV_JPEG%2F%25B7%25E7%25C7%25C1%25C5%25BE4.jpg', 'detail', 3);
INSERT INTO accommodation_image (accommodations_id, image_url, image_type, sort_order) VALUES (194, 'https://search.pstatic.net/common/?autoRotate=true&type=w278_sharpen&src=https%3A%2F%2Fldb-phinf.pstatic.net%2F20220730_127%2F1659148007019oAoUk_JPEG%2F20191019_175229_resized.jpg', 'detail', 4);

INSERT INTO accommodation (accommodations_id, accommodations_name, accommodations_category, accommodations_description, city, district, address_detail, latitude, longitude, transport_info, parking_info, phone, rating, review_count, source_url, source_platform, sns, check_in_time, check_out_time, short_description) VALUES (195, '제주 남극노인성 한옥스테이', 'GUESTHOUSE', '남극노인성은 한 번만 봐도 장수한다는 별,\n동양의 28수 별자리 중 우두머리 별자리로\n서귀포에서 볼 수 있습니다.\n\n이 곳은 남극노인성의 천하태평을\n고스란히 담은 휴양펜션입니다. \n\n독립된 고즈넉한 공간의 전통한옥에서\n여러분들의 몸과 마음을\n편안하게 해드리고자 합니다.\n\n별과 바람과 자연을 그대로 느끼시며\n충분히 쉬시기 바랍니다.', '제주', '서귀포시', '216', null, null, '신효동 감귤박물관에서 한라산 방향으로 걸어서 5분정도 위에 위치하고 있습니다.', '주차가능', '064-733-8869', null, 20, 'https://map.naver.com/p/search/%EC%A0%9C%EC%A3%BC+%EB%82%A8%EA%B7%B9%EB%85%B8%EC%9D%B8%EC%84%B1+%ED%95%9C%EC%98%A5%EC%8A%A4%ED%85%8C%EC%9D%B4/place/230697075?c=8.00,0,0,0,dh&placePath=/room?entry=pll&fromPanelNum=2&timestamp=202512181330&locale=ko&svcName=map_pcv5&searchText=%EC%A0%9C%EC%A3%BC%2B%EB%82%A8%EA%B7%B9%EB%85%B8%EC%9D%B8%EC%84%B1%2B%ED%95%9C%EC%98%A5%EC%8A%A4%ED%85%8C%EC%9D%B4&businessCategory=guesthouse&fromPanelNum=2&timestamp=202512181330&locale=ko&svcName=map_pcv5&searchText=%EC%A0%9C%EC%A3%BC%2B%EB%82%A8%EA%B7%B9%EB%85%B8%EC%9D%B8%EC%84%B1%2B%ED%95%9C%EC%98%A5%EC%8A%A4%ED%85%8C%EC%9D%B4&businessCategory=guesthouse&from=map', 'NAVER', 'Blog: https://blog.naver.com/canopuscheju\nInstagram: http://instagram.com/jeju%20canopus%20resort%20pension', NULL, NULL, NULL);
INSERT INTO accommodation_amenity (amenity_id, accommodations_id) VALUES (36, 195);
INSERT INTO accommodation_amenity (amenity_id, accommodations_id) VALUES (13, 195);
INSERT INTO accommodation_image (accommodations_id, image_url, image_type, sort_order) VALUES (195, 'https://search.pstatic.net/common/?autoRotate=true&type=w560_sharpen&src=https%3A%2F%2Fldb-phinf.pstatic.net%2F20170803_209%2F1501743539448vIK9u_JPEG%2F186680517241886_0.jpeg', 'banner', 0);
INSERT INTO accommodation_image (accommodations_id, image_url, image_type, sort_order) VALUES (195, 'https://search.pstatic.net/common/?autoRotate=true&type=w278_sharpen&src=https%3A%2F%2Fldb-phinf.pstatic.net%2F20170803_245%2F1501743539915szPt8_JPEG%2F186680517241886_1.jpeg', 'detail', 1);
INSERT INTO accommodation_image (accommodations_id, image_url, image_type, sort_order) VALUES (195, 'https://search.pstatic.net/common/?autoRotate=true&type=w278_sharpen&src=https%3A%2F%2Fldb-phinf.pstatic.net%2F20170803_234%2F1501743540426G5vLh_JPEG%2F186680517241886_2.jpeg', 'detail', 2);
INSERT INTO accommodation_image (accommodations_id, image_url, image_type, sort_order) VALUES (195, 'https://search.pstatic.net/common/?autoRotate=true&type=w278_sharpen&src=https%3A%2F%2Fldb-phinf.pstatic.net%2F20170803_64%2F1501743540908IKHYF_JPEG%2F186680517241886_3.jpeg', 'detail', 3);
INSERT INTO accommodation_image (accommodations_id, image_url, image_type, sort_order) VALUES (195, 'https://search.pstatic.net/common/?autoRotate=true&type=w278_sharpen&src=https%3A%2F%2Fldb-phinf.pstatic.net%2F20170803_269%2F15017435415839MG4s_JPEG%2F186680517241886_4.jpeg', 'detail', 4);
INSERT INTO room (accommodations_id, room_name, price, min_guests, max_guests, room_description, main_image_url, bathroom_count, room_type, bed_count) VALUES (195, '[독채] 청인당', 300000, 2, 5, '기준 2인 (최대 5인)', 'https://search.pstatic.net/common/?autoRotate=true&quality=95&type=w750&src=https%3A%2F%2Fnaverbooking-phinf.pstatic.net%2F20170912_133%2F1505200273875nirY7_JPEG%2FDSC_3441.jpg', 0, 'STANDARD', 0);
INSERT INTO room (accommodations_id, room_name, price, min_guests, max_guests, room_description, main_image_url, bathroom_count, room_type, bed_count) VALUES (195, '[독채] 희수헌', 300000, 2, 5, '기준 2인 (최대 5인)', 'https://search.pstatic.net/common/?autoRotate=true&quality=95&type=w750&src=https%3A%2F%2Fnaverbooking-phinf.pstatic.net%2F20170912_243%2F1505201334173a1i1H_JPEG%2FDSC_3492.jpg', 0, 'STANDARD', 0);
INSERT INTO room (accommodations_id, room_name, price, min_guests, max_guests, room_description, main_image_url, bathroom_count, room_type, bed_count) VALUES (195, '[독채] 서경헌', 300000, 2, 5, '기준 2인 (최대 5인)', 'https://search.pstatic.net/common/?autoRotate=true&quality=95&type=w750&src=https%3A%2F%2Fnaverbooking-phinf.pstatic.net%2F20170912_126%2F15052012916685636j_JPEG%2FDSC_3492.jpg', 0, 'STANDARD', 0);
INSERT INTO room (accommodations_id, room_name, price, min_guests, max_guests, room_description, main_image_url, bathroom_count, room_type, bed_count) VALUES (195, '[독채] 서향재', 250000, 2, 4, '기준 2인 (최대 4인)', 'https://search.pstatic.net/common/?autoRotate=true&quality=95&type=w750&src=https%3A%2F%2Fnaverbooking-phinf.pstatic.net%2F20170912_90%2F1505202124628PIlVM_JPEG%2FDSC_3569.jpg', 0, 'STANDARD', 0);
INSERT INTO room (accommodations_id, room_name, price, min_guests, max_guests, room_description, main_image_url, bathroom_count, room_type, bed_count) VALUES (195, '[독채] 남운재', 250000, 2, 4, '기준 2인 (최대 4인)', 'https://search.pstatic.net/common/?autoRotate=true&quality=95&type=w750&src=https%3A%2F%2Fnaverbooking-phinf.pstatic.net%2F20170912_200%2F15052020298095OwBu_JPEG%2FDSC_3568.jpg', 0, 'STANDARD', 0);

INSERT INTO accommodation (accommodations_id, accommodations_name, accommodations_category, accommodations_description, city, district, address_detail, latitude, longitude, transport_info, parking_info, phone, rating, review_count, source_url, source_platform, sns, check_in_time, check_out_time, short_description) VALUES (196, '제주 스위스마을 펜션 113동', 'GUESTHOUSE', '최근핫플레이스로 떠오르고있는 제주 조천 스위스마을.TV동물농장에 소개된 바로 그곳입니다.\n독립된 공간의 호텔식 객실이며 룸 안에 욕실을 갖추고 있습니다.\n셀프 체크인 셀프 체크아웃 가능합니다.\n제주 삼다수가 생산되는 물 맑고 공기좋은 중산간 마을입니다.\n마을 내 광장에 서면 멀리 함덕해수욕장과 서우봉이 보이고, 그 옆으로 이어지는 김녕해변의 풍차가 멋지게 펼쳐져 있는것을 감상하실수있습니다.\n\n숙소 : 마을에 편의점과 다양한 점포들이 있어서 커플,나홀로 여행족,가족 등 누구나 이용하기에 적합합니다.\n반경 10km안에 함덕해수욕장,사려니숲길 (생물권보전지역) ,거문오름(세계자연유산),절물자연휴양림,제주돌문화공원,교래자연휴양림,삼양해수욕장,노루생태관찰원,한라생태숲,제주미니랜드,다희연,김녕성세기해변,김녕월정지질트레일,돌하르방공원,에코랜드테마파크,선녀와나무꾼테마공원 등 관광지와 한화리조트, 골프장(크라운cc,제피로스cc,세인트포cc,에코랜드cc)과 인접해 제주여행을 즐기기에 최적화된 숙소입니다.깨끗하고 안전하고 편안한 제주 여행을 즐길수있습니다\n렌터카이용시 ''와산리경로당''을 입력하세요. 스위스마을을 입력하면 산속길을 안내해주니 반드시 와산리경로당을 입력하세요. 와산리경로당 북쪽방향으로 100m왼쪽(함덕해수욕장방향)에 스위스마을 이정표가 있습니다.\n반대방향(함덕해수욕장->와산사거리)으로 오신다면 달빛빌리지를 150m 쯤 지나서 오른쪽에 스위스마을 이정표를 확인할 수 있습니다. 어두워지면 이정표를 못 볼 수도 있으니 서행하세요.', '제주', '제주시', '함와로 566-27', null, null, '제주스위스마을 113동 (와산리 경로당 검색하고 오세요)', NULL, '064-744-6060', null, 40, 'https://map.naver.com/p/entry/place/37696002?c=15.00,0,0,0,dh&placePath=/room?entry=bmp&fromPanelNum=1&additionalHeight=76&timestamp=202512181331&locale=ko&svcName=map_pcv5&businessCategory=pension&fromPanelNum=1&additionalHeight=76&timestamp=202512181331&locale=ko&svcName=map_pcv5&businessCategory=pension&from=map', 'NAVER', 'Blog: https://blog.naver.com/haengbok6060', NULL, NULL, NULL);
INSERT INTO accommodation_image (accommodations_id, image_url, image_type, sort_order) VALUES (196, 'https://search.pstatic.net/common/?autoRotate=true&type=w560_sharpen&src=https%3A%2F%2Fldb-phinf.pstatic.net%2F20160325_156%2F1458887742865Up061_JPEG%2F176273576127280_0.jpeg', 'banner', 0);
INSERT INTO accommodation_image (accommodations_id, image_url, image_type, sort_order) VALUES (196, 'https://search.pstatic.net/common/?autoRotate=true&type=w278_sharpen&src=https%3A%2F%2Fldb-phinf.pstatic.net%2F20160401_19%2F1459487998576G6o4a_JPEG%2F176351544977342_1.jpeg', 'detail', 1);
INSERT INTO accommodation_image (accommodations_id, image_url, image_type, sort_order) VALUES (196, 'https://search.pstatic.net/common/?autoRotate=true&type=w278_sharpen&src=https%3A%2F%2Fldb-phinf.pstatic.net%2F20160325_268%2F1458887742943ss0lD_JPEG%2F176273576127280_1.jpeg', 'detail', 2);
INSERT INTO accommodation_image (accommodations_id, image_url, image_type, sort_order) VALUES (196, 'https://search.pstatic.net/common/?autoRotate=true&type=w278_sharpen&src=https%3A%2F%2Fldb-phinf.pstatic.net%2F20171202_224%2F1512197307493SUjOv_JPEG%2FBYJ_5138.JPG', 'detail', 3);
INSERT INTO accommodation_image (accommodations_id, image_url, image_type, sort_order) VALUES (196, 'https://search.pstatic.net/common/?autoRotate=true&type=w278_sharpen&src=https%3A%2F%2Fldb-phinf.pstatic.net%2F20171202_126%2F1512197308547dOgLx_JPEG%2FBYJ_8567.JPG', 'detail', 4);
INSERT INTO room (accommodations_id, room_name, price, min_guests, max_guests, room_description, main_image_url, bathroom_count, room_type, bed_count) VALUES (196, '202호(더블룸 키친)', 59000, 2, 2, '일반객실, 기준 2인 (최대 2인)', 'https://search.pstatic.net/common/?autoRotate=true&quality=95&type=w750&src=https%3A%2F%2Fnaverbooking-phinf.pstatic.net%2F20251111_7%2F1762842107891YCEwD_JPEG%2Fimage.jpg', 0, 'STANDARD', 0);
INSERT INTO room (accommodations_id, room_name, price, min_guests, max_guests, room_description, main_image_url, bathroom_count, room_type, bed_count) VALUES (196, '301호(패밀리룸)', 99000, 2, 4, '일반객실, 기준 2인 (최대 4인)', 'https://search.pstatic.net/common/?autoRotate=true&quality=95&type=w750&src=https%3A%2F%2Fnaverbooking-phinf.pstatic.net%2F20251111_32%2F1762842110161l4y1p_JPEG%2Fimage.jpg', 0, 'STANDARD', 0);
INSERT INTO room (accommodations_id, room_name, price, min_guests, max_guests, room_description, main_image_url, bathroom_count, room_type, bed_count) VALUES (196, '201호(더블룸)', 55000, 2, 2, '일반객실, 기준 2인 (최대 2인)', 'https://search.pstatic.net/common/?autoRotate=true&quality=95&type=w750&src=https%3A%2F%2Fnaverbooking-phinf.pstatic.net%2F20251111_166%2F17628421117441H2rW_JPEG%2Fimage.jpg', 0, 'STANDARD', 0);

INSERT INTO accommodation (accommodations_id, accommodations_name, accommodations_category, accommodations_description, city, district, address_detail, latitude, longitude, transport_info, parking_info, phone, rating, review_count, source_url, source_platform, sns, check_in_time, check_out_time, short_description) VALUES (197, '제주 별헤는밤 카라반&글램핑', 'GUESTHOUSE', '제주 애월 오션뷰 글램핑 - 독채,별관측,개별BBQ/주차장\n\n※ 조식 무료제공\n- 휴게실라운지 (토스트, 계란, 버터, 딸기잼, 원두커피, 주스, 밀크 등)\n- 이용시간: 8:00~10:00\n- 정수기, 커피머신, 토스트기, 전자레인지, 얼음제조기 구비\n\n※ 전 객실 무선인터넷 사용(iptime, 비번없음)\n\n※ 개별 바베큐\n- 정원과 테라스를 갖춘 각 객실 앞 테이블에서 바다와 파노라마처럼 펼\n 쳐진 저녁노을을 조망하며 즐기는 이색체험\n- 비용: 2만원(~4인), 3만원(~6인), 4만원(~8인)\n- 이용시간: 18:00~22:00 (동계: 17:00~22:00)\n- 우천 및 강풍 시 휴게실 사용 가능\n- 식재료 등 먹거리는 인근 마트 이용\n 하귀농협 하나로마트(4.8km), 노형동 이마트 신제주점(9km),\n GS/CU편의점 2곳(600m)\n\n※ 공동 캠프파이어장\n- 운영시간: 18:00~22:00\n- 장작은 개인준비 (현장 구매가능 1묶음 2만원)\n- 강풍 및 우천 시 이용불가\n\n※ 빔프로젝터 무료대여\n- 돔 텐트의 내부 천장을 활용하여 침대에 누워서 영화 감상 가능\n- 개인 스마트폰, 노트북(HDMI)과 연결 후 사용 가능\n- 대여 신청서 작성 후 사무실에서 수령/퇴실시 반납\n\n※ 공용취사장, 카페라운지, 천체 망원경, 다트게임기, 베드민턴, 어린이\n 공놀이 및 장난감, 세탁시설 무료이용(3박이상)\n\n* 더 자세한 사항은 펜션 블로그를 참고해주시길 바랍니다.\nhttps://blog.naver.com/chosm62\n\n숙소정책\n\n※ 입실/퇴실\n- 입실 3:00 pm/ 퇴실 11:00 am\n- 휴게실라운지(로즈힐타운4호)에서 셀프체크인 진행\n- 입실 시간(3pm) 전 짐 보관 가능\n- 22시 이후 입실하실 경우에는 당일 사전 약속\n- 기준 인원 초과시 인당 10,000원 온라인 또는 현장 결재\n- 객실별 최대 인원 초과 불가 (한가족인 경우 제외. 초과 시 입실거부 및\n 환불불가)\n- 반려(애완)동물 동반 불가\n- 공항픽업 서비스 미시행\n- 24개월 미만 유아의 경우 객실료 면제 (최대인원에는 포함)\n\n※ 준수사항\n- 객실 내 금연 및 개인화기 반입금지\n- 냄새가 심한 음식물은 실내 반입자제\n- 취사행위는 테라스 혹은 공용 취사장 이용\n- 기물파손, 귀중품 분실 등 이용객의 부주의로 인한 사고의 책임은\n 이용객 부담\n- 시설물과 비품은 깨끗이 사용 (훼손 시 변상/키 분실 시 10,000원 변상)\n- 사용한 식기류는 다음 이용객을 위해 퇴실 전 깨끗이 세척\n- 퇴실 시 설거지, 분리수거, 전원 소등, 열쇠 등 대여품 반납\n- 10pm 이후 매너타임 준수\n\n※ 숙소 소개\n제주별헤는밤글램핑은 해발 200m 유수 깊은 유수암 마을 입구에 위치하여 손에 잡힐 듯한 별, 붉은 노을, 오징어잡이 배의 불빛, 바다 조망, 개별 정원, 상쾌한 공기 등 조용하고 환상적인 분위기를 개별 테라스에서 사랑하는 사람과 함께 즐길 수 있으며, 호텔과 같은 시설에서 캠핑감성을 느낄 수있는 이색 글램핑장입니다.\n\n독채 객실내에 시원한 에어컨, 탁월한 난방(단열, 필름전기난방), 뜨거운 샤워(온수보일러, 높은 수압), 화장실(비데 설치), 영상장치 등을 갖춘 호텔과 같은 디럭스한 시설과 최초로 건축허가를 받은 돔 펜션으로 제주의 강한 태풍에도 견딜 수 있도록 안전을 최우선시 하였습니다.\n\n인근에 제주공항, 제주도심, 금능/곽지/협재/이호태우 해수욕장, 애월해안도로,\n골프장 20여개 등 문화 및 관광시설이 있는 교통요지에 위치하고 있습니다.\n\n-항몽유적지(1km), 공룡랜드(3km), 제주경마공원(4km), 애월해안도로(4km),\n 981파크(6km), 아르떼뮤지엄(7km), 금능/협재/곽지/이호테우해수욕장(8km),\n 새별오름(9km), 민속오일장/동문시장(9km), 한라산등반로 어리목매표소(10km),\n-CU/GS 편의점(600m), 하귀하나이마트(4km), 노형동 롯데시네마(8km),\n 제주공항(9km), 한라병원(9km),\n-자동차전용도로가(평화로,애조로,1132,1136,1121) 인접하여 제주전역\n 접근성 최고', '제주', '제주시', '광상로 348', null, null, '제주 제주시 애월읍 광상로 348(유수암리2270-2)\n\n공항--노형사거리--무수천사거리--장전교차로--장전초등학교 순으로\n자동차전용도로를 이용해서 오시면 편리합니다(20~30분 소요)\n\n공항에서 102번(Red Bus) 탑승 - 하귀하나로마트에서 791번(Green Bus)로 환승 - 앞밭가름에서 하차 - 450m 도보 - 도착', '주차가능\n무료\n각 객실마다 전용 주차공간 (차량 1대 무료)', '0507-1408-7802', null, 383, 'https://map.naver.com/p/search/%EC%A0%9C%EC%A3%BC+%EB%B3%84%ED%97%A4%EB%8A%94%EB%B0%A4+%EC%B9%B4%EB%9D%BC%EB%B0%98%26%EA%B8%80%EB%9E%A8%ED%95%91/place/38757859?c=8.00,0,0,0,dh&placePath=/room?entry=pbl&fromPanelNum=2&timestamp=202512181331&locale=ko&svcName=map_pcv5&searchText=%EC%A0%9C%EC%A3%BC%2B%EB%B3%84%ED%97%A4%EB%8A%94%EB%B0%A4%2B%EC%B9%B4%EB%9D%BC%EB%B0%98%26%EA%B8%80%EB%9E%A8%ED%95%91&businessCategory=pension&fromPanelNum=2&timestamp=202512181331&locale=ko&svcName=map_pcv5&searchText=%EC%A0%9C%EC%A3%BC%2B%EB%B3%84%ED%97%A4%EB%8A%94%EB%B0%A4%2B%EC%B9%B4%EB%9D%BC%EB%B0%98%26%EA%B8%80%EB%9E%A8%ED%95%91&businessCategory=pension&from=map', 'NAVER', 'Blog: https://blog.naver.com/chosm62', '15:00', '11:00', '인기 명소에서 즐기는 아름다운 바다 노을');
INSERT INTO accommodation_amenity (amenity_id, accommodations_id) VALUES (20, 197);
INSERT INTO accommodation_amenity (amenity_id, accommodations_id) VALUES (23, 197);
INSERT INTO accommodation_amenity (amenity_id, accommodations_id) VALUES (31, 197);
INSERT INTO accommodation_amenity (amenity_id, accommodations_id) VALUES (6, 197);
INSERT INTO accommodation_amenity (amenity_id, accommodations_id) VALUES (4, 197);
INSERT INTO accommodation_amenity (amenity_id, accommodations_id) VALUES (15, 197);
INSERT INTO accommodation_amenity (amenity_id, accommodations_id) VALUES (53, 197);
INSERT INTO accommodation_amenity (amenity_id, accommodations_id) VALUES (59, 197);
INSERT INTO accommodation_amenity (amenity_id, accommodations_id) VALUES (33, 197);
INSERT INTO accommodation_amenity (amenity_id, accommodations_id) VALUES (11, 197);
INSERT INTO accommodation_amenity (amenity_id, accommodations_id) VALUES (3, 197);
INSERT INTO accommodation_amenity (amenity_id, accommodations_id) VALUES (1, 197);
INSERT INTO accommodation_amenity (amenity_id, accommodations_id) VALUES (7, 197);
INSERT INTO accommodation_amenity (amenity_id, accommodations_id) VALUES (8, 197);
INSERT INTO accommodation_amenity (amenity_id, accommodations_id) VALUES (24, 197);
INSERT INTO accommodation_amenity (amenity_id, accommodations_id) VALUES (65, 197);
INSERT INTO accommodation_amenity (amenity_id, accommodations_id) VALUES (66, 197);
INSERT INTO accommodation_amenity (amenity_id, accommodations_id) VALUES (34, 197);
INSERT INTO accommodation_image (accommodations_id, image_url, image_type, sort_order) VALUES (197, 'https://search.pstatic.net/common/?autoRotate=true&type=w560_sharpen&src=https%3A%2F%2Fldb-phinf.pstatic.net%2F20230122_10%2F1674382060546l0Yvo_JPEG%2F%25BF%25DC%25B0%25E61_%25C6%25ED%25C1%25FD%25BA%25BB.jpg', 'banner', 0);
INSERT INTO accommodation_image (accommodations_id, image_url, image_type, sort_order) VALUES (197, 'https://search.pstatic.net/common/?autoRotate=true&type=w278_sharpen&src=https%3A%2F%2Fldb-phinf.pstatic.net%2F20230122_188%2F1674382088751DIU3o_JPEG%2F2.jpg', 'detail', 1);
INSERT INTO accommodation_image (accommodations_id, image_url, image_type, sort_order) VALUES (197, 'https://search.pstatic.net/common/?autoRotate=true&type=w278_sharpen&src=https%3A%2F%2Fnaverbooking-phinf.pstatic.net%2F20251110_93%2F176273502522419sBq_JPEG%2F20191103_121721.jpg', 'detail', 2);
INSERT INTO accommodation_image (accommodations_id, image_url, image_type, sort_order) VALUES (197, 'https://search.pstatic.net/common/?autoRotate=true&type=w278_sharpen&src=https%3A%2F%2Fnaverbooking-phinf.pstatic.net%2F20251110_253%2F1762735039837huOd1_JPEG%2FLumii_20251108_211449470.jpg', 'detail', 3);
INSERT INTO accommodation_image (accommodations_id, image_url, image_type, sort_order) VALUES (197, 'https://search.pstatic.net/common/?autoRotate=true&type=w278_sharpen&src=https%3A%2F%2Fnaverbooking-phinf.pstatic.net%2F20251110_134%2F1762734972937fvgpM_JPEG%2F20180916_193341.jpg', 'detail', 4);
INSERT INTO room (accommodations_id, room_name, price, min_guests, max_guests, room_description, main_image_url, bathroom_count, room_type, bed_count) VALUES (197, '001호 새벽별', 99000, 2, 4, '독채, 기준 2인 (최대 4인) | 침실 1, 침대 1, 욕실 1, 최소 1박', 'https://search.pstatic.net/common/?autoRotate=true&quality=95&type=w750&src=https%3A%2F%2Fnaverbooking-phinf.pstatic.net%2F20230621_17%2F1687330966028wTAvN_JPEG%2F1.jpg', 1, 'STANDARD', 1);
INSERT INTO room (accommodations_id, room_name, price, min_guests, max_guests, room_description, main_image_url, bathroom_count, room_type, bed_count) VALUES (197, '100호 엄지별', 99000, 2, 4, '글램핑, 기준 2인 (최대 4인) | 침실 1, 침대 1, 욕실 1, 최소 1박', 'https://search.pstatic.net/common/?autoRotate=true&quality=95&type=w750&src=https%3A%2F%2Fnaverbooking-phinf.pstatic.net%2F20220524_203%2F1653355663196JyCX3_JPEG%2F1.jpg', 1, 'STANDARD', 1);
INSERT INTO room (accommodations_id, room_name, price, min_guests, max_guests, room_description, main_image_url, bathroom_count, room_type, bed_count) VALUES (197, '111호 푸른별', 99000, 2, 4, '글램핑, 기준 2인 (최대 4인) | 침실 1, 침대 1, 욕실 1, 최소 1박', 'https://search.pstatic.net/common/?autoRotate=true&quality=95&type=w750&src=https%3A%2F%2Fnaverbooking-phinf.pstatic.net%2F20251117_142%2F1763378874736FYiu6_JPEG%2FKHD_6797.JPG', 1, 'STANDARD', 1);
INSERT INTO room (accommodations_id, room_name, price, min_guests, max_guests, room_description, main_image_url, bathroom_count, room_type, bed_count) VALUES (197, '333호 달별', 99000, 2, 4, '글램핑, 기준 2인 (최대 4인) | 침실 1, 침대 1, 욕실 1, 최소 1박', 'https://search.pstatic.net/common/?autoRotate=true&quality=95&type=w750&src=https%3A%2F%2Fnaverbooking-phinf.pstatic.net%2F20220524_3%2F1653355872728PzPnu_JPEG%2F1.jpg', 1, 'STANDARD', 1);
INSERT INTO room (accommodations_id, room_name, price, min_guests, max_guests, room_description, main_image_url, bathroom_count, room_type, bed_count) VALUES (197, '522호 붉은별', 99000, 2, 4, '글램핑, 기준 2인 (최대 4인) | 침실 1, 침대 1, 욕실 1, 최소 1박', 'https://search.pstatic.net/common/?autoRotate=true&quality=95&type=w750&src=https%3A%2F%2Fnaverbooking-phinf.pstatic.net%2F20220518_140%2F1652851067493kYLho_JPEG%2F5.jpg', 1, 'STANDARD', 1);
INSERT INTO room (accommodations_id, room_name, price, min_guests, max_guests, room_description, main_image_url, bathroom_count, room_type, bed_count) VALUES (197, '777호 스피카(캐러반)', 129000, 2, 6, '글램핑, 기준 5인 (최대 6인) | 침실 1, 침대 1, 욕실 1, 최소 1박', 'https://search.pstatic.net/common/?autoRotate=true&quality=95&type=w750&src=https%3A%2F%2Fnaverbooking-phinf.pstatic.net%2F20220518_238%2F1652858737585SKvv7_JPEG%2F2.jpg', 1, 'STANDARD', 1);

INSERT INTO accommodation (accommodations_id, accommodations_name, accommodations_category, accommodations_description, city, district, address_detail, latitude, longitude, transport_info, parking_info, phone, rating, review_count, source_url, source_platform, sns, check_in_time, check_out_time, short_description) VALUES (198, '애월 뜰안채 한옥', 'GUESTHOUSE', NULL, '제주', '제주시', '천덕로 319', 33.4275401, 126.3306020, NULL, NULL, NULL, null, 2, 'https://map.naver.com/p/search/%EC%95%A0%EC%9B%94+%EB%9C%B0%EC%95%88%EC%B1%84+%ED%95%9C%EC%98%A5/place/1478345706?c=8.00,0,0,0,dh&placePath=/home?entry=pbl&from=map&fromPanelNum=2&timestamp=202512181332&locale=ko&svcName=map_pcv5&searchText=%EC%95%A0%EC%9B%94%2B%EB%9C%B0%EC%95%88%EC%B1%84%2B%ED%95%9C%EC%98%A5&businessCategory=pension', 'NAVER', NULL, NULL, NULL, NULL);
INSERT INTO accommodation_image (accommodations_id, image_url, image_type, sort_order) VALUES (198, 'https://search.pstatic.net/common/?autoRotate=true&type=w560_sharpen&src=https%3A%2F%2Fldb-phinf.pstatic.net%2F20210608_27%2F1623111182684B6mjh_JPEG%2FB_zrtAor3IytxZSDH0VhzqPy.jpeg.jpg', 'banner', 0);
INSERT INTO accommodation_image (accommodations_id, image_url, image_type, sort_order) VALUES (198, 'https://search.pstatic.net/common/?autoRotate=true&type=w278_sharpen&src=https%3A%2F%2Fldb-phinf.pstatic.net%2F20210608_221%2F1623111341516SDF58_JPEG%2FpKCzUUv5lSGTAmxhEKV7aJ4v.jpeg.jpg', 'detail', 1);
INSERT INTO accommodation_image (accommodations_id, image_url, image_type, sort_order) VALUES (198, 'https://search.pstatic.net/common/?autoRotate=true&type=w278_sharpen&src=https%3A%2F%2Fldb-phinf.pstatic.net%2F20210608_229%2F1623111361448bGNoB_JPEG%2Fe2nTwWSDrWugo8mVfN3e2V9I.jpeg.jpg', 'detail', 2);
INSERT INTO accommodation_image (accommodations_id, image_url, image_type, sort_order) VALUES (198, 'https://search.pstatic.net/common/?autoRotate=true&type=w278_sharpen&src=https%3A%2F%2Fldb-phinf.pstatic.net%2F20210608_55%2F1623111370525O9rJ9_JPEG%2F3i4CAYG8oKQeLVTTpOCiOE69.jpeg.jpg', 'detail', 3);
INSERT INTO accommodation_image (accommodations_id, image_url, image_type, sort_order) VALUES (198, 'https://search.pstatic.net/common/?autoRotate=true&type=w278_sharpen&src=https%3A%2F%2Fldb-phinf.pstatic.net%2F20210608_131%2F1623111377274ankPW_JPEG%2FcDGoA8xsyYjsRRCiaeakbpbA.jpeg.jpg', 'detail', 4);

INSERT INTO accommodation (accommodations_id, accommodations_name, accommodations_category, accommodations_description, city, district, address_detail, latitude, longitude, transport_info, parking_info, phone, rating, review_count, source_url, source_platform, sns, check_in_time, check_out_time, short_description) VALUES (199, '우도 썬비치', 'GUESTHOUSE', '제주도 우도 하고수동해수욕장 앞에 위치한\n썬비치 펜션입니다.\n\n온수샤워 7.8월 대인4000원 소인3000원\n짐보관 탈의.탈수 무료\n\n예약 및 문의\n010-8522-7345\n010-4447-7345\n\n모바일 홈페이지 : udosunbeach.modoo.at', '제주', '제주시', '우도해안길 810 썬비치팬션', null, null, '우도해안길810 1층에위치해있습니다\n[바비큐 시설] 바비큐장 ● 이용 안내 ▷ 옥상에서 저 녁 식사를 즐기며 바다 전망 가능 ▷ 가스버너 및 그 릴, 캠핑 테이블+의자, 간단한 조리도구는 무료...', NULL, NULL, null, 2, 'https://map.naver.com/p/entry/place/36932976?c=15.00,0,0,0,dh&placePath=/room?entry=bmp&fromPanelNum=1&additionalHeight=76&timestamp=202512181332&locale=ko&svcName=map_pcv5&businessCategory=pension&fromPanelNum=1&additionalHeight=76&timestamp=202512181332&locale=ko&svcName=map_pcv5&businessCategory=pension&from=map', 'NAVER', 'Blog: https://blog.naver.com/woonja7345', NULL, NULL, NULL);
INSERT INTO accommodation_image (accommodations_id, image_url, image_type, sort_order) VALUES (199, 'https://search.pstatic.net/common/?autoRotate=true&type=w560_sharpen&src=https%3A%2F%2Fldb-phinf.pstatic.net%2F20150901_109%2F1441110268327wPAvT_JPEG%2F166671406975775_1.jpeg', 'banner', 0);
INSERT INTO accommodation_image (accommodations_id, image_url, image_type, sort_order) VALUES (199, 'https://search.pstatic.net/common/?autoRotate=true&type=w278_sharpen&src=https%3A%2F%2Fldb-phinf.pstatic.net%2F20210721_242%2F1626872698534QgxuG_JPEG%2F%25BD%25E3%25BA%25F1%25C4%25A1_%25C0%25FC%25B0%25E6.jpg', 'detail', 1);
INSERT INTO accommodation_image (accommodations_id, image_url, image_type, sort_order) VALUES (199, 'https://search.pstatic.net/common/?autoRotate=true&type=w278_sharpen&src=https%3A%2F%2Fldb-phinf.pstatic.net%2F20150901_298%2F1441110268547kF8dU_JPEG%2F166671406975775_2.jpeg', 'detail', 2);
INSERT INTO accommodation_image (accommodations_id, image_url, image_type, sort_order) VALUES (199, 'https://search.pstatic.net/common/?autoRotate=true&type=w278_sharpen&src=https%3A%2F%2Fnaverbooking-phinf.pstatic.net%2F20230723_106%2F1690081702948KQ72v_JPEG%2Fimage.jpg', 'detail', 3);
INSERT INTO accommodation_image (accommodations_id, image_url, image_type, sort_order) VALUES (199, 'https://search.pstatic.net/common/?autoRotate=true&type=w278_sharpen&src=https%3A%2F%2Fnaverbooking-phinf.pstatic.net%2F20230723_116%2F1690081854028sRtUw_JPEG%2Fimage.jpg', 'detail', 4);
INSERT INTO room (accommodations_id, room_name, price, min_guests, max_guests, room_description, main_image_url, bathroom_count, room_type, bed_count) VALUES (199, '201', 80000, 2, 4, '일반객실, 기준 2인 (최대 4인)', 'https://search.pstatic.net/common/?autoRotate=true&quality=95&type=w750&src=https%3A%2F%2Fnaverbooking-phinf.pstatic.net%2F20251111_133%2F1762857810577N1Gmt_JPEG%2Fimage.jpg', 0, 'STANDARD', 0);
INSERT INTO room (accommodations_id, room_name, price, min_guests, max_guests, room_description, main_image_url, bathroom_count, room_type, bed_count) VALUES (199, '202', 80000, 2, 4, '일반객실, 기준 2인 (최대 4인)', 'https://search.pstatic.net/common/?autoRotate=true&quality=95&type=w750&src=https%3A%2F%2Fnaverbooking-phinf.pstatic.net%2F20251111_224%2F1762857809284fiY0q_JPEG%2Fimage.jpg', 0, 'STANDARD', 0);
INSERT INTO room (accommodations_id, room_name, price, min_guests, max_guests, room_description, main_image_url, bathroom_count, room_type, bed_count) VALUES (199, '103호(1층)', 80000, 2, 3, '일반객실, 기준 2인 (최대 3인)', 'https://search.pstatic.net/common/?autoRotate=true&quality=95&type=w750&src=https%3A%2F%2Fnaverbooking-phinf.pstatic.net%2F20251111_232%2F17628578118091wHTg_JPEG%2Fimage.jpg', 0, 'STANDARD', 0);
INSERT INTO room (accommodations_id, room_name, price, min_guests, max_guests, room_description, main_image_url, bathroom_count, room_type, bed_count) VALUES (199, '107호(1층)', 80000, 2, 4, '일반객실, 기준 2인 (최대 4인)', 'https://search.pstatic.net/common/?autoRotate=true&quality=95&type=w750&src=https%3A%2F%2Fnaverbooking-phinf.pstatic.net%2F20251111_155%2F1762857813020VpXwY_JPEG%2Fimage.jpg', 0, 'STANDARD', 0);
INSERT INTO room (accommodations_id, room_name, price, min_guests, max_guests, room_description, main_image_url, bathroom_count, room_type, bed_count) VALUES (199, '108호(1층)', 80000, 2, 4, '일반객실, 기준 2인 (최대 4인)', 'https://search.pstatic.net/common/?autoRotate=true&quality=95&type=w750&src=https%3A%2F%2Fnaverbooking-phinf.pstatic.net%2F20251111_151%2F1762857813930XC1Bu_JPEG%2Fimage.jpg', 0, 'STANDARD', 0);

INSERT INTO accommodation (accommodations_id, accommodations_name, accommodations_category, accommodations_description, city, district, address_detail, latitude, longitude, transport_info, parking_info, phone, rating, review_count, source_url, source_platform, sns, check_in_time, check_out_time, short_description) VALUES (201, '우도 하우목길 52 렌트하우스', 'GUESTHOUSE', '한라산과 바다 낙조가 보이는 아늑한 감성 숙소.\n복층 캐나다 목조주택.\n\n우도 서편 바다의 낙조를 집안에 앉아 감상할 수 있는 캐나다 목조주택입니다. 바로 집앞에 올레길1-1코스가 지나가고, 1분만 걸어가면 바다에 닿으면서도 한낮에 번잡한 해안도로에서는 벗어나 조용하고 아늑합니다. 우도의 고즈넉한 저녁과 고요한 아침을 누릴 수 있는 ''집''에서의 ''삶''을 나누어보고자 지어 운영하게 된 렌트하우스입니다. 내집처럼 아껴주시면서 내집처럼 편히 머무르시면 좋겠습니다.\n\n아담한 22평 복층 <작은 집>과 프라이빗한 45평의 복층 독채 <큰 집> 중에서 선택하실 수 있습니다.\n\n<작은 집>\n- 22평의 개방된 복층으로 높은 천정과 넓은 채광창이 개방감을 주는 신축 캐나다목조주택입니다.\n- 1층 거실과 2층 베드룸,티룸에서도 우도 서편 바다를 조망할 수 있습니다.\n- 4개 호실의 현관과 넓은 주차장 사이에는 바다가 보이는 넓직한 파티오가 있습니다.\n\n<큰 집>\n- 45평의 복층 독채(1층, 1.5층, 2층, 반지층)에서 프라이버시와 넓은 공간을 누릴 수 있는 신축 캐나다목조주택입니다. 캐나다 전문 카펜터들이 직접 골조를 시공하였습니다.\n- 전면 현관과 후면 현관 모두에 데크를 만들어 두었습니다. 해질녁, 전면 현관 데크에서 바라보는 석양의 아름다움과 까만 밤바다가운데 떠 있는 고기잡이 배들의 불빛은 아름답습니다.\n- 단독 주차장(1대)과 데크는 물론, 데크로 이어진\n<작은 집>의 넓은 주차장과 파티오도 함께 사용하실 수 있습니다.\n\n<공통 편의사항>\n- 각 집마다 무료 와이파이 제공됩니다.\n\n- 세탁기가 각각의 집에 준비되어 있습니다.\n(큰 집(50호)에는 세탁건조기도 있어요).', '제주', '제주시', '하우목길 52', 33.5134658, 126.9486331, '1. 렌트카 이용시\n네비게이션에 <하우목길52>로 주소 검색하시면 됩니다.\n\n2. 해안순환버스 이용시\n해안도로의 <주흥동곤여물통> 정류소에서 하차 후 해녀식당과 우도상회 사이 마을길(하우목길)로 150m 정도 올라오시면 저희 하우목길52 렌트하우스가 보입니다.', '주차가능\n무료', '0507-1384-2242', null, 75, 'https://map.naver.com/p/entry/place/1138392239?c=15.00,0,0,0,dh&placePath=/room?entry=bmp&fromPanelNum=1&additionalHeight=76&timestamp=202512181333&locale=ko&svcName=map_pcv5&businessCategory=guesthouse&fromPanelNum=1&additionalHeight=76&timestamp=202512181333&locale=ko&svcName=map_pcv5&businessCategory=guesthouse&from=map', 'NAVER', NULL, '15:00', '11:00', '한라산과 바다 낙조 조망의 복층 숙소');
INSERT INTO accommodation_theme (theme_id, accommodations_id) VALUES (3, 201);
INSERT INTO accommodation_theme (theme_id, accommodations_id) VALUES (1, 201);
INSERT INTO accommodation_amenity (amenity_id, accommodations_id) VALUES (1, 201);
INSERT INTO accommodation_amenity (amenity_id, accommodations_id) VALUES (10, 201);
INSERT INTO accommodation_amenity (amenity_id, accommodations_id) VALUES (16, 201);
INSERT INTO accommodation_amenity (amenity_id, accommodations_id) VALUES (6, 201);
INSERT INTO accommodation_amenity (amenity_id, accommodations_id) VALUES (20, 201);
INSERT INTO accommodation_image (accommodations_id, image_url, image_type, sort_order) VALUES (201, 'https://search.pstatic.net/common/?autoRotate=true&type=w560_sharpen&src=https%3A%2F%2Fnaverbooking-phinf.pstatic.net%2F20240213_174%2F1707805156184y42gp_JPEG%2F20240212_110111.jpg', 'banner', 0);
INSERT INTO accommodation_image (accommodations_id, image_url, image_type, sort_order) VALUES (201, 'https://search.pstatic.net/common/?autoRotate=true&type=w278_sharpen&src=https%3A%2F%2Fnaverbooking-phinf.pstatic.net%2F20240213_85%2F1707805325725yOGTr_JPEG%2FKakaoTalk_20220628_070646746_03.jpg', 'detail', 1);
INSERT INTO accommodation_image (accommodations_id, image_url, image_type, sort_order) VALUES (201, 'https://search.pstatic.net/common/?autoRotate=true&type=w278_sharpen&src=https%3A%2F%2Fnaverbooking-phinf.pstatic.net%2F20240213_121%2F1707805164997PUVjy_JPEG%2F20240212_113045.jpg', 'detail', 2);
INSERT INTO accommodation_image (accommodations_id, image_url, image_type, sort_order) VALUES (201, 'https://search.pstatic.net/common/?autoRotate=true&type=w278_sharpen&src=https%3A%2F%2Fnaverbooking-phinf.pstatic.net%2F20240213_293%2F1707805166372mmIRu_JPEG%2F20240212_115546.jpg', 'detail', 3);
INSERT INTO accommodation_image (accommodations_id, image_url, image_type, sort_order) VALUES (201, 'https://search.pstatic.net/common/?autoRotate=true&type=w278_sharpen&src=https%3A%2F%2Fnaverbooking-phinf.pstatic.net%2F20240213_5%2F1707805158694LDty1_JPEG%2F20240212_110818.jpg', 'detail', 4);
INSERT INTO room (accommodations_id, room_name, price, min_guests, max_guests, room_description, main_image_url, bathroom_count, room_type, bed_count) VALUES (201, '하우목길 52 작은집', 150000, 2, 4, '독채, 기준 2인 (최대 4인) | 침실 1, 침대 1, 욕실 2, 최소 1박', 'https://search.pstatic.net/common/?autoRotate=true&quality=95&type=w750&src=https%3A%2F%2Fnaverbooking-phinf.pstatic.net%2F20240220_286%2F1708414915888xWxQW_JPEG%2F20240212_120300.jpg', 2, 'STANDARD', 1);
INSERT INTO room (accommodations_id, room_name, price, min_guests, max_guests, room_description, main_image_url, bathroom_count, room_type, bed_count) VALUES (201, '하우목길52 큰집', 370000, 2, 8, '독채, 기준 6인 (최대 8인) | 침실 4, 침대 5, 욕실 2, 최소 1박', 'https://search.pstatic.net/common/?autoRotate=true&quality=95&type=w750&src=https%3A%2F%2Fnaverbooking-phinf.pstatic.net%2F20240220_26%2F1708414143719zUl8X_JPEG%2F20240212_092023.jpg', 2, 'STANDARD', 5);

INSERT INTO accommodation (accommodations_id, accommodations_name, accommodations_category, accommodations_description, city, district, address_detail, latitude, longitude, transport_info, parking_info, phone, rating, review_count, source_url, source_platform, sns, check_in_time, check_out_time, short_description) VALUES (202, '애월 씨스테이 스파', 'GUESTHOUSE', '제주 애월 전객실 오션뷰 스파 숙소(호텔)\n\n-애월 해안도로에 위치\n-전 객실 오션뷰\n-전 객실 개별 스파 가능\n-바다가 보이는 야외베란다\n-가성비 최강 오션뷰 숙소\n-넷플릭스 유튜브 시청가능(본인 아이디로 로그인시)\n-파도 소리에 잠드는 호텔\n-공항에서 25분\n-제주항에서 35분\n-곽지해수욕장 10분\n-주변에 유명 흑돼지식당 및 횟집 도보로 2분', '제주', '제주시', '애월해안로 255 씨스테이호텔', 33.4675823, 126.3389917, '[씨스테이호텔 오시는 방법]\n\n-차량이용시-\n\n주소: 제주 제주시 애월읍 애월해안로 255\n호텔앞에 주차하시면 됩니다.', '주차가능\n무료', '0507-1343-7757', null, 136, 'https://map.naver.com/p/search/%EC%95%A0%EC%9B%94+%EC%94%A8%EC%8A%A4%ED%85%8C%EC%9D%B4+%EC%8A%A4%ED%8C%8C/place/37101956?isCorrectAnswer=true&c=15.00,0,0,0,dh&placePath=/information?fromPanelNum=1&additionalHeight=76&timestamp=202512181333&locale=ko&svcName=map_pcv5&searchText=%EC%95%A0%EC%9B%94%2B%EC%94%A8%EC%8A%A4%ED%85%8C%EC%9D%B4%2B%EC%8A%A4%ED%8C%8C&businessCategory=hotel&fromPanelNum=1&additionalHeight=76&timestamp=202512181333&locale=ko&svcName=map_pcv5&searchText=%EC%95%A0%EC%9B%94%2B%EC%94%A8%EC%8A%A4%ED%85%8C%EC%9D%B4%2B%EC%8A%A4%ED%8C%8C&businessCategory=hotel', 'NAVER', NULL, '15:00', '11:00', '아름다운 바다 뷰와 깔끔한 방에서의 휴식');
INSERT INTO accommodation_amenity (amenity_id, accommodations_id) VALUES (36, 202);
INSERT INTO accommodation_amenity (amenity_id, accommodations_id) VALUES (13, 202);
INSERT INTO accommodation_amenity (amenity_id, accommodations_id) VALUES (41, 202);
INSERT INTO accommodation_amenity (amenity_id, accommodations_id) VALUES (40, 202);
INSERT INTO accommodation_amenity (amenity_id, accommodations_id) VALUES (1, 202);
INSERT INTO accommodation_amenity (amenity_id, accommodations_id) VALUES (43, 202);
INSERT INTO accommodation_amenity (amenity_id, accommodations_id) VALUES (44, 202);
INSERT INTO accommodation_amenity (amenity_id, accommodations_id) VALUES (68, 202);
INSERT INTO accommodation_amenity (amenity_id, accommodations_id) VALUES (45, 202);
INSERT INTO accommodation_amenity (amenity_id, accommodations_id) VALUES (54, 202);
INSERT INTO accommodation_image (accommodations_id, image_url, image_type, sort_order) VALUES (202, 'https://search.pstatic.net/common/?autoRotate=true&type=w560_sharpen&src=https%3A%2F%2Fldb-phinf.pstatic.net%2F20220913_170%2F1663070814735zIkpO_JPEG%2F%25C6%25C4%25B5%25B5%25BE%25D5%25C8%25A3%25C5%25DA.jpg', 'banner', 0);
INSERT INTO accommodation_image (accommodations_id, image_url, image_type, sort_order) VALUES (202, 'https://search.pstatic.net/common/?autoRotate=true&type=w278_sharpen&src=https%3A%2F%2Fldb-phinf.pstatic.net%2F20220913_271%2F1663070828463MQrA8_JPEG%2F%25C8%25A3%25C5%25DA%25C0%25FC%25B0%25E6.jpg', 'detail', 1);
INSERT INTO accommodation_image (accommodations_id, image_url, image_type, sort_order) VALUES (202, 'https://search.pstatic.net/common/?autoRotate=true&type=w278_sharpen&src=https%3A%2F%2Fldb-phinf.pstatic.net%2F20220913_243%2F1663070850366vIGia_JPEG%2F%25C0%25FA%25B3%25E1%25B3%25EB%25C0%25BB%25BB%25E7%25C1%25F8.jpg', 'detail', 2);
INSERT INTO accommodation_image (accommodations_id, image_url, image_type, sort_order) VALUES (202, 'https://search.pstatic.net/common/?autoRotate=true&type=w278_sharpen&src=https%3A%2F%2Fldb-phinf.pstatic.net%2F20220913_218%2F1663070943914m3MXO_JPEG%2F%25BD%25BA%25C4%25AB%25C0%25CC5.jpg', 'detail', 3);
INSERT INTO accommodation_image (accommodations_id, image_url, image_type, sort_order) VALUES (202, 'https://search.pstatic.net/common/?autoRotate=true&type=w278_sharpen&src=https%3A%2F%2Fldb-phinf.pstatic.net%2F20220913_5%2F1663070948739lN5jP_JPEG%2F%25BD%25BA%25C4%25AB%25C0%25CC7.jpg', 'detail', 4);

INSERT INTO accommodation (accommodations_id, accommodations_name, accommodations_category, accommodations_description, city, district, address_detail, latitude, longitude, transport_info, parking_info, phone, rating, review_count, source_url, source_platform, sns, check_in_time, check_out_time, short_description) VALUES (203, '제주공항 여성전용 한나스테이', 'GUESTHOUSE', NULL, '제주', '제주시', '6', null, null, '제주공항에서 한나스테이 오는방법\n\n*주소: 제주시 광양1길 6, 한나스테이\n*정류장: 광양 삼성초등학교 또는 보성시장\n\n제주고용복지센터와 카페드롭탑 사이 골목 30m 거리에 오른쪽 하얀건물 입니다.\n\n*버스 이용시\n\n-. 용담/시청 방향에서\n버스 365번, 315번, 332번, 3001번(심야), 3004번(심야)\n-> 광양 / 삼성초등학교(보성시장) 하차 후 도보 2분\n\n-. 환승시 용담/시청 방향에서\n버스 343번\n-> 제주시청 하차하여 동문시장 방향 도보 7분 또는 제주시청(광양방면)에서 한 정거장.\n\n*택시 이용시\n-> 고용보험센터 또는 구, 상록회관 주차장으로 가주세요!!\n\n자차이용시 : 주소 치고 오시면 되요!! (10-15분 소요)', '제주공항에서 한나스테이 오는방법\n\n*주소: 제주시 광양1길 6, 한나스테이\n*정류장: 광양 삼성초등학교 또는 보성시장\n\n제주고용복지센터와 카페드롭탑 사이 골목 30m 거리에 오른쪽 하얀건물 입니다.\n\n*버스 이용시\n\n-. 용담/시청 방향에서\n버스 365번, 315번, 332번, 3001번(심야), 3004번(심야)\n-> 광양 / 삼성초등학교(보성시장) 하차 후 도보 2분\n\n-. 환승시 용담/시청 방향에서\n버스 343번\n-> 제주시청 하차하여 동문시장 방향 도보 7분 또는 제주시청(광양방면)에서 한 정거장.\n\n*택시 이용시\n-> 고용보험센터 또는 구, 상록회관 주차장으로 가주세요!!\n\n자차이용시 : 주소 치고 오시면 되요!! (10-15분 소요)', '0507-1443-0132', null, 1167, 'https://map.naver.com/p/search/%EC%A0%9C%EC%A3%BC%EA%B3%B5%ED%95%AD+%EC%97%AC%EC%84%B1%EC%A0%84%EC%9A%A9+%ED%95%9C%EB%82%98%EC%8A%A4%ED%85%8C%EC%9D%B4/place/30809002?isCorrectAnswer=true&c=15.00,0,0,0,dh&placePath=/room?fromPanelNum=1&additionalHeight=76&timestamp=202512181333&locale=ko&svcName=map_pcv5&searchText=%EC%A0%9C%EC%A3%BC%EA%B3%B5%ED%95%AD%2B%EC%97%AC%EC%84%B1%EC%A0%84%EC%9A%A9%2B%ED%95%9C%EB%82%98%EC%8A%A4%ED%85%8C%EC%9D%B4&businessCategory=guesthouse&fromPanelNum=1&additionalHeight=76&timestamp=202512181333&locale=ko&svcName=map_pcv5&searchText=%EC%A0%9C%EC%A3%BC%EA%B3%B5%ED%95%AD%2B%EC%97%AC%EC%84%B1%EC%A0%84%EC%9A%A9%2B%ED%95%9C%EB%82%98%EC%8A%A4%ED%85%8C%EC%9D%B4&businessCategory=guesthouse', 'NAVER', NULL, NULL, NULL, '깨끗한 청소와 맛있는 조식으로 행복한 아침');
INSERT INTO accommodation_image (accommodations_id, image_url, image_type, sort_order) VALUES (203, 'https://search.pstatic.net/common/?autoRotate=true&type=w560_sharpen&src=https%3A%2F%2Fldb-phinf.pstatic.net%2F20230830_27%2F1693366094666JBvBA_JPEG%2F1_%252864%2529.jpg', 'banner', 0);
INSERT INTO accommodation_image (accommodations_id, image_url, image_type, sort_order) VALUES (203, 'https://search.pstatic.net/common/?autoRotate=true&type=w278_sharpen&src=https%3A%2F%2Fldb-phinf.pstatic.net%2F20230830_197%2F1693366450882hv451_JPEG%2F1_%2528175%2529.jpg', 'detail', 1);
INSERT INTO accommodation_image (accommodations_id, image_url, image_type, sort_order) VALUES (203, 'https://search.pstatic.net/common/?autoRotate=true&type=w278_sharpen&src=https%3A%2F%2Fldb-phinf.pstatic.net%2F20230830_58%2F1693366382188KqWes_JPEG%2F1_%2528135%2529.jpg', 'detail', 2);
INSERT INTO accommodation_image (accommodations_id, image_url, image_type, sort_order) VALUES (203, 'https://search.pstatic.net/common/?autoRotate=true&type=w278_sharpen&src=https%3A%2F%2Fldb-phinf.pstatic.net%2F20230830_85%2F1693366450872Dpui5_JPEG%2F1_%2528176%2529.jpg', 'detail', 3);
INSERT INTO accommodation_image (accommodations_id, image_url, image_type, sort_order) VALUES (203, 'https://search.pstatic.net/common/?autoRotate=true&type=w278_sharpen&src=https%3A%2F%2Fldb-phinf.pstatic.net%2F20230830_193%2F1693366450777o1yMm_JPEG%2F1_%2528177%2529.jpg', 'detail', 4);
INSERT INTO room (accommodations_id, room_name, price, min_guests, max_guests, room_description, main_image_url, bathroom_count, room_type, bed_count) VALUES (203, '4인 도미토리 -전용욕실', 28000, 2, 4, '공용객실, 기준 1인 (최대 4인) | 침실 1, 침대 2, 욕실 1, 최소 1박', 'https://search.pstatic.net/common/?autoRotate=true&quality=95&type=w750&src=https%3A%2F%2Fnaverbooking-phinf.pstatic.net%2F20180416_42%2F1523809588709LEeok_JPEG%2F%25C5%25A9%25B1%25E2%25BA%25AF%25C8%25AF_8%25C0%25CE%25BD%25C7%25B5%25B5%25B9%25CC_03.jpg', 1, 'STANDARD', 2);
INSERT INTO room (accommodations_id, room_name, price, min_guests, max_guests, room_description, main_image_url, bathroom_count, room_type, bed_count) VALUES (203, '4인 도미토리 -공용욕실', 26000, 2, 4, '공용객실, 기준 1인 (최대 4인) | 침실 1, 침대 2, 욕실 1, 최소 1박', 'https://search.pstatic.net/common/?autoRotate=true&quality=95&type=w750&src=https%3A%2F%2Fnaverbooking-phinf.pstatic.net%2F20180416_8%2F1523808933764AK2Sy_JPEG%2F%25C5%25A9%25B1%25E2%25BA%25AF%25C8%25AF_4%25C0%25CE%25BD%25C7%25B5%25B5%25B9%25CC_01.jpg', 1, 'STANDARD', 2);
INSERT INTO room (accommodations_id, room_name, price, min_guests, max_guests, room_description, main_image_url, bathroom_count, room_type, bed_count) VALUES (203, '8인 도미토리 -공용욕실', 24000, 2, 8, '공용객실, 기준 1인 (최대 8인) | 침실 1, 침대 4, 욕실 1, 최소 1박', 'https://search.pstatic.net/common/?autoRotate=true&quality=95&type=w750&src=https%3A%2F%2Fnaverbooking-phinf.pstatic.net%2F20211209_19%2F1639043653565jCi7e_JPEG%2FKakaoTalk_20210531_182006688.jpg', 1, 'STANDARD', 4);
INSERT INTO room (accommodations_id, room_name, price, min_guests, max_guests, room_description, main_image_url, bathroom_count, room_type, bed_count) VALUES (203, '2인실 - 전용욕실', 63000, 2, 2, '일반객실, 기준 2인 (최대 2인) | 침실 1, 침대 1, 욕실 1, 최소 1박', 'https://search.pstatic.net/common/?autoRotate=true&quality=95&type=w750&src=https%3A%2F%2Fnaverbooking-phinf.pstatic.net%2F20240708_44%2F1720393171792e87sN_JPEG%2FKakaoTalk_20210607_183046470.jpg', 1, 'STANDARD', 1);
INSERT INTO room (accommodations_id, room_name, price, min_guests, max_guests, room_description, main_image_url, bathroom_count, room_type, bed_count) VALUES (203, '더블룸', 63000, 2, 2, '일반객실, 기준 2인 (최대 2인) | 침실 1, 침대 1, 욕실 1, 최소 1박', 'https://search.pstatic.net/common/?autoRotate=true&quality=95&type=w750&src=https%3A%2F%2Fnaverbooking-phinf.pstatic.net%2F20210510_266%2F1620632966931ASjCF_JPEG%2FKakaoTalk_20210510_164812635.jpg', 1, 'STANDARD', 1);
INSERT INTO room (accommodations_id, room_name, price, min_guests, max_guests, room_description, main_image_url, bathroom_count, room_type, bed_count) VALUES (203, '트윈룸', 78000, 2, 3, '일반객실, 기준 3인 (최대 3인) | 침실 1, 침대 2, 욕실 1, 최소 1박', 'https://search.pstatic.net/common/?autoRotate=true&quality=95&type=w750&src=https%3A%2F%2Fnaverbooking-phinf.pstatic.net%2F20210531_87%2F1622452944939WlqAO_JPEG%2FKakaoTalk_20210517_172942290_01.jpg', 1, 'STANDARD', 2);

INSERT INTO accommodation (accommodations_id, accommodations_name, accommodations_category, accommodations_description, city, district, address_detail, latitude, longitude, transport_info, parking_info, phone, rating, review_count, source_url, source_platform, sns, check_in_time, check_out_time, short_description) VALUES (204, '어반아일랜드 호텔', 'GUESTHOUSE', '고품격 비즈니스와 안락한 휴식을 위한 새로운 감각의 부티크호텔', '제주', '제주시', '76', 34.9193212, 128.0254261, '신제주로터리 삼무공원 방면으로 100m 대로변에 위치합니다.\n공항에서 차량 이용시 5분, 버스로 이용시 15분 내외로 도착합니다.', '주차 불가', '064-740-1900', null, 220, 'https://map.naver.com/p/search/%EC%96%B4%EB%B0%98%EC%95%84%EC%9D%BC%EB%9E%9C%EB%93%9C+%ED%98%B8%ED%85%94/place/37589011?c=15.00,0,0,0,dh&placePath=/information?entry=bmp&fromPanelNum=2&timestamp=202512181334&locale=ko&svcName=map_pcv5&searchText=%EC%96%B4%EB%B0%98%EC%95%84%EC%9D%BC%EB%9E%9C%EB%93%9C%2B%ED%98%B8%ED%85%94&businessCategory=hotel&from=map&fromPanelNum=2&timestamp=202512181334&locale=ko&svcName=map_pcv5&searchText=%EC%96%B4%EB%B0%98%EC%95%84%EC%9D%BC%EB%9E%9C%EB%93%9C%2B%ED%98%B8%ED%85%94&businessCategory=hotel', 'NAVER', 'Instagram: https://www.instagram.com/urbanislandhotel/', '16:00', '11:00', '고급스러운 분위기와 청결한 환경의 조화');
INSERT INTO accommodation_amenity (amenity_id, accommodations_id) VALUES (36, 204);
INSERT INTO accommodation_amenity (amenity_id, accommodations_id) VALUES (40, 204);
INSERT INTO accommodation_amenity (amenity_id, accommodations_id) VALUES (13, 204);
INSERT INTO accommodation_amenity (amenity_id, accommodations_id) VALUES (39, 204);
INSERT INTO accommodation_amenity (amenity_id, accommodations_id) VALUES (1, 204);
INSERT INTO accommodation_amenity (amenity_id, accommodations_id) VALUES (43, 204);
INSERT INTO accommodation_amenity (amenity_id, accommodations_id) VALUES (44, 204);
INSERT INTO accommodation_amenity (amenity_id, accommodations_id) VALUES (45, 204);
INSERT INTO accommodation_amenity (amenity_id, accommodations_id) VALUES (50, 204);
INSERT INTO accommodation_image (accommodations_id, image_url, image_type, sort_order) VALUES (204, 'https://search.pstatic.net/common/?autoRotate=true&quality=95&type=w750&src=https%3A%2F%2Fldb-phinf.pstatic.net%2F20160407_33%2F1459989740832fQWqk_JPEG%2F176357497240732_0.jpeg', 'banner', 0);

INSERT INTO accommodation (accommodations_id, accommodations_name, accommodations_category, accommodations_description, city, district, address_detail, latitude, longitude, transport_info, parking_info, phone, rating, review_count, source_url, source_platform, sns, check_in_time, check_out_time, short_description) VALUES (205, '애월 디오션 스테이', 'GUESTHOUSE', '자연과 도시의 어우러짐을 꿈꾸는 분들이 살기 좋은 이 곳\n제주에서 바쁜 도시생활에서 벗어나\n몸과 마음의 안정을 취해보세요!\n\n고민만 하지말고 가벼운 마음으로\n제주 단기살이, 한달살이로 시작해보세요!\n\n제주단기원룸 찾으신다면 디오션스테이연동제주로 문의하세요~!\n접근성 좋은 위치, 편의시설 완비, 깔끔한 신축건물\n가볍게 몸만 오셔서 제주살이 시작하세요:)\n\n위치 : 제주 제주시 신대로18길 47 102호', '제주', '제주시', '47 102호', 33.4721343, 126.4323017, NULL, NULL, '0507-1396-0012', null, 5, 'https://map.naver.com/p/search/%EC%95%A0%EC%9B%94+%EB%94%94%EC%98%A4%EC%85%98+%EC%8A%A4%ED%85%8C%EC%9D%B4/place/1381950392?isCorrectAnswer=true&c=15.00,0,0,0,dh&placePath=/information?fromPanelNum=1&additionalHeight=76&timestamp=202512181334&locale=ko&svcName=map_pcv5&searchText=%EC%95%A0%EC%9B%94%2B%EB%94%94%EC%98%A4%EC%85%98%2B%EC%8A%A4%ED%85%8C%EC%9D%B4&businessCategory=hotel&fromPanelNum=1&additionalHeight=76&timestamp=202512181334&locale=ko&svcName=map_pcv5&searchText=%EC%95%A0%EC%9B%94%2B%EB%94%94%EC%98%A4%EC%85%98%2B%EC%8A%A4%ED%85%8C%EC%9D%B4&businessCategory=hotel', 'NAVER', 'Instagram: https://www.instagram.com/ok_jeju/', NULL, NULL, NULL);
INSERT INTO accommodation_image (accommodations_id, image_url, image_type, sort_order) VALUES (205, 'https://search.pstatic.net/common/?autoRotate=true&type=w560_sharpen&src=https%3A%2F%2Fldb-phinf.pstatic.net%2F20240111_180%2F1704948874565pa9AL_JPEG%2F1080_02.jpg', 'banner', 0);
INSERT INTO accommodation_image (accommodations_id, image_url, image_type, sort_order) VALUES (205, 'https://search.pstatic.net/common/?autoRotate=true&type=w278_sharpen&src=https%3A%2F%2Fldb-phinf.pstatic.net%2F20240111_194%2F17049488885997kXBi_PNG%2FKakaoTalk_20231221_112519251.png', 'detail', 1);
INSERT INTO accommodation_image (accommodations_id, image_url, image_type, sort_order) VALUES (205, 'https://search.pstatic.net/common/?autoRotate=true&type=w278_sharpen&src=https%3A%2F%2Fldb-phinf.pstatic.net%2F20240111_260%2F1704949080679Ackow_JPEG%2FKakaoTalk_20231229_090925874_26.jpg', 'detail', 2);
INSERT INTO accommodation_image (accommodations_id, image_url, image_type, sort_order) VALUES (205, 'https://search.pstatic.net/common/?autoRotate=true&type=w278_sharpen&src=https%3A%2F%2Fldb-phinf.pstatic.net%2F20240111_82%2F1704949080375Cn8yM_JPEG%2FKakaoTalk_20231229_090937595_07.jpg', 'detail', 3);
INSERT INTO accommodation_image (accommodations_id, image_url, image_type, sort_order) VALUES (205, 'https://search.pstatic.net/common/?autoRotate=true&type=w278_sharpen&src=https%3A%2F%2Fldb-phinf.pstatic.net%2F20240111_170%2F170494908121905m3C_JPEG%2FKakaoTalk_20231229_090937595_09.jpg', 'detail', 4);

INSERT INTO accommodation (accommodations_id, accommodations_name, accommodations_category, accommodations_description, city, district, address_detail, latitude, longitude, transport_info, parking_info, phone, rating, review_count, source_url, source_platform, sns, check_in_time, check_out_time, short_description) VALUES (206, '애월 빨강궁전', 'GUESTHOUSE', '제주의 맑은 하늘과 푸른바다, 그리고 시원한 바람.\n그 청정 자연 속에 고즈넉히 자리 잡은 제주 빨강궁전펜션\n펜션내 야외바베큐장, 식당 등의 편의 시설을 다양하게 갖춰 재미있고 편안한 여행을 즐길 수 있습니다.', '제주', '제주시', '고내봉길 42-9', 33.4594153, 126.3351986, '* 주의사항 49.5제곱미터A/B 객실 취사 불가 * 입&퇴 실 안내 입실 : 15:00 퇴실 : 11:00 22시 이후 체크인 시 사전문의 필수 * 픽업안내 픽업 불가 * 바베...', NULL, '064-799-0200', null, 85, 'https://map.naver.com/p/search/%EC%95%A0%EC%9B%94+%EB%B9%A8%EA%B0%95%EA%B6%81%EC%A0%84/place/21005555?isCorrectAnswer=true&c=15.00,0,0,0,dh&placePath=/room?fromPanelNum=1&additionalHeight=76&timestamp=202512181335&locale=ko&svcName=map_pcv5&searchText=%EC%95%A0%EC%9B%94%2B%EB%B9%A8%EA%B0%95%EA%B6%81%EC%A0%84&businessCategory=pension&additionalHeight=76&timestamp=202512181335&locale=ko&svcName=map_pcv5&searchText=%EC%95%A0%EC%9B%94%2B%EB%B9%A8%EA%B0%95%EA%B6%81%EC%A0%84&businessCategory=pension&fromPanelNum=1', 'NAVER', NULL, NULL, NULL, '친절한 서비스와 깊은 맛의 국물의 조화');
INSERT INTO accommodation_amenity (amenity_id, accommodations_id) VALUES (4, 206);
INSERT INTO accommodation_amenity (amenity_id, accommodations_id) VALUES (6, 206);
INSERT INTO accommodation_amenity (amenity_id, accommodations_id) VALUES (15, 206);
INSERT INTO accommodation_amenity (amenity_id, accommodations_id) VALUES (1, 206);
INSERT INTO accommodation_amenity (amenity_id, accommodations_id) VALUES (11, 206);
INSERT INTO accommodation_image (accommodations_id, image_url, image_type, sort_order) VALUES (206, 'https://search.pstatic.net/common/?autoRotate=true&type=w560_sharpen&src=https%3A%2F%2Fldb-phinf.pstatic.net%2F20230711_291%2F168903492022351JFG_JPEG%2F2000_1_20230619_194151.jpg', 'banner', 0);
INSERT INTO accommodation_image (accommodations_id, image_url, image_type, sort_order) VALUES (206, 'https://search.pstatic.net/common/?autoRotate=true&type=w278_sharpen&src=https%3A%2F%2Fldb-phinf.pstatic.net%2F20230711_56%2F1689034920618Ewv4W_JPEG%2F2000_1_20230619_202920.jpg', 'detail', 1);
INSERT INTO accommodation_image (accommodations_id, image_url, image_type, sort_order) VALUES (206, 'https://search.pstatic.net/common/?autoRotate=true&type=w278_sharpen&src=https%3A%2F%2Fldb-phinf.pstatic.net%2F20230711_37%2F1689034922558qgPa0_JPEG%2F2000_20230619_174347.jpg', 'detail', 2);
INSERT INTO accommodation_image (accommodations_id, image_url, image_type, sort_order) VALUES (206, 'https://search.pstatic.net/common/?autoRotate=true&type=w278_sharpen&src=https%3A%2F%2Fldb-phinf.pstatic.net%2F20230711_122%2F16890349662027fCEO_JPEG%2F2000_20230616_172529.jpg', 'detail', 3);
INSERT INTO accommodation_image (accommodations_id, image_url, image_type, sort_order) VALUES (206, 'https://search.pstatic.net/common/?autoRotate=true&type=w278_sharpen&src=https%3A%2F%2Fldb-phinf.pstatic.net%2F20230711_294%2F1689034966714YagYU_JPEG%2F2000_20230616_172547.jpg', 'detail', 4);
INSERT INTO room (accommodations_id, room_name, price, min_guests, max_guests, room_description, main_image_url, bathroom_count, room_type, bed_count) VALUES (206, '12평랜덤특가(빨강)', 39000, 2, 2, '일반객실, 기준 2인 (최대 2인) | 침실 1, 침대 1, 욕실 1, 최소 1박', 'https://search.pstatic.net/common/?autoRotate=true&quality=95&type=w750&src=https%3A%2F%2Fnaverbooking-phinf.pstatic.net%2F20240625_297%2F1719305195953Jmw6S_JPEG%2Fimage.jpg', 1, 'STANDARD', 1);
INSERT INTO room (accommodations_id, room_name, price, min_guests, max_guests, room_description, main_image_url, bathroom_count, room_type, bed_count) VALUES (206, '12평더블(빨강)-1', 40000, 2, 3, '일반객실, 기준 2인 (최대 3인) | 침실 1, 침대 1, 욕실 1, 최소 1박', 'https://search.pstatic.net/common/?autoRotate=true&quality=95&type=w750&src=https%3A%2F%2Fnaverbooking-phinf.pstatic.net%2F20230710_291%2F1688978781931G9Rly_JPEG%2Fimage.jpg', 1, 'STANDARD', 1);
INSERT INTO room (accommodations_id, room_name, price, min_guests, max_guests, room_description, main_image_url, bathroom_count, room_type, bed_count) VALUES (206, '12평더블(빨강)-2', 40000, 2, 3, '일반객실, 기준 2인 (최대 3인) | 침실 1, 침대 1, 욕실 1, 최소 1박', 'https://search.pstatic.net/common/?autoRotate=true&quality=95&type=w750&src=https%3A%2F%2Fnaverbooking-phinf.pstatic.net%2F20230710_291%2F1688978781931G9Rly_JPEG%2Fimage.jpg', 1, 'STANDARD', 1);
INSERT INTO room (accommodations_id, room_name, price, min_guests, max_guests, room_description, main_image_url, bathroom_count, room_type, bed_count) VALUES (206, '12평더블(빨강)-3', 40000, 2, 3, '일반객실, 기준 2인 (최대 3인) | 침실 1, 침대 1, 욕실 1, 최소 1박', 'https://search.pstatic.net/common/?autoRotate=true&quality=95&type=w750&src=https%3A%2F%2Fnaverbooking-phinf.pstatic.net%2F20230710_291%2F1688978781931G9Rly_JPEG%2Fimage.jpg', 1, 'STANDARD', 1);
INSERT INTO room (accommodations_id, room_name, price, min_guests, max_guests, room_description, main_image_url, bathroom_count, room_type, bed_count) VALUES (206, '12평싱글2(빨강)-1', 40000, 2, 3, '일반객실, 기준 2인 (최대 3인) | 침실 1, 침대 2, 욕실 1, 최소 1박', 'https://search.pstatic.net/common/?autoRotate=true&quality=95&type=w750&src=https%3A%2F%2Fnaverbooking-phinf.pstatic.net%2F20230710_223%2F1688978791275iSOjo_JPEG%2Fimage.jpg', 1, 'STANDARD', 2);
INSERT INTO room (accommodations_id, room_name, price, min_guests, max_guests, room_description, main_image_url, bathroom_count, room_type, bed_count) VALUES (206, '12평싱글2(빨강)-2', 40000, 2, 3, '일반객실, 기준 2인 (최대 3인) | 침실 1, 침대 2, 욕실 1, 최소 1박', 'https://search.pstatic.net/common/?autoRotate=true&quality=95&type=w750&src=https%3A%2F%2Fnaverbooking-phinf.pstatic.net%2F20230710_223%2F1688978791275iSOjo_JPEG%2Fimage.jpg', 1, 'STANDARD', 2);
INSERT INTO room (accommodations_id, room_name, price, min_guests, max_guests, room_description, main_image_url, bathroom_count, room_type, bed_count) VALUES (206, '12평더블싱글(빨강)-1', 40000, 2, 3, '일반객실, 기준 2인 (최대 3인) | 침실 1, 침대 2, 욕실 1, 최소 1박', 'https://search.pstatic.net/common/?autoRotate=true&quality=95&type=w750&src=https%3A%2F%2Fnaverbooking-phinf.pstatic.net%2F20230710_281%2F1688978795086T6wVS_JPEG%2Fimage.jpg', 1, 'STANDARD', 2);
INSERT INTO room (accommodations_id, room_name, price, min_guests, max_guests, room_description, main_image_url, bathroom_count, room_type, bed_count) VALUES (206, '12평더블싱글(빨강)-2', 40000, 2, 3, '일반객실, 기준 2인 (최대 3인) | 침실 1, 침대 2, 욕실 1, 최소 1박', 'https://search.pstatic.net/common/?autoRotate=true&quality=95&type=w750&src=https%3A%2F%2Fnaverbooking-phinf.pstatic.net%2F20230710_281%2F1688978795086T6wVS_JPEG%2Fimage.jpg', 1, 'STANDARD', 2);
INSERT INTO room (accommodations_id, room_name, price, min_guests, max_guests, room_description, main_image_url, bathroom_count, room_type, bed_count) VALUES (206, '12평더블싱글(빨강)-3', 40000, 2, 3, '일반객실, 기준 2인 (최대 3인) | 침실 1, 침대 2, 욕실 1, 최소 1박', 'https://search.pstatic.net/common/?autoRotate=true&quality=95&type=w750&src=https%3A%2F%2Fnaverbooking-phinf.pstatic.net%2F20230710_281%2F1688978795086T6wVS_JPEG%2Fimage.jpg', 1, 'STANDARD', 2);
INSERT INTO room (accommodations_id, room_name, price, min_guests, max_guests, room_description, main_image_url, bathroom_count, room_type, bed_count) VALUES (206, '22평1층(빨강)-1', 71800, 2, 5, '일반객실, 기준 4인 (최대 5인) | 침실 1, 침대 2, 최소 1박', 'https://search.pstatic.net/common/?autoRotate=true&quality=95&type=w750&src=https%3A%2F%2Fnaverbooking-phinf.pstatic.net%2F20230823_188%2F1692758783772T4J9s_JPEG%2Fimage.jpg', 0, 'STANDARD', 2);
INSERT INTO room (accommodations_id, room_name, price, min_guests, max_guests, room_description, main_image_url, bathroom_count, room_type, bed_count) VALUES (206, '22평1층(빨강)-2', 71800, 2, 5, '일반객실, 기준 4인 (최대 5인) | 침실 1, 침대 2, 최소 1박', 'https://search.pstatic.net/common/?autoRotate=true&quality=95&type=w750&src=https%3A%2F%2Fnaverbooking-phinf.pstatic.net%2F20230823_188%2F1692758783772T4J9s_JPEG%2Fimage.jpg', 0, 'STANDARD', 2);
INSERT INTO room (accommodations_id, room_name, price, min_guests, max_guests, room_description, main_image_url, bathroom_count, room_type, bed_count) VALUES (206, '22평1층(빨강)-3', 71800, 2, 5, '일반객실, 기준 4인 (최대 5인) | 침실 1, 침대 2, 최소 1박', 'https://search.pstatic.net/common/?autoRotate=true&quality=95&type=w750&src=https%3A%2F%2Fnaverbooking-phinf.pstatic.net%2F20230823_188%2F1692758783772T4J9s_JPEG%2Fimage.jpg', 0, 'STANDARD', 2);
INSERT INTO room (accommodations_id, room_name, price, min_guests, max_guests, room_description, main_image_url, bathroom_count, room_type, bed_count) VALUES (206, '22평2층(빨강)-1', 73000, 2, 5, '일반객실, 기준 4인 (최대 5인) | 침실 1, 침대 3, 욕실 1, 최소 1박', 'https://search.pstatic.net/common/?autoRotate=true&quality=95&type=w750&src=https%3A%2F%2Fnaverbooking-phinf.pstatic.net%2F20230711_220%2F1689036408935IAWnU_JPEG%2Fimage.jpg', 1, 'STANDARD', 3);
INSERT INTO room (accommodations_id, room_name, price, min_guests, max_guests, room_description, main_image_url, bathroom_count, room_type, bed_count) VALUES (206, '22평2층(빨강)-2', 73000, 2, 5, '일반객실, 기준 4인 (최대 5인) | 침실 1, 침대 3, 욕실 1, 최소 1박', 'https://search.pstatic.net/common/?autoRotate=true&quality=95&type=w750&src=https%3A%2F%2Fnaverbooking-phinf.pstatic.net%2F20230711_220%2F1689036408935IAWnU_JPEG%2Fimage.jpg', 1, 'STANDARD', 3);
INSERT INTO room (accommodations_id, room_name, price, min_guests, max_guests, room_description, main_image_url, bathroom_count, room_type, bed_count) VALUES (206, '22평2층(빨강)-3', 73000, 2, 5, '일반객실, 기준 4인 (최대 5인) | 침실 1, 침대 3, 욕실 1, 최소 1박', 'https://search.pstatic.net/common/?autoRotate=true&quality=95&type=w750&src=https%3A%2F%2Fnaverbooking-phinf.pstatic.net%2F20230711_220%2F1689036408935IAWnU_JPEG%2Fimage.jpg', 1, 'STANDARD', 3);

INSERT INTO accommodation (accommodations_id, accommodations_name, accommodations_category, accommodations_description, city, district, address_detail, latitude, longitude, transport_info, parking_info, phone, rating, review_count, source_url, source_platform, sns, check_in_time, check_out_time, short_description) VALUES (207, '애월 자파리하우스', 'GUESTHOUSE', '아무것도 하고싶지 않을땐 자파리하우스\n..........................\n애월읍 유수암리, 공항에서 차로 20분거리!!\n직접구운빵, 까수엘라, 쉐퍼드파이, 쌀국수, 바쿠테, 분짜 등 특별한 조식 랜덤으로 제공!!\n넓은 잔디밭과 고요한 공기좋은 숲속 게스트하우스!\n\n구름없는 날엔 별이 가득한 하늘도 감상할 수 있습니다\n바로 옆집에 제주도의 맛집 모리노아루요(일식), 삐꼴라쿠치나(이탈리안) 식당이 있어 걸어가서 식사하고 돌아 올수 있습니다\n\n수건을 포함한 세면도구 비치되어 있습니다\n헤어 드라이어 사용가능합니다', '제주', '제주시', '하소로 769-58', 33.4190989, 126.4016056, NULL, NULL, NULL, null, 207, 'https://map.naver.com/p/search/%EC%95%A0%EC%9B%94+%EC%9E%90%ED%8C%8C%EB%A6%AC%ED%95%98%EC%9A%B0%EC%8A%A4/place/36504623?isCorrectAnswer=true&c=15.00,0,0,0,dh&placePath=/room?fromPanelNum=1&additionalHeight=76&timestamp=202512181335&locale=ko&svcName=map_pcv5&searchText=%EC%95%A0%EC%9B%94%2B%EC%9E%90%ED%8C%8C%EB%A6%AC%ED%95%98%EC%9A%B0%EC%8A%A4&businessCategory=guesthouse&additionalHeight=76&timestamp=202512181335&locale=ko&svcName=map_pcv5&searchText=%EC%95%A0%EC%9B%94%2B%EC%9E%90%ED%8C%8C%EB%A6%AC%ED%95%98%EC%9A%B0%EC%8A%A4&businessCategory=guesthouse&fromPanelNum=1', 'NAVER', NULL, '16:00', '11:00', '특별한 조식과 편리한 주방의 아침');
INSERT INTO accommodation_amenity (amenity_id, accommodations_id) VALUES (4, 207);
INSERT INTO accommodation_amenity (amenity_id, accommodations_id) VALUES (15, 207);
INSERT INTO accommodation_amenity (amenity_id, accommodations_id) VALUES (1, 207);
INSERT INTO accommodation_amenity (amenity_id, accommodations_id) VALUES (5, 207);
INSERT INTO accommodation_image (accommodations_id, image_url, image_type, sort_order) VALUES (207, 'https://search.pstatic.net/common/?autoRotate=true&type=w560_sharpen&src=https%3A%2F%2Fldb-phinf.pstatic.net%2F20160310_230%2F1457587295327LM4O1_JPEG%2F1448864987769_7494_REPR.JPG', 'banner', 0);
INSERT INTO accommodation_image (accommodations_id, image_url, image_type, sort_order) VALUES (207, 'https://search.pstatic.net/common/?autoRotate=true&type=w278_sharpen&src=https%3A%2F%2Fldb-phinf.pstatic.net%2F20160310_287%2F1457587295524HT611_JPEG%2F1449410701818_7494_SUB_0.jpeg', 'detail', 1);
INSERT INTO accommodation_image (accommodations_id, image_url, image_type, sort_order) VALUES (207, 'https://search.pstatic.net/common/?autoRotate=true&type=w278_sharpen&src=https%3A%2F%2Fldb-phinf.pstatic.net%2F20160310_55%2F1457587295587hq2CX_JPEG%2F1449410788904_7494_SUB_1.jpeg', 'detail', 2);
INSERT INTO accommodation_image (accommodations_id, image_url, image_type, sort_order) VALUES (207, 'https://search.pstatic.net/common/?autoRotate=true&type=w278_sharpen&src=https%3A%2F%2Fldb-phinf.pstatic.net%2F20160310_262%2F1457587295670kSBnh_JPEG%2F1449410808569_7494_SUB_2.jpeg', 'detail', 3);
INSERT INTO accommodation_image (accommodations_id, image_url, image_type, sort_order) VALUES (207, 'https://search.pstatic.net/common/?autoRotate=true&type=w278_sharpen&src=https%3A%2F%2Fldb-phinf.pstatic.net%2F20160310_217%2F1457587295748YPViV_JPEG%2F1449410910101_7494_SUB_3.jpeg', 'detail', 4);
INSERT INTO room (accommodations_id, room_name, price, min_guests, max_guests, room_description, main_image_url, bathroom_count, room_type, bed_count) VALUES (207, '2인실', 60000, 2, 2, '기준 2인 (최대 2인)', 'https://search.pstatic.net/common/?autoRotate=true&quality=95&type=w750&src=https%3A%2F%2Fnaverbooking-phinf.pstatic.net%2F20160114_271%2F14527564176803DB59_JPEG%2F1448930289163_14244.jpeg', 0, 'STANDARD', 0);
INSERT INTO room (accommodations_id, room_name, price, min_guests, max_guests, room_description, main_image_url, bathroom_count, room_type, bed_count) VALUES (207, '6인 남성 도미토리', 30000, 2, 4, '기준 1인 (최대 4인)', 'https://search.pstatic.net/common/?autoRotate=true&quality=95&type=w750&src=https%3A%2F%2Fnaverbooking-phinf.pstatic.net%2F20160114_118%2F1452756405476nYhE9_JPEG%2F1448865181728_14085.JPG', 0, 'STANDARD', 0);
INSERT INTO room (accommodations_id, room_name, price, min_guests, max_guests, room_description, main_image_url, bathroom_count, room_type, bed_count) VALUES (207, '6인 여성 도미토리', 30000, 2, 6, '기준 1인 (최대 6인)', 'https://search.pstatic.net/common/?autoRotate=true&quality=95&type=w750&src=https%3A%2F%2Fnaverbooking-phinf.pstatic.net%2F20201129_169%2F1606626494138Tv0nf_JPEG%2FP20170504_090735382_37D4783B-EDB2-4809-A2BF-7916FD4033F9.JPG', 0, 'STANDARD', 0);

INSERT INTO accommodation (accommodations_id, accommodations_name, accommodations_category, accommodations_description, city, district, address_detail, latitude, longitude, transport_info, parking_info, phone, rating, review_count, source_url, source_platform, sns, check_in_time, check_out_time, short_description) VALUES (208, '이큐스테이 제주', 'GUESTHOUSE', '제주 서쪽, 협재와 금능해변 가까이 숨겨진 감성 숙소, 이큐스테이호텔.\n\n가성비 좋은 객실에서 불멍과 바비큐를 즐기고, 트레킹으로 하루를 채워보세요.\n반려견과 함께 머물 수 있는 따뜻한 공간, 캠핑 감성까지 그대로 담았습니다.\n\n''이큐스테이''는 ''바베큐 & 불멍''을 즐길 수 있는 재미있는 호텔입니다.\n왜 제주 서쪽 여행 숙소는 ''이큐스테이호텔''일까요?\n\n게스트들의 호텔 추천 8가지 이유가 있습니다.\n\n1.제주 가성비 호텔\n- 최저가 숙박: 협재해수욕장과 금능해수욕장 근처 동급호텔중 거의 항상 최저가 유지\n- 가성비 캠핑 감성: 1등급 흑돼지 바비큐를 캠핑감성으로 즐기고 불멍도 할 수 있는 캠핑감성테이블 이용료가 1만원. 체크아웃 또는 체크인시 점심고기가 가능한 해피아워에는 이용료 무료 (메뉴는 현장 주문)\n- 구내 마켓: 편의점과 소품샵\n- 게스트 할인: 프릳츠원두 커피와 셀프 토스트바 5천원에 이용가능, 그 외 카페 음료 30% 할인\n\n2. 근처 맛집, 근처 핫플레이스, 근처 해수욕장\n- 금능 해수욕장 도보 5분 거리\n- 싱싱잇 도보 5분 거리\n- 제주뚜벅이여행 환영! 버스 정류장 도보 5분\n- 금능해수욕장맛집들 도보 5분거리\n\n3. 제주혼자여행을 위한 제주1인숙소\n- 혼자여행하는 분들을 위한 게스트하우스 도미토리룸 운영\n- 1인여행자들을 위한 바비큐와 불멍 소셜다이닝\n- 파티 필참 No!No!\n- 이국적이고 자연스러운 캠핑 분위기의 소셜다이닝\n- 제주협재, 제주금능, 제주서쪽 혼자여행하는 분들을 위한 조용한 도미토리룸선택 가능\n\n4. 제주도 패키지 투어 호텔\n- 제주트레킹+온천+바베큐 패키지 운영 (전화 문의 또는 객실 예약시 옵션 선택)\n- 제주의 잊혀진 옛길을 찾아 알려지지 않은 제주의 절경에서 인생샷!\n- 겨울시즌 한라산 눈꽃 트레킹&영실일출트레킹\n- 캠핑용품대여/피크닉대여\n- 금능해수욕장, 월령포구,협재해수욕장으로 피크닉\n- 매일 밤 하는 불멍\n- 다양한 액티비티의 가성비 좋은 제주도 호캉스 호텔\n- 감성 넘치는 단체모임을 위한 액티비티와 단체회식공간\n\n5. 제주도 한달살기 숙소\n- 가성비 최고의 한달 살기 비용\n- 코인 세탁기,건조기\n- 조식,점심,저녁,야식,룸서비스 가능\n- 원할때마다 소셜다이닝 참석 가능\n\n6. 제주 애견동반 여행\n- 반려견 동반 가능한 객실 운영\n- 애견과 함께 캠핑감성으로 바베큐와 불멍 가능\n- 애견 용품 객실 비치, 애견 바베큐 메뉴 및 스낵 판매\n- 애견 1마리당 추가 비용 2만원\n\n7. 호텔 룸서비스\n- 떡볶이,라면,치킨등 야식은 물론, 찌게,덮밥등 식사 룸서비스 가능\n\n8. 제주 협재 펜션, 제주 금능 펜션과 연계\n- 에퀴녹스 그룹이 운영하는 다른 펜션들과 연계 혜택 가능\n- www.eqstay.com\n\n------------------------------------------------\n\n[편의 시설]\n야외 바베큐 식당\n불멍 서비스\n편의점\n카페\n호텔포차\n코인세탁실\n\n[서비스]\n캠핑 바베큐 X 불멍 소셜다이닝\n모닝커피 + 셀프 토스트바\n음료 게스트할인 30%\n캠핑용품대여 / 피크닉대여\n룸서비스\n\n[객실구성]\n개인실 퀸베드2인실\n개인실 트윈베드2인실\n페밀리룸 3인실\n애견 동반 전용 객실\n도미토리 여성전용\n도미토리 남성전용\n\n*입실 :15:00 / 퇴실 :11:00\n게스트의 보다 여유로운 여행을 위해 early check-in (11:00 입실) 과 late check-out (15:00 퇴실) 옵션도 선택하실 수 있게 준비했습니다. (옵션가격 2만원)\n입실마감 22시30분(노쇼처리 되실수있습니다.)\n22시30분 이후 입실 고객은 호텔로 전화 주세요\n저희 에퀴녹스에 머무시는 동안 저희 이름, ''에퀴녹스''(춘분/추분_낮과 밤의 길이가 똑같은 날), 처럼 삶의 밸런스를 느껴 보시기 바랍니다.', '제주', '제주시', '금능남1길 6-1 금능 이큐 스테이 호텔', 33.3852638, 126.2299083, '[제주 가성비 최고 호텔, 이큐스테이호텔 오시는 길]\n\n- 도보 이용 시\n금능석물원 도보 5분\n금능해수욕장 도보 10분\n협재해수욕장 도보 15분\n\n- 버스 이용 시\n간선[202]\n일반[784-1],[784-2]\n금늠리[남] 정거장 하차\n\n- 차량 이용 시\n네비게이션(구글맵/카카오맵/아이나비/티맵)에 ''이큐스테이 호텔''을 검색하면 쉽게 찾을 수 있습니다.', '주차가능\n무료\n[제주 가성비 최고 호텔, 이큐스테이호텔 오시는 길] - 도 보 이용 시 금능석물원 도보 5분 금능해수욕장 도보 10분 협재해수욕장 도보 15분 - 버스 이용 시 간선[202] 일반[ 784-1],[784-2] 금늠리[남] 정거장 하차 - 차량 이...', '0507-1497-5007', null, 410, 'https://map.naver.com/p/search/%EC%9D%B4%ED%81%90%EC%8A%A4%ED%85%8C%EC%9D%B4+%EC%A0%9C%EC%A3%BC/place/1043568467?isCorrectAnswer=true&c=15.00,0,0,0,dh&placePath=/information?fromPanelNum=1&additionalHeight=76&timestamp=202512181336&locale=ko&svcName=map_pcv5&searchText=%EC%9D%B4%ED%81%90%EC%8A%A4%ED%85%8C%EC%9D%B4%2B%EC%A0%9C%EC%A3%BC&businessCategory=hotel&fromPanelNum=1&additionalHeight=76&timestamp=202512181336&locale=ko&svcName=map_pcv5&searchText=%EC%9D%B4%ED%81%90%EC%8A%A4%ED%85%8C%EC%9D%B4%2B%EC%A0%9C%EC%A3%BC&businessCategory=hotel', 'NAVER', 'Blog: https://blog.naver.com/jt_home\nInstagram: https://www.instagram.com/equinoxegroup', '15:00', '11:00', '좋은 분위기와 맛있는 음식이 어우러진 공간');
INSERT INTO accommodation_amenity (amenity_id, accommodations_id) VALUES (12, 208);
INSERT INTO accommodation_amenity (amenity_id, accommodations_id) VALUES (13, 208);
INSERT INTO accommodation_amenity (amenity_id, accommodations_id) VALUES (36, 208);
INSERT INTO accommodation_amenity (amenity_id, accommodations_id) VALUES (39, 208);
INSERT INTO accommodation_amenity (amenity_id, accommodations_id) VALUES (40, 208);
INSERT INTO accommodation_amenity (amenity_id, accommodations_id) VALUES (41, 208);
INSERT INTO accommodation_amenity (amenity_id, accommodations_id) VALUES (38, 208);
INSERT INTO accommodation_amenity (amenity_id, accommodations_id) VALUES (42, 208);
INSERT INTO accommodation_amenity (amenity_id, accommodations_id) VALUES (30, 208);
INSERT INTO accommodation_amenity (amenity_id, accommodations_id) VALUES (1, 208);
INSERT INTO accommodation_amenity (amenity_id, accommodations_id) VALUES (43, 208);
INSERT INTO accommodation_amenity (amenity_id, accommodations_id) VALUES (12, 208);
INSERT INTO accommodation_amenity (amenity_id, accommodations_id) VALUES (44, 208);
INSERT INTO accommodation_amenity (amenity_id, accommodations_id) VALUES (45, 208);
INSERT INTO accommodation_amenity (amenity_id, accommodations_id) VALUES (46, 208);
INSERT INTO accommodation_amenity (amenity_id, accommodations_id) VALUES (47, 208);
INSERT INTO accommodation_image (accommodations_id, image_url, image_type, sort_order) VALUES (208, 'https://search.pstatic.net/common/?autoRotate=true&type=w560_sharpen&src=https%3A%2F%2Fldb-phinf.pstatic.net%2F20240327_86%2F17115493104101hhyC_JPEG%2F%25C0%25CC%25C5%25A5%25C5%25D7%25C0%25CC%25BA%25ED_%25B0%25F8%25B0%25A3_30.jpg', 'banner', 0);
INSERT INTO accommodation_image (accommodations_id, image_url, image_type, sort_order) VALUES (208, 'https://search.pstatic.net/common/?autoRotate=true&type=w278_sharpen&src=https%3A%2F%2Fldb-phinf.pstatic.net%2F20230412_110%2F1681226693357mch8A_JPEG%2FIMG_9916s.jpg', 'detail', 1);
INSERT INTO accommodation_image (accommodations_id, image_url, image_type, sort_order) VALUES (208, 'https://search.pstatic.net/common/?autoRotate=true&type=w278_sharpen&src=https%3A%2F%2Fldb-phinf.pstatic.net%2F20240601_23%2F1717181717544Nhxcz_JPEG%2FG_%25C0%25CC%25C5%25A5%25C5%25D7%25C0%25CC%25BA%25ED_%25B0%25F8%25B0%25A3_31.jpg', 'detail', 2);
INSERT INTO accommodation_image (accommodations_id, image_url, image_type, sort_order) VALUES (208, 'https://search.pstatic.net/common/?autoRotate=true&type=w278_sharpen&src=https%3A%2F%2Fldb-phinf.pstatic.net%2F20240415_32%2F1713110911861hccos_JPEG%2FFIM_1098_R.jpg', 'detail', 3);
INSERT INTO accommodation_image (accommodations_id, image_url, image_type, sort_order) VALUES (208, 'https://search.pstatic.net/common/?autoRotate=true&type=w278_sharpen&src=https%3A%2F%2Fldb-phinf.pstatic.net%2F20240415_268%2F1713110911909anYXD_JPEG%2FFIM_1103_R.jpg', 'detail', 4);

INSERT INTO accommodation (accommodations_id, accommodations_name, accommodations_category, accommodations_description, city, district, address_detail, latitude, longitude, transport_info, parking_info, phone, rating, review_count, source_url, source_platform, sns, check_in_time, check_out_time, short_description) VALUES (209, '제주 하랑 게스트하우스', 'GUESTHOUSE', '2022년 한국소비자산업평가 제주도 서귀포 게스트하우스 1위!\n\n하랑하우스는 안전하고 조용한 1인 전용 게스트하우스로 안심하고 편안히 쉴 수 있도록 배려하였습니다\n\n제주 핵심도로 중 하나인 서일주도로에 바로 근접해 있으며 근처 모슬포항,송악산,산방산,오설록등 유명한 관광지 및 올레 10,11코스와도 가깝습니다.\n또한 최근 유명해진 돌고래 포인트와도 매우 가깝습니다\n\n또한 6개의 최신식 룸시설이 갖추어져 있으며 각 룸 별로 개별 화장실이 갖춰져 있으므로 개별 여행객 및 가족 단위 모두가 편안하게 쉬실 수 있습니다.\n게스트 전용 카페를 운영하고 있으며 2층 카페 테라스에서는 바다를 바라보며 커피 한잔을 즐기실 수 있는 여유를 누리시기 바랍니다\n단기 및 장기 예약 가능합니다(별도문의)\n\n하랑게스트하우스는 핵심 관광지와도 가까운 거리에 위치하고 있습니다\n제주 환상 자전거 도로길과 바로 인접\n\n대정읍 돌고래 포인트 : 차량 5~8분 내외\n모슬포항 : 도보 15분,차량 5분\n올레길 11코스 도보 7~10분, 10코스 10~15분,차량 각 5분\n산방산,송악산 : 차량 10분 내외\n오설록/카멜리아힐/제주도립곶자왈 : 차량 15분 내외\n저지오름/저지리 문화예술마을/현대미술관 : 차량 15분 내외\n협재해수욕장 : 차량 25분 내외\n중문관광단지 : 차량 20분 내외\n\n*돌고래 유료투어 (별도문의)', '제주', '서귀포시', '일과로13번길 1', 33.2327905, 126.2436957, '일과1리 경로회관 맞은편', '주차가능', '0507-1400-5585', null, 310, 'https://map.naver.com/p/search/%EC%A0%9C%EC%A3%BC+%ED%95%98%EB%9E%91+%EA%B2%8C%EC%8A%A4%ED%8A%B8%ED%95%98%EC%9A%B0%EC%8A%A4/place/35142645?isCorrectAnswer=true&c=15.00,0,0,0,dh&placePath=/room?fromPanelNum=1&additionalHeight=76&timestamp=202512181336&locale=ko&svcName=map_pcv5&searchText=%EC%A0%9C%EC%A3%BC%2B%ED%95%98%EB%9E%91%2B%EA%B2%8C%EC%8A%A4%ED%8A%B8%ED%95%98%EC%9A%B0%EC%8A%A4&businessCategory=guesthouse&additionalHeight=76&timestamp=202512181336&locale=ko&svcName=map_pcv5&searchText=%EC%A0%9C%EC%A3%BC%2B%ED%95%98%EB%9E%91%2B%EA%B2%8C%EC%8A%A4%ED%8A%B8%ED%95%98%EC%9A%B0%EC%8A%A4&businessCategory=guesthouse&fromPanelNum=1', 'NAVER', 'Instagram: https://www.instagram.com/jeju_haranghouse\nBlog: https://blog.naver.com/jejuharanghouse', '16:00', '10:00', '편안한 침대와 조용한 깨끗한 숙소');
INSERT INTO accommodation_amenity (amenity_id, accommodations_id) VALUES (6, 209);
INSERT INTO accommodation_amenity (amenity_id, accommodations_id) VALUES (3, 209);
INSERT INTO accommodation_amenity (amenity_id, accommodations_id) VALUES (1, 209);
INSERT INTO accommodation_amenity (amenity_id, accommodations_id) VALUES (4, 209);
INSERT INTO accommodation_amenity (amenity_id, accommodations_id) VALUES (15, 209);
INSERT INTO accommodation_amenity (amenity_id, accommodations_id) VALUES (7, 209);
INSERT INTO accommodation_amenity (amenity_id, accommodations_id) VALUES (18, 209);
INSERT INTO accommodation_image (accommodations_id, image_url, image_type, sort_order) VALUES (209, 'https://search.pstatic.net/common/?autoRotate=true&type=w560_sharpen&src=https%3A%2F%2Fldb-phinf.pstatic.net%2F20230921_232%2F16952584756528jSYo_JPEG%2FIMG_3616.jpeg', 'banner', 0);
INSERT INTO accommodation_image (accommodations_id, image_url, image_type, sort_order) VALUES (209, 'https://search.pstatic.net/common/?autoRotate=true&type=w278_sharpen&src=https%3A%2F%2Fldb-phinf.pstatic.net%2F20220729_182%2F165910212542645Tmx_JPEG%2F%25C7%25CF%25B6%25FB%25B0%25D4%25BD%25BA%25C6%25AE.jpg', 'detail', 1);
INSERT INTO accommodation_image (accommodations_id, image_url, image_type, sort_order) VALUES (209, 'https://search.pstatic.net/common/?autoRotate=true&type=w278_sharpen&src=https%3A%2F%2Fldb-phinf.pstatic.net%2F20220729_160%2F1659102124644uIC3W_JPEG%2Fimage.jpg', 'detail', 2);
INSERT INTO accommodation_image (accommodations_id, image_url, image_type, sort_order) VALUES (209, 'https://search.pstatic.net/common/?autoRotate=true&type=w278_sharpen&src=https%3A%2F%2Fldb-phinf.pstatic.net%2F20230627_118%2F16878351605958ncEd_JPEG%2F1000000590.jpeg', 'detail', 3);
INSERT INTO accommodation_image (accommodations_id, image_url, image_type, sort_order) VALUES (209, 'https://search.pstatic.net/common/?autoRotate=true&type=w278_sharpen&src=https%3A%2F%2Fldb-phinf.pstatic.net%2F20230627_176%2F1687835161044sVLJM_JPEG%2F1007.jpeg', 'detail', 4);
INSERT INTO room (accommodations_id, room_name, price, min_guests, max_guests, room_description, main_image_url, bathroom_count, room_type, bed_count) VALUES (209, '하늘하나', 50000, 2, 1, '일반객실, 기준 1인 (최대 1인) | 침실 1, 침대 1, 욕실 1, 최소 1박', 'https://search.pstatic.net/common/?autoRotate=true&quality=95&type=w750&src=https%3A%2F%2Fnaverbooking-phinf.pstatic.net%2F20180425_194%2F1524631852310Q1hRb_JPEG%2Fimage.jpg', 1, 'STANDARD', 1);
INSERT INTO room (accommodations_id, room_name, price, min_guests, max_guests, room_description, main_image_url, bathroom_count, room_type, bed_count) VALUES (209, '하늘둘', 50000, 2, 1, '일반객실, 기준 1인 (최대 1인) | 침실 1, 침대 1, 욕실 1, 최소 1박', 'https://search.pstatic.net/common/?autoRotate=true&quality=95&type=w750&src=https%3A%2F%2Fnaverbooking-phinf.pstatic.net%2F20220516_41%2F1652705809497bKhO2_JPEG%2F20220516_103825.jpg', 1, 'STANDARD', 1);
INSERT INTO room (accommodations_id, room_name, price, min_guests, max_guests, room_description, main_image_url, bathroom_count, room_type, bed_count) VALUES (209, '하늘셋', 50000, 2, 1, '일반객실, 기준 1인 (최대 1인) | 침실 1, 침대 1, 욕실 1, 최소 1박', 'https://search.pstatic.net/common/?autoRotate=true&quality=95&type=w750&src=https%3A%2F%2Fnaverbooking-phinf.pstatic.net%2F20180425_217%2F152463173177854eRc_JPEG%2Fimage.jpg', 1, 'STANDARD', 1);
INSERT INTO room (accommodations_id, room_name, price, min_guests, max_guests, room_description, main_image_url, bathroom_count, room_type, bed_count) VALUES (209, '하늘넷', 50000, 2, 1, '일반객실, 기준 1인 (최대 1인) | 침실 1, 침대 1, 욕실 1, 최소 1박', 'https://search.pstatic.net/common/?autoRotate=true&quality=95&type=w750&src=https%3A%2F%2Fnaverbooking-phinf.pstatic.net%2F20180425_91%2F1524632057832Y1orJ_JPEG%2Fimage.jpg', 1, 'STANDARD', 1);
INSERT INTO room (accommodations_id, room_name, price, min_guests, max_guests, room_description, main_image_url, bathroom_count, room_type, bed_count) VALUES (209, '하늘여섯_2인', 80000, 2, 4, '일반객실, 기준 2인 (최대 4인) | 침실 1, 침대 3, 욕실 1, 최소 1박', 'https://search.pstatic.net/common/?autoRotate=true&quality=95&type=w750&src=https%3A%2F%2Fnaverbooking-phinf.pstatic.net%2F20220511_194%2F1652260045252awSMD_JPEG%2F%25B4%25D9%25BF%25EE%25B7%25CE%25B5%25E5.jpg', 1, 'STANDARD', 3);
INSERT INTO room (accommodations_id, room_name, price, min_guests, max_guests, room_description, main_image_url, bathroom_count, room_type, bed_count) VALUES (209, '하늘여섯_3인', 100000, 2, 4, '일반객실, 기준 1인 (최대 4인) | 침실 1, 침대 3, 욕실 1, 최소 1박', 'https://search.pstatic.net/common/?autoRotate=true&quality=95&type=w750&src=https%3A%2F%2Fnaverbooking-phinf.pstatic.net%2F20220511_272%2F1652259763473svXv2_JPEG%2F%25B4%25D9%25BF%25EE%25B7%25CE%25B5%25E5.jpg', 1, 'STANDARD', 3);

